id,previous_id,player,season,month,team,opponent_team,points,assists,rebounds,blocks,steals,turnovers,personal fouls
2,0,Shawn Bradley,1996-97,November,New Jersey Nets,Portland Trail Blazers,0,0,1,0,0,0,0
3,2,Shawn Bradley,1996-97,November,New Jersey Nets,Portland Trail Blazers,0,0,1,0,0,1,0
4,0,Isaiah Rider,1996-97,November,Portland Trail Blazers,New Jersey Nets,0,0,0,0,1,0,0
6,3,Shawn Bradley,1996-97,November,New Jersey Nets,Portland Trail Blazers,0,0,2,0,0,1,0
7,0,Chris Dudley,1996-97,November,Portland Trail Blazers,New Jersey Nets,0,0,0,0,0,0,1
8,0,Jayson Williams,1996-97,November,New Jersey Nets,Portland Trail Blazers,1,0,0,0,0,0,0
9,8,Jayson Williams,1996-97,November,New Jersey Nets,Portland Trail Blazers,2,0,0,0,0,0,0
10,0,Gary Trent,1996-97,November,Portland Trail Blazers,New Jersey Nets,2,0,0,0,0,0,0
11,0,Arvydas Sabonis,1996-97,November,Portland Trail Blazers,New Jersey Nets,0,0,0,0,0,0,1
12,6,Shawn Bradley,1996-97,November,New Jersey Nets,Portland Trail Blazers,1,0,2,0,0,1,0
13,12,Shawn Bradley,1996-97,November,New Jersey Nets,Portland Trail Blazers,2,0,2,0,0,1,0
15,13,Shawn Bradley,1996-97,November,New Jersey Nets,Portland Trail Blazers,2,0,3,0,0,1,0
16,0,Ed O'Bannon,1996-97,November,New Jersey Nets,Portland Trail Blazers,2,0,0,0,0,0,0
17,11,Arvydas Sabonis,1996-97,November,Portland Trail Blazers,New Jersey Nets,0,0,0,0,0,1,1
18,0,Kerry Kittles,1996-97,November,New Jersey Nets,Portland Trail Blazers,0,0,0,0,0,1,0
20,9,Jayson Williams,1996-97,November,New Jersey Nets,Portland Trail Blazers,2,0,0,0,0,0,1
21,7,Chris Dudley,1996-97,November,Portland Trail Blazers,New Jersey Nets,2,0,0,0,0,0,1
23,17,Arvydas Sabonis,1996-97,November,Portland Trail Blazers,New Jersey Nets,0,0,1,0,0,1,1
24,4,Isaiah Rider,1996-97,November,Portland Trail Blazers,New Jersey Nets,0,0,0,0,1,1,0
25,18,Kerry Kittles,1996-97,November,New Jersey Nets,Portland Trail Blazers,0,0,0,0,1,1,0
27,16,Ed O'Bannon,1996-97,November,New Jersey Nets,Portland Trail Blazers,2,0,1,0,0,0,0
29,23,Arvydas Sabonis,1996-97,November,Portland Trail Blazers,New Jersey Nets,0,0,2,0,0,1,1
30,24,Isaiah Rider,1996-97,November,Portland Trail Blazers,New Jersey Nets,0,0,0,0,1,2,0
32,29,Arvydas Sabonis,1996-97,November,Portland Trail Blazers,New Jersey Nets,0,0,3,0,0,1,1
34,15,Shawn Bradley,1996-97,November,New Jersey Nets,Portland Trail Blazers,2,0,3,1,0,1,0
35,32,Arvydas Sabonis,1996-97,November,Portland Trail Blazers,New Jersey Nets,0,0,4,0,0,1,1
37,20,Jayson Williams,1996-97,November,New Jersey Nets,Portland Trail Blazers,2,0,1,0,0,0,1
39,0,Kenny Anderson,1996-97,November,Portland Trail Blazers,New Jersey Nets,0,0,1,0,0,0,0
40,30,Isaiah Rider,1996-97,November,Portland Trail Blazers,New Jersey Nets,0,0,0,0,1,3,0
42,40,Isaiah Rider,1996-97,November,Portland Trail Blazers,New Jersey Nets,0,0,1,0,1,3,0
43,10,Gary Trent,1996-97,November,Portland Trail Blazers,New Jersey Nets,4,0,0,0,0,0,0
44,42,Isaiah Rider,1996-97,November,Portland Trail Blazers,New Jersey Nets,0,1,1,0,1,3,0
45,37,Jayson Williams,1996-97,November,New Jersey Nets,Portland Trail Blazers,4,0,1,0,0,0,1
46,39,Kenny Anderson,1996-97,November,Portland Trail Blazers,New Jersey Nets,0,0,1,0,0,1,0
48,21,Chris Dudley,1996-97,November,Portland Trail Blazers,New Jersey Nets,2,0,1,0,0,0,1
50,0,Kendall Gill,1996-97,November,New Jersey Nets,Portland Trail Blazers,0,0,1,0,0,0,0
52,50,Kendall Gill,1996-97,November,New Jersey Nets,Portland Trail Blazers,0,0,2,0,0,0,0
53,52,Kendall Gill,1996-97,November,New Jersey Nets,Portland Trail Blazers,2,0,2,0,0,0,0
54,44,Isaiah Rider,1996-97,November,Portland Trail Blazers,New Jersey Nets,2,1,1,0,1,3,0
55,27,Ed O'Bannon,1996-97,November,New Jersey Nets,Portland Trail Blazers,5,0,1,0,0,0,0
56,53,Kendall Gill,1996-97,November,New Jersey Nets,Portland Trail Blazers,2,1,2,0,0,0,0
58,56,Kendall Gill,1996-97,November,New Jersey Nets,Portland Trail Blazers,2,1,3,0,0,0,0
59,34,Shawn Bradley,1996-97,November,New Jersey Nets,Portland Trail Blazers,2,0,3,1,0,2,0
60,0,Dontonio Wingfield,1996-97,November,Portland Trail Blazers,New Jersey Nets,0,0,0,0,0,1,0
62,43,Gary Trent,1996-97,November,Portland Trail Blazers,New Jersey Nets,4,0,1,0,0,0,0
64,0,Reggie Williams,1996-97,November,New Jersey Nets,Portland Trail Blazers,0,0,1,0,0,0,0
65,64,Reggie Williams,1996-97,November,New Jersey Nets,Portland Trail Blazers,2,0,1,0,0,0,0
66,25,Kerry Kittles,1996-97,November,New Jersey Nets,Portland Trail Blazers,0,1,0,0,1,1,0
67,48,Chris Dudley,1996-97,November,Portland Trail Blazers,New Jersey Nets,4,0,1,0,0,0,1
68,54,Isaiah Rider,1996-97,November,Portland Trail Blazers,New Jersey Nets,2,2,1,0,1,3,0
70,45,Jayson Williams,1996-97,November,New Jersey Nets,Portland Trail Blazers,4,0,2,0,0,0,1
72,70,Jayson Williams,1996-97,November,New Jersey Nets,Portland Trail Blazers,4,0,3,0,0,0,1
73,0,Tony Massenburg,1996-97,November,New Jersey Nets,Portland Trail Blazers,2,0,0,0,0,0,0
74,72,Jayson Williams,1996-97,November,New Jersey Nets,Portland Trail Blazers,4,1,3,0,0,0,1
75,62,Gary Trent,1996-97,November,Portland Trail Blazers,New Jersey Nets,4,0,1,0,0,1,0
76,60,Dontonio Wingfield,1996-97,November,Portland Trail Blazers,New Jersey Nets,0,0,0,0,0,1,1
77,65,Reggie Williams,1996-97,November,New Jersey Nets,Portland Trail Blazers,3,0,1,0,0,0,0
78,77,Reggie Williams,1996-97,November,New Jersey Nets,Portland Trail Blazers,4,0,1,0,0,0,0
79,75,Gary Trent,1996-97,November,Portland Trail Blazers,New Jersey Nets,6,0,1,0,0,1,0
81,79,Gary Trent,1996-97,November,Portland Trail Blazers,New Jersey Nets,6,0,2,0,0,1,0
82,76,Dontonio Wingfield,1996-97,November,Portland Trail Blazers,New Jersey Nets,2,0,0,0,0,1,1
85,74,Jayson Williams,1996-97,November,New Jersey Nets,Portland Trail Blazers,4,1,4,0,0,0,1
86,78,Reggie Williams,1996-97,November,New Jersey Nets,Portland Trail Blazers,4,0,1,0,0,0,1
87,86,Reggie Williams,1996-97,November,New Jersey Nets,Portland Trail Blazers,4,0,1,0,0,1,1
88,0,Khalid Reeves,1996-97,November,New Jersey Nets,Portland Trail Blazers,0,0,0,0,0,0,1
89,46,Kenny Anderson,1996-97,November,Portland Trail Blazers,New Jersey Nets,1,0,1,0,0,1,0
90,89,Kenny Anderson,1996-97,November,Portland Trail Blazers,New Jersey Nets,2,0,1,0,0,1,0
91,0,Xavier McDaniel,1996-97,November,New Jersey Nets,Portland Trail Blazers,0,0,0,0,0,0,1
92,91,Xavier McDaniel,1996-97,November,New Jersey Nets,Portland Trail Blazers,0,0,0,0,0,1,1
93,82,Dontonio Wingfield,1996-97,November,Portland Trail Blazers,New Jersey Nets,4,0,0,0,0,1,1
95,66,Kerry Kittles,1996-97,November,New Jersey Nets,Portland Trail Blazers,0,1,0,1,1,1,0
97,67,Chris Dudley,1996-97,November,Portland Trail Blazers,New Jersey Nets,4,0,2,0,0,0,1
99,87,Reggie Williams,1996-97,November,New Jersey Nets,Portland Trail Blazers,4,0,2,0,0,1,1
100,88,Khalid Reeves,1996-97,November,New Jersey Nets,Portland Trail Blazers,3,0,0,0,0,0,1
101,85,Jayson Williams,1996-97,November,New Jersey Nets,Portland Trail Blazers,4,2,4,0,0,0,1
102,100,Khalid Reeves,1996-97,November,New Jersey Nets,Portland Trail Blazers,3,0,0,0,0,0,2
103,90,Kenny Anderson,1996-97,November,Portland Trail Blazers,New Jersey Nets,3,0,1,0,0,1,0
104,103,Kenny Anderson,1996-97,November,Portland Trail Blazers,New Jersey Nets,4,0,1,0,0,1,0
106,93,Dontonio Wingfield,1996-97,November,Portland Trail Blazers,New Jersey Nets,4,0,1,0,0,1,1
108,99,Reggie Williams,1996-97,November,New Jersey Nets,Portland Trail Blazers,4,0,3,0,0,1,1
109,92,Xavier McDaniel,1996-97,November,New Jersey Nets,Portland Trail Blazers,2,0,0,0,0,1,1
110,95,Kerry Kittles,1996-97,November,New Jersey Nets,Portland Trail Blazers,0,2,0,1,1,1,0
112,106,Dontonio Wingfield,1996-97,November,Portland Trail Blazers,New Jersey Nets,4,0,1,0,0,1,2
114,0,Aaron McKie,1996-97,November,Portland Trail Blazers,New Jersey Nets,0,0,0,1,0,0,0
115,112,Dontonio Wingfield,1996-97,November,Portland Trail Blazers,New Jersey Nets,4,0,2,0,0,1,2
116,0,Clifford Robinson,1996-97,November,Portland Trail Blazers,New Jersey Nets,0,0,0,0,0,1,0
117,102,Khalid Reeves,1996-97,November,New Jersey Nets,Portland Trail Blazers,6,0,0,0,0,0,2
118,110,Kerry Kittles,1996-97,November,New Jersey Nets,Portland Trail Blazers,0,3,0,1,1,1,0
120,118,Kerry Kittles,1996-97,November,New Jersey Nets,Portland Trail Blazers,0,3,1,1,1,1,0
122,101,Jayson Williams,1996-97,November,New Jersey Nets,Portland Trail Blazers,4,2,5,0,0,0,1
123,122,Jayson Williams,1996-97,November,New Jersey Nets,Portland Trail Blazers,4,2,5,0,0,0,2
124,123,Jayson Williams,1996-97,November,New Jersey Nets,Portland Trail Blazers,4,2,5,0,0,1,2
125,68,Isaiah Rider,1996-97,November,Portland Trail Blazers,New Jersey Nets,4,2,1,0,1,3,0
127,125,Isaiah Rider,1996-97,November,Portland Trail Blazers,New Jersey Nets,4,2,2,0,1,3,0
128,114,Aaron McKie,1996-97,November,Portland Trail Blazers,New Jersey Nets,3,0,0,1,0,0,0
129,127,Isaiah Rider,1996-97,November,Portland Trail Blazers,New Jersey Nets,4,3,2,0,1,3,0
131,116,Clifford Robinson,1996-97,November,Portland Trail Blazers,New Jersey Nets,0,0,1,0,0,1,0
132,131,Clifford Robinson,1996-97,November,Portland Trail Blazers,New Jersey Nets,0,0,1,0,0,2,0
133,109,Xavier McDaniel,1996-97,November,New Jersey Nets,Portland Trail Blazers,2,0,0,0,1,1,1
134,124,Jayson Williams,1996-97,November,New Jersey Nets,Portland Trail Blazers,4,2,5,0,0,2,2
136,59,Shawn Bradley,1996-97,November,New Jersey Nets,Portland Trail Blazers,2,0,3,2,0,2,0
137,132,Clifford Robinson,1996-97,November,Portland Trail Blazers,New Jersey Nets,0,0,2,0,0,2,0
138,137,Clifford Robinson,1996-97,November,Portland Trail Blazers,New Jersey Nets,2,0,2,0,0,2,0
139,136,Shawn Bradley,1996-97,November,New Jersey Nets,Portland Trail Blazers,2,0,3,2,0,2,1
140,138,Clifford Robinson,1996-97,November,Portland Trail Blazers,New Jersey Nets,2,0,2,0,0,2,0
143,133,Xavier McDaniel,1996-97,November,New Jersey Nets,Portland Trail Blazers,2,0,1,0,1,1,1
145,0,Mitchell Butler,1996-97,November,Portland Trail Blazers,New Jersey Nets,0,0,1,0,0,0,0
146,140,Clifford Robinson,1996-97,November,Portland Trail Blazers,New Jersey Nets,2,0,2,0,0,3,0
147,58,Kendall Gill,1996-97,November,New Jersey Nets,Portland Trail Blazers,2,1,3,0,0,1,0
148,0,Robert Pack,1996-97,November,New Jersey Nets,Portland Trail Blazers,0,0,0,0,0,0,1
150,143,Xavier McDaniel,1996-97,November,New Jersey Nets,Portland Trail Blazers,2,0,2,0,1,1,1
151,139,Shawn Bradley,1996-97,November,New Jersey Nets,Portland Trail Blazers,2,0,3,2,0,3,1
152,81,Gary Trent,1996-97,November,Portland Trail Blazers,New Jersey Nets,6,0,2,0,1,1,0
153,129,Isaiah Rider,1996-97,November,Portland Trail Blazers,New Jersey Nets,6,3,2,0,1,3,0
155,150,Xavier McDaniel,1996-97,November,New Jersey Nets,Portland Trail Blazers,2,0,3,0,1,1,1
156,155,Xavier McDaniel,1996-97,November,New Jersey Nets,Portland Trail Blazers,4,0,3,0,1,1,1
157,151,Shawn Bradley,1996-97,November,New Jersey Nets,Portland Trail Blazers,2,0,3,2,0,3,2
159,146,Clifford Robinson,1996-97,November,Portland Trail Blazers,New Jersey Nets,3,0,2,0,0,3,0
162,157,Shawn Bradley,1996-97,November,New Jersey Nets,Portland Trail Blazers,2,0,3,3,0,3,2
163,55,Ed O'Bannon,1996-97,November,New Jersey Nets,Portland Trail Blazers,5,0,2,0,0,0,0
164,159,Clifford Robinson,1996-97,November,Portland Trail Blazers,New Jersey Nets,3,0,2,0,0,3,1
165,147,Kendall Gill,1996-97,November,New Jersey Nets,Portland Trail Blazers,3,1,3,0,0,1,0
166,165,Kendall Gill,1996-97,November,New Jersey Nets,Portland Trail Blazers,4,1,3,0,0,1,0
167,148,Robert Pack,1996-97,November,New Jersey Nets,Portland Trail Blazers,0,0,0,0,0,0,2
169,128,Aaron McKie,1996-97,November,Portland Trail Blazers,New Jersey Nets,4,0,0,1,0,0,0
170,162,Shawn Bradley,1996-97,November,New Jersey Nets,Portland Trail Blazers,4,0,3,3,0,3,2
171,145,Mitchell Butler,1996-97,November,Portland Trail Blazers,New Jersey Nets,2,0,1,0,0,0,0
172,152,Gary Trent,1996-97,November,Portland Trail Blazers,New Jersey Nets,6,1,2,0,1,1,0
173,170,Shawn Bradley,1996-97,November,New Jersey Nets,Portland Trail Blazers,4,0,3,3,0,4,2
174,169,Aaron McKie,1996-97,November,Portland Trail Blazers,New Jersey Nets,4,0,0,1,1,0,0
175,172,Gary Trent,1996-97,November,Portland Trail Blazers,New Jersey Nets,6,1,2,0,1,2,0
176,173,Shawn Bradley,1996-97,November,New Jersey Nets,Portland Trail Blazers,6,0,3,3,0,4,2
177,153,Isaiah Rider,1996-97,November,Portland Trail Blazers,New Jersey Nets,6,3,2,0,1,4,0
180,176,Shawn Bradley,1996-97,November,New Jersey Nets,Portland Trail Blazers,6,0,4,3,0,4,2
181,167,Robert Pack,1996-97,November,New Jersey Nets,Portland Trail Blazers,2,0,0,0,0,0,2
182,104,Kenny Anderson,1996-97,November,Portland Trail Blazers,New Jersey Nets,4,0,1,0,0,1,1
183,182,Kenny Anderson,1996-97,November,Portland Trail Blazers,New Jersey Nets,4,0,1,0,0,2,1
185,180,Shawn Bradley,1996-97,November,New Jersey Nets,Portland Trail Blazers,6,0,5,3,0,4,2
187,183,Kenny Anderson,1996-97,November,Portland Trail Blazers,New Jersey Nets,4,0,2,0,0,2,1
188,187,Kenny Anderson,1996-97,November,Portland Trail Blazers,New Jersey Nets,6,0,2,0,0,2,1
189,185,Shawn Bradley,1996-97,November,New Jersey Nets,Portland Trail Blazers,8,0,5,3,0,4,2
190,177,Isaiah Rider,1996-97,November,Portland Trail Blazers,New Jersey Nets,8,3,2,0,1,4,0
192,97,Chris Dudley,1996-97,November,Portland Trail Blazers,New Jersey Nets,4,0,3,0,0,0,1
194,166,Kendall Gill,1996-97,November,New Jersey Nets,Portland Trail Blazers,4,1,4,0,0,1,0
195,134,Jayson Williams,1996-97,November,New Jersey Nets,Portland Trail Blazers,4,2,5,0,0,3,2
196,181,Robert Pack,1996-97,November,New Jersey Nets,Portland Trail Blazers,2,0,0,0,0,0,3
197,188,Kenny Anderson,1996-97,November,Portland Trail Blazers,New Jersey Nets,7,0,2,0,0,2,1
198,197,Kenny Anderson,1996-97,November,Portland Trail Blazers,New Jersey Nets,8,0,2,0,0,2,1
199,196,Robert Pack,1996-97,November,New Jersey Nets,Portland Trail Blazers,5,0,0,0,0,0,3
201,189,Shawn Bradley,1996-97,November,New Jersey Nets,Portland Trail Blazers,8,0,5,3,0,4,3
203,192,Chris Dudley,1996-97,November,Portland Trail Blazers,New Jersey Nets,5,0,3,0,0,0,1
204,203,Chris Dudley,1996-97,November,Portland Trail Blazers,New Jersey Nets,5,0,3,0,0,0,2
206,198,Kenny Anderson,1996-97,November,Portland Trail Blazers,New Jersey Nets,8,0,3,0,0,2,1
208,195,Jayson Williams,1996-97,November,New Jersey Nets,Portland Trail Blazers,4,2,6,0,0,3,2
209,164,Clifford Robinson,1996-97,November,Portland Trail Blazers,New Jersey Nets,5,0,2,0,0,3,1
211,204,Chris Dudley,1996-97,November,Portland Trail Blazers,New Jersey Nets,5,0,4,0,0,0,2
212,194,Kendall Gill,1996-97,November,New Jersey Nets,Portland Trail Blazers,4,1,4,0,0,1,1
213,206,Kenny Anderson,1996-97,November,Portland Trail Blazers,New Jersey Nets,9,0,3,0,0,2,1
215,208,Jayson Williams,1996-97,November,New Jersey Nets,Portland Trail Blazers,4,2,7,0,0,3,2
216,212,Kendall Gill,1996-97,November,New Jersey Nets,Portland Trail Blazers,4,1,4,0,0,1,2
217,216,Kendall Gill,1996-97,November,New Jersey Nets,Portland Trail Blazers,4,1,4,0,0,2,2
218,213,Kenny Anderson,1996-97,November,Portland Trail Blazers,New Jersey Nets,11,0,3,0,0,2,1
219,201,Shawn Bradley,1996-97,November,New Jersey Nets,Portland Trail Blazers,10,0,5,3,0,4,3
220,218,Kenny Anderson,1996-97,November,Portland Trail Blazers,New Jersey Nets,13,0,3,0,0,2,1
221,163,Ed O'Bannon,1996-97,November,New Jersey Nets,Portland Trail Blazers,5,0,2,0,0,1,0
222,175,Gary Trent,1996-97,November,Portland Trail Blazers,New Jersey Nets,6,1,2,0,2,2,0
224,217,Kendall Gill,1996-97,November,New Jersey Nets,Portland Trail Blazers,4,1,4,1,0,2,2
226,211,Chris Dudley,1996-97,November,Portland Trail Blazers,New Jersey Nets,5,0,5,0,0,0,2
227,209,Clifford Robinson,1996-97,November,Portland Trail Blazers,New Jersey Nets,7,0,2,0,0,3,1
228,224,Kendall Gill,1996-97,November,New Jersey Nets,Portland Trail Blazers,6,1,4,1,0,2,2
230,219,Shawn Bradley,1996-97,November,New Jersey Nets,Portland Trail Blazers,10,0,5,4,0,4,3
231,215,Jayson Williams,1996-97,November,New Jersey Nets,Portland Trail Blazers,4,2,8,0,0,3,2
233,220,Kenny Anderson,1996-97,November,Portland Trail Blazers,New Jersey Nets,13,0,4,0,0,2,1
234,221,Ed O'Bannon,1996-97,November,New Jersey Nets,Portland Trail Blazers,5,0,2,0,0,1,1
235,222,Gary Trent,1996-97,November,Portland Trail Blazers,New Jersey Nets,7,1,2,0,2,2,0
236,235,Gary Trent,1996-97,November,Portland Trail Blazers,New Jersey Nets,8,1,2,0,2,2,0
237,231,Jayson Williams,1996-97,November,New Jersey Nets,Portland Trail Blazers,6,2,8,0,0,3,2
239,228,Kendall Gill,1996-97,November,New Jersey Nets,Portland Trail Blazers,6,1,5,1,0,2,2
240,227,Clifford Robinson,1996-97,November,Portland Trail Blazers,New Jersey Nets,7,0,2,0,0,3,2
242,190,Isaiah Rider,1996-97,November,Portland Trail Blazers,New Jersey Nets,11,3,2,0,1,4,0
243,233,Kenny Anderson,1996-97,November,Portland Trail Blazers,New Jersey Nets,13,1,4,0,0,2,1
244,239,Kendall Gill,1996-97,November,New Jersey Nets,Portland Trail Blazers,6,1,5,1,0,3,2
246,230,Shawn Bradley,1996-97,November,New Jersey Nets,Portland Trail Blazers,10,0,5,5,0,4,3
247,246,Shawn Bradley,1996-97,November,New Jersey Nets,Portland Trail Blazers,10,0,6,5,0,4,3
249,226,Chris Dudley,1996-97,November,Portland Trail Blazers,New Jersey Nets,5,0,6,0,0,0,2
251,244,Kendall Gill,1996-97,November,New Jersey Nets,Portland Trail Blazers,6,1,6,1,0,3,2
252,237,Jayson Williams,1996-97,November,New Jersey Nets,Portland Trail Blazers,6,2,8,0,0,4,2
253,240,Clifford Robinson,1996-97,November,Portland Trail Blazers,New Jersey Nets,7,0,2,0,1,3,2
255,252,Jayson Williams,1996-97,November,New Jersey Nets,Portland Trail Blazers,6,2,9,0,0,4,2
256,120,Kerry Kittles,1996-97,November,New Jersey Nets,Portland Trail Blazers,3,3,1,1,1,1,0
257,234,Ed O'Bannon,1996-97,November,New Jersey Nets,Portland Trail Blazers,5,1,2,0,0,1,1
259,255,Jayson Williams,1996-97,November,New Jersey Nets,Portland Trail Blazers,6,2,10,0,0,4,2
261,259,Jayson Williams,1996-97,November,New Jersey Nets,Portland Trail Blazers,6,2,11,0,0,4,2
263,257,Ed O'Bannon,1996-97,November,New Jersey Nets,Portland Trail Blazers,5,1,2,0,0,1,2
265,108,Reggie Williams,1996-97,November,New Jersey Nets,Portland Trail Blazers,4,0,3,0,0,1,2
266,253,Clifford Robinson,1996-97,November,Portland Trail Blazers,New Jersey Nets,9,0,2,0,1,3,2
267,249,Chris Dudley,1996-97,November,Portland Trail Blazers,New Jersey Nets,5,0,6,0,0,0,3
270,266,Clifford Robinson,1996-97,November,Portland Trail Blazers,New Jersey Nets,9,0,3,0,1,3,2
272,256,Kerry Kittles,1996-97,November,New Jersey Nets,Portland Trail Blazers,3,3,2,1,1,1,0
274,270,Clifford Robinson,1996-97,November,Portland Trail Blazers,New Jersey Nets,9,0,4,0,1,3,2
276,265,Reggie Williams,1996-97,November,New Jersey Nets,Portland Trail Blazers,4,0,4,0,0,1,2
278,267,Chris Dudley,1996-97,November,Portland Trail Blazers,New Jersey Nets,5,0,7,0,0,0,3
280,278,Chris Dudley,1996-97,November,Portland Trail Blazers,New Jersey Nets,5,0,8,0,0,0,3
282,247,Shawn Bradley,1996-97,November,New Jersey Nets,Portland Trail Blazers,10,0,7,5,0,4,3
283,280,Chris Dudley,1996-97,November,Portland Trail Blazers,New Jersey Nets,5,0,8,0,0,0,3
284,282,Shawn Bradley,1996-97,November,New Jersey Nets,Portland Trail Blazers,11,0,7,5,0,4,3
285,284,Shawn Bradley,1996-97,November,New Jersey Nets,Portland Trail Blazers,12,0,7,5,0,4,3
286,285,Shawn Bradley,1996-97,November,New Jersey Nets,Portland Trail Blazers,12,0,7,5,0,5,3
287,283,Chris Dudley,1996-97,November,Portland Trail Blazers,New Jersey Nets,7,0,8,0,0,0,3
288,274,Clifford Robinson,1996-97,November,Portland Trail Blazers,New Jersey Nets,9,1,4,0,1,3,2
289,286,Shawn Bradley,1996-97,November,New Jersey Nets,Portland Trail Blazers,14,0,7,5,0,5,3
290,117,Khalid Reeves,1996-97,November,New Jersey Nets,Portland Trail Blazers,6,1,0,0,0,0,2
291,243,Kenny Anderson,1996-97,November,Portland Trail Blazers,New Jersey Nets,15,1,4,0,0,2,1
293,287,Chris Dudley,1996-97,November,Portland Trail Blazers,New Jersey Nets,7,0,8,1,0,0,3
294,272,Kerry Kittles,1996-97,November,New Jersey Nets,Portland Trail Blazers,3,3,3,1,1,1,0
296,291,Kenny Anderson,1996-97,November,Portland Trail Blazers,New Jersey Nets,15,1,5,0,0,2,1
297,276,Reggie Williams,1996-97,November,New Jersey Nets,Portland Trail Blazers,4,0,4,0,0,1,3
298,174,Aaron McKie,1996-97,November,Portland Trail Blazers,New Jersey Nets,5,0,0,1,1,0,0
299,298,Aaron McKie,1996-97,November,Portland Trail Blazers,New Jersey Nets,6,0,0,1,1,0,0
301,236,Gary Trent,1996-97,November,Portland Trail Blazers,New Jersey Nets,8,1,2,0,2,2,1
302,301,Gary Trent,1996-97,November,Portland Trail Blazers,New Jersey Nets,8,1,2,0,2,2,2
305,288,Clifford Robinson,1996-97,November,Portland Trail Blazers,New Jersey Nets,9,1,5,0,1,3,2
306,156,Xavier McDaniel,1996-97,November,New Jersey Nets,Portland Trail Blazers,4,0,3,0,1,1,2
307,305,Clifford Robinson,1996-97,November,Portland Trail Blazers,New Jersey Nets,10,1,5,0,1,3,2
308,307,Clifford Robinson,1996-97,November,Portland Trail Blazers,New Jersey Nets,11,1,5,0,1,3,2
310,308,Clifford Robinson,1996-97,November,Portland Trail Blazers,New Jersey Nets,11,1,5,1,1,3,2
311,290,Khalid Reeves,1996-97,November,New Jersey Nets,Portland Trail Blazers,9,1,0,0,0,0,2
312,294,Kerry Kittles,1996-97,November,New Jersey Nets,Portland Trail Blazers,3,4,3,1,1,1,0
314,289,Shawn Bradley,1996-97,November,New Jersey Nets,Portland Trail Blazers,14,0,8,5,0,5,3
315,314,Shawn Bradley,1996-97,November,New Jersey Nets,Portland Trail Blazers,16,0,8,5,0,5,3
316,261,Jayson Williams,1996-97,November,New Jersey Nets,Portland Trail Blazers,6,2,11,0,0,4,3
317,302,Gary Trent,1996-97,November,Portland Trail Blazers,New Jersey Nets,9,1,2,0,2,2,2
318,317,Gary Trent,1996-97,November,Portland Trail Blazers,New Jersey Nets,10,1,2,0,2,2,2
319,311,Khalid Reeves,1996-97,November,New Jersey Nets,Portland Trail Blazers,12,1,0,0,0,0,2
320,242,Isaiah Rider,1996-97,November,Portland Trail Blazers,New Jersey Nets,11,3,2,0,1,5,0
321,319,Khalid Reeves,1996-97,November,New Jersey Nets,Portland Trail Blazers,12,1,0,0,1,0,2
323,316,Jayson Williams,1996-97,November,New Jersey Nets,Portland Trail Blazers,6,2,12,0,0,4,3
325,320,Isaiah Rider,1996-97,November,Portland Trail Blazers,New Jersey Nets,13,3,2,0,1,5,0
327,323,Jayson Williams,1996-97,November,New Jersey Nets,Portland Trail Blazers,6,2,13,0,0,4,3
328,325,Isaiah Rider,1996-97,November,Portland Trail Blazers,New Jersey Nets,13,3,2,0,1,5,1
329,327,Jayson Williams,1996-97,November,New Jersey Nets,Portland Trail Blazers,7,2,13,0,0,4,3
330,329,Jayson Williams,1996-97,November,New Jersey Nets,Portland Trail Blazers,8,2,13,0,0,4,3
332,315,Shawn Bradley,1996-97,November,New Jersey Nets,Portland Trail Blazers,16,0,9,5,0,5,3
333,199,Robert Pack,1996-97,November,New Jersey Nets,Portland Trail Blazers,7,0,0,0,0,0,3
334,321,Khalid Reeves,1996-97,November,New Jersey Nets,Portland Trail Blazers,12,2,0,0,1,0,2
335,296,Kenny Anderson,1996-97,November,Portland Trail Blazers,New Jersey Nets,17,1,5,0,0,2,1
336,328,Isaiah Rider,1996-97,November,Portland Trail Blazers,New Jersey Nets,13,3,2,0,1,5,2
338,293,Chris Dudley,1996-97,November,Portland Trail Blazers,New Jersey Nets,7,0,9,1,0,0,3
340,338,Chris Dudley,1996-97,November,Portland Trail Blazers,New Jersey Nets,7,0,10,1,0,0,3
342,340,Chris Dudley,1996-97,November,Portland Trail Blazers,New Jersey Nets,7,0,11,1,0,0,3
344,330,Jayson Williams,1996-97,November,New Jersey Nets,Portland Trail Blazers,8,2,14,0,0,4,3
346,336,Isaiah Rider,1996-97,November,Portland Trail Blazers,New Jersey Nets,13,3,3,0,1,5,2
347,332,Shawn Bradley,1996-97,November,New Jersey Nets,Portland Trail Blazers,16,0,9,5,0,5,4
348,115,Dontonio Wingfield,1996-97,November,Portland Trail Blazers,New Jersey Nets,6,0,2,0,0,1,2
349,310,Clifford Robinson,1996-97,November,Portland Trail Blazers,New Jersey Nets,11,2,5,1,1,3,2
350,346,Isaiah Rider,1996-97,November,Portland Trail Blazers,New Jersey Nets,13,3,3,0,1,5,3
351,334,Khalid Reeves,1996-97,November,New Jersey Nets,Portland Trail Blazers,13,2,0,0,1,0,2
353,342,Chris Dudley,1996-97,November,Portland Trail Blazers,New Jersey Nets,7,0,12,1,0,0,3
354,349,Clifford Robinson,1996-97,November,Portland Trail Blazers,New Jersey Nets,13,2,5,1,1,3,2
355,344,Jayson Williams,1996-97,November,New Jersey Nets,Portland Trail Blazers,8,2,14,0,0,4,4
358,354,Clifford Robinson,1996-97,November,Portland Trail Blazers,New Jersey Nets,13,2,5,1,1,3,3
360,353,Chris Dudley,1996-97,November,Portland Trail Blazers,New Jersey Nets,7,0,12,2,0,0,3
361,348,Dontonio Wingfield,1996-97,November,Portland Trail Blazers,New Jersey Nets,6,0,3,0,0,1,2
362,358,Clifford Robinson,1996-97,November,Portland Trail Blazers,New Jersey Nets,15,2,5,1,1,3,3
363,335,Kenny Anderson,1996-97,November,Portland Trail Blazers,New Jersey Nets,17,2,5,0,0,2,1
364,333,Robert Pack,1996-97,November,New Jersey Nets,Portland Trail Blazers,7,0,0,0,0,1,3
365,362,Clifford Robinson,1996-97,November,Portland Trail Blazers,New Jersey Nets,17,2,5,1,1,3,3
366,361,Dontonio Wingfield,1996-97,November,Portland Trail Blazers,New Jersey Nets,6,1,3,0,0,1,2
367,366,Dontonio Wingfield,1996-97,November,Portland Trail Blazers,New Jersey Nets,6,1,3,0,0,1,3
368,251,Kendall Gill,1996-97,November,New Jersey Nets,Portland Trail Blazers,7,1,6,1,0,3,2
369,368,Kendall Gill,1996-97,November,New Jersey Nets,Portland Trail Blazers,8,1,6,1,0,3,2
372,355,Jayson Williams,1996-97,November,New Jersey Nets,Portland Trail Blazers,8,2,15,0,0,4,4
374,347,Shawn Bradley,1996-97,November,New Jersey Nets,Portland Trail Blazers,16,0,10,5,0,5,4
375,351,Khalid Reeves,1996-97,November,New Jersey Nets,Portland Trail Blazers,13,2,0,0,1,1,2
376,363,Kenny Anderson,1996-97,November,Portland Trail Blazers,New Jersey Nets,17,2,5,0,1,2,1
378,369,Kendall Gill,1996-97,November,New Jersey Nets,Portland Trail Blazers,8,1,6,2,0,3,2
379,378,Kendall Gill,1996-97,November,New Jersey Nets,Portland Trail Blazers,8,1,7,2,0,3,2
380,364,Robert Pack,1996-97,November,New Jersey Nets,Portland Trail Blazers,9,0,0,0,0,1,3
381,375,Khalid Reeves,1996-97,November,New Jersey Nets,Portland Trail Blazers,13,3,0,0,1,1,2
383,379,Kendall Gill,1996-97,November,New Jersey Nets,Portland Trail Blazers,8,1,8,2,0,3,2
384,383,Kendall Gill,1996-97,November,New Jersey Nets,Portland Trail Blazers,10,1,8,2,0,3,2
386,384,Kendall Gill,1996-97,November,New Jersey Nets,Portland Trail Blazers,10,1,9,2,0,3,2
387,171,Mitchell Butler,1996-97,November,Portland Trail Blazers,New Jersey Nets,2,0,1,0,0,0,1
388,386,Kendall Gill,1996-97,November,New Jersey Nets,Portland Trail Blazers,11,1,9,2,0,3,2
389,388,Kendall Gill,1996-97,November,New Jersey Nets,Portland Trail Blazers,12,1,9,2,0,3,2
390,380,Robert Pack,1996-97,November,New Jersey Nets,Portland Trail Blazers,9,0,0,0,0,1,4
391,372,Jayson Williams,1996-97,November,New Jersey Nets,Portland Trail Blazers,8,2,15,0,0,4,5
392,365,Clifford Robinson,1996-97,November,Portland Trail Blazers,New Jersey Nets,18,2,5,1,1,3,3
393,392,Clifford Robinson,1996-97,November,Portland Trail Blazers,New Jersey Nets,19,2,5,1,1,3,3
395,391,Jayson Williams,1996-97,November,New Jersey Nets,Portland Trail Blazers,8,2,16,0,0,4,5
396,395,Jayson Williams,1996-97,November,New Jersey Nets,Portland Trail Blazers,10,2,16,0,0,4,5
397,360,Chris Dudley,1996-97,November,Portland Trail Blazers,New Jersey Nets,7,0,12,2,0,0,4
398,396,Jayson Williams,1996-97,November,New Jersey Nets,Portland Trail Blazers,11,2,16,0,0,4,5
399,389,Kendall Gill,1996-97,November,New Jersey Nets,Portland Trail Blazers,12,1,9,2,0,3,3
400,350,Isaiah Rider,1996-97,November,Portland Trail Blazers,New Jersey Nets,14,3,3,0,1,5,3
401,400,Isaiah Rider,1996-97,November,Portland Trail Blazers,New Jersey Nets,15,3,3,0,1,5,3
402,399,Kendall Gill,1996-97,November,New Jersey Nets,Portland Trail Blazers,14,1,9,2,0,3,3
403,390,Robert Pack,1996-97,November,New Jersey Nets,Portland Trail Blazers,9,1,0,0,0,1,4
404,374,Shawn Bradley,1996-97,November,New Jersey Nets,Portland Trail Blazers,16,0,10,5,0,5,5
405,367,Dontonio Wingfield,1996-97,November,Portland Trail Blazers,New Jersey Nets,7,1,3,0,0,1,3
406,405,Dontonio Wingfield,1996-97,November,Portland Trail Blazers,New Jersey Nets,8,1,3,0,0,1,3
407,393,Clifford Robinson,1996-97,November,Portland Trail Blazers,New Jersey Nets,19,2,5,1,1,3,4
410,407,Clifford Robinson,1996-97,November,Portland Trail Blazers,New Jersey Nets,19,2,6,1,1,3,4
412,376,Kenny Anderson,1996-97,November,Portland Trail Blazers,New Jersey Nets,17,2,6,0,1,2,1
413,403,Robert Pack,1996-97,November,New Jersey Nets,Portland Trail Blazers,9,1,0,0,0,1,5
414,412,Kenny Anderson,1996-97,November,Portland Trail Blazers,New Jersey Nets,18,2,6,0,1,2,1
415,414,Kenny Anderson,1996-97,November,Portland Trail Blazers,New Jersey Nets,19,2,6,0,1,2,1
416,398,Jayson Williams,1996-97,November,New Jersey Nets,Portland Trail Blazers,11,2,16,0,0,5,5
417,401,Isaiah Rider,1996-97,November,Portland Trail Blazers,New Jersey Nets,15,3,3,0,2,5,3
418,387,Mitchell Butler,1996-97,November,Portland Trail Blazers,New Jersey Nets,4,0,1,0,0,0,1
419,417,Isaiah Rider,1996-97,November,Portland Trail Blazers,New Jersey Nets,15,4,3,0,2,5,3
420,410,Clifford Robinson,1996-97,November,Portland Trail Blazers,New Jersey Nets,19,2,6,1,1,3,5
421,416,Jayson Williams,1996-97,November,New Jersey Nets,Portland Trail Blazers,12,2,16,0,0,5,5
422,421,Jayson Williams,1996-97,November,New Jersey Nets,Portland Trail Blazers,13,2,16,0,0,5,5
423,422,Jayson Williams,1996-97,November,New Jersey Nets,Portland Trail Blazers,13,2,16,0,0,5,6
424,415,Kenny Anderson,1996-97,November,Portland Trail Blazers,New Jersey Nets,20,2,6,0,1,2,1
425,424,Kenny Anderson,1996-97,November,Portland Trail Blazers,New Jersey Nets,21,2,6,0,1,2,1
427,425,Kenny Anderson,1996-97,November,Portland Trail Blazers,New Jersey Nets,21,2,7,0,1,2,1
428,402,Kendall Gill,1996-97,November,New Jersey Nets,Portland Trail Blazers,14,1,9,2,0,3,4
430,420,Clifford Robinson,1996-97,November,Portland Trail Blazers,New Jersey Nets,20,2,6,1,1,3,5
432,428,Kendall Gill,1996-97,November,New Jersey Nets,Portland Trail Blazers,14,1,10,2,0,3,4
434,397,Chris Dudley,1996-97,November,Portland Trail Blazers,New Jersey Nets,7,0,13,2,0,0,4
435,381,Khalid Reeves,1996-97,November,New Jersey Nets,Portland Trail Blazers,13,3,0,0,1,1,3
437,430,Clifford Robinson,1996-97,November,Portland Trail Blazers,New Jersey Nets,21,2,6,1,1,3,5
439,432,Kendall Gill,1996-97,November,New Jersey Nets,Portland Trail Blazers,14,1,11,2,0,3,4
440,439,Kendall Gill,1996-97,November,New Jersey Nets,Portland Trail Blazers,16,1,11,2,0,3,4
441,440,Kendall Gill,1996-97,November,New Jersey Nets,Portland Trail Blazers,16,1,11,2,0,3,5
442,427,Kenny Anderson,1996-97,November,Portland Trail Blazers,New Jersey Nets,22,2,7,0,1,2,1
444,441,Kendall Gill,1996-97,November,New Jersey Nets,Portland Trail Blazers,16,1,12,2,0,3,5
445,404,Shawn Bradley,1996-97,November,New Jersey Nets,Portland Trail Blazers,16,0,10,5,0,6,5
