id,previous_id,player,season,month,team,opponent_team,points,assists,rebounds,blocks,steals,turnovers,personal fouls
1,0,Allen Iverson,1996-97,November,Philadelphia 76ers,Cleveland Cavaliers,0,0,0,0,0,0,1
2,0,Bobby Phills,1996-97,November,Cleveland Cavaliers,Philadelphia 76ers,1,0,0,0,0,0,0
4,0,Scott Williams,1996-97,November,Philadelphia 76ers,Cleveland Cavaliers,0,0,1,0,0,0,0
6,1,Allen Iverson,1996-97,November,Philadelphia 76ers,Cleveland Cavaliers,0,0,1,0,0,0,1
8,0,Terrell Brandon,1996-97,November,Cleveland Cavaliers,Philadelphia 76ers,0,0,1,0,0,0,0
9,0,Mark West,1996-97,November,Cleveland Cavaliers,Philadelphia 76ers,0,0,0,0,0,1,0
11,0,Tyrone Hill,1996-97,November,Cleveland Cavaliers,Philadelphia 76ers,0,0,1,0,0,0,0
13,0,Jerry Stackhouse,1996-97,November,Philadelphia 76ers,Cleveland Cavaliers,0,0,1,0,0,0,0
14,9,Mark West,1996-97,November,Cleveland Cavaliers,Philadelphia 76ers,0,0,0,0,0,1,1
16,13,Jerry Stackhouse,1996-97,November,Philadelphia 76ers,Cleveland Cavaliers,1,0,1,0,0,0,0
18,0,Clar. Weatherspoon,1996-97,November,Philadelphia 76ers,Cleveland Cavaliers,0,0,1,0,0,0,0
19,6,Allen Iverson,1996-97,November,Philadelphia 76ers,Cleveland Cavaliers,0,0,1,0,0,1,1
20,2,Bobby Phills,1996-97,November,Cleveland Cavaliers,Philadelphia 76ers,1,0,0,0,1,0,0
23,8,Terrell Brandon,1996-97,November,Cleveland Cavaliers,Philadelphia 76ers,0,0,2,0,0,0,0
24,0,Chris Mills,1996-97,November,Cleveland Cavaliers,Philadelphia 76ers,2,0,0,0,0,0,0
25,23,Terrell Brandon,1996-97,November,Cleveland Cavaliers,Philadelphia 76ers,0,1,2,0,0,0,0
27,20,Bobby Phills,1996-97,November,Cleveland Cavaliers,Philadelphia 76ers,1,0,1,0,1,0,0
28,14,Mark West,1996-97,November,Cleveland Cavaliers,Philadelphia 76ers,2,0,0,0,0,1,1
29,24,Chris Mills,1996-97,November,Cleveland Cavaliers,Philadelphia 76ers,2,1,0,0,0,0,0
30,18,Clar. Weatherspoon,1996-97,November,Philadelphia 76ers,Cleveland Cavaliers,0,0,1,0,0,1,0
31,29,Chris Mills,1996-97,November,Cleveland Cavaliers,Philadelphia 76ers,4,1,0,0,0,0,0
32,25,Terrell Brandon,1996-97,November,Cleveland Cavaliers,Philadelphia 76ers,0,2,2,0,0,0,0
33,11,Tyrone Hill,1996-97,November,Cleveland Cavaliers,Philadelphia 76ers,0,0,1,0,0,0,1
34,16,Jerry Stackhouse,1996-97,November,Philadelphia 76ers,Cleveland Cavaliers,1,0,1,0,0,1,0
35,33,Tyrone Hill,1996-97,November,Cleveland Cavaliers,Philadelphia 76ers,0,0,1,0,1,0,1
37,0,Derrick Coleman,1996-97,November,Philadelphia 76ers,Cleveland Cavaliers,0,0,1,0,0,0,0
39,28,Mark West,1996-97,November,Cleveland Cavaliers,Philadelphia 76ers,2,0,1,0,0,1,1
41,4,Scott Williams,1996-97,November,Philadelphia 76ers,Cleveland Cavaliers,0,0,1,1,0,0,0
42,19,Allen Iverson,1996-97,November,Philadelphia 76ers,Cleveland Cavaliers,0,0,2,0,0,1,1
43,27,Bobby Phills,1996-97,November,Cleveland Cavaliers,Philadelphia 76ers,1,0,1,0,1,0,1
45,37,Derrick Coleman,1996-97,November,Philadelphia 76ers,Cleveland Cavaliers,0,0,2,0,0,0,0
46,45,Derrick Coleman,1996-97,November,Philadelphia 76ers,Cleveland Cavaliers,2,0,2,0,0,0,0
47,43,Bobby Phills,1996-97,November,Cleveland Cavaliers,Philadelphia 76ers,4,0,1,0,1,0,1
48,31,Chris Mills,1996-97,November,Cleveland Cavaliers,Philadelphia 76ers,4,2,0,0,0,0,0
50,39,Mark West,1996-97,November,Cleveland Cavaliers,Philadelphia 76ers,2,0,1,1,0,1,1
51,30,Clar. Weatherspoon,1996-97,November,Philadelphia 76ers,Cleveland Cavaliers,0,0,2,0,0,1,0
52,51,Clar. Weatherspoon,1996-97,November,Philadelphia 76ers,Cleveland Cavaliers,0,0,2,0,0,2,0
54,42,Allen Iverson,1996-97,November,Philadelphia 76ers,Cleveland Cavaliers,0,0,3,0,0,1,1
55,32,Terrell Brandon,1996-97,November,Cleveland Cavaliers,Philadelphia 76ers,0,2,2,0,0,0,1
57,41,Scott Williams,1996-97,November,Philadelphia 76ers,Cleveland Cavaliers,0,0,2,1,0,0,0
59,46,Derrick Coleman,1996-97,November,Philadelphia 76ers,Cleveland Cavaliers,2,0,3,0,0,0,0
60,48,Chris Mills,1996-97,November,Cleveland Cavaliers,Philadelphia 76ers,4,2,0,0,0,0,1
61,59,Derrick Coleman,1996-97,November,Philadelphia 76ers,Cleveland Cavaliers,3,0,3,0,0,0,0
62,61,Derrick Coleman,1996-97,November,Philadelphia 76ers,Cleveland Cavaliers,4,0,3,0,0,0,0
63,50,Mark West,1996-97,November,Cleveland Cavaliers,Philadelphia 76ers,4,0,1,1,0,1,1
64,55,Terrell Brandon,1996-97,November,Cleveland Cavaliers,Philadelphia 76ers,0,3,2,0,0,0,1
66,52,Clar. Weatherspoon,1996-97,November,Philadelphia 76ers,Cleveland Cavaliers,0,0,3,0,0,2,0
67,66,Clar. Weatherspoon,1996-97,November,Philadelphia 76ers,Cleveland Cavaliers,2,0,3,0,0,2,0
68,63,Mark West,1996-97,November,Cleveland Cavaliers,Philadelphia 76ers,4,0,1,1,0,1,2
69,67,Clar. Weatherspoon,1996-97,November,Philadelphia 76ers,Cleveland Cavaliers,3,0,3,0,0,2,0
71,57,Scott Williams,1996-97,November,Philadelphia 76ers,Cleveland Cavaliers,0,0,2,2,0,0,0
72,68,Mark West,1996-97,November,Cleveland Cavaliers,Philadelphia 76ers,4,0,2,1,0,1,2
73,47,Bobby Phills,1996-97,November,Cleveland Cavaliers,Philadelphia 76ers,6,0,1,0,1,0,1
74,35,Tyrone Hill,1996-97,November,Cleveland Cavaliers,Philadelphia 76ers,0,1,1,0,1,0,1
75,34,Jerry Stackhouse,1996-97,November,Philadelphia 76ers,Cleveland Cavaliers,3,0,1,0,0,1,0
76,54,Allen Iverson,1996-97,November,Philadelphia 76ers,Cleveland Cavaliers,0,1,3,0,0,1,1
78,62,Derrick Coleman,1996-97,November,Philadelphia 76ers,Cleveland Cavaliers,4,0,3,1,0,0,0
79,71,Scott Williams,1996-97,November,Philadelphia 76ers,Cleveland Cavaliers,0,0,3,2,0,0,0
80,78,Derrick Coleman,1996-97,November,Philadelphia 76ers,Cleveland Cavaliers,4,0,3,1,0,1,0
81,64,Terrell Brandon,1996-97,November,Cleveland Cavaliers,Philadelphia 76ers,2,3,2,0,0,0,1
82,80,Derrick Coleman,1996-97,November,Philadelphia 76ers,Cleveland Cavaliers,6,0,3,1,0,1,0
83,76,Allen Iverson,1996-97,November,Philadelphia 76ers,Cleveland Cavaliers,0,2,3,0,0,1,1
84,73,Bobby Phills,1996-97,November,Cleveland Cavaliers,Philadelphia 76ers,6,0,1,0,1,1,1
85,79,Scott Williams,1996-97,November,Philadelphia 76ers,Cleveland Cavaliers,0,0,3,2,1,0,0
86,83,Allen Iverson,1996-97,November,Philadelphia 76ers,Cleveland Cavaliers,2,2,3,0,0,1,1
87,85,Scott Williams,1996-97,November,Philadelphia 76ers,Cleveland Cavaliers,0,1,3,2,1,0,0
90,69,Clar. Weatherspoon,1996-97,November,Philadelphia 76ers,Cleveland Cavaliers,3,0,4,0,0,2,0
91,0,Vitaly Potapenko,1996-97,November,Cleveland Cavaliers,Philadelphia 76ers,0,0,0,0,0,0,1
92,75,Jerry Stackhouse,1996-97,November,Philadelphia 76ers,Cleveland Cavaliers,4,0,1,0,0,1,0
94,60,Chris Mills,1996-97,November,Cleveland Cavaliers,Philadelphia 76ers,4,2,1,0,0,0,1
96,82,Derrick Coleman,1996-97,November,Philadelphia 76ers,Cleveland Cavaliers,6,0,4,1,0,1,0
97,87,Scott Williams,1996-97,November,Philadelphia 76ers,Cleveland Cavaliers,0,1,3,2,1,1,0
98,91,Vitaly Potapenko,1996-97,November,Cleveland Cavaliers,Philadelphia 76ers,0,0,0,0,0,0,2
99,98,Vitaly Potapenko,1996-97,November,Cleveland Cavaliers,Philadelphia 76ers,0,0,0,0,0,1,2
100,90,Clar. Weatherspoon,1996-97,November,Philadelphia 76ers,Cleveland Cavaliers,5,0,4,0,0,2,0
101,96,Derrick Coleman,1996-97,November,Philadelphia 76ers,Cleveland Cavaliers,6,1,4,1,0,1,0
102,81,Terrell Brandon,1996-97,November,Cleveland Cavaliers,Philadelphia 76ers,4,3,2,0,0,0,1
103,101,Derrick Coleman,1996-97,November,Philadelphia 76ers,Cleveland Cavaliers,8,1,4,1,0,1,0
104,97,Scott Williams,1996-97,November,Philadelphia 76ers,Cleveland Cavaliers,0,2,3,2,1,1,0
106,104,Scott Williams,1996-97,November,Philadelphia 76ers,Cleveland Cavaliers,0,2,4,2,1,1,0
107,100,Clar. Weatherspoon,1996-97,November,Philadelphia 76ers,Cleveland Cavaliers,7,0,4,0,0,2,0
108,86,Allen Iverson,1996-97,November,Philadelphia 76ers,Cleveland Cavaliers,2,3,3,0,0,1,1
109,102,Terrell Brandon,1996-97,November,Cleveland Cavaliers,Philadelphia 76ers,6,3,2,0,0,0,1
110,0,Lucious Harris,1996-97,November,Philadelphia 76ers,Cleveland Cavaliers,3,0,0,0,0,0,0
111,103,Derrick Coleman,1996-97,November,Philadelphia 76ers,Cleveland Cavaliers,8,2,4,1,0,1,0
112,109,Terrell Brandon,1996-97,November,Cleveland Cavaliers,Philadelphia 76ers,9,3,2,0,0,0,1
113,0,Rex Walters,1996-97,November,Philadelphia 76ers,Cleveland Cavaliers,3,0,0,0,0,0,0
114,110,Lucious Harris,1996-97,November,Philadelphia 76ers,Cleveland Cavaliers,3,1,0,0,0,0,0
116,0,Mark Davis,1996-97,November,Philadelphia 76ers,Cleveland Cavaliers,0,0,1,0,0,0,0
117,116,Mark Davis,1996-97,November,Philadelphia 76ers,Cleveland Cavaliers,0,0,1,0,0,1,0
118,0,Danny Ferry,1996-97,November,Cleveland Cavaliers,Philadelphia 76ers,3,0,0,0,0,0,0
119,0,Bob Sura,1996-97,November,Cleveland Cavaliers,Philadelphia 76ers,0,1,0,0,0,0,0
121,119,Bob Sura,1996-97,November,Cleveland Cavaliers,Philadelphia 76ers,0,1,1,0,0,0,0
123,99,Vitaly Potapenko,1996-97,November,Cleveland Cavaliers,Philadelphia 76ers,0,0,1,0,0,1,2
125,117,Mark Davis,1996-97,November,Philadelphia 76ers,Cleveland Cavaliers,0,0,2,0,0,1,0
127,107,Clar. Weatherspoon,1996-97,November,Philadelphia 76ers,Cleveland Cavaliers,7,0,5,0,0,2,0
129,121,Bob Sura,1996-97,November,Cleveland Cavaliers,Philadelphia 76ers,0,1,2,0,0,0,0
130,129,Bob Sura,1996-97,November,Cleveland Cavaliers,Philadelphia 76ers,3,1,2,0,0,0,0
131,94,Chris Mills,1996-97,November,Cleveland Cavaliers,Philadelphia 76ers,4,3,1,0,0,0,1
132,125,Mark Davis,1996-97,November,Philadelphia 76ers,Cleveland Cavaliers,2,0,2,0,0,1,0
133,113,Rex Walters,1996-97,November,Philadelphia 76ers,Cleveland Cavaliers,3,1,0,0,0,0,0
135,130,Bob Sura,1996-97,November,Cleveland Cavaliers,Philadelphia 76ers,3,1,3,0,0,0,0
137,0,Michael Cage,1996-97,November,Philadelphia 76ers,Cleveland Cavaliers,0,0,1,0,0,0,0
139,118,Danny Ferry,1996-97,November,Cleveland Cavaliers,Philadelphia 76ers,3,0,1,0,0,0,0
140,137,Michael Cage,1996-97,November,Philadelphia 76ers,Cleveland Cavaliers,0,0,1,0,0,0,1
142,140,Michael Cage,1996-97,November,Philadelphia 76ers,Cleveland Cavaliers,0,0,2,0,0,0,1
144,127,Clar. Weatherspoon,1996-97,November,Philadelphia 76ers,Cleveland Cavaliers,7,0,6,0,0,2,0
145,0,Antonio Lang,1996-97,November,Cleveland Cavaliers,Philadelphia 76ers,0,0,0,0,0,0,1
147,139,Danny Ferry,1996-97,November,Cleveland Cavaliers,Philadelphia 76ers,3,0,2,0,0,0,0
148,123,Vitaly Potapenko,1996-97,November,Cleveland Cavaliers,Philadelphia 76ers,0,0,1,0,0,2,2
149,132,Mark Davis,1996-97,November,Philadelphia 76ers,Cleveland Cavaliers,2,0,2,0,0,2,0
150,135,Bob Sura,1996-97,November,Cleveland Cavaliers,Philadelphia 76ers,3,1,3,0,1,0,0
151,133,Rex Walters,1996-97,November,Philadelphia 76ers,Cleveland Cavaliers,3,1,0,0,0,0,1
152,144,Clar. Weatherspoon,1996-97,November,Philadelphia 76ers,Cleveland Cavaliers,7,0,6,0,0,2,1
153,111,Derrick Coleman,1996-97,November,Philadelphia 76ers,Cleveland Cavaliers,8,2,4,1,0,1,1
154,151,Rex Walters,1996-97,November,Philadelphia 76ers,Cleveland Cavaliers,3,1,0,0,0,0,2
155,148,Vitaly Potapenko,1996-97,November,Cleveland Cavaliers,Philadelphia 76ers,1,0,1,0,0,2,2
156,155,Vitaly Potapenko,1996-97,November,Cleveland Cavaliers,Philadelphia 76ers,2,0,1,0,0,2,2
157,150,Bob Sura,1996-97,November,Cleveland Cavaliers,Philadelphia 76ers,3,1,3,0,1,0,1
158,92,Jerry Stackhouse,1996-97,November,Philadelphia 76ers,Cleveland Cavaliers,5,0,1,0,0,1,0
159,158,Jerry Stackhouse,1996-97,November,Philadelphia 76ers,Cleveland Cavaliers,6,0,1,0,0,1,0
160,159,Jerry Stackhouse,1996-97,November,Philadelphia 76ers,Cleveland Cavaliers,7,0,1,0,0,1,0
161,156,Vitaly Potapenko,1996-97,November,Cleveland Cavaliers,Philadelphia 76ers,2,0,1,0,0,3,2
162,160,Jerry Stackhouse,1996-97,November,Philadelphia 76ers,Cleveland Cavaliers,7,0,1,0,1,1,0
163,157,Bob Sura,1996-97,November,Cleveland Cavaliers,Philadelphia 76ers,3,1,3,0,1,0,2
165,108,Allen Iverson,1996-97,November,Philadelphia 76ers,Cleveland Cavaliers,2,3,4,0,0,1,1
166,165,Allen Iverson,1996-97,November,Philadelphia 76ers,Cleveland Cavaliers,2,3,4,0,0,2,1
167,84,Bobby Phills,1996-97,November,Cleveland Cavaliers,Philadelphia 76ers,6,0,1,0,2,1,1
168,167,Bobby Phills,1996-97,November,Cleveland Cavaliers,Philadelphia 76ers,6,0,1,0,2,2,1
169,166,Allen Iverson,1996-97,November,Philadelphia 76ers,Cleveland Cavaliers,4,3,4,0,0,2,1
170,153,Derrick Coleman,1996-97,November,Philadelphia 76ers,Cleveland Cavaliers,8,3,4,1,0,1,1
172,74,Tyrone Hill,1996-97,November,Cleveland Cavaliers,Philadelphia 76ers,0,1,2,0,1,0,1
173,172,Tyrone Hill,1996-97,November,Cleveland Cavaliers,Philadelphia 76ers,2,1,2,0,1,0,1
174,170,Derrick Coleman,1996-97,November,Philadelphia 76ers,Cleveland Cavaliers,10,3,4,1,0,1,1
175,162,Jerry Stackhouse,1996-97,November,Philadelphia 76ers,Cleveland Cavaliers,7,1,1,0,1,1,0
176,112,Terrell Brandon,1996-97,November,Cleveland Cavaliers,Philadelphia 76ers,11,3,2,0,0,0,1
179,106,Scott Williams,1996-97,November,Philadelphia 76ers,Cleveland Cavaliers,0,2,5,2,1,1,0
180,175,Jerry Stackhouse,1996-97,November,Philadelphia 76ers,Cleveland Cavaliers,10,1,1,0,1,1,0
181,169,Allen Iverson,1996-97,November,Philadelphia 76ers,Cleveland Cavaliers,4,4,4,0,0,2,1
183,145,Antonio Lang,1996-97,November,Cleveland Cavaliers,Philadelphia 76ers,0,0,1,0,0,0,1
184,179,Scott Williams,1996-97,November,Philadelphia 76ers,Cleveland Cavaliers,0,2,5,2,1,1,1
186,183,Antonio Lang,1996-97,November,Cleveland Cavaliers,Philadelphia 76ers,1,0,1,0,0,0,1
188,176,Terrell Brandon,1996-97,November,Cleveland Cavaliers,Philadelphia 76ers,11,3,3,0,0,0,1
189,173,Tyrone Hill,1996-97,November,Cleveland Cavaliers,Philadelphia 76ers,4,1,2,0,1,0,1
190,147,Danny Ferry,1996-97,November,Cleveland Cavaliers,Philadelphia 76ers,3,1,2,0,0,0,0
192,180,Jerry Stackhouse,1996-97,November,Philadelphia 76ers,Cleveland Cavaliers,10,1,1,0,1,2,0
193,168,Bobby Phills,1996-97,November,Cleveland Cavaliers,Philadelphia 76ers,8,0,1,0,2,2,1
194,190,Danny Ferry,1996-97,November,Cleveland Cavaliers,Philadelphia 76ers,3,2,2,0,0,0,0
195,194,Danny Ferry,1996-97,November,Cleveland Cavaliers,Philadelphia 76ers,3,2,2,0,0,0,1
196,174,Derrick Coleman,1996-97,November,Philadelphia 76ers,Cleveland Cavaliers,11,3,4,1,0,1,1
197,196,Derrick Coleman,1996-97,November,Philadelphia 76ers,Cleveland Cavaliers,12,3,4,1,0,1,1
199,181,Allen Iverson,1996-97,November,Philadelphia 76ers,Cleveland Cavaliers,4,4,5,0,0,2,1
200,192,Jerry Stackhouse,1996-97,November,Philadelphia 76ers,Cleveland Cavaliers,13,1,1,0,1,2,0
201,199,Allen Iverson,1996-97,November,Philadelphia 76ers,Cleveland Cavaliers,4,5,5,0,0,2,1
202,200,Jerry Stackhouse,1996-97,November,Philadelphia 76ers,Cleveland Cavaliers,13,1,1,0,1,2,1
204,193,Bobby Phills,1996-97,November,Cleveland Cavaliers,Philadelphia 76ers,9,0,1,0,2,2,1
205,197,Derrick Coleman,1996-97,November,Philadelphia 76ers,Cleveland Cavaliers,14,3,4,1,0,1,1
206,202,Jerry Stackhouse,1996-97,November,Philadelphia 76ers,Cleveland Cavaliers,13,2,1,0,1,2,1
207,204,Bobby Phills,1996-97,November,Cleveland Cavaliers,Philadelphia 76ers,11,0,1,0,2,2,1
208,195,Danny Ferry,1996-97,November,Cleveland Cavaliers,Philadelphia 76ers,3,3,2,0,0,0,1
209,208,Danny Ferry,1996-97,November,Cleveland Cavaliers,Philadelphia 76ers,3,3,2,0,0,0,2
210,201,Allen Iverson,1996-97,November,Philadelphia 76ers,Cleveland Cavaliers,5,5,5,0,0,2,1
212,210,Allen Iverson,1996-97,November,Philadelphia 76ers,Cleveland Cavaliers,5,5,5,0,0,3,1
213,131,Chris Mills,1996-97,November,Cleveland Cavaliers,Philadelphia 76ers,7,3,1,0,0,0,1
214,207,Bobby Phills,1996-97,November,Cleveland Cavaliers,Philadelphia 76ers,11,1,1,0,2,2,1
215,212,Allen Iverson,1996-97,November,Philadelphia 76ers,Cleveland Cavaliers,5,5,5,0,0,4,1
216,188,Terrell Brandon,1996-97,November,Cleveland Cavaliers,Philadelphia 76ers,11,3,3,0,1,0,1
218,189,Tyrone Hill,1996-97,November,Cleveland Cavaliers,Philadelphia 76ers,4,1,3,0,1,0,1
219,218,Tyrone Hill,1996-97,November,Cleveland Cavaliers,Philadelphia 76ers,4,1,3,0,1,1,1
220,152,Clar. Weatherspoon,1996-97,November,Philadelphia 76ers,Cleveland Cavaliers,7,0,6,0,1,2,1
221,215,Allen Iverson,1996-97,November,Philadelphia 76ers,Cleveland Cavaliers,7,5,5,0,0,4,1
222,209,Danny Ferry,1996-97,November,Cleveland Cavaliers,Philadelphia 76ers,3,3,2,0,0,0,3
223,222,Danny Ferry,1996-97,November,Cleveland Cavaliers,Philadelphia 76ers,3,3,2,0,0,1,3
224,221,Allen Iverson,1996-97,November,Philadelphia 76ers,Cleveland Cavaliers,9,5,5,0,0,4,1
225,205,Derrick Coleman,1996-97,November,Philadelphia 76ers,Cleveland Cavaliers,14,4,4,1,0,1,1
226,213,Chris Mills,1996-97,November,Cleveland Cavaliers,Philadelphia 76ers,9,3,1,0,0,0,1
227,216,Terrell Brandon,1996-97,November,Cleveland Cavaliers,Philadelphia 76ers,11,4,3,0,1,0,1
228,219,Tyrone Hill,1996-97,November,Cleveland Cavaliers,Philadelphia 76ers,4,1,3,0,1,1,2
230,206,Jerry Stackhouse,1996-97,November,Philadelphia 76ers,Cleveland Cavaliers,14,2,1,0,1,2,1
231,72,Mark West,1996-97,November,Cleveland Cavaliers,Philadelphia 76ers,4,0,2,1,0,1,3
232,225,Derrick Coleman,1996-97,November,Philadelphia 76ers,Cleveland Cavaliers,15,4,4,1,0,1,1
233,232,Derrick Coleman,1996-97,November,Philadelphia 76ers,Cleveland Cavaliers,16,4,4,1,0,1,1
235,220,Clar. Weatherspoon,1996-97,November,Philadelphia 76ers,Cleveland Cavaliers,7,0,7,0,1,2,1
237,214,Bobby Phills,1996-97,November,Cleveland Cavaliers,Philadelphia 76ers,11,1,2,0,2,2,1
238,231,Mark West,1996-97,November,Cleveland Cavaliers,Philadelphia 76ers,4,0,2,1,0,2,3
239,233,Derrick Coleman,1996-97,November,Philadelphia 76ers,Cleveland Cavaliers,16,4,4,1,0,2,1
240,227,Terrell Brandon,1996-97,November,Cleveland Cavaliers,Philadelphia 76ers,11,4,3,0,2,0,1
241,240,Terrell Brandon,1996-97,November,Cleveland Cavaliers,Philadelphia 76ers,13,4,3,0,2,0,1
243,184,Scott Williams,1996-97,November,Philadelphia 76ers,Cleveland Cavaliers,0,2,5,2,1,1,2
245,239,Derrick Coleman,1996-97,November,Philadelphia 76ers,Cleveland Cavaliers,16,4,5,1,0,2,1
247,238,Mark West,1996-97,November,Cleveland Cavaliers,Philadelphia 76ers,4,0,3,1,0,2,3
249,235,Clar. Weatherspoon,1996-97,November,Philadelphia 76ers,Cleveland Cavaliers,7,0,8,0,1,2,1
250,243,Scott Williams,1996-97,November,Philadelphia 76ers,Cleveland Cavaliers,2,2,5,2,1,1,2
251,224,Allen Iverson,1996-97,November,Philadelphia 76ers,Cleveland Cavaliers,9,6,5,0,0,4,1
253,245,Derrick Coleman,1996-97,November,Philadelphia 76ers,Cleveland Cavaliers,16,4,6,1,0,2,1
254,253,Derrick Coleman,1996-97,November,Philadelphia 76ers,Cleveland Cavaliers,16,4,6,1,0,3,1
256,251,Allen Iverson,1996-97,November,Philadelphia 76ers,Cleveland Cavaliers,9,6,6,0,0,4,1
257,237,Bobby Phills,1996-97,November,Cleveland Cavaliers,Philadelphia 76ers,11,1,2,0,2,2,2
258,228,Tyrone Hill,1996-97,November,Cleveland Cavaliers,Philadelphia 76ers,4,1,3,0,1,1,3
259,249,Clar. Weatherspoon,1996-97,November,Philadelphia 76ers,Cleveland Cavaliers,8,0,8,0,1,2,1
260,259,Clar. Weatherspoon,1996-97,November,Philadelphia 76ers,Cleveland Cavaliers,9,0,8,0,1,2,1
261,241,Terrell Brandon,1996-97,November,Cleveland Cavaliers,Philadelphia 76ers,13,4,3,0,2,1,1
262,230,Jerry Stackhouse,1996-97,November,Philadelphia 76ers,Cleveland Cavaliers,14,2,1,0,2,2,1
263,260,Clar. Weatherspoon,1996-97,November,Philadelphia 76ers,Cleveland Cavaliers,11,0,8,0,1,2,1
264,256,Allen Iverson,1996-97,November,Philadelphia 76ers,Cleveland Cavaliers,9,7,6,0,0,4,1
266,258,Tyrone Hill,1996-97,November,Cleveland Cavaliers,Philadelphia 76ers,4,1,4,0,1,1,3
267,226,Chris Mills,1996-97,November,Cleveland Cavaliers,Philadelphia 76ers,11,3,1,0,0,0,1
268,261,Terrell Brandon,1996-97,November,Cleveland Cavaliers,Philadelphia 76ers,13,5,3,0,2,1,1
270,266,Tyrone Hill,1996-97,November,Cleveland Cavaliers,Philadelphia 76ers,4,1,5,0,1,1,3
271,262,Jerry Stackhouse,1996-97,November,Philadelphia 76ers,Cleveland Cavaliers,14,2,1,0,2,2,2
272,267,Chris Mills,1996-97,November,Cleveland Cavaliers,Philadelphia 76ers,12,3,1,0,0,0,1
273,272,Chris Mills,1996-97,November,Cleveland Cavaliers,Philadelphia 76ers,13,3,1,0,0,0,1
275,223,Danny Ferry,1996-97,November,Cleveland Cavaliers,Philadelphia 76ers,3,3,3,0,0,1,3
276,270,Tyrone Hill,1996-97,November,Cleveland Cavaliers,Philadelphia 76ers,6,1,5,0,1,1,3
277,268,Terrell Brandon,1996-97,November,Cleveland Cavaliers,Philadelphia 76ers,13,6,3,0,2,1,1
279,277,Terrell Brandon,1996-97,November,Cleveland Cavaliers,Philadelphia 76ers,13,6,3,1,2,1,1
280,250,Scott Williams,1996-97,November,Philadelphia 76ers,Cleveland Cavaliers,2,2,6,2,1,1,2
282,263,Clar. Weatherspoon,1996-97,November,Philadelphia 76ers,Cleveland Cavaliers,11,0,9,0,1,2,1
284,282,Clar. Weatherspoon,1996-97,November,Philadelphia 76ers,Cleveland Cavaliers,11,0,10,0,1,2,1
285,257,Bobby Phills,1996-97,November,Cleveland Cavaliers,Philadelphia 76ers,11,1,2,0,2,2,3
286,254,Derrick Coleman,1996-97,November,Philadelphia 76ers,Cleveland Cavaliers,16,4,6,1,0,4,1
287,279,Terrell Brandon,1996-97,November,Cleveland Cavaliers,Philadelphia 76ers,15,6,3,1,2,1,1
288,273,Chris Mills,1996-97,November,Cleveland Cavaliers,Philadelphia 76ers,13,4,1,0,0,0,1
289,275,Danny Ferry,1996-97,November,Cleveland Cavaliers,Philadelphia 76ers,3,3,3,0,0,1,4
290,264,Allen Iverson,1996-97,November,Philadelphia 76ers,Cleveland Cavaliers,10,7,6,0,0,4,1
291,290,Allen Iverson,1996-97,November,Philadelphia 76ers,Cleveland Cavaliers,11,7,6,0,0,4,1
292,280,Scott Williams,1996-97,November,Philadelphia 76ers,Cleveland Cavaliers,2,2,6,2,1,1,3
294,287,Terrell Brandon,1996-97,November,Cleveland Cavaliers,Philadelphia 76ers,16,6,3,1,2,1,1
296,285,Bobby Phills,1996-97,November,Cleveland Cavaliers,Philadelphia 76ers,11,1,3,0,2,2,3
297,288,Chris Mills,1996-97,November,Cleveland Cavaliers,Philadelphia 76ers,15,4,1,0,0,0,1
298,276,Tyrone Hill,1996-97,November,Cleveland Cavaliers,Philadelphia 76ers,6,2,5,0,1,1,3
300,296,Bobby Phills,1996-97,November,Cleveland Cavaliers,Philadelphia 76ers,11,1,4,0,2,2,3
302,286,Derrick Coleman,1996-97,November,Philadelphia 76ers,Cleveland Cavaliers,16,4,7,1,0,4,1
304,294,Terrell Brandon,1996-97,November,Cleveland Cavaliers,Philadelphia 76ers,16,6,3,2,2,1,1
305,284,Clar. Weatherspoon,1996-97,November,Philadelphia 76ers,Cleveland Cavaliers,13,0,10,0,1,2,1
306,302,Derrick Coleman,1996-97,November,Philadelphia 76ers,Cleveland Cavaliers,16,5,7,1,0,4,1
307,297,Chris Mills,1996-97,November,Cleveland Cavaliers,Philadelphia 76ers,17,4,1,0,0,0,1
308,300,Bobby Phills,1996-97,November,Cleveland Cavaliers,Philadelphia 76ers,11,2,4,0,2,2,3
310,298,Tyrone Hill,1996-97,November,Cleveland Cavaliers,Philadelphia 76ers,6,2,6,0,1,1,3
311,308,Bobby Phills,1996-97,November,Cleveland Cavaliers,Philadelphia 76ers,14,2,4,0,2,2,3
312,307,Chris Mills,1996-97,November,Cleveland Cavaliers,Philadelphia 76ers,17,5,1,0,0,0,1
314,305,Clar. Weatherspoon,1996-97,November,Philadelphia 76ers,Cleveland Cavaliers,13,0,11,0,1,2,1
316,312,Chris Mills,1996-97,November,Cleveland Cavaliers,Philadelphia 76ers,17,5,2,0,0,0,1
318,291,Allen Iverson,1996-97,November,Philadelphia 76ers,Cleveland Cavaliers,11,7,7,0,0,4,1
319,114,Lucious Harris,1996-97,November,Philadelphia 76ers,Cleveland Cavaliers,5,1,0,0,0,0,0
320,318,Allen Iverson,1996-97,November,Philadelphia 76ers,Cleveland Cavaliers,11,8,7,0,0,4,1
321,311,Bobby Phills,1996-97,November,Cleveland Cavaliers,Philadelphia 76ers,17,2,4,0,2,2,3
322,304,Terrell Brandon,1996-97,November,Cleveland Cavaliers,Philadelphia 76ers,16,7,3,2,2,1,1
323,319,Lucious Harris,1996-97,November,Philadelphia 76ers,Cleveland Cavaliers,5,1,0,0,0,1,0
324,321,Bobby Phills,1996-97,November,Cleveland Cavaliers,Philadelphia 76ers,17,2,4,0,3,2,3
325,316,Chris Mills,1996-97,November,Cleveland Cavaliers,Philadelphia 76ers,19,5,2,0,0,0,1
326,322,Terrell Brandon,1996-97,November,Cleveland Cavaliers,Philadelphia 76ers,16,8,3,2,2,1,1
327,271,Jerry Stackhouse,1996-97,November,Philadelphia 76ers,Cleveland Cavaliers,14,2,1,0,2,3,2
328,186,Antonio Lang,1996-97,November,Cleveland Cavaliers,Philadelphia 76ers,1,0,1,0,1,0,1
329,326,Terrell Brandon,1996-97,November,Cleveland Cavaliers,Philadelphia 76ers,16,8,3,2,2,2,1
330,328,Antonio Lang,1996-97,November,Cleveland Cavaliers,Philadelphia 76ers,1,0,1,0,1,0,2
332,149,Mark Davis,1996-97,November,Philadelphia 76ers,Cleveland Cavaliers,3,0,2,0,0,2,0
333,324,Bobby Phills,1996-97,November,Cleveland Cavaliers,Philadelphia 76ers,19,2,4,0,3,2,3
334,327,Jerry Stackhouse,1996-97,November,Philadelphia 76ers,Cleveland Cavaliers,14,2,1,0,2,3,3
335,333,Bobby Phills,1996-97,November,Cleveland Cavaliers,Philadelphia 76ers,20,2,4,0,3,2,3
337,325,Chris Mills,1996-97,November,Cleveland Cavaliers,Philadelphia 76ers,19,5,3,0,0,0,1
338,334,Jerry Stackhouse,1996-97,November,Philadelphia 76ers,Cleveland Cavaliers,14,2,1,0,2,3,4
339,335,Bobby Phills,1996-97,November,Cleveland Cavaliers,Philadelphia 76ers,21,2,4,0,3,2,3
341,306,Derrick Coleman,1996-97,November,Philadelphia 76ers,Cleveland Cavaliers,16,5,8,1,0,4,1
343,332,Mark Davis,1996-97,November,Philadelphia 76ers,Cleveland Cavaliers,3,0,3,0,0,2,0
344,314,Clar. Weatherspoon,1996-97,November,Philadelphia 76ers,Cleveland Cavaliers,15,0,11,0,1,2,1
345,343,Mark Davis,1996-97,November,Philadelphia 76ers,Cleveland Cavaliers,3,1,3,0,0,2,0
346,344,Clar. Weatherspoon,1996-97,November,Philadelphia 76ers,Cleveland Cavaliers,15,0,11,0,1,2,2
347,337,Chris Mills,1996-97,November,Cleveland Cavaliers,Philadelphia 76ers,20,5,3,0,0,0,1
348,347,Chris Mills,1996-97,November,Cleveland Cavaliers,Philadelphia 76ers,21,5,3,0,0,0,1
349,320,Allen Iverson,1996-97,November,Philadelphia 76ers,Cleveland Cavaliers,14,8,7,0,0,4,1
350,339,Bobby Phills,1996-97,November,Cleveland Cavaliers,Philadelphia 76ers,23,2,4,0,3,2,3
351,329,Terrell Brandon,1996-97,November,Cleveland Cavaliers,Philadelphia 76ers,16,9,3,2,2,2,1
353,330,Antonio Lang,1996-97,November,Cleveland Cavaliers,Philadelphia 76ers,1,0,2,0,1,0,2
355,323,Lucious Harris,1996-97,November,Philadelphia 76ers,Cleveland Cavaliers,5,1,1,0,0,1,0
356,163,Bob Sura,1996-97,November,Cleveland Cavaliers,Philadelphia 76ers,3,1,3,0,1,0,3
358,355,Lucious Harris,1996-97,November,Philadelphia 76ers,Cleveland Cavaliers,6,1,1,0,0,1,0
359,346,Clar. Weatherspoon,1996-97,November,Philadelphia 76ers,Cleveland Cavaliers,15,0,11,0,1,2,3
360,353,Antonio Lang,1996-97,November,Cleveland Cavaliers,Philadelphia 76ers,2,0,2,0,1,0,2
361,360,Antonio Lang,1996-97,November,Cleveland Cavaliers,Philadelphia 76ers,3,0,2,0,1,0,2
363,154,Rex Walters,1996-97,November,Philadelphia 76ers,Cleveland Cavaliers,3,1,1,0,0,0,2
365,341,Derrick Coleman,1996-97,November,Philadelphia 76ers,Cleveland Cavaliers,16,5,9,1,0,4,1
367,356,Bob Sura,1996-97,November,Cleveland Cavaliers,Philadelphia 76ers,3,1,4,0,1,0,3
368,310,Tyrone Hill,1996-97,November,Cleveland Cavaliers,Philadelphia 76ers,8,2,6,0,1,1,3
369,367,Bob Sura,1996-97,November,Cleveland Cavaliers,Philadelphia 76ers,3,2,4,0,1,0,3
371,350,Bobby Phills,1996-97,November,Cleveland Cavaliers,Philadelphia 76ers,23,2,5,0,3,2,3
373,368,Tyrone Hill,1996-97,November,Cleveland Cavaliers,Philadelphia 76ers,8,2,7,0,1,1,3
374,348,Chris Mills,1996-97,November,Cleveland Cavaliers,Philadelphia 76ers,23,5,3,0,0,0,1
375,369,Bob Sura,1996-97,November,Cleveland Cavaliers,Philadelphia 76ers,3,3,4,0,1,0,3
376,345,Mark Davis,1996-97,November,Philadelphia 76ers,Cleveland Cavaliers,6,1,3,0,0,2,0
377,365,Derrick Coleman,1996-97,November,Philadelphia 76ers,Cleveland Cavaliers,16,6,9,1,0,4,1
378,349,Allen Iverson,1996-97,November,Philadelphia 76ers,Cleveland Cavaliers,14,8,7,0,0,4,2
380,359,Clar. Weatherspoon,1996-97,November,Philadelphia 76ers,Cleveland Cavaliers,15,0,12,0,1,2,3
382,361,Antonio Lang,1996-97,November,Cleveland Cavaliers,Philadelphia 76ers,3,0,2,1,1,0,2
383,161,Vitaly Potapenko,1996-97,November,Cleveland Cavaliers,Philadelphia 76ers,2,0,2,0,0,3,2
385,376,Mark Davis,1996-97,November,Philadelphia 76ers,Cleveland Cavaliers,6,1,3,1,0,2,0
386,380,Clar. Weatherspoon,1996-97,November,Philadelphia 76ers,Cleveland Cavaliers,15,0,13,0,1,2,3
387,378,Allen Iverson,1996-97,November,Philadelphia 76ers,Cleveland Cavaliers,16,8,7,0,0,4,2
388,386,Clar. Weatherspoon,1996-97,November,Philadelphia 76ers,Cleveland Cavaliers,15,1,13,0,1,2,3
390,387,Allen Iverson,1996-97,November,Philadelphia 76ers,Cleveland Cavaliers,16,8,8,0,0,4,2
391,375,Bob Sura,1996-97,November,Cleveland Cavaliers,Philadelphia 76ers,3,3,4,0,1,0,4
392,371,Bobby Phills,1996-97,November,Cleveland Cavaliers,Philadelphia 76ers,23,2,5,0,3,2,4
393,385,Mark Davis,1996-97,November,Philadelphia 76ers,Cleveland Cavaliers,8,1,3,1,0,2,0
394,338,Jerry Stackhouse,1996-97,November,Philadelphia 76ers,Cleveland Cavaliers,14,3,1,0,2,3,4
395,382,Antonio Lang,1996-97,November,Cleveland Cavaliers,Philadelphia 76ers,3,0,2,1,1,0,3
396,395,Antonio Lang,1996-97,November,Cleveland Cavaliers,Philadelphia 76ers,3,0,2,1,1,1,3
397,377,Derrick Coleman,1996-97,November,Philadelphia 76ers,Cleveland Cavaliers,19,6,9,1,0,4,1
398,388,Clar. Weatherspoon,1996-97,November,Philadelphia 76ers,Cleveland Cavaliers,15,2,13,0,1,2,3
399,373,Tyrone Hill,1996-97,November,Cleveland Cavaliers,Philadelphia 76ers,10,2,7,0,1,1,3
400,351,Terrell Brandon,1996-97,November,Cleveland Cavaliers,Philadelphia 76ers,16,10,3,2,2,2,1
402,393,Mark Davis,1996-97,November,Philadelphia 76ers,Cleveland Cavaliers,8,1,4,1,0,2,0
404,398,Clar. Weatherspoon,1996-97,November,Philadelphia 76ers,Cleveland Cavaliers,15,2,14,0,1,2,3
405,404,Clar. Weatherspoon,1996-97,November,Philadelphia 76ers,Cleveland Cavaliers,17,2,14,0,1,2,3
407,399,Tyrone Hill,1996-97,November,Cleveland Cavaliers,Philadelphia 76ers,10,2,8,0,1,1,3
409,402,Mark Davis,1996-97,November,Philadelphia 76ers,Cleveland Cavaliers,8,1,5,1,0,2,0
410,391,Bob Sura,1996-97,November,Cleveland Cavaliers,Philadelphia 76ers,3,3,4,0,1,0,5
411,394,Jerry Stackhouse,1996-97,November,Philadelphia 76ers,Cleveland Cavaliers,14,3,1,0,2,4,4
412,392,Bobby Phills,1996-97,November,Cleveland Cavaliers,Philadelphia 76ers,23,2,5,0,4,2,4
413,289,Danny Ferry,1996-97,November,Cleveland Cavaliers,Philadelphia 76ers,5,3,3,0,0,1,4
414,400,Terrell Brandon,1996-97,November,Cleveland Cavaliers,Philadelphia 76ers,16,11,3,2,2,2,1
415,363,Rex Walters,1996-97,November,Philadelphia 76ers,Cleveland Cavaliers,3,1,1,0,0,1,2
416,407,Tyrone Hill,1996-97,November,Cleveland Cavaliers,Philadelphia 76ers,10,2,8,0,2,1,3
418,397,Derrick Coleman,1996-97,November,Philadelphia 76ers,Cleveland Cavaliers,19,6,10,1,0,4,1
420,414,Terrell Brandon,1996-97,November,Cleveland Cavaliers,Philadelphia 76ers,16,11,4,2,2,2,1
421,418,Derrick Coleman,1996-97,November,Philadelphia 76ers,Cleveland Cavaliers,19,6,10,1,0,4,2
422,416,Tyrone Hill,1996-97,November,Cleveland Cavaliers,Philadelphia 76ers,10,2,8,0,2,1,4
423,422,Tyrone Hill,1996-97,November,Cleveland Cavaliers,Philadelphia 76ers,10,2,8,0,2,2,4
425,420,Terrell Brandon,1996-97,November,Cleveland Cavaliers,Philadelphia 76ers,16,11,4,2,2,3,1
426,413,Danny Ferry,1996-97,November,Cleveland Cavaliers,Philadelphia 76ers,5,3,3,0,0,1,5
427,405,Clar. Weatherspoon,1996-97,November,Philadelphia 76ers,Cleveland Cavaliers,18,2,14,0,1,2,3
428,427,Clar. Weatherspoon,1996-97,November,Philadelphia 76ers,Cleveland Cavaliers,19,2,14,0,1,2,3
429,425,Terrell Brandon,1996-97,November,Cleveland Cavaliers,Philadelphia 76ers,18,11,4,2,2,3,1
430,358,Lucious Harris,1996-97,November,Philadelphia 76ers,Cleveland Cavaliers,6,1,1,0,0,1,1
431,429,Terrell Brandon,1996-97,November,Cleveland Cavaliers,Philadelphia 76ers,19,11,4,2,2,3,1
433,426,Danny Ferry,1996-97,November,Cleveland Cavaliers,Philadelphia 76ers,5,3,4,0,0,1,5
434,421,Derrick Coleman,1996-97,November,Philadelphia 76ers,Cleveland Cavaliers,19,6,10,1,0,4,3
436,412,Bobby Phills,1996-97,November,Cleveland Cavaliers,Philadelphia 76ers,24,2,5,0,4,2,4
437,411,Jerry Stackhouse,1996-97,November,Philadelphia 76ers,Cleveland Cavaliers,14,3,1,0,2,5,4
438,374,Chris Mills,1996-97,November,Cleveland Cavaliers,Philadelphia 76ers,23,5,3,0,1,0,1
439,431,Terrell Brandon,1996-97,November,Cleveland Cavaliers,Philadelphia 76ers,21,11,4,2,2,3,1
440,436,Bobby Phills,1996-97,November,Cleveland Cavaliers,Philadelphia 76ers,24,3,5,0,4,2,4
442,423,Tyrone Hill,1996-97,November,Cleveland Cavaliers,Philadelphia 76ers,10,2,9,0,2,2,4
443,433,Danny Ferry,1996-97,November,Cleveland Cavaliers,Philadelphia 76ers,7,3,4,0,0,1,5
444,439,Terrell Brandon,1996-97,November,Cleveland Cavaliers,Philadelphia 76ers,21,12,4,2,2,3,1
445,437,Jerry Stackhouse,1996-97,November,Philadelphia 76ers,Cleveland Cavaliers,14,3,1,0,2,6,4
446,438,Chris Mills,1996-97,November,Cleveland Cavaliers,Philadelphia 76ers,23,5,3,0,2,0,1
447,409,Mark Davis,1996-97,November,Philadelphia 76ers,Cleveland Cavaliers,8,1,5,1,0,2,1
449,442,Tyrone Hill,1996-97,November,Cleveland Cavaliers,Philadelphia 76ers,11,2,9,0,2,2,4
451,449,Tyrone Hill,1996-97,November,Cleveland Cavaliers,Philadelphia 76ers,11,2,10,0,2,2,4
452,446,Chris Mills,1996-97,November,Cleveland Cavaliers,Philadelphia 76ers,25,5,3,0,2,0,1
453,444,Terrell Brandon,1996-97,November,Cleveland Cavaliers,Philadelphia 76ers,21,13,4,2,2,3,1
455,451,Tyrone Hill,1996-97,November,Cleveland Cavaliers,Philadelphia 76ers,11,2,11,0,2,2,4
456,453,Terrell Brandon,1996-97,November,Cleveland Cavaliers,Philadelphia 76ers,24,13,4,2,2,3,1
457,430,Lucious Harris,1996-97,November,Philadelphia 76ers,Cleveland Cavaliers,8,1,1,0,0,1,1
459,457,Lucious Harris,1996-97,November,Philadelphia 76ers,Cleveland Cavaliers,8,1,2,0,0,1,1
460,459,Lucious Harris,1996-97,November,Philadelphia 76ers,Cleveland Cavaliers,8,1,2,0,0,2,1
461,440,Bobby Phills,1996-97,November,Cleveland Cavaliers,Philadelphia 76ers,26,3,5,0,4,2,4
