id,previous_id,player,season,month,team,opponent_team,points,assists,rebounds,blocks,steals,turnovers,personal fouls
1,0,Ron Harper,1996-97,November,Chicago Bulls,Charlotte Hornets,2,0,0,0,0,0,0
2,0,Scottie Pippen,1996-97,November,Chicago Bulls,Charlotte Hornets,0,1,0,0,0,0,0
4,0,Luc Longley,1996-97,November,Chicago Bulls,Charlotte Hornets,0,0,1,0,0,0,0
6,0,Anthony Mason,1996-97,November,Charlotte Hornets,Chicago Bulls,0,0,1,0,0,0,0
7,0,Matt Geiger,1996-97,November,Charlotte Hornets,Chicago Bulls,2,0,0,0,0,0,0
8,0,Anthony Goldwire,1996-97,November,Charlotte Hornets,Chicago Bulls,0,1,0,0,0,0,0
9,0,Michael Jordan,1996-97,November,Chicago Bulls,Charlotte Hornets,3,0,0,0,0,0,0
10,4,Luc Longley,1996-97,November,Chicago Bulls,Charlotte Hornets,0,1,1,0,0,0,0
11,6,Anthony Mason,1996-97,November,Charlotte Hornets,Chicago Bulls,2,0,1,0,0,0,0
12,0,Glen Rice,1996-97,November,Charlotte Hornets,Chicago Bulls,0,1,0,0,0,0,0
13,9,Michael Jordan,1996-97,November,Chicago Bulls,Charlotte Hornets,5,0,0,0,0,0,0
14,1,Ron Harper,1996-97,November,Chicago Bulls,Charlotte Hornets,2,1,0,0,0,0,0
15,12,Glen Rice,1996-97,November,Charlotte Hornets,Chicago Bulls,0,1,0,0,0,1,0
16,13,Michael Jordan,1996-97,November,Charlotte Hornets,Chicago Bulls,5,0,0,0,1,0,0
17,2,Scottie Pippen,1996-97,November,Chicago Bulls,Charlotte Hornets,2,1,0,0,0,0,0
18,7,Matt Geiger,1996-97,November,Charlotte Hornets,Chicago Bulls,2,0,0,0,0,1,0
19,17,Scottie Pippen,1996-97,November,Charlotte Hornets,Chicago Bulls,2,1,0,0,1,0,0
21,0,Vlade Divac,1996-97,November,Charlotte Hornets,Chicago Bulls,0,0,1,0,0,0,0
23,11,Anthony Mason,1996-97,November,Charlotte Hornets,Chicago Bulls,2,0,2,0,0,0,0
24,23,Anthony Mason,1996-97,November,Charlotte Hornets,Chicago Bulls,4,0,2,0,0,0,0
26,18,Matt Geiger,1996-97,November,Charlotte Hornets,Chicago Bulls,2,0,1,0,0,1,0
27,26,Matt Geiger,1996-97,November,Charlotte Hornets,Chicago Bulls,2,0,1,0,0,2,0
28,19,Scottie Pippen,1996-97,November,Charlotte Hornets,Chicago Bulls,2,1,0,0,2,0,0
29,8,Anthony Goldwire,1996-97,November,Charlotte Hornets,Chicago Bulls,0,1,0,0,0,0,1
30,16,Michael Jordan,1996-97,November,Chicago Bulls,Charlotte Hornets,7,0,0,0,1,0,0
31,14,Ron Harper,1996-97,November,Chicago Bulls,Charlotte Hornets,2,2,0,0,0,0,0
33,30,Michael Jordan,1996-97,November,Chicago Bulls,Charlotte Hornets,7,0,1,0,1,0,0
34,0,Dennis Rodman,1996-97,November,Chicago Bulls,Charlotte Hornets,0,0,0,0,0,1,0
35,29,Anthony Goldwire,1996-97,November,Chicago Bulls,Charlotte Hornets,0,1,0,0,1,0,1
36,35,Anthony Goldwire,1996-97,November,Charlotte Hornets,Chicago Bulls,0,1,0,0,1,0,2
37,36,Anthony Goldwire,1996-97,November,Charlotte Hornets,Chicago Bulls,0,1,0,0,1,1,2
38,33,Michael Jordan,1996-97,November,Chicago Bulls,Charlotte Hornets,10,0,1,0,1,0,0
40,34,Dennis Rodman,1996-97,November,Chicago Bulls,Charlotte Hornets,0,0,0,0,0,2,0
42,40,Dennis Rodman,1996-97,November,Chicago Bulls,Charlotte Hornets,0,0,1,0,0,2,0
43,27,Matt Geiger,1996-97,November,Charlotte Hornets,Chicago Bulls,2,0,1,0,0,2,1
45,31,Ron Harper,1996-97,November,Chicago Bulls,Charlotte Hornets,2,2,1,0,0,0,0
46,45,Ron Harper,1996-97,November,Chicago Bulls,Charlotte Hornets,4,2,1,0,0,0,0
48,28,Scottie Pippen,1996-97,November,Chicago Bulls,Charlotte Hornets,2,1,1,0,2,0,0
50,21,Vlade Divac,1996-97,November,Charlotte Hornets,Chicago Bulls,0,0,2,0,0,0,0
51,0,Tony Smith,1996-97,November,Charlotte Hornets,Chicago Bulls,2,0,0,0,0,0,0
52,24,Anthony Mason,1996-97,November,Charlotte Hornets,Chicago Bulls,4,1,2,0,0,0,0
53,50,Vlade Divac,1996-97,November,Charlotte Hornets,Chicago Bulls,0,0,2,0,0,0,1
54,42,Dennis Rodman,1996-97,November,Chicago Bulls,Charlotte Hornets,0,0,1,0,0,3,0
56,54,Dennis Rodman,1996-97,November,Chicago Bulls,Charlotte Hornets,0,0,2,0,0,3,0
57,48,Scottie Pippen,1996-97,November,Chicago Bulls,Charlotte Hornets,4,1,1,0,2,0,0
58,38,Michael Jordan,1996-97,November,Chicago Bulls,Charlotte Hornets,10,1,1,0,1,0,0
59,56,Dennis Rodman,1996-97,November,Chicago Bulls,Charlotte Hornets,0,0,2,0,0,3,1
61,52,Anthony Mason,1996-97,November,Charlotte Hornets,Chicago Bulls,5,1,2,0,0,0,0
63,59,Dennis Rodman,1996-97,November,Chicago Bulls,Charlotte Hornets,0,0,3,0,0,3,1
64,63,Dennis Rodman,1996-97,November,Chicago Bulls,Charlotte Hornets,2,0,3,0,0,3,1
66,57,Scottie Pippen,1996-97,November,Chicago Bulls,Charlotte Hornets,4,1,2,0,2,0,0
68,10,Luc Longley,1996-97,November,Chicago Bulls,Charlotte Hornets,0,1,2,0,0,0,0
70,68,Luc Longley,1996-97,November,Chicago Bulls,Charlotte Hornets,0,1,3,0,0,0,0
72,61,Anthony Mason,1996-97,November,Charlotte Hornets,Chicago Bulls,7,1,2,0,0,0,0
73,58,Michael Jordan,1996-97,November,Chicago Bulls,Charlotte Hornets,12,1,1,0,1,0,0
74,70,Luc Longley,1996-97,November,Chicago Bulls,Charlotte Hornets,0,2,3,0,0,0,0
76,64,Dennis Rodman,1996-97,November,Chicago Bulls,Charlotte Hornets,2,0,4,0,0,3,1
77,73,Michael Jordan,1996-97,November,Chicago Bulls,Charlotte Hornets,14,1,1,0,1,0,0
78,76,Dennis Rodman,1996-97,November,Chicago Bulls,Charlotte Hornets,2,1,4,0,0,3,1
79,51,Tony Smith,1996-97,November,Charlotte Hornets,Chicago Bulls,5,0,0,0,0,0,0
80,53,Vlade Divac,1996-97,November,Charlotte Hornets,Chicago Bulls,0,1,2,0,0,0,1
82,15,Glen Rice,1996-97,November,Chicago Bulls,Charlotte Hornets,0,1,0,1,0,1,0
83,43,Matt Geiger,1996-97,November,Charlotte Hornets,Chicago Bulls,2,0,2,0,0,2,1
84,82,Glen Rice,1996-97,November,Charlotte Hornets,Chicago Bulls,2,1,0,1,0,1,0
85,83,Matt Geiger,1996-97,November,Charlotte Hornets,Chicago Bulls,2,1,2,0,0,2,1
87,72,Anthony Mason,1996-97,November,Charlotte Hornets,Chicago Bulls,7,1,3,0,0,0,0
88,79,Tony Smith,1996-97,November,Charlotte Hornets,Chicago Bulls,7,0,0,0,0,0,0
89,80,Vlade Divac,1996-97,November,Charlotte Hornets,Chicago Bulls,0,2,2,0,0,0,1
91,46,Ron Harper,1996-97,November,Chicago Bulls,Charlotte Hornets,4,2,2,0,0,0,0
92,91,Ron Harper,1996-97,November,Chicago Bulls,Charlotte Hornets,6,2,2,0,0,0,0
93,89,Vlade Divac,1996-97,November,Charlotte Hornets,Chicago Bulls,0,2,2,0,0,1,1
94,92,Ron Harper,1996-97,November,Charlotte Hornets,Chicago Bulls,6,2,2,0,1,0,0
96,88,Tony Smith,1996-97,November,Chicago Bulls,Charlotte Hornets,7,0,0,1,0,0,0
97,78,Dennis Rodman,1996-97,November,Chicago Bulls,Charlotte Hornets,2,1,5,0,0,3,1
98,87,Anthony Mason,1996-97,November,Charlotte Hornets,Chicago Bulls,9,1,3,0,0,0,0
99,0,Dell Curry,1996-97,November,Charlotte Hornets,Chicago Bulls,0,1,0,0,0,0,0
100,74,Luc Longley,1996-97,November,Chicago Bulls,Charlotte Hornets,2,2,3,0,0,0,0
101,0,Toni Kukoc,1996-97,November,Chicago Bulls,Charlotte Hornets,0,1,0,0,0,0,0
103,101,Toni Kukoc,1996-97,November,Chicago Bulls,Charlotte Hornets,0,1,1,0,0,0,0
105,93,Vlade Divac,1996-97,November,Charlotte Hornets,Chicago Bulls,0,2,3,0,0,1,1
106,99,Dell Curry,1996-97,November,Charlotte Hornets,Chicago Bulls,0,1,0,0,0,1,0
108,100,Luc Longley,1996-97,November,Chicago Bulls,Charlotte Hornets,2,2,4,0,0,0,0
109,108,Luc Longley,1996-97,November,Chicago Bulls,Charlotte Hornets,4,2,4,0,0,0,0
110,84,Glen Rice,1996-97,November,Charlotte Hornets,Chicago Bulls,5,1,0,1,0,1,0
111,105,Vlade Divac,1996-97,November,Charlotte Hornets,Chicago Bulls,0,3,3,0,0,1,1
112,94,Ron Harper,1996-97,November,Chicago Bulls,Charlotte Hornets,8,2,2,0,1,0,0
113,0,Steve Kerr,1996-97,November,Chicago Bulls,Charlotte Hornets,0,1,0,0,0,0,0
114,98,Anthony Mason,1996-97,November,Charlotte Hornets,Chicago Bulls,11,1,3,0,0,0,0
115,109,Luc Longley,1996-97,November,Chicago Bulls,Charlotte Hornets,4,2,4,0,0,1,0
117,115,Luc Longley,1996-97,November,Chicago Bulls,Charlotte Hornets,4,2,5,0,0,1,0
118,66,Scottie Pippen,1996-97,November,Chicago Bulls,Charlotte Hornets,7,1,2,0,2,0,0
119,110,Glen Rice,1996-97,November,Charlotte Hornets,Chicago Bulls,8,1,0,1,0,1,0
120,114,Anthony Mason,1996-97,November,Charlotte Hornets,Chicago Bulls,11,2,3,0,0,0,0
121,111,Vlade Divac,1996-97,November,Charlotte Hornets,Chicago Bulls,0,3,3,0,0,1,2
122,118,Scottie Pippen,1996-97,November,Chicago Bulls,Charlotte Hornets,8,1,2,0,2,0,0
123,122,Scottie Pippen,1996-97,November,Chicago Bulls,Charlotte Hornets,9,1,2,0,2,0,0
125,97,Dennis Rodman,1996-97,November,Chicago Bulls,Charlotte Hornets,2,1,6,0,0,3,1
127,120,Anthony Mason,1996-97,November,Charlotte Hornets,Chicago Bulls,11,2,4,0,0,0,0
129,125,Dennis Rodman,1996-97,November,Chicago Bulls,Charlotte Hornets,2,1,7,0,0,3,1
130,103,Toni Kukoc,1996-97,November,Chicago Bulls,Charlotte Hornets,0,1,1,0,0,1,0
131,106,Dell Curry,1996-97,November,Chicago Bulls,Charlotte Hornets,0,1,0,0,1,1,0
133,129,Dennis Rodman,1996-97,November,Chicago Bulls,Charlotte Hornets,2,1,8,0,0,3,1
134,77,Michael Jordan,1996-97,November,Chicago Bulls,Charlotte Hornets,14,1,1,0,1,0,1
135,134,Michael Jordan,1996-97,November,Chicago Bulls,Charlotte Hornets,14,1,1,0,1,1,1
136,85,Matt Geiger,1996-97,November,Charlotte Hornets,Chicago Bulls,4,1,2,0,0,2,1
137,119,Glen Rice,1996-97,November,Charlotte Hornets,Chicago Bulls,8,2,0,1,0,1,0
138,0,Jason Caffey,1996-97,November,Chicago Bulls,Charlotte Hornets,2,0,0,0,0,0,0
139,127,Anthony Mason,1996-97,November,Charlotte Hornets,Chicago Bulls,11,2,4,0,0,0,1
141,133,Dennis Rodman,1996-97,November,Chicago Bulls,Charlotte Hornets,2,1,9,0,0,3,1
142,137,Glen Rice,1996-97,November,Charlotte Hornets,Chicago Bulls,8,2,0,1,0,1,1
143,135,Michael Jordan,1996-97,November,Chicago Bulls,Charlotte Hornets,15,1,1,0,1,1,1
144,143,Michael Jordan,1996-97,November,Chicago Bulls,Charlotte Hornets,16,1,1,0,1,1,1
145,138,Jason Caffey,1996-97,November,Chicago Bulls,Charlotte Hornets,2,0,0,0,0,0,1
146,142,Glen Rice,1996-97,November,Charlotte Hornets,Chicago Bulls,8,2,0,1,0,2,1
147,141,Dennis Rodman,1996-97,November,Chicago Bulls,Charlotte Hornets,2,1,9,0,0,4,1
149,139,Anthony Mason,1996-97,November,Charlotte Hornets,Chicago Bulls,11,2,4,0,0,0,2
150,130,Toni Kukoc,1996-97,November,Chicago Bulls,Charlotte Hornets,2,1,1,0,0,1,0
151,113,Steve Kerr,1996-97,November,Chicago Bulls,Charlotte Hornets,0,2,0,0,0,0,0
152,131,Dell Curry,1996-97,November,Charlotte Hornets,Chicago Bulls,2,1,0,0,1,1,0
153,96,Tony Smith,1996-97,November,Charlotte Hornets,Chicago Bulls,7,1,0,1,0,0,0
155,147,Dennis Rodman,1996-97,November,Chicago Bulls,Charlotte Hornets,2,1,10,0,0,4,1
156,144,Michael Jordan,1996-97,November,Chicago Bulls,Charlotte Hornets,19,1,1,0,1,1,1
157,155,Dennis Rodman,1996-97,November,Chicago Bulls,Charlotte Hornets,2,2,10,0,0,4,1
158,149,Anthony Mason,1996-97,November,Charlotte Hornets,Chicago Bulls,13,2,4,0,0,0,2
159,156,Michael Jordan,1996-97,November,Chicago Bulls,Charlotte Hornets,21,1,1,0,1,1,1
162,123,Scottie Pippen,1996-97,November,Chicago Bulls,Charlotte Hornets,9,1,3,0,2,0,0
163,150,Toni Kukoc,1996-97,November,Chicago Bulls,Charlotte Hornets,5,1,1,0,0,1,0
164,162,Scottie Pippen,1996-97,November,Chicago Bulls,Charlotte Hornets,9,2,3,0,2,0,0
166,136,Matt Geiger,1996-97,November,Charlotte Hornets,Chicago Bulls,4,1,3,0,0,2,1
168,157,Dennis Rodman,1996-97,November,Chicago Bulls,Charlotte Hornets,2,2,11,0,0,4,1
169,159,Michael Jordan,1996-97,November,Chicago Bulls,Charlotte Hornets,23,1,1,0,1,1,1
172,145,Jason Caffey,1996-97,November,Chicago Bulls,Charlotte Hornets,2,0,1,0,0,0,1
173,168,Dennis Rodman,1996-97,November,Chicago Bulls,Charlotte Hornets,4,2,11,0,0,4,1
174,163,Toni Kukoc,1996-97,November,Chicago Bulls,Charlotte Hornets,5,2,1,0,0,1,0
175,166,Matt Geiger,1996-97,November,Charlotte Hornets,Chicago Bulls,6,1,3,0,0,2,1
176,153,Tony Smith,1996-97,November,Charlotte Hornets,Chicago Bulls,7,2,0,1,0,0,0
177,164,Scottie Pippen,1996-97,November,Chicago Bulls,Charlotte Hornets,9,2,3,0,2,1,0
180,174,Toni Kukoc,1996-97,November,Chicago Bulls,Charlotte Hornets,5,2,2,0,0,1,0
182,152,Dell Curry,1996-97,November,Charlotte Hornets,Chicago Bulls,2,1,1,0,1,1,0
185,175,Matt Geiger,1996-97,November,Charlotte Hornets,Chicago Bulls,6,1,4,0,0,2,1
187,173,Dennis Rodman,1996-97,November,Chicago Bulls,Charlotte Hornets,4,2,12,0,0,4,1
189,187,Dennis Rodman,1996-97,November,Chicago Bulls,Charlotte Hornets,4,2,13,0,0,4,1
190,185,Matt Geiger,1996-97,November,Charlotte Hornets,Chicago Bulls,6,1,4,0,0,2,2
191,117,Luc Longley,1996-97,November,Chicago Bulls,Charlotte Hornets,4,2,5,0,0,2,0
192,189,Dennis Rodman,1996-97,November,Chicago Bulls,Charlotte Hornets,4,2,13,0,0,4,2
193,158,Anthony Mason,1996-97,November,Charlotte Hornets,Chicago Bulls,14,2,4,0,0,0,2
195,190,Matt Geiger,1996-97,November,Charlotte Hornets,Chicago Bulls,6,1,5,0,0,2,2
197,121,Vlade Divac,1996-97,November,Charlotte Hornets,Chicago Bulls,0,3,4,0,0,1,2
198,177,Scottie Pippen,1996-97,November,Chicago Bulls,Charlotte Hornets,9,2,3,0,2,1,1
200,197,Vlade Divac,1996-97,November,Charlotte Hornets,Chicago Bulls,1,3,4,0,0,1,2
201,169,Michael Jordan,1996-97,November,Chicago Bulls,Charlotte Hornets,25,1,1,0,1,1,1
202,198,Scottie Pippen,1996-97,November,Chicago Bulls,Charlotte Hornets,9,3,3,0,2,1,1
203,193,Anthony Mason,1996-97,November,Charlotte Hornets,Chicago Bulls,14,2,4,0,0,1,2
204,191,Luc Longley,1996-97,November,Charlotte Hornets,Chicago Bulls,4,2,5,0,1,2,0
205,203,Anthony Mason,1996-97,November,Charlotte Hornets,Chicago Bulls,14,2,4,0,0,1,3
206,201,Michael Jordan,1996-97,November,Chicago Bulls,Charlotte Hornets,27,1,1,0,1,1,1
207,202,Scottie Pippen,1996-97,November,Chicago Bulls,Charlotte Hornets,9,4,3,0,2,1,1
208,146,Glen Rice,1996-97,November,Charlotte Hornets,Chicago Bulls,10,2,0,1,0,2,1
209,37,Anthony Goldwire,1996-97,November,Charlotte Hornets,Chicago Bulls,0,2,0,0,1,1,2
210,206,Michael Jordan,1996-97,November,Chicago Bulls,Charlotte Hornets,30,1,1,0,1,1,1
211,204,Luc Longley,1996-97,November,Chicago Bulls,Charlotte Hornets,4,3,5,0,1,2,0
213,112,Ron Harper,1996-97,November,Charlotte Hornets,Chicago Bulls,8,2,2,1,1,0,0
214,208,Glen Rice,1996-97,November,Charlotte Hornets,Chicago Bulls,12,2,0,1,0,2,1
215,205,Anthony Mason,1996-97,November,Charlotte Hornets,Chicago Bulls,14,3,4,0,0,1,3
217,192,Dennis Rodman,1996-97,November,Chicago Bulls,Charlotte Hornets,4,2,14,0,0,4,2
218,210,Michael Jordan,1996-97,November,Chicago Bulls,Charlotte Hornets,32,1,1,0,1,1,1
219,207,Scottie Pippen,1996-97,November,Chicago Bulls,Charlotte Hornets,9,5,3,0,2,1,1
220,200,Vlade Divac,1996-97,November,Charlotte Hornets,Chicago Bulls,1,3,4,0,0,1,3
221,218,Michael Jordan,1996-97,November,Chicago Bulls,Charlotte Hornets,33,1,1,0,1,1,1
222,215,Anthony Mason,1996-97,November,Charlotte Hornets,Chicago Bulls,14,3,4,0,0,1,3
223,221,Michael Jordan,1996-97,November,Chicago Bulls,Charlotte Hornets,34,1,1,0,1,1,1
225,211,Luc Longley,1996-97,November,Chicago Bulls,Charlotte Hornets,4,3,6,0,1,2,0
226,225,Luc Longley,1996-97,November,Chicago Bulls,Charlotte Hornets,6,3,6,0,1,2,0
227,219,Scottie Pippen,1996-97,November,Chicago Bulls,Charlotte Hornets,9,6,3,0,2,1,1
229,217,Dennis Rodman,1996-97,November,Chicago Bulls,Charlotte Hornets,4,2,15,0,0,4,2
230,227,Scottie Pippen,1996-97,November,Chicago Bulls,Charlotte Hornets,9,6,3,0,2,2,1
231,230,Scottie Pippen,1996-97,November,Chicago Bulls,Charlotte Hornets,9,6,3,0,2,2,2
233,223,Michael Jordan,1996-97,November,Charlotte Hornets,Chicago Bulls,34,1,1,1,1,1,1
234,214,Glen Rice,1996-97,November,Charlotte Hornets,Chicago Bulls,12,2,0,1,0,2,2
235,231,Scottie Pippen,1996-97,November,Chicago Bulls,Charlotte Hornets,9,6,3,0,2,2,3
236,235,Scottie Pippen,1996-97,November,Chicago Bulls,Charlotte Hornets,9,6,3,0,2,3,3
238,236,Scottie Pippen,1996-97,November,Chicago Bulls,Charlotte Hornets,9,6,4,0,2,3,3
239,229,Dennis Rodman,1996-97,November,Chicago Bulls,Charlotte Hornets,4,2,15,0,0,5,2
240,182,Dell Curry,1996-97,November,Charlotte Hornets,Chicago Bulls,4,1,1,0,1,1,0
241,222,Anthony Mason,1996-97,November,Charlotte Hornets,Chicago Bulls,14,4,4,0,0,1,3
242,238,Scottie Pippen,1996-97,November,Chicago Bulls,Charlotte Hornets,11,6,4,0,2,3,3
243,239,Dennis Rodman,1996-97,November,Chicago Bulls,Charlotte Hornets,4,3,15,0,0,5,2
245,0,Malik Rose,1996-97,November,Charlotte Hornets,Chicago Bulls,0,0,1,0,0,0,0
247,245,Malik Rose,1996-97,November,Charlotte Hornets,Chicago Bulls,0,0,2,0,0,0,0
249,213,Ron Harper,1996-97,November,Chicago Bulls,Charlotte Hornets,8,2,3,1,1,0,0
251,240,Dell Curry,1996-97,November,Charlotte Hornets,Chicago Bulls,4,1,2,0,1,1,0
253,243,Dennis Rodman,1996-97,November,Chicago Bulls,Charlotte Hornets,4,3,16,0,0,5,2
254,247,Malik Rose,1996-97,November,Charlotte Hornets,Chicago Bulls,0,0,2,0,0,0,1
255,253,Dennis Rodman,1996-97,November,Chicago Bulls,Charlotte Hornets,5,3,16,0,0,5,2
256,255,Dennis Rodman,1996-97,November,Chicago Bulls,Charlotte Hornets,6,3,16,0,0,5,2
258,242,Scottie Pippen,1996-97,November,Charlotte Hornets,Chicago Bulls,11,6,4,1,2,3,3
261,234,Glen Rice,1996-97,November,Charlotte Hornets,Chicago Bulls,12,2,1,1,0,2,2
262,233,Michael Jordan,1996-97,November,Chicago Bulls,Charlotte Hornets,34,1,1,1,1,1,2
264,256,Dennis Rodman,1996-97,November,Chicago Bulls,Charlotte Hornets,6,3,17,0,0,5,2
265,262,Michael Jordan,1996-97,November,Chicago Bulls,Charlotte Hornets,36,1,1,1,1,1,2
266,0,Tony Delk,1996-97,November,Charlotte Hornets,Chicago Bulls,0,0,0,0,0,1,0
267,249,Ron Harper,1996-97,November,Charlotte Hornets,Chicago Bulls,8,2,3,1,2,0,0
268,258,Scottie Pippen,1996-97,November,Chicago Bulls,Charlotte Hornets,13,6,4,1,2,3,3
269,261,Glen Rice,1996-97,November,Charlotte Hornets,Chicago Bulls,15,2,1,1,0,2,2
270,251,Dell Curry,1996-97,November,Charlotte Hornets,Chicago Bulls,4,2,2,0,1,1,0
271,268,Scottie Pippen,1996-97,November,Chicago Bulls,Charlotte Hornets,13,6,4,1,2,3,4
272,269,Glen Rice,1996-97,November,Charlotte Hornets,Chicago Bulls,16,2,1,1,0,2,2
273,180,Toni Kukoc,1996-97,November,Chicago Bulls,Charlotte Hornets,8,2,2,0,0,1,0
274,265,Michael Jordan,1996-97,November,Chicago Bulls,Charlotte Hornets,36,2,1,1,1,1,2
275,0,Robert Parish,1996-97,November,Chicago Bulls,Charlotte Hornets,0,0,0,0,0,0,1
276,272,Glen Rice,1996-97,November,Charlotte Hornets,Chicago Bulls,17,2,1,1,0,2,2
277,276,Glen Rice,1996-97,November,Charlotte Hornets,Chicago Bulls,18,2,1,1,0,2,2
278,274,Michael Jordan,1996-97,November,Chicago Bulls,Charlotte Hornets,38,2,1,1,1,1,2
279,273,Toni Kukoc,1996-97,November,Chicago Bulls,Charlotte Hornets,8,3,2,0,0,1,0
281,151,Steve Kerr,1996-97,November,Chicago Bulls,Charlotte Hornets,0,2,1,0,0,0,0
282,279,Toni Kukoc,1996-97,November,Chicago Bulls,Charlotte Hornets,10,3,2,0,0,1,0
283,281,Steve Kerr,1996-97,November,Chicago Bulls,Charlotte Hornets,0,3,1,0,0,0,0
285,271,Scottie Pippen,1996-97,November,Chicago Bulls,Charlotte Hornets,13,6,5,1,2,3,4
286,277,Glen Rice,1996-97,November,Charlotte Hornets,Chicago Bulls,18,2,1,1,0,2,3
287,285,Scottie Pippen,1996-97,November,Chicago Bulls,Charlotte Hornets,14,6,5,1,2,3,4
288,287,Scottie Pippen,1996-97,November,Chicago Bulls,Charlotte Hornets,15,6,5,1,2,3,4
289,286,Glen Rice,1996-97,November,Charlotte Hornets,Chicago Bulls,18,2,1,1,0,3,3
290,0,Randy Brown,1996-97,November,Chicago Bulls,Charlotte Hornets,2,0,0,0,0,0,0
291,288,Scottie Pippen,1996-97,November,Chicago Bulls,Charlotte Hornets,15,7,5,1,2,3,4
292,266,Tony Delk,1996-97,November,Charlotte Hornets,Chicago Bulls,2,0,0,0,0,1,0
293,270,Dell Curry,1996-97,November,Charlotte Hornets,Chicago Bulls,4,3,2,0,1,1,0
295,0,George Zidek,1996-97,November,Chicago Bulls,Charlotte Hornets,0,0,0,1,0,0,0
296,254,Malik Rose,1996-97,November,Charlotte Hornets,Chicago Bulls,0,0,3,0,0,0,1
297,293,Dell Curry,1996-97,November,Charlotte Hornets,Chicago Bulls,4,3,2,0,1,2,0
298,290,Randy Brown,1996-97,November,Charlotte Hornets,Chicago Bulls,2,0,0,0,1,0,0
299,291,Scottie Pippen,1996-97,November,Chicago Bulls,Charlotte Hornets,17,7,5,1,2,3,4
301,298,Randy Brown,1996-97,November,Chicago Bulls,Charlotte Hornets,2,0,1,0,1,0,0
303,296,Malik Rose,1996-97,November,Charlotte Hornets,Chicago Bulls,0,0,4,0,0,0,1
304,289,Glen Rice,1996-97,November,Charlotte Hornets,Chicago Bulls,20,2,1,1,0,3,3
305,275,Robert Parish,1996-97,November,Chicago Bulls,Charlotte Hornets,0,0,0,0,0,0,2
306,304,Glen Rice,1996-97,November,Charlotte Hornets,Chicago Bulls,21,2,1,1,0,3,3
308,305,Robert Parish,1996-97,November,Chicago Bulls,Charlotte Hornets,2,0,0,0,0,0,2
309,176,Tony Smith,1996-97,November,Charlotte Hornets,Chicago Bulls,9,2,0,1,0,0,0
310,0,Scott Burrell,1996-97,November,Charlotte Hornets,Chicago Bulls,0,1,0,0,0,0,0
311,282,Toni Kukoc,1996-97,November,Chicago Bulls,Charlotte Hornets,12,3,2,0,0,1,0
312,301,Randy Brown,1996-97,November,Chicago Bulls,Charlotte Hornets,2,1,1,0,1,0,0
314,303,Malik Rose,1996-97,November,Charlotte Hornets,Chicago Bulls,0,0,5,0,0,0,1
316,314,Malik Rose,1996-97,November,Charlotte Hornets,Chicago Bulls,0,0,5,0,0,0,2
318,292,Tony Delk,1996-97,November,Charlotte Hornets,Chicago Bulls,2,0,1,0,0,1,0
319,295,George Zidek,1996-97,November,Charlotte Hornets,Chicago Bulls,2,0,0,1,0,0,0
320,309,Tony Smith,1996-97,November,Charlotte Hornets,Chicago Bulls,9,3,0,1,0,0,0
321,311,Toni Kukoc,1996-97,November,Chicago Bulls,Charlotte Hornets,12,3,2,0,0,2,0
322,319,George Zidek,1996-97,November,Charlotte Hornets,Chicago Bulls,2,0,0,1,0,1,0
323,283,Steve Kerr,1996-97,November,Charlotte Hornets,Chicago Bulls,0,3,1,0,1,0,0
324,321,Toni Kukoc,1996-97,November,Chicago Bulls,Charlotte Hornets,14,3,2,0,0,2,0
325,310,Scott Burrell,1996-97,November,Charlotte Hornets,Chicago Bulls,0,1,0,0,0,0,1
326,324,Toni Kukoc,1996-97,November,Chicago Bulls,Charlotte Hornets,15,3,2,0,0,2,0
328,316,Malik Rose,1996-97,November,Charlotte Hornets,Chicago Bulls,0,0,5,0,0,0,3
330,328,Malik Rose,1996-97,November,Charlotte Hornets,Chicago Bulls,0,0,6,0,0,0,3
331,320,Tony Smith,1996-97,November,Charlotte Hornets,Chicago Bulls,11,3,0,1,0,0,0
332,318,Tony Delk,1996-97,November,Charlotte Hornets,Chicago Bulls,2,1,1,0,0,1,0
334,322,George Zidek,1996-97,November,Charlotte Hornets,Chicago Bulls,2,0,1,1,0,1,0
335,332,Tony Delk,1996-97,November,Charlotte Hornets,Chicago Bulls,5,1,1,0,0,1,0
336,331,Tony Smith,1996-97,November,Charlotte Hornets,Chicago Bulls,11,4,0,1,0,0,0
337,172,Jason Caffey,1996-97,November,Chicago Bulls,Charlotte Hornets,4,0,1,0,0,0,1
338,326,Toni Kukoc,1996-97,November,Chicago Bulls,Charlotte Hornets,15,4,2,0,0,2,0
340,323,Steve Kerr,1996-97,November,Chicago Bulls,Charlotte Hornets,0,3,2,0,1,0,0
342,325,Scott Burrell,1996-97,November,Charlotte Hornets,Chicago Bulls,0,1,1,0,0,0,1
343,340,Steve Kerr,1996-97,November,Chicago Bulls,Charlotte Hornets,0,3,2,0,1,0,1
345,337,Jason Caffey,1996-97,November,Chicago Bulls,Charlotte Hornets,4,0,2,0,0,0,1
346,345,Jason Caffey,1996-97,November,Chicago Bulls,Charlotte Hornets,4,0,2,0,0,1,1
347,342,Scott Burrell,1996-97,November,Chicago Bulls,Charlotte Hornets,0,1,1,0,1,0,1
348,335,Tony Delk,1996-97,November,Charlotte Hornets,Chicago Bulls,8,1,1,0,0,1,0
349,336,Tony Smith,1996-97,November,Charlotte Hornets,Chicago Bulls,11,5,0,1,0,0,0
350,330,Malik Rose,1996-97,November,Charlotte Hornets,Chicago Bulls,0,0,6,0,0,0,4
351,350,Malik Rose,1996-97,November,Charlotte Hornets,Chicago Bulls,0,0,6,0,0,0,5
354,351,Malik Rose,1996-97,November,Charlotte Hornets,Chicago Bulls,0,0,7,0,0,0,5
356,346,Jason Caffey,1996-97,November,Chicago Bulls,Charlotte Hornets,4,0,3,0,0,1,1
358,347,Scott Burrell,1996-97,November,Charlotte Hornets,Chicago Bulls,0,1,2,0,1,0,1
359,348,Tony Delk,1996-97,November,Charlotte Hornets,Chicago Bulls,10,1,1,0,0,1,0
360,349,Tony Smith,1996-97,November,Charlotte Hornets,Chicago Bulls,11,6,0,1,0,0,0
361,0,Jud Buechler,1996-97,November,Chicago Bulls,Charlotte Hornets,0,0,0,0,0,0,1
362,359,Tony Delk,1996-97,November,Charlotte Hornets,Chicago Bulls,11,1,1,0,0,1,0
363,312,Randy Brown,1996-97,November,Chicago Bulls,Charlotte Hornets,2,1,1,0,1,1,0
364,354,Malik Rose,1996-97,November,Chicago Bulls,Charlotte Hornets,0,0,7,0,1,0,5
365,358,Scott Burrell,1996-97,November,Charlotte Hornets,Chicago Bulls,2,1,2,0,1,0,1
367,334,George Zidek,1996-97,November,Charlotte Hornets,Chicago Bulls,2,0,2,1,0,1,0
369,0,Bill Wennington,1996-97,November,Chicago Bulls,Charlotte Hornets,0,0,1,0,0,0,0
370,361,Jud Buechler,1996-97,November,Chicago Bulls,Charlotte Hornets,0,0,0,0,0,1,1
371,370,Jud Buechler,1996-97,November,Chicago Bulls,Charlotte Hornets,0,0,0,0,0,1,2
373,362,Tony Delk,1996-97,November,Charlotte Hornets,Chicago Bulls,11,1,2,0,0,1,0
375,364,Malik Rose,1996-97,November,Charlotte Hornets,Chicago Bulls,0,0,8,0,1,0,5
377,371,Jud Buechler,1996-97,November,Chicago Bulls,Charlotte Hornets,0,0,1,0,0,1,2
378,377,Jud Buechler,1996-97,November,Chicago Bulls,Charlotte Hornets,0,0,1,0,0,2,2
379,373,Tony Delk,1996-97,November,Chicago Bulls,Charlotte Hornets,11,1,2,0,1,1,0
381,363,Randy Brown,1996-97,November,Chicago Bulls,Charlotte Hornets,4,1,1,0,1,1,0
382,378,Jud Buechler,1996-97,November,Chicago Bulls,Charlotte Hornets,0,1,1,0,0,2,2
384,379,Tony Delk,1996-97,November,Charlotte Hornets,Chicago Bulls,11,1,3,0,1,1,0
385,375,Malik Rose,1996-97,November,Charlotte Hornets,Chicago Bulls,2,0,8,0,1,0,5
386,384,Tony Delk,1996-97,November,Charlotte Hornets,Chicago Bulls,11,2,3,0,1,1,0
387,356,Jason Caffey,1996-97,November,Chicago Bulls,Charlotte Hornets,4,0,3,0,0,2,1
388,360,Tony Smith,1996-97,November,Charlotte Hornets,Chicago Bulls,11,6,0,1,0,1,0
389,387,Jason Caffey,1996-97,November,Charlotte Hornets,Chicago Bulls,4,0,3,0,1,2,1
390,389,Jason Caffey,1996-97,November,Chicago Bulls,Charlotte Hornets,6,0,3,0,1,2,1
392,369,Bill Wennington,1996-97,November,Chicago Bulls,Charlotte Hornets,0,0,2,0,0,0,0
394,386,Tony Delk,1996-97,November,Charlotte Hornets,Chicago Bulls,11,2,4,0,1,1,0
395,365,Scott Burrell,1996-97,November,Charlotte Hornets,Chicago Bulls,4,1,2,0,1,0,1
396,394,Tony Delk,1996-97,November,Charlotte Hornets,Chicago Bulls,11,3,4,0,1,1,0
397,381,Randy Brown,1996-97,November,Chicago Bulls,Charlotte Hornets,6,1,1,0,1,1,0
398,338,Toni Kukoc,1996-97,November,Chicago Bulls,Charlotte Hornets,15,5,2,0,0,2,0
399,395,Scott Burrell,1996-97,November,Charlotte Hornets,Chicago Bulls,7,1,2,0,1,0,1
400,396,Tony Delk,1996-97,November,Charlotte Hornets,Chicago Bulls,11,4,4,0,1,1,0
401,398,Toni Kukoc,1996-97,November,Chicago Bulls,Charlotte Hornets,15,5,2,0,0,3,0
402,400,Tony Delk,1996-97,November,Chicago Bulls,Charlotte Hornets,11,4,4,0,2,1,0
403,397,Randy Brown,1996-97,November,Chicago Bulls,Charlotte Hornets,6,1,1,0,1,1,1
404,385,Malik Rose,1996-97,November,Charlotte Hornets,Chicago Bulls,3,0,8,0,1,0,5
405,404,Malik Rose,1996-97,November,Charlotte Hornets,Chicago Bulls,4,0,8,0,1,0,5
407,399,Scott Burrell,1996-97,November,Chicago Bulls,Charlotte Hornets,7,1,2,1,1,0,1
408,367,George Zidek,1996-97,November,Charlotte Hornets,Chicago Bulls,2,0,3,1,0,1,0
409,402,Tony Delk,1996-97,November,Charlotte Hornets,Chicago Bulls,11,4,4,0,2,2,0
411,382,Jud Buechler,1996-97,November,Chicago Bulls,Charlotte Hornets,0,1,2,0,0,2,2
412,392,Bill Wennington,1996-97,November,Chicago Bulls,Charlotte Hornets,0,0,2,0,0,1,0
413,407,Scott Burrell,1996-97,November,Chicago Bulls,Charlotte Hornets,7,1,2,1,2,0,1
414,403,Randy Brown,1996-97,November,Chicago Bulls,Charlotte Hornets,6,1,1,0,1,1,2
415,409,Tony Delk,1996-97,November,Charlotte Hornets,Chicago Bulls,12,4,4,0,2,2,0
416,415,Tony Delk,1996-97,November,Charlotte Hornets,Chicago Bulls,13,4,4,0,2,2,0
417,390,Jason Caffey,1996-97,November,Chicago Bulls,Charlotte Hornets,8,0,3,0,1,2,1
419,414,Randy Brown,1996-97,November,Chicago Bulls,Charlotte Hornets,6,1,2,0,1,1,2
420,419,Randy Brown,1996-97,November,Chicago Bulls,Charlotte Hornets,8,1,2,0,1,1,2
421,343,Steve Kerr,1996-97,November,Chicago Bulls,Charlotte Hornets,0,4,2,0,1,0,1
423,408,George Zidek,1996-97,November,Charlotte Hornets,Chicago Bulls,2,0,4,1,0,1,0
424,423,George Zidek,1996-97,November,Charlotte Hornets,Chicago Bulls,4,0,4,1,0,1,0
425,417,Jason Caffey,1996-97,November,Chicago Bulls,Charlotte Hornets,10,0,3,0,1,2,1
426,411,Jud Buechler,1996-97,November,Chicago Bulls,Charlotte Hornets,0,2,2,0,0,2,2
428,416,Tony Delk,1996-97,November,Charlotte Hornets,Chicago Bulls,13,4,5,0,2,2,0
429,388,Tony Smith,1996-97,November,Charlotte Hornets,Chicago Bulls,13,6,0,1,0,1,0
430,428,Tony Delk,1996-97,November,Charlotte Hornets,Chicago Bulls,13,5,5,0,2,2,0
