id,previous_id,player,season,month,team,opponent_team,points,assists,rebounds,blocks,steals,turnovers,personal fouls
2,0,Vernon Maxwell,1996-97,November,San Antonio Spurs,Golden State Warriors,0,0,1,0,0,0,0
4,0,Joe Smith,1996-97,November,Golden State Warriors,San Antonio Spurs,0,0,1,0,0,0,0
5,0,Avery Johnson,1996-97,November,San Antonio Spurs,Golden State Warriors,2,0,0,0,0,0,0
6,2,Vernon Maxwell,1996-97,November,San Antonio Spurs,Golden State Warriors,0,0,1,0,0,0,1
7,4,Joe Smith,1996-97,November,Golden State Warriors,San Antonio Spurs,1,0,1,0,0,0,0
8,7,Joe Smith,1996-97,November,Golden State Warriors,San Antonio Spurs,2,0,1,0,0,0,0
10,8,Joe Smith,1996-97,November,Golden State Warriors,San Antonio Spurs,2,0,2,0,0,0,0
11,0,Donald Royal,1996-97,November,Golden State Warriors,San Antonio Spurs,2,0,0,0,0,0,0
12,0,Mark Price,1996-97,November,Golden State Warriors,San Antonio Spurs,0,1,0,0,0,0,0
13,11,Donald Royal,1996-97,November,Golden State Warriors,San Antonio Spurs,2,0,0,0,0,0,1
14,0,Sean Elliott,1996-97,November,San Antonio Spurs,Golden State Warriors,2,0,0,0,0,0,0
15,6,Vernon Maxwell,1996-97,November,San Antonio Spurs,Golden State Warriors,0,1,1,0,0,0,1
16,0,Chris Mullin,1996-97,November,Golden State Warriors,San Antonio Spurs,2,0,0,0,0,0,0
17,0,Latrell Sprewell,1996-97,November,Golden State Warriors,San Antonio Spurs,0,1,0,0,0,0,0
18,12,Mark Price,1996-97,November,Golden State Warriors,San Antonio Spurs,0,1,0,0,0,0,1
19,0,Dominique Wilkins,1996-97,November,San Antonio Spurs,Golden State Warriors,3,0,0,0,0,0,0
20,5,Avery Johnson,1996-97,November,San Antonio Spurs,Golden State Warriors,2,1,0,0,0,0,0
21,10,Joe Smith,1996-97,November,Golden State Warriors,San Antonio Spurs,4,0,2,0,0,0,0
23,13,Donald Royal,1996-97,November,Golden State Warriors,San Antonio Spurs,2,0,1,0,0,0,1
24,18,Mark Price,1996-97,November,Golden State Warriors,San Antonio Spurs,0,1,0,0,0,1,1
25,19,Dominique Wilkins,1996-97,November,San Antonio Spurs,Golden State Warriors,3,0,0,0,1,0,0
26,25,Dominique Wilkins,1996-97,November,San Antonio Spurs,Golden State Warriors,5,0,0,0,1,0,0
27,15,Vernon Maxwell,1996-97,November,San Antonio Spurs,Golden State Warriors,0,2,1,0,0,0,1
28,21,Joe Smith,1996-97,November,Golden State Warriors,San Antonio Spurs,4,0,2,0,0,1,0
29,0,Greg Anderson,1996-97,November,San Antonio Spurs,Golden State Warriors,0,0,0,0,1,0,0
31,28,Joe Smith,1996-97,November,Golden State Warriors,San Antonio Spurs,4,0,3,0,0,1,0
33,29,Greg Anderson,1996-97,November,San Antonio Spurs,Golden State Warriors,0,0,1,0,1,0,0
34,27,Vernon Maxwell,1996-97,November,San Antonio Spurs,Golden State Warriors,0,2,1,0,0,1,1
35,17,Latrell Sprewell,1996-97,November,Golden State Warriors,San Antonio Spurs,0,1,0,0,1,0,0
36,31,Joe Smith,1996-97,November,Golden State Warriors,San Antonio Spurs,4,0,3,0,0,2,0
37,33,Greg Anderson,1996-97,November,San Antonio Spurs,Golden State Warriors,0,0,1,0,2,0,0
38,34,Vernon Maxwell,1996-97,November,San Antonio Spurs,Golden State Warriors,2,2,1,0,0,1,1
39,20,Avery Johnson,1996-97,November,San Antonio Spurs,Golden State Warriors,2,2,0,0,0,0,0
40,35,Latrell Sprewell,1996-97,November,Golden State Warriors,San Antonio Spurs,2,1,0,0,1,0,0
42,14,Sean Elliott,1996-97,November,San Antonio Spurs,Golden State Warriors,2,0,1,0,0,0,0
43,39,Avery Johnson,1996-97,November,San Antonio Spurs,Golden State Warriors,4,2,0,0,0,0,0
44,42,Sean Elliott,1996-97,November,San Antonio Spurs,Golden State Warriors,2,1,1,0,0,0,0
46,38,Vernon Maxwell,1996-97,November,San Antonio Spurs,Golden State Warriors,2,2,2,0,0,1,1
47,46,Vernon Maxwell,1996-97,November,San Antonio Spurs,Golden State Warriors,2,2,2,0,0,2,1
48,23,Donald Royal,1996-97,November,Golden State Warriors,San Antonio Spurs,2,0,1,0,1,0,1
50,16,Chris Mullin,1996-97,November,Golden State Warriors,San Antonio Spurs,2,0,1,0,0,0,0
51,37,Greg Anderson,1996-97,November,San Antonio Spurs,Golden State Warriors,0,0,1,0,2,0,1
52,48,Donald Royal,1996-97,November,Golden State Warriors,San Antonio Spurs,3,0,1,0,1,0,1
54,51,Greg Anderson,1996-97,November,San Antonio Spurs,Golden State Warriors,0,0,2,0,2,0,1
55,52,Donald Royal,1996-97,November,Golden State Warriors,San Antonio Spurs,3,0,1,0,1,0,2
57,24,Mark Price,1996-97,November,Golden State Warriors,San Antonio Spurs,0,1,1,0,0,1,1
58,40,Latrell Sprewell,1996-97,November,Golden State Warriors,San Antonio Spurs,2,1,0,0,1,1,0
60,26,Dominique Wilkins,1996-97,November,San Antonio Spurs,Golden State Warriors,5,0,1,0,1,0,0
61,60,Dominique Wilkins,1996-97,November,San Antonio Spurs,Golden State Warriors,7,0,1,0,1,0,0
62,0,Andrew DeClercq,1996-97,November,Golden State Warriors,San Antonio Spurs,0,0,0,0,0,1,0
63,47,Vernon Maxwell,1996-97,November,San Antonio Spurs,Golden State Warriors,2,2,2,0,0,3,1
64,58,Latrell Sprewell,1996-97,November,Golden State Warriors,San Antonio Spurs,2,1,0,0,2,1,0
67,36,Joe Smith,1996-97,November,Golden State Warriors,San Antonio Spurs,4,0,3,1,0,2,0
69,67,Joe Smith,1996-97,November,Golden State Warriors,San Antonio Spurs,4,0,4,1,0,2,0
70,50,Chris Mullin,1996-97,November,Golden State Warriors,San Antonio Spurs,2,0,1,0,0,1,0
71,43,Avery Johnson,1996-97,November,San Antonio Spurs,Golden State Warriors,4,2,0,0,1,0,0
73,0,B.J. Armstrong,1996-97,November,Golden State Warriors,San Antonio Spurs,0,0,1,0,0,0,0
74,70,Chris Mullin,1996-97,November,Golden State Warriors,San Antonio Spurs,2,0,1,0,0,2,0
75,71,Avery Johnson,1996-97,November,San Antonio Spurs,Golden State Warriors,4,2,0,0,2,0,0
76,63,Vernon Maxwell,1996-97,November,San Antonio Spurs,Golden State Warriors,4,2,2,0,0,3,1
77,75,Avery Johnson,1996-97,November,San Antonio Spurs,Golden State Warriors,4,3,0,0,2,0,0
78,77,Avery Johnson,1996-97,November,San Antonio Spurs,Golden State Warriors,4,3,0,0,2,0,1
80,0,Will Perdue,1996-97,November,San Antonio Spurs,Golden State Warriors,0,0,0,1,0,0,0
81,74,Chris Mullin,1996-97,November,Golden State Warriors,San Antonio Spurs,2,0,2,0,0,2,0
82,80,Will Perdue,1996-97,November,San Antonio Spurs,Golden State Warriors,0,0,0,1,0,0,1
83,69,Joe Smith,1996-97,November,Golden State Warriors,San Antonio Spurs,5,0,4,1,0,2,0
84,83,Joe Smith,1996-97,November,Golden State Warriors,San Antonio Spurs,6,0,4,1,0,2,0
85,62,Andrew DeClercq,1996-97,November,Golden State Warriors,San Antonio Spurs,0,0,0,0,0,1,1
86,82,Will Perdue,1996-97,November,San Antonio Spurs,Golden State Warriors,1,0,0,1,0,0,1
87,86,Will Perdue,1996-97,November,San Antonio Spurs,Golden State Warriors,2,0,0,1,0,0,1
88,0,Vinny Del Negro,1996-97,November,San Antonio Spurs,Golden State Warriors,0,0,0,0,0,0,1
89,0,Bimbo Coles,1996-97,November,Golden State Warriors,San Antonio Spurs,1,0,0,0,0,0,0
90,89,Bimbo Coles,1996-97,November,Golden State Warriors,San Antonio Spurs,2,0,0,0,0,0,0
91,0,Cory Alexander,1996-97,November,San Antonio Spurs,Golden State Warriors,3,0,0,0,0,0,0
92,87,Will Perdue,1996-97,November,San Antonio Spurs,Golden State Warriors,2,1,0,1,0,0,1
93,73,B.J. Armstrong,1996-97,November,Golden State Warriors,San Antonio Spurs,0,0,1,0,0,1,0
95,44,Sean Elliott,1996-97,November,San Antonio Spurs,Golden State Warriors,2,1,2,0,0,0,0
96,95,Sean Elliott,1996-97,November,San Antonio Spurs,Golden State Warriors,4,1,2,0,0,0,0
98,88,Vinny Del Negro,1996-97,November,San Antonio Spurs,Golden State Warriors,0,0,0,1,0,0,1
99,0,Carl Herrera,1996-97,November,San Antonio Spurs,Golden State Warriors,0,0,1,0,0,0,0
101,85,Andrew DeClercq,1996-97,November,Golden State Warriors,San Antonio Spurs,0,0,0,0,0,1,2
102,98,Vinny Del Negro,1996-97,November,San Antonio Spurs,Golden State Warriors,1,0,0,1,0,0,1
103,102,Vinny Del Negro,1996-97,November,San Antonio Spurs,Golden State Warriors,2,0,0,1,0,0,1
105,92,Will Perdue,1996-97,November,San Antonio Spurs,Golden State Warriors,2,1,0,2,0,0,1
106,90,Bimbo Coles,1996-97,November,Golden State Warriors,San Antonio Spurs,2,0,0,0,0,0,1
108,0,Todd Fuller,1996-97,November,Golden State Warriors,San Antonio Spurs,0,0,1,0,0,0,0
110,0,Ray Owes,1996-97,November,Golden State Warriors,San Antonio Spurs,0,0,1,0,0,0,0
111,64,Latrell Sprewell,1996-97,November,Golden State Warriors,San Antonio Spurs,5,1,0,0,2,1,0
112,93,B.J. Armstrong,1996-97,November,Golden State Warriors,San Antonio Spurs,0,1,1,0,0,1,0
113,0,Monty Williams,1996-97,November,San Antonio Spurs,Golden State Warriors,2,0,0,0,0,0,0
114,91,Cory Alexander,1996-97,November,San Antonio Spurs,Golden State Warriors,3,1,0,0,0,0,0
115,110,Ray Owes,1996-97,November,Golden State Warriors,San Antonio Spurs,0,0,1,0,0,0,1
117,112,B.J. Armstrong,1996-97,November,Golden State Warriors,San Antonio Spurs,0,1,2,0,0,1,0
118,113,Monty Williams,1996-97,November,San Antonio Spurs,Golden State Warriors,2,0,0,0,0,0,1
119,103,Vinny Del Negro,1996-97,November,San Antonio Spurs,Golden State Warriors,2,0,0,1,0,0,2
120,118,Monty Williams,1996-97,November,San Antonio Spurs,Golden State Warriors,2,0,0,0,0,0,2
122,99,Carl Herrera,1996-97,November,San Antonio Spurs,Golden State Warriors,0,0,2,0,0,0,0
124,111,Latrell Sprewell,1996-97,November,Golden State Warriors,San Antonio Spurs,5,1,0,1,2,1,0
125,124,Latrell Sprewell,1996-97,November,Golden State Warriors,San Antonio Spurs,5,1,1,1,2,1,0
126,106,Bimbo Coles,1996-97,November,Golden State Warriors,San Antonio Spurs,4,0,0,0,0,0,1
127,115,Ray Owes,1996-97,November,Golden State Warriors,San Antonio Spurs,0,1,1,0,0,0,1
128,119,Vinny Del Negro,1996-97,November,San Antonio Spurs,Golden State Warriors,4,0,0,1,0,0,2
130,122,Carl Herrera,1996-97,November,San Antonio Spurs,Golden State Warriors,0,0,3,0,0,0,0
131,114,Cory Alexander,1996-97,November,San Antonio Spurs,Golden State Warriors,3,1,0,0,0,1,0
132,117,B.J. Armstrong,1996-97,November,Golden State Warriors,San Antonio Spurs,0,1,2,0,1,1,0
133,132,B.J. Armstrong,1996-97,November,Golden State Warriors,San Antonio Spurs,2,1,2,0,1,1,0
134,125,Latrell Sprewell,1996-97,November,Golden State Warriors,San Antonio Spurs,5,1,1,1,2,1,1
135,130,Carl Herrera,1996-97,November,San Antonio Spurs,Golden State Warriors,2,0,3,0,0,0,0
136,128,Vinny Del Negro,1996-97,November,San Antonio Spurs,Golden State Warriors,4,1,0,1,0,0,2
138,105,Will Perdue,1996-97,November,San Antonio Spurs,Golden State Warriors,2,1,0,3,0,0,1
139,96,Sean Elliott,1996-97,November,San Antonio Spurs,Golden State Warriors,4,1,3,0,0,0,0
140,138,Will Perdue,1996-97,November,San Antonio Spurs,Golden State Warriors,4,1,0,3,0,0,1
141,136,Vinny Del Negro,1996-97,November,San Antonio Spurs,Golden State Warriors,4,2,0,1,0,0,2
142,76,Vernon Maxwell,1996-97,November,San Antonio Spurs,Golden State Warriors,4,2,2,0,0,3,2
143,0,Felton Spencer,1996-97,November,Golden State Warriors,San Antonio Spurs,1,0,0,0,0,0,0
145,135,Carl Herrera,1996-97,November,San Antonio Spurs,Golden State Warriors,2,0,4,0,0,0,0
146,142,Vernon Maxwell,1996-97,November,San Antonio Spurs,Golden State Warriors,6,2,2,0,0,3,2
147,78,Avery Johnson,1996-97,November,San Antonio Spurs,Golden State Warriors,4,4,0,0,2,0,1
148,126,Bimbo Coles,1996-97,November,Golden State Warriors,San Antonio Spurs,6,0,0,0,0,0,1
149,84,Joe Smith,1996-97,November,Golden State Warriors,San Antonio Spurs,6,1,4,1,0,2,0
150,147,Avery Johnson,1996-97,November,San Antonio Spurs,Golden State Warriors,4,4,0,0,2,0,2
151,148,Bimbo Coles,1996-97,November,Golden State Warriors,San Antonio Spurs,7,0,0,0,0,0,1
153,151,Bimbo Coles,1996-97,November,Golden State Warriors,San Antonio Spurs,7,0,0,1,0,0,1
154,146,Vernon Maxwell,1996-97,November,San Antonio Spurs,Golden State Warriors,6,2,3,0,0,3,2
156,153,Bimbo Coles,1996-97,November,Golden State Warriors,San Antonio Spurs,7,0,1,1,0,0,1
157,133,B.J. Armstrong,1996-97,November,Golden State Warriors,San Antonio Spurs,4,1,2,0,1,1,0
158,156,Bimbo Coles,1996-97,November,Golden State Warriors,San Antonio Spurs,7,1,1,1,0,0,1
160,139,Sean Elliott,1996-97,November,San Antonio Spurs,Golden State Warriors,4,1,4,0,0,0,0
161,150,Avery Johnson,1996-97,November,San Antonio Spurs,Golden State Warriors,6,4,0,0,2,0,2
162,143,Felton Spencer,1996-97,November,Golden State Warriors,San Antonio Spurs,1,0,0,0,0,0,1
163,161,Avery Johnson,1996-97,November,San Antonio Spurs,Golden State Warriors,7,4,0,0,2,0,2
164,157,B.J. Armstrong,1996-97,November,Golden State Warriors,San Antonio Spurs,6,1,2,0,1,1,0
165,81,Chris Mullin,1996-97,November,Golden State Warriors,San Antonio Spurs,2,1,2,0,0,2,0
166,154,Vernon Maxwell,1996-97,November,San Antonio Spurs,Golden State Warriors,8,2,3,0,0,3,2
167,61,Dominique Wilkins,1996-97,November,San Antonio Spurs,Golden State Warriors,7,1,1,0,1,0,0
168,165,Chris Mullin,1996-97,November,Golden State Warriors,San Antonio Spurs,4,1,2,0,0,2,0
169,149,Joe Smith,1996-97,November,Golden State Warriors,San Antonio Spurs,6,2,4,1,0,2,0
170,163,Avery Johnson,1996-97,November,San Antonio Spurs,Golden State Warriors,7,4,0,0,2,1,2
171,169,Joe Smith,1996-97,November,Golden State Warriors,San Antonio Spurs,6,2,4,1,1,2,0
173,162,Felton Spencer,1996-97,November,Golden State Warriors,San Antonio Spurs,1,0,1,0,0,0,1
175,164,B.J. Armstrong,1996-97,November,Golden State Warriors,San Antonio Spurs,6,1,3,0,1,1,0
176,175,B.J. Armstrong,1996-97,November,Golden State Warriors,San Antonio Spurs,8,1,3,0,1,1,0
178,167,Dominique Wilkins,1996-97,November,San Antonio Spurs,Golden State Warriors,7,1,2,0,1,0,0
180,54,Greg Anderson,1996-97,November,San Antonio Spurs,Golden State Warriors,0,0,3,0,2,0,1
181,176,B.J. Armstrong,1996-97,November,Golden State Warriors,San Antonio Spurs,8,1,3,0,1,1,1
184,173,Felton Spencer,1996-97,November,Golden State Warriors,San Antonio Spurs,1,0,2,0,0,0,1
185,158,Bimbo Coles,1996-97,November,Golden State Warriors,San Antonio Spurs,9,1,1,1,0,0,1
186,178,Dominique Wilkins,1996-97,November,San Antonio Spurs,Golden State Warriors,7,1,2,0,1,1,0
187,168,Chris Mullin,1996-97,November,Golden State Warriors,San Antonio Spurs,4,1,2,0,1,2,0
189,166,Vernon Maxwell,1996-97,November,San Antonio Spurs,Golden State Warriors,8,2,4,0,0,3,2
190,189,Vernon Maxwell,1996-97,November,San Antonio Spurs,Golden State Warriors,10,2,4,0,0,3,2
191,186,Dominique Wilkins,1996-97,November,San Antonio Spurs,Golden State Warriors,7,2,2,0,1,1,0
193,171,Joe Smith,1996-97,November,Golden State Warriors,San Antonio Spurs,6,2,5,1,1,2,0
194,193,Joe Smith,1996-97,November,Golden State Warriors,San Antonio Spurs,8,2,5,1,1,2,0
195,180,Greg Anderson,1996-97,November,San Antonio Spurs,Golden State Warriors,0,0,3,0,2,0,2
196,194,Joe Smith,1996-97,November,Golden State Warriors,San Antonio Spurs,9,2,5,1,1,2,0
197,170,Avery Johnson,1996-97,November,San Antonio Spurs,Golden State Warriors,9,4,0,0,2,1,2
198,196,Joe Smith,1996-97,November,Golden State Warriors,San Antonio Spurs,11,2,5,1,1,2,0
200,191,Dominique Wilkins,1996-97,November,San Antonio Spurs,Golden State Warriors,7,2,3,0,1,1,0
201,200,Dominique Wilkins,1996-97,November,San Antonio Spurs,Golden State Warriors,9,2,3,0,1,1,0
202,181,B.J. Armstrong,1996-97,November,Golden State Warriors,San Antonio Spurs,10,1,3,0,1,1,1
204,187,Chris Mullin,1996-97,November,Golden State Warriors,San Antonio Spurs,4,1,3,0,1,2,0
206,184,Felton Spencer,1996-97,November,Golden State Warriors,San Antonio Spurs,1,0,2,1,0,0,1
208,204,Chris Mullin,1996-97,November,Golden State Warriors,San Antonio Spurs,4,1,3,1,1,2,0
209,198,Joe Smith,1996-97,November,Golden State Warriors,San Antonio Spurs,11,2,6,1,1,2,0
210,57,Mark Price,1996-97,November,Golden State Warriors,San Antonio Spurs,2,1,1,0,0,1,1
211,134,Latrell Sprewell,1996-97,November,Golden State Warriors,San Antonio Spurs,5,2,1,1,2,1,1
213,206,Felton Spencer,1996-97,November,Golden State Warriors,San Antonio Spurs,1,0,3,1,0,0,1
214,201,Dominique Wilkins,1996-97,November,San Antonio Spurs,Golden State Warriors,9,2,3,0,1,1,1
216,213,Felton Spencer,1996-97,November,Golden State Warriors,San Antonio Spurs,1,0,4,1,0,0,1
217,216,Felton Spencer,1996-97,November,Golden State Warriors,San Antonio Spurs,3,0,4,1,0,0,1
219,210,Mark Price,1996-97,November,Golden State Warriors,San Antonio Spurs,2,1,2,0,0,1,1
220,217,Felton Spencer,1996-97,November,Golden State Warriors,San Antonio Spurs,5,0,4,1,0,0,1
221,208,Chris Mullin,1996-97,November,Golden State Warriors,San Antonio Spurs,4,2,3,1,1,2,0
222,190,Vernon Maxwell,1996-97,November,San Antonio Spurs,Golden State Warriors,12,2,4,0,0,3,2
223,197,Avery Johnson,1996-97,November,San Antonio Spurs,Golden State Warriors,9,5,0,0,2,1,2
224,209,Joe Smith,1996-97,November,Golden State Warriors,San Antonio Spurs,13,2,6,1,1,2,0
225,211,Latrell Sprewell,1996-97,November,Golden State Warriors,San Antonio Spurs,5,3,1,1,2,1,1
227,225,Latrell Sprewell,1996-97,November,Golden State Warriors,San Antonio Spurs,5,3,2,1,2,1,1
228,219,Mark Price,1996-97,November,Golden State Warriors,San Antonio Spurs,2,1,2,0,0,2,1
229,223,Avery Johnson,1996-97,November,San Antonio Spurs,Golden State Warriors,9,5,0,0,3,1,2
230,228,Mark Price,1996-97,November,Golden State Warriors,San Antonio Spurs,2,1,2,0,0,2,2
231,229,Avery Johnson,1996-97,November,San Antonio Spurs,Golden State Warriors,11,5,0,0,3,1,2
232,222,Vernon Maxwell,1996-97,November,San Antonio Spurs,Golden State Warriors,12,3,4,0,0,3,2
233,227,Latrell Sprewell,1996-97,November,Golden State Warriors,San Antonio Spurs,8,3,2,1,2,1,1
234,224,Joe Smith,1996-97,November,Golden State Warriors,San Antonio Spurs,13,3,6,1,1,2,0
236,234,Joe Smith,1996-97,November,Golden State Warriors,San Antonio Spurs,13,3,7,1,1,2,0
237,231,Avery Johnson,1996-97,November,San Antonio Spurs,Golden State Warriors,11,5,0,0,3,1,3
238,221,Chris Mullin,1996-97,November,Golden State Warriors,San Antonio Spurs,7,2,3,1,1,2,0
239,233,Latrell Sprewell,1996-97,November,Golden State Warriors,San Antonio Spurs,8,4,2,1,2,1,1
240,214,Dominique Wilkins,1996-97,November,San Antonio Spurs,Golden State Warriors,9,2,3,0,1,2,1
241,230,Mark Price,1996-97,November,Golden State Warriors,San Antonio Spurs,2,1,2,0,1,2,2
243,160,Sean Elliott,1996-97,November,San Antonio Spurs,Golden State Warriors,4,1,4,1,0,0,0
244,238,Chris Mullin,1996-97,November,Golden State Warriors,San Antonio Spurs,7,2,4,1,1,2,0
245,244,Chris Mullin,1996-97,November,Golden State Warriors,San Antonio Spurs,9,2,4,1,1,2,0
247,239,Latrell Sprewell,1996-97,November,Golden State Warriors,San Antonio Spurs,10,4,2,1,2,1,1
248,241,Mark Price,1996-97,November,Golden State Warriors,San Antonio Spurs,2,1,2,0,1,2,3
250,236,Joe Smith,1996-97,November,Golden State Warriors,San Antonio Spurs,13,3,8,1,1,2,0
251,248,Mark Price,1996-97,November,Golden State Warriors,San Antonio Spurs,5,1,2,0,1,2,3
253,250,Joe Smith,1996-97,November,Golden State Warriors,San Antonio Spurs,13,3,9,1,1,2,0
254,243,Sean Elliott,1996-97,November,San Antonio Spurs,Golden State Warriors,4,1,4,1,0,0,1
255,247,Latrell Sprewell,1996-97,November,Golden State Warriors,San Antonio Spurs,11,4,2,1,2,1,1
256,255,Latrell Sprewell,1996-97,November,Golden State Warriors,San Antonio Spurs,12,4,2,1,2,1,1
258,140,Will Perdue,1996-97,November,San Antonio Spurs,Golden State Warriors,4,1,1,3,0,0,1
259,258,Will Perdue,1996-97,November,San Antonio Spurs,Golden State Warriors,4,1,1,3,0,1,1
261,256,Latrell Sprewell,1996-97,November,Golden State Warriors,San Antonio Spurs,15,4,2,1,2,1,1
262,245,Chris Mullin,1996-97,November,Golden State Warriors,San Antonio Spurs,9,3,4,1,1,2,0
263,261,Latrell Sprewell,1996-97,November,Golden State Warriors,San Antonio Spurs,15,4,2,1,2,1,2
264,254,Sean Elliott,1996-97,November,San Antonio Spurs,Golden State Warriors,4,1,4,1,0,0,1
266,262,Chris Mullin,1996-97,November,Golden State Warriors,San Antonio Spurs,9,3,4,1,1,2,1
268,259,Will Perdue,1996-97,November,San Antonio Spurs,Golden State Warriors,4,1,2,3,0,1,1
269,220,Felton Spencer,1996-97,November,Golden State Warriors,San Antonio Spurs,5,0,4,1,0,0,2
270,269,Felton Spencer,1996-97,November,Golden State Warriors,San Antonio Spurs,5,0,4,1,0,0,2
271,141,Vinny Del Negro,1996-97,November,San Antonio Spurs,Golden State Warriors,5,2,0,1,0,0,2
274,145,Carl Herrera,1996-97,November,San Antonio Spurs,Golden State Warriors,2,0,5,0,0,0,0
276,271,Vinny Del Negro,1996-97,November,San Antonio Spurs,Golden State Warriors,5,2,1,1,0,0,2
277,276,Vinny Del Negro,1996-97,November,San Antonio Spurs,Golden State Warriors,7,2,1,1,0,0,2
279,268,Will Perdue,1996-97,November,San Antonio Spurs,Golden State Warriors,4,1,2,4,0,1,1
280,274,Carl Herrera,1996-97,November,San Antonio Spurs,Golden State Warriors,2,0,6,0,0,0,0
281,253,Joe Smith,1996-97,November,Golden State Warriors,San Antonio Spurs,13,3,9,1,1,2,1
282,240,Dominique Wilkins,1996-97,November,San Antonio Spurs,Golden State Warriors,10,2,3,0,1,2,1
283,282,Dominique Wilkins,1996-97,November,San Antonio Spurs,Golden State Warriors,11,2,3,0,1,2,1
285,283,Dominique Wilkins,1996-97,November,San Antonio Spurs,Golden State Warriors,11,2,4,0,1,2,1
286,277,Vinny Del Negro,1996-97,November,San Antonio Spurs,Golden State Warriors,7,2,1,1,0,1,2
288,280,Carl Herrera,1996-97,November,San Antonio Spurs,Golden State Warriors,2,0,7,0,0,0,0
289,286,Vinny Del Negro,1996-97,November,San Antonio Spurs,Golden State Warriors,9,2,1,1,0,1,2
290,237,Avery Johnson,1996-97,November,San Antonio Spurs,Golden State Warriors,11,6,0,0,3,1,3
292,289,Vinny Del Negro,1996-97,November,San Antonio Spurs,Golden State Warriors,9,2,2,1,0,1,2
293,292,Vinny Del Negro,1996-97,November,San Antonio Spurs,Golden State Warriors,9,2,2,1,0,2,2
294,202,B.J. Armstrong,1996-97,November,Golden State Warriors,San Antonio Spurs,10,1,3,0,2,1,1
295,266,Chris Mullin,1996-97,November,Golden State Warriors,San Antonio Spurs,11,3,4,1,1,2,1
296,294,B.J. Armstrong,1996-97,November,Golden State Warriors,San Antonio Spurs,10,2,3,0,2,1,1
298,295,Chris Mullin,1996-97,November,Golden State Warriors,San Antonio Spurs,11,3,4,2,1,2,1
299,270,Felton Spencer,1996-97,November,Golden State Warriors,San Antonio Spurs,5,0,5,1,0,0,2
301,285,Dominique Wilkins,1996-97,November,San Antonio Spurs,Golden State Warriors,11,2,5,0,1,2,1
303,279,Will Perdue,1996-97,November,San Antonio Spurs,Golden State Warriors,4,1,3,4,0,1,1
306,293,Vinny Del Negro,1996-97,November,San Antonio Spurs,Golden State Warriors,9,2,3,1,0,2,2
308,303,Will Perdue,1996-97,November,San Antonio Spurs,Golden State Warriors,4,1,4,4,0,1,1
309,306,Vinny Del Negro,1996-97,November,San Antonio Spurs,Golden State Warriors,11,2,3,1,0,2,2
310,308,Will Perdue,1996-97,November,San Antonio Spurs,Golden State Warriors,4,2,4,4,0,1,1
311,263,Latrell Sprewell,1996-97,November,Golden State Warriors,San Antonio Spurs,17,4,2,1,2,1,2
312,309,Vinny Del Negro,1996-97,November,San Antonio Spurs,Golden State Warriors,14,2,3,1,0,2,2
313,290,Avery Johnson,1996-97,November,San Antonio Spurs,Golden State Warriors,11,7,0,0,3,1,3
314,311,Latrell Sprewell,1996-97,November,Golden State Warriors,San Antonio Spurs,20,4,2,1,2,1,2
316,312,Vinny Del Negro,1996-97,November,San Antonio Spurs,Golden State Warriors,14,2,4,1,0,2,2
317,298,Chris Mullin,1996-97,November,Golden State Warriors,San Antonio Spurs,11,3,4,2,1,2,2
319,101,Andrew DeClercq,1996-97,November,Golden State Warriors,San Antonio Spurs,0,0,1,0,0,1,2
320,281,Joe Smith,1996-97,November,Golden State Warriors,San Antonio Spurs,15,3,9,1,1,2,1
321,296,B.J. Armstrong,1996-97,November,Golden State Warriors,San Antonio Spurs,10,3,3,0,2,1,1
323,317,Chris Mullin,1996-97,November,Golden State Warriors,San Antonio Spurs,11,3,5,2,1,2,2
324,321,B.J. Armstrong,1996-97,November,Golden State Warriors,San Antonio Spurs,12,3,3,0,2,1,1
325,323,Chris Mullin,1996-97,November,Golden State Warriors,San Antonio Spurs,11,3,5,2,1,2,3
327,310,Will Perdue,1996-97,November,San Antonio Spurs,Golden State Warriors,5,2,4,4,0,1,1
328,288,Carl Herrera,1996-97,November,San Antonio Spurs,Golden State Warriors,2,0,7,0,0,0,1
329,320,Joe Smith,1996-97,November,Golden State Warriors,San Antonio Spurs,16,3,9,1,1,2,1
330,329,Joe Smith,1996-97,November,Golden State Warriors,San Antonio Spurs,17,3,9,1,1,2,1
331,313,Avery Johnson,1996-97,November,San Antonio Spurs,Golden State Warriors,13,7,0,0,3,1,3
333,264,Sean Elliott,1996-97,November,San Antonio Spurs,Golden State Warriors,4,1,4,2,0,0,1
334,327,Will Perdue,1996-97,November,San Antonio Spurs,Golden State Warriors,5,2,5,4,0,1,1
335,324,B.J. Armstrong,1996-97,November,Golden State Warriors,San Antonio Spurs,12,3,3,0,2,1,2
337,185,Bimbo Coles,1996-97,November,Golden State Warriors,San Antonio Spurs,9,1,2,1,0,0,1
338,335,B.J. Armstrong,1996-97,November,Golden State Warriors,San Antonio Spurs,14,3,3,0,2,1,2
339,337,Bimbo Coles,1996-97,November,Golden State Warriors,San Antonio Spurs,9,2,2,1,0,0,1
340,333,Sean Elliott,1996-97,November,San Antonio Spurs,Golden State Warriors,6,1,4,2,0,0,1
341,316,Vinny Del Negro,1996-97,November,San Antonio Spurs,Golden State Warriors,14,3,4,1,0,2,2
343,319,Andrew DeClercq,1996-97,November,Golden State Warriors,San Antonio Spurs,0,0,2,0,0,1,2
345,334,Will Perdue,1996-97,November,San Antonio Spurs,Golden State Warriors,5,2,6,4,0,1,1
347,314,Latrell Sprewell,1996-97,November,Golden State Warriors,San Antonio Spurs,20,4,3,1,2,1,2
348,347,Latrell Sprewell,1996-97,November,Golden State Warriors,San Antonio Spurs,20,4,3,1,2,2,2
350,343,Andrew DeClercq,1996-97,November,Golden State Warriors,San Antonio Spurs,0,0,3,0,0,1,2
351,339,Bimbo Coles,1996-97,November,Golden State Warriors,San Antonio Spurs,12,2,2,1,0,0,1
352,338,B.J. Armstrong,1996-97,November,Golden State Warriors,San Antonio Spurs,14,4,3,0,2,1,2
353,345,Will Perdue,1996-97,November,San Antonio Spurs,Golden State Warriors,5,2,6,4,0,2,1
355,331,Avery Johnson,1996-97,November,San Antonio Spurs,Golden State Warriors,13,7,1,0,3,1,3
356,340,Sean Elliott,1996-97,November,San Antonio Spurs,Golden State Warriors,8,1,4,2,0,0,1
357,355,Avery Johnson,1996-97,November,San Antonio Spurs,Golden State Warriors,13,8,1,0,3,1,3
359,330,Joe Smith,1996-97,November,Golden State Warriors,San Antonio Spurs,17,3,9,1,1,2,2
361,353,Will Perdue,1996-97,November,San Antonio Spurs,Golden State Warriors,5,2,7,4,0,2,1
362,361,Will Perdue,1996-97,November,San Antonio Spurs,Golden State Warriors,7,2,7,4,0,2,1
363,350,Andrew DeClercq,1996-97,November,Golden State Warriors,San Antonio Spurs,0,0,3,0,0,2,2
364,363,Andrew DeClercq,1996-97,November,Golden State Warriors,San Antonio Spurs,0,0,3,0,0,2,3
365,356,Sean Elliott,1996-97,November,San Antonio Spurs,Golden State Warriors,9,1,4,2,0,0,1
366,365,Sean Elliott,1996-97,November,San Antonio Spurs,Golden State Warriors,10,1,4,2,0,0,1
368,366,Sean Elliott,1996-97,November,San Antonio Spurs,Golden State Warriors,12,1,4,2,0,0,1
369,341,Vinny Del Negro,1996-97,November,San Antonio Spurs,Golden State Warriors,14,4,4,1,0,2,2
370,325,Chris Mullin,1996-97,November,Golden State Warriors,San Antonio Spurs,13,3,5,2,1,2,3
371,352,B.J. Armstrong,1996-97,November,Golden State Warriors,San Antonio Spurs,14,5,3,0,2,1,2
372,369,Vinny Del Negro,1996-97,November,San Antonio Spurs,Golden State Warriors,16,4,4,1,0,2,2
373,357,Avery Johnson,1996-97,November,San Antonio Spurs,Golden State Warriors,13,9,1,0,3,1,3
375,232,Vernon Maxwell,1996-97,November,San Antonio Spurs,Golden State Warriors,12,3,5,0,0,3,2
377,348,Latrell Sprewell,1996-97,November,Golden State Warriors,San Antonio Spurs,20,4,4,1,2,2,2
378,362,Will Perdue,1996-97,November,San Antonio Spurs,Golden State Warriors,7,2,7,4,0,2,2
379,371,B.J. Armstrong,1996-97,November,Golden State Warriors,San Antonio Spurs,15,5,3,0,2,1,2
380,379,B.J. Armstrong,1996-97,November,Golden State Warriors,San Antonio Spurs,16,5,3,0,2,1,2
381,368,Sean Elliott,1996-97,November,San Antonio Spurs,Golden State Warriors,14,1,4,2,0,0,1
383,301,Dominique Wilkins,1996-97,November,San Antonio Spurs,Golden State Warriors,11,2,6,0,1,2,1
384,375,Vernon Maxwell,1996-97,November,San Antonio Spurs,Golden State Warriors,12,3,5,0,0,4,2
385,370,Chris Mullin,1996-97,November,Golden State Warriors,San Antonio Spurs,13,3,5,2,2,2,3
387,381,Sean Elliott,1996-97,November,San Antonio Spurs,Golden State Warriors,14,1,4,3,0,0,1
388,372,Vinny Del Negro,1996-97,November,San Antonio Spurs,Golden State Warriors,16,4,4,1,0,2,3
389,380,B.J. Armstrong,1996-97,November,Golden State Warriors,San Antonio Spurs,17,5,3,0,2,1,2
391,383,Dominique Wilkins,1996-97,November,San Antonio Spurs,Golden State Warriors,11,2,7,0,1,2,1
392,373,Avery Johnson,1996-97,November,San Antonio Spurs,Golden State Warriors,15,9,1,0,3,1,3
393,389,B.J. Armstrong,1996-97,November,Golden State Warriors,San Antonio Spurs,20,5,3,0,2,1,2
394,251,Mark Price,1996-97,November,Golden State Warriors,San Antonio Spurs,5,2,2,0,1,2,3
395,392,Avery Johnson,1996-97,November,San Antonio Spurs,Golden State Warriors,17,9,1,0,3,1,3
396,385,Chris Mullin,1996-97,November,Golden State Warriors,San Antonio Spurs,15,3,5,2,2,2,3
397,393,B.J. Armstrong,1996-97,November,Golden State Warriors,San Antonio Spurs,20,6,3,0,2,1,2
399,377,Latrell Sprewell,1996-97,November,Golden State Warriors,San Antonio Spurs,20,4,5,1,2,2,2
400,394,Mark Price,1996-97,November,Golden State Warriors,San Antonio Spurs,5,2,2,0,1,3,3
401,395,Avery Johnson,1996-97,November,San Antonio Spurs,Golden State Warriors,17,9,1,0,4,1,3
402,384,Vernon Maxwell,1996-97,November,San Antonio Spurs,Golden State Warriors,14,3,5,0,0,4,2
403,388,Vinny Del Negro,1996-97,November,San Antonio Spurs,Golden State Warriors,16,5,4,1,0,2,3
404,402,Vernon Maxwell,1996-97,November,San Antonio Spurs,Golden State Warriors,14,3,5,0,0,4,3
406,387,Sean Elliott,1996-97,November,San Antonio Spurs,Golden State Warriors,14,1,5,3,0,0,1
407,404,Vernon Maxwell,1996-97,November,San Antonio Spurs,Golden State Warriors,17,3,5,0,0,4,3
408,131,Cory Alexander,1996-97,November,San Antonio Spurs,Golden State Warriors,3,2,0,0,0,1,0
409,407,Vernon Maxwell,1996-97,November,San Antonio Spurs,Golden State Warriors,17,3,5,0,0,4,4
411,400,Mark Price,1996-97,November,Golden State Warriors,San Antonio Spurs,6,2,2,0,1,3,3
413,359,Joe Smith,1996-97,November,Golden State Warriors,San Antonio Spurs,17,3,10,1,1,2,2
414,409,Vernon Maxwell,1996-97,November,San Antonio Spurs,Golden State Warriors,17,3,5,0,0,4,5
415,397,B.J. Armstrong,1996-97,November,Golden State Warriors,San Antonio Spurs,21,6,3,0,2,1,2
416,415,B.J. Armstrong,1996-97,November,Golden State Warriors,San Antonio Spurs,22,6,3,0,2,1,2
418,413,Joe Smith,1996-97,November,Golden State Warriors,San Antonio Spurs,17,3,11,1,1,2,2
419,418,Joe Smith,1996-97,November,Golden State Warriors,San Antonio Spurs,17,3,11,1,1,3,2
420,408,Cory Alexander,1996-97,November,San Antonio Spurs,Golden State Warriors,3,2,0,0,1,1,0
422,419,Joe Smith,1996-97,November,Golden State Warriors,San Antonio Spurs,17,3,11,2,1,3,2
423,399,Latrell Sprewell,1996-97,November,Golden State Warriors,San Antonio Spurs,20,4,6,1,2,2,2
424,351,Bimbo Coles,1996-97,November,Golden State Warriors,San Antonio Spurs,12,2,2,1,0,1,1
425,420,Cory Alexander,1996-97,November,San Antonio Spurs,Golden State Warriors,3,2,0,0,2,1,0
427,120,Monty Williams,1996-97,November,San Antonio Spurs,Golden State Warriors,2,0,1,0,0,0,2
428,423,Latrell Sprewell,1996-97,November,Golden State Warriors,San Antonio Spurs,20,4,6,1,2,2,3
430,427,Monty Williams,1996-97,November,San Antonio Spurs,Golden State Warriors,3,0,1,0,0,0,2
431,406,Sean Elliott,1996-97,November,San Antonio Spurs,Golden State Warriors,14,1,5,3,0,0,2
432,416,B.J. Armstrong,1996-97,November,Golden State Warriors,San Antonio Spurs,23,6,3,0,2,1,2
433,432,B.J. Armstrong,1996-97,November,Golden State Warriors,San Antonio Spurs,24,6,3,0,2,1,2
434,425,Cory Alexander,1996-97,November,San Antonio Spurs,Golden State Warriors,5,2,0,0,2,1,0
