id,previous_id,player,season,month,team,opponent_team,points,assists,rebounds,blocks,steals,turnovers,personal fouls
2,0,Shawn Bradley,1996-97,November,New Jersey Nets,Detroit Pistons,0,0,1,0,0,0,0
3,0,Jayson Williams,1996-97,November,New Jersey Nets,Detroit Pistons,2,0,0,0,0,0,0
4,0,Kendall Gill,1996-97,November,New Jersey Nets,Detroit Pistons,0,1,0,0,0,0,0
5,0,Otis Thorpe,1996-97,November,Detroit Pistons,New Jersey Nets,2,0,0,0,0,0,0
6,0,Grant Hill,1996-97,November,Detroit Pistons,New Jersey Nets,0,1,0,0,0,0,0
7,3,Jayson Williams,1996-97,November,New Jersey Nets,Detroit Pistons,4,0,0,0,0,0,0
8,0,Kerry Kittles,1996-97,November,New Jersey Nets,Detroit Pistons,0,1,0,0,0,0,0
10,7,Jayson Williams,1996-97,November,New Jersey Nets,Detroit Pistons,4,0,1,0,0,0,0
11,0,Robert Pack,1996-97,November,New Jersey Nets,Detroit Pistons,0,0,0,0,0,1,0
13,2,Shawn Bradley,1996-97,November,New Jersey Nets,Detroit Pistons,0,0,1,1,0,0,0
14,10,Jayson Williams,1996-97,November,New Jersey Nets,Detroit Pistons,4,0,2,0,0,0,0
15,13,Shawn Bradley,1996-97,November,New Jersey Nets,Detroit Pistons,2,0,1,1,0,0,0
16,11,Robert Pack,1996-97,November,New Jersey Nets,Detroit Pistons,0,1,0,0,0,1,0
18,8,Kerry Kittles,1996-97,November,New Jersey Nets,Detroit Pistons,0,1,1,0,0,0,0
19,18,Kerry Kittles,1996-97,November,New Jersey Nets,Detroit Pistons,0,1,1,0,0,1,0
20,0,Lindsey Hunter,1996-97,November,Detroit Pistons,New Jersey Nets,0,0,0,0,1,0,0
21,15,Shawn Bradley,1996-97,November,New Jersey Nets,Detroit Pistons,2,0,1,1,0,0,1
22,20,Lindsey Hunter,1996-97,November,Detroit Pistons,New Jersey Nets,1,0,0,0,1,0,0
23,22,Lindsey Hunter,1996-97,November,Detroit Pistons,New Jersey Nets,2,0,0,0,1,0,0
24,21,Shawn Bradley,1996-97,November,New Jersey Nets,Detroit Pistons,4,0,1,1,0,0,1
25,19,Kerry Kittles,1996-97,November,New Jersey Nets,Detroit Pistons,0,2,1,0,0,1,0
26,6,Grant Hill,1996-97,November,Detroit Pistons,New Jersey Nets,0,1,0,0,0,1,0
27,4,Kendall Gill,1996-97,November,New Jersey Nets,Detroit Pistons,0,1,0,0,1,0,0
30,14,Jayson Williams,1996-97,November,New Jersey Nets,Detroit Pistons,4,0,3,0,0,0,0
31,27,Kendall Gill,1996-97,November,New Jersey Nets,Detroit Pistons,2,1,0,0,1,0,0
32,26,Grant Hill,1996-97,November,Detroit Pistons,New Jersey Nets,2,1,0,0,0,1,0
33,24,Shawn Bradley,1996-97,November,New Jersey Nets,Detroit Pistons,6,0,1,1,0,0,1
34,16,Robert Pack,1996-97,November,New Jersey Nets,Detroit Pistons,0,2,0,0,0,1,0
36,5,Otis Thorpe,1996-97,November,Detroit Pistons,New Jersey Nets,2,0,1,0,0,0,0
38,30,Jayson Williams,1996-97,November,New Jersey Nets,Detroit Pistons,4,0,4,0,0,0,0
39,34,Robert Pack,1996-97,November,New Jersey Nets,Detroit Pistons,2,2,0,0,0,1,0
41,36,Otis Thorpe,1996-97,November,Detroit Pistons,New Jersey Nets,2,0,2,0,0,0,0
43,0,Joe Dumars,1996-97,November,Detroit Pistons,New Jersey Nets,2,0,0,0,0,0,0
44,32,Grant Hill,1996-97,November,Detroit Pistons,New Jersey Nets,2,2,0,0,0,1,0
45,39,Robert Pack,1996-97,November,New Jersey Nets,Detroit Pistons,2,2,0,0,0,2,0
46,44,Grant Hill,1996-97,November,Detroit Pistons,New Jersey Nets,2,2,0,0,1,1,0
47,46,Grant Hill,1996-97,November,Detroit Pistons,New Jersey Nets,4,2,0,0,1,1,0
48,31,Kendall Gill,1996-97,November,New Jersey Nets,Detroit Pistons,4,1,0,0,1,0,0
49,43,Joe Dumars,1996-97,November,Detroit Pistons,New Jersey Nets,4,0,0,0,0,0,0
50,47,Grant Hill,1996-97,November,Detroit Pistons,New Jersey Nets,4,3,0,0,1,1,0
51,38,Jayson Williams,1996-97,November,New Jersey Nets,Detroit Pistons,6,0,4,0,0,0,0
52,41,Otis Thorpe,1996-97,November,Detroit Pistons,New Jersey Nets,2,0,2,0,0,0,1
54,50,Grant Hill,1996-97,November,Detroit Pistons,New Jersey Nets,4,3,1,0,1,1,0
56,52,Otis Thorpe,1996-97,November,Detroit Pistons,New Jersey Nets,2,0,3,0,0,0,1
57,56,Otis Thorpe,1996-97,November,Detroit Pistons,New Jersey Nets,4,0,3,0,0,0,1
58,51,Jayson Williams,1996-97,November,New Jersey Nets,Detroit Pistons,8,0,4,0,0,0,0
59,25,Kerry Kittles,1996-97,November,New Jersey Nets,Detroit Pistons,0,3,1,0,0,1,0
60,45,Robert Pack,1996-97,November,New Jersey Nets,Detroit Pistons,2,2,0,0,0,2,1
61,49,Joe Dumars,1996-97,November,Detroit Pistons,New Jersey Nets,5,0,0,0,0,0,0
62,61,Joe Dumars,1996-97,November,Detroit Pistons,New Jersey Nets,6,0,0,0,0,0,0
63,60,Robert Pack,1996-97,November,New Jersey Nets,Detroit Pistons,4,2,0,0,0,2,1
64,58,Jayson Williams,1996-97,November,New Jersey Nets,Detroit Pistons,8,1,4,0,0,0,0
65,59,Kerry Kittles,1996-97,November,New Jersey Nets,Detroit Pistons,0,3,1,0,0,1,1
66,62,Joe Dumars,1996-97,November,Detroit Pistons,New Jersey Nets,7,0,0,0,0,0,0
67,66,Joe Dumars,1996-97,November,Detroit Pistons,New Jersey Nets,8,0,0,0,0,0,0
68,64,Jayson Williams,1996-97,November,New Jersey Nets,Detroit Pistons,10,1,4,0,0,0,0
69,63,Robert Pack,1996-97,November,New Jersey Nets,Detroit Pistons,4,3,0,0,0,2,1
71,68,Jayson Williams,1996-97,November,New Jersey Nets,Detroit Pistons,10,1,5,0,0,0,0
72,23,Lindsey Hunter,1996-97,November,Detroit Pistons,New Jersey Nets,2,0,0,0,1,0,1
74,0,Theo Ratliff,1996-97,November,Detroit Pistons,New Jersey Nets,0,0,1,0,0,0,0
75,54,Grant Hill,1996-97,November,Detroit Pistons,New Jersey Nets,6,3,1,0,1,1,0
76,69,Robert Pack,1996-97,November,New Jersey Nets,Detroit Pistons,4,3,0,0,0,3,1
77,65,Kerry Kittles,1996-97,November,New Jersey Nets,Detroit Pistons,0,3,1,0,0,1,2
79,72,Lindsey Hunter,1996-97,November,Detroit Pistons,New Jersey Nets,3,0,0,0,1,0,1
80,0,Khalid Reeves,1996-97,November,New Jersey Nets,Detroit Pistons,0,0,0,0,0,1,0
81,79,Lindsey Hunter,1996-97,November,Detroit Pistons,New Jersey Nets,3,0,0,0,2,0,1
82,81,Lindsey Hunter,1996-97,November,Detroit Pistons,New Jersey Nets,5,0,0,0,2,0,1
84,82,Lindsey Hunter,1996-97,November,Detroit Pistons,New Jersey Nets,5,0,1,0,2,0,1
85,0,Don Reid,1996-97,November,Detroit Pistons,New Jersey Nets,2,0,0,0,0,0,0
86,84,Lindsey Hunter,1996-97,November,Detroit Pistons,New Jersey Nets,5,1,1,0,2,0,1
87,48,Kendall Gill,1996-97,November,New Jersey Nets,Detroit Pistons,4,1,0,0,1,1,0
88,0,Michael Curry,1996-97,November,Detroit Pistons,New Jersey Nets,0,0,0,0,1,0,0
89,75,Grant Hill,1996-97,November,Detroit Pistons,New Jersey Nets,8,3,1,0,1,1,0
90,86,Lindsey Hunter,1996-97,November,Detroit Pistons,New Jersey Nets,5,2,1,0,2,0,1
91,87,Kendall Gill,1996-97,November,New Jersey Nets,Detroit Pistons,6,1,0,0,1,1,0
92,76,Robert Pack,1996-97,November,New Jersey Nets,Detroit Pistons,4,4,0,0,0,3,1
94,85,Don Reid,1996-97,November,Detroit Pistons,New Jersey Nets,2,0,1,0,0,0,0
96,71,Jayson Williams,1996-97,November,New Jersey Nets,Detroit Pistons,10,1,6,0,0,0,0
98,88,Michael Curry,1996-97,November,Detroit Pistons,New Jersey Nets,0,0,1,0,1,0,0
99,0,Tony Massenburg,1996-97,November,New Jersey Nets,Detroit Pistons,0,0,0,0,0,0,1
100,98,Michael Curry,1996-97,November,Detroit Pistons,New Jersey Nets,1,0,1,0,1,0,0
101,100,Michael Curry,1996-97,November,Detroit Pistons,New Jersey Nets,2,0,1,0,1,0,0
102,80,Khalid Reeves,1996-97,November,New Jersey Nets,Detroit Pistons,0,0,0,0,0,2,0
104,101,Michael Curry,1996-97,November,Detroit Pistons,New Jersey Nets,2,0,2,0,1,0,0
105,94,Don Reid,1996-97,November,Detroit Pistons,New Jersey Nets,4,0,1,0,0,0,0
106,0,Kenny Smith,1996-97,November,Detroit Pistons,New Jersey Nets,0,1,0,0,0,0,0
108,106,Kenny Smith,1996-97,November,Detroit Pistons,New Jersey Nets,0,1,1,0,0,0,0
110,74,Theo Ratliff,1996-97,November,Detroit Pistons,New Jersey Nets,0,0,1,1,0,0,0
111,108,Kenny Smith,1996-97,November,Detroit Pistons,New Jersey Nets,0,1,2,0,0,0,0
113,33,Shawn Bradley,1996-97,November,New Jersey Nets,Detroit Pistons,6,0,2,1,0,0,1
114,77,Kerry Kittles,1996-97,November,New Jersey Nets,Detroit Pistons,2,3,1,0,0,1,2
115,0,Reggie Williams,1996-97,November,New Jersey Nets,Detroit Pistons,0,1,0,0,0,0,0
116,115,Reggie Williams,1996-97,November,New Jersey Nets,Detroit Pistons,0,1,0,0,0,0,1
117,0,Stacey Augmon,1996-97,November,Detroit Pistons,New Jersey Nets,1,0,0,0,0,0,0
118,117,Stacey Augmon,1996-97,November,Detroit Pistons,New Jersey Nets,2,0,0,0,0,0,0
119,104,Michael Curry,1996-97,November,Detroit Pistons,New Jersey Nets,2,0,2,0,1,0,1
121,110,Theo Ratliff,1996-97,November,Detroit Pistons,New Jersey Nets,0,0,2,1,0,0,0
122,121,Theo Ratliff,1996-97,November,Detroit Pistons,New Jersey Nets,0,0,2,1,0,1,0
123,105,Don Reid,1996-97,November,Detroit Pistons,New Jersey Nets,4,0,1,0,0,0,1
124,96,Jayson Williams,1996-97,November,New Jersey Nets,Detroit Pistons,11,1,6,0,0,0,0
125,124,Jayson Williams,1996-97,November,New Jersey Nets,Detroit Pistons,12,1,6,0,0,0,0
126,118,Stacey Augmon,1996-97,November,Detroit Pistons,New Jersey Nets,4,0,0,0,0,0,0
128,0,Grant Long,1996-97,November,Detroit Pistons,New Jersey Nets,2,0,0,0,0,0,0
129,126,Stacey Augmon,1996-97,November,Detroit Pistons,New Jersey Nets,4,1,0,0,0,0,0
130,129,Stacey Augmon,1996-97,November,Detroit Pistons,New Jersey Nets,4,1,0,0,0,0,1
131,113,Shawn Bradley,1996-97,November,New Jersey Nets,Detroit Pistons,7,0,2,1,0,0,1
132,131,Shawn Bradley,1996-97,November,New Jersey Nets,Detroit Pistons,8,0,2,1,0,0,1
134,122,Theo Ratliff,1996-97,November,Detroit Pistons,New Jersey Nets,0,0,3,1,0,1,0
135,130,Stacey Augmon,1996-97,November,Detroit Pistons,New Jersey Nets,4,1,0,0,0,1,1
136,91,Kendall Gill,1996-97,November,New Jersey Nets,Detroit Pistons,9,1,0,0,1,1,0
137,125,Jayson Williams,1996-97,November,New Jersey Nets,Detroit Pistons,12,2,6,0,0,0,0
139,136,Kendall Gill,1996-97,November,New Jersey Nets,Detroit Pistons,9,1,1,0,1,1,0
141,119,Michael Curry,1996-97,November,Detroit Pistons,New Jersey Nets,2,0,3,0,1,0,1
142,128,Grant Long,1996-97,November,Detroit Pistons,New Jersey Nets,5,0,0,0,0,0,0
143,135,Stacey Augmon,1996-97,November,Detroit Pistons,New Jersey Nets,4,2,0,0,0,1,1
144,114,Kerry Kittles,1996-97,November,New Jersey Nets,Detroit Pistons,5,3,1,0,0,1,2
145,139,Kendall Gill,1996-97,November,New Jersey Nets,Detroit Pistons,9,2,1,0,1,1,0
146,142,Grant Long,1996-97,November,Detroit Pistons,New Jersey Nets,8,0,0,0,0,0,0
147,143,Stacey Augmon,1996-97,November,Detroit Pistons,New Jersey Nets,4,3,0,0,0,1,1
148,92,Robert Pack,1996-97,November,New Jersey Nets,Detroit Pistons,6,4,0,0,0,3,1
149,147,Stacey Augmon,1996-97,November,Detroit Pistons,New Jersey Nets,4,3,0,0,0,2,1
150,144,Kerry Kittles,1996-97,November,New Jersey Nets,Detroit Pistons,5,3,1,0,1,1,2
151,150,Kerry Kittles,1996-97,November,New Jersey Nets,Detroit Pistons,7,3,1,0,1,1,2
152,148,Robert Pack,1996-97,November,New Jersey Nets,Detroit Pistons,6,5,0,0,0,3,1
153,57,Otis Thorpe,1996-97,November,Detroit Pistons,New Jersey Nets,4,0,3,0,0,1,1
155,145,Kendall Gill,1996-97,November,New Jersey Nets,Detroit Pistons,9,2,2,0,1,1,0
157,146,Grant Long,1996-97,November,Detroit Pistons,New Jersey Nets,8,0,1,0,0,0,0
159,137,Jayson Williams,1996-97,November,New Jersey Nets,Detroit Pistons,12,2,7,0,0,0,0
161,159,Jayson Williams,1996-97,November,New Jersey Nets,Detroit Pistons,12,2,8,0,0,0,0
163,161,Jayson Williams,1996-97,November,New Jersey Nets,Detroit Pistons,12,2,9,0,0,0,0
164,163,Jayson Williams,1996-97,November,New Jersey Nets,Detroit Pistons,12,2,9,0,0,1,0
165,153,Otis Thorpe,1996-97,November,Detroit Pistons,New Jersey Nets,6,0,3,0,0,1,1
166,89,Grant Hill,1996-97,November,Detroit Pistons,New Jersey Nets,8,4,1,0,1,1,0
167,132,Shawn Bradley,1996-97,November,New Jersey Nets,Detroit Pistons,8,0,2,1,0,0,2
168,167,Shawn Bradley,1996-97,November,New Jersey Nets,Detroit Pistons,8,0,2,1,0,1,2
169,168,Shawn Bradley,1996-97,November,New Jersey Nets,Detroit Pistons,8,0,2,1,0,1,2
170,67,Joe Dumars,1996-97,November,Detroit Pistons,New Jersey Nets,9,0,0,0,0,0,0
171,170,Joe Dumars,1996-97,November,Detroit Pistons,New Jersey Nets,12,0,0,0,0,0,0
172,166,Grant Hill,1996-97,November,Detroit Pistons,New Jersey Nets,8,5,1,0,1,1,0
174,165,Otis Thorpe,1996-97,November,Detroit Pistons,New Jersey Nets,6,0,4,0,0,1,1
176,164,Jayson Williams,1996-97,November,New Jersey Nets,Detroit Pistons,12,2,10,0,0,1,0
178,157,Grant Long,1996-97,November,Detroit Pistons,New Jersey Nets,8,0,2,0,0,0,0
179,174,Otis Thorpe,1996-97,November,Detroit Pistons,New Jersey Nets,8,0,4,0,0,1,1
180,172,Grant Hill,1996-97,November,Detroit Pistons,New Jersey Nets,8,6,1,0,1,1,0
183,176,Jayson Williams,1996-97,November,New Jersey Nets,Detroit Pistons,12,2,11,0,0,1,0
184,169,Shawn Bradley,1996-97,November,New Jersey Nets,Detroit Pistons,10,0,2,1,0,1,2
185,102,Khalid Reeves,1996-97,November,New Jersey Nets,Detroit Pistons,0,1,0,0,0,2,0
186,180,Grant Hill,1996-97,November,Detroit Pistons,New Jersey Nets,8,6,1,0,1,2,0
187,155,Kendall Gill,1996-97,November,New Jersey Nets,Detroit Pistons,9,2,2,0,2,1,0
189,179,Otis Thorpe,1996-97,November,Detroit Pistons,New Jersey Nets,10,0,4,0,0,1,1
190,185,Khalid Reeves,1996-97,November,New Jersey Nets,Detroit Pistons,3,1,0,0,0,2,0
191,152,Robert Pack,1996-97,November,New Jersey Nets,Detroit Pistons,6,6,0,0,0,3,1
192,171,Joe Dumars,1996-97,November,Detroit Pistons,New Jersey Nets,15,0,0,0,0,0,0
193,189,Otis Thorpe,1996-97,November,Detroit Pistons,New Jersey Nets,10,1,4,0,0,1,1
195,90,Lindsey Hunter,1996-97,November,Detroit Pistons,New Jersey Nets,5,2,1,1,2,0,1
196,184,Shawn Bradley,1996-97,November,New Jersey Nets,Detroit Pistons,10,0,3,1,0,1,2
198,178,Grant Long,1996-97,November,Detroit Pistons,New Jersey Nets,8,0,3,0,0,0,0
199,187,Kendall Gill,1996-97,November,New Jersey Nets,Detroit Pistons,12,2,2,0,2,1,0
201,195,Lindsey Hunter,1996-97,November,Detroit Pistons,New Jersey Nets,5,2,1,1,2,0,2
203,199,Kendall Gill,1996-97,November,New Jersey Nets,Detroit Pistons,14,2,2,0,2,1,0
204,196,Shawn Bradley,1996-97,November,New Jersey Nets,Detroit Pistons,10,1,3,1,0,1,2
205,201,Lindsey Hunter,1996-97,November,Detroit Pistons,New Jersey Nets,7,2,1,1,2,0,2
207,204,Shawn Bradley,1996-97,November,New Jersey Nets,Detroit Pistons,10,1,4,1,0,1,2
208,193,Otis Thorpe,1996-97,November,Detroit Pistons,New Jersey Nets,10,1,4,0,0,1,2
210,207,Shawn Bradley,1996-97,November,New Jersey Nets,Detroit Pistons,11,1,4,1,0,1,2
211,205,Lindsey Hunter,1996-97,November,Detroit Pistons,New Jersey Nets,10,2,1,1,2,0,2
212,186,Grant Hill,1996-97,November,Detroit Pistons,New Jersey Nets,8,7,1,0,1,2,0
213,191,Robert Pack,1996-97,November,New Jersey Nets,Detroit Pistons,6,6,0,0,0,4,1
215,198,Grant Long,1996-97,November,Detroit Pistons,New Jersey Nets,8,0,4,0,0,0,0
216,215,Grant Long,1996-97,November,Detroit Pistons,New Jersey Nets,10,0,4,0,0,0,0
218,183,Jayson Williams,1996-97,November,New Jersey Nets,Detroit Pistons,12,2,12,0,0,1,0
219,218,Jayson Williams,1996-97,November,New Jersey Nets,Detroit Pistons,14,2,12,0,0,1,0
221,219,Jayson Williams,1996-97,November,New Jersey Nets,Detroit Pistons,14,2,12,1,0,1,0
222,221,Jayson Williams,1996-97,November,New Jersey Nets,Detroit Pistons,14,2,13,1,0,1,0
224,208,Otis Thorpe,1996-97,November,Detroit Pistons,New Jersey Nets,10,1,5,0,0,1,2
226,222,Jayson Williams,1996-97,November,New Jersey Nets,Detroit Pistons,14,2,14,1,0,1,0
227,216,Grant Long,1996-97,November,Detroit Pistons,New Jersey Nets,10,0,4,0,0,0,1
228,210,Shawn Bradley,1996-97,November,New Jersey Nets,Detroit Pistons,13,1,4,1,0,1,2
230,228,Shawn Bradley,1996-97,November,New Jersey Nets,Detroit Pistons,13,1,5,1,0,1,2
232,224,Otis Thorpe,1996-97,November,Detroit Pistons,New Jersey Nets,10,1,6,0,0,1,2
234,230,Shawn Bradley,1996-97,November,New Jersey Nets,Detroit Pistons,13,1,5,2,0,1,2
235,203,Kendall Gill,1996-97,November,New Jersey Nets,Detroit Pistons,14,2,3,0,2,1,0
237,232,Otis Thorpe,1996-97,November,Detroit Pistons,New Jersey Nets,10,1,7,0,0,1,2
238,151,Kerry Kittles,1996-97,November,New Jersey Nets,Detroit Pistons,7,3,1,0,1,1,3
239,212,Grant Hill,1996-97,November,Detroit Pistons,New Jersey Nets,9,7,1,0,1,2,0
240,239,Grant Hill,1996-97,November,Detroit Pistons,New Jersey Nets,10,7,1,0,1,2,0
242,240,Grant Hill,1996-97,November,Detroit Pistons,New Jersey Nets,10,7,2,0,1,2,0
244,235,Kendall Gill,1996-97,November,New Jersey Nets,Detroit Pistons,14,2,4,0,2,1,0
245,226,Jayson Williams,1996-97,November,New Jersey Nets,Detroit Pistons,16,2,14,1,0,1,0
246,238,Kerry Kittles,1996-97,November,New Jersey Nets,Detroit Pistons,7,4,1,0,1,1,3
247,242,Grant Hill,1996-97,November,Detroit Pistons,New Jersey Nets,12,7,2,0,1,2,0
248,213,Robert Pack,1996-97,November,New Jersey Nets,Detroit Pistons,8,6,0,0,0,4,1
249,244,Kendall Gill,1996-97,November,New Jersey Nets,Detroit Pistons,14,3,4,0,2,1,0
250,211,Lindsey Hunter,1996-97,November,Detroit Pistons,New Jersey Nets,12,2,1,1,2,0,2
251,250,Lindsey Hunter,1996-97,November,Detroit Pistons,New Jersey Nets,12,2,1,1,2,0,3
252,248,Robert Pack,1996-97,November,New Jersey Nets,Detroit Pistons,11,6,0,0,0,4,1
253,246,Kerry Kittles,1996-97,November,New Jersey Nets,Detroit Pistons,7,5,1,0,1,1,3
255,134,Theo Ratliff,1996-97,November,Detroit Pistons,New Jersey Nets,0,0,3,1,0,1,1
256,252,Robert Pack,1996-97,November,New Jersey Nets,Detroit Pistons,13,6,0,0,0,4,1
258,245,Jayson Williams,1996-97,November,New Jersey Nets,Detroit Pistons,16,2,15,1,0,1,0
259,256,Robert Pack,1996-97,November,New Jersey Nets,Detroit Pistons,13,6,0,0,0,4,2
260,259,Robert Pack,1996-97,November,New Jersey Nets,Detroit Pistons,13,6,0,0,0,5,2
262,255,Theo Ratliff,1996-97,November,Detroit Pistons,New Jersey Nets,0,0,3,1,0,1,2
264,258,Jayson Williams,1996-97,November,New Jersey Nets,Detroit Pistons,17,2,15,1,0,1,0
265,260,Robert Pack,1996-97,November,New Jersey Nets,Detroit Pistons,13,6,0,0,0,5,3
266,249,Kendall Gill,1996-97,November,New Jersey Nets,Detroit Pistons,14,3,4,0,2,1,1
267,247,Grant Hill,1996-97,November,Detroit Pistons,New Jersey Nets,13,7,2,0,1,2,0
269,123,Don Reid,1996-97,November,Detroit Pistons,New Jersey Nets,4,0,2,0,0,0,1
271,266,Kendall Gill,1996-97,November,New Jersey Nets,Detroit Pistons,14,3,5,0,2,1,1
272,264,Jayson Williams,1996-97,November,New Jersey Nets,Detroit Pistons,19,2,15,1,0,1,0
273,271,Kendall Gill,1996-97,November,New Jersey Nets,Detroit Pistons,14,4,5,0,2,1,1
275,267,Grant Hill,1996-97,November,Detroit Pistons,New Jersey Nets,13,7,3,0,1,2,0
277,273,Kendall Gill,1996-97,November,New Jersey Nets,Detroit Pistons,14,4,6,0,2,1,1
278,277,Kendall Gill,1996-97,November,New Jersey Nets,Detroit Pistons,14,4,6,0,2,1,2
279,278,Kendall Gill,1996-97,November,New Jersey Nets,Detroit Pistons,14,4,6,0,2,2,2
280,0,Terry Mills,1996-97,November,Detroit Pistons,New Jersey Nets,2,0,0,0,0,0,0
282,99,Tony Massenburg,1996-97,November,New Jersey Nets,Detroit Pistons,0,0,1,0,0,0,1
283,282,Tony Massenburg,1996-97,November,New Jersey Nets,Detroit Pistons,0,0,1,0,0,1,1
284,269,Don Reid,1996-97,November,Detroit Pistons,New Jersey Nets,4,0,2,0,1,0,1
285,284,Don Reid,1996-97,November,Detroit Pistons,New Jersey Nets,6,0,2,0,1,0,1
286,192,Joe Dumars,1996-97,November,Detroit Pistons,New Jersey Nets,15,1,0,0,0,0,0
288,280,Terry Mills,1996-97,November,Detroit Pistons,New Jersey Nets,2,0,1,0,0,0,0
290,279,Kendall Gill,1996-97,November,New Jersey Nets,Detroit Pistons,14,4,7,0,2,2,2
292,288,Terry Mills,1996-97,November,Detroit Pistons,New Jersey Nets,2,0,2,0,0,0,0
293,275,Grant Hill,1996-97,November,Detroit Pistons,New Jersey Nets,13,7,3,0,1,3,0
294,265,Robert Pack,1996-97,November,New Jersey Nets,Detroit Pistons,13,6,0,0,1,5,3
296,149,Stacey Augmon,1996-97,November,Detroit Pistons,New Jersey Nets,4,3,1,0,0,2,1
297,296,Stacey Augmon,1996-97,November,Detroit Pistons,New Jersey Nets,4,3,1,0,0,3,1
298,290,Kendall Gill,1996-97,November,New Jersey Nets,Detroit Pistons,16,4,7,0,2,2,2
299,294,Robert Pack,1996-97,November,New Jersey Nets,Detroit Pistons,13,7,0,0,1,5,3
301,272,Jayson Williams,1996-97,November,New Jersey Nets,Detroit Pistons,19,2,16,1,0,1,0
303,251,Lindsey Hunter,1996-97,November,Detroit Pistons,New Jersey Nets,12,2,2,1,2,0,3
305,297,Stacey Augmon,1996-97,November,Detroit Pistons,New Jersey Nets,4,3,2,0,0,3,1
306,305,Stacey Augmon,1996-97,November,Detroit Pistons,New Jersey Nets,4,3,2,0,0,4,1
308,306,Stacey Augmon,1996-97,November,Detroit Pistons,New Jersey Nets,4,3,2,1,0,4,1
309,292,Terry Mills,1996-97,November,Detroit Pistons,New Jersey Nets,2,0,3,0,0,0,0
310,309,Terry Mills,1996-97,November,Detroit Pistons,New Jersey Nets,2,0,3,0,0,1,0
311,299,Robert Pack,1996-97,November,New Jersey Nets,Detroit Pistons,13,7,0,0,2,5,3
313,303,Lindsey Hunter,1996-97,November,Detroit Pistons,New Jersey Nets,12,2,3,1,2,0,3
314,310,Terry Mills,1996-97,November,Detroit Pistons,New Jersey Nets,2,0,3,0,0,2,0
315,298,Kendall Gill,1996-97,November,New Jersey Nets,Detroit Pistons,18,4,7,0,2,2,2
316,237,Otis Thorpe,1996-97,November,Detroit Pistons,New Jersey Nets,12,1,7,0,0,1,2
317,286,Joe Dumars,1996-97,November,Detroit Pistons,New Jersey Nets,15,2,0,0,0,0,0
318,301,Jayson Williams,1996-97,November,New Jersey Nets,Detroit Pistons,21,2,16,1,0,1,0
319,253,Kerry Kittles,1996-97,November,New Jersey Nets,Detroit Pistons,7,6,1,0,1,1,3
320,314,Terry Mills,1996-97,November,Detroit Pistons,New Jersey Nets,2,0,3,0,0,2,1
321,318,Jayson Williams,1996-97,November,New Jersey Nets,Detroit Pistons,22,2,16,1,0,1,0
322,316,Otis Thorpe,1996-97,November,Detroit Pistons,New Jersey Nets,14,1,7,0,0,1,2
323,293,Grant Hill,1996-97,November,Detroit Pistons,New Jersey Nets,13,8,3,0,1,3,0
325,317,Joe Dumars,1996-97,November,Detroit Pistons,New Jersey Nets,15,2,1,0,0,0,0
326,322,Otis Thorpe,1996-97,November,Detroit Pistons,New Jersey Nets,14,1,7,0,0,1,3
327,326,Otis Thorpe,1996-97,November,Detroit Pistons,New Jersey Nets,14,1,7,0,0,2,3
328,321,Jayson Williams,1996-97,November,New Jersey Nets,Detroit Pistons,24,2,16,1,0,1,0
329,190,Khalid Reeves,1996-97,November,New Jersey Nets,Detroit Pistons,3,2,0,0,0,2,0
331,227,Grant Long,1996-97,November,Detroit Pistons,New Jersey Nets,10,0,5,0,0,0,1
333,328,Jayson Williams,1996-97,November,New Jersey Nets,Detroit Pistons,24,2,17,1,0,1,0
334,327,Otis Thorpe,1996-97,November,Detroit Pistons,New Jersey Nets,14,1,7,0,0,2,4
335,325,Joe Dumars,1996-97,November,Detroit Pistons,New Jersey Nets,15,2,1,0,0,0,1
337,334,Otis Thorpe,1996-97,November,Detroit Pistons,New Jersey Nets,14,1,8,0,0,2,4
339,315,Kendall Gill,1996-97,November,New Jersey Nets,Detroit Pistons,18,4,8,0,2,2,2
341,313,Lindsey Hunter,1996-97,November,Detroit Pistons,New Jersey Nets,12,2,4,1,2,0,3
342,323,Grant Hill,1996-97,November,Detroit Pistons,New Jersey Nets,15,8,3,0,1,3,0
343,283,Tony Massenburg,1996-97,November,New Jersey Nets,Detroit Pistons,2,0,1,0,0,1,1
344,333,Jayson Williams,1996-97,November,New Jersey Nets,Detroit Pistons,24,3,17,1,0,1,0
345,341,Lindsey Hunter,1996-97,November,Detroit Pistons,New Jersey Nets,15,2,4,1,2,0,3
346,331,Grant Long,1996-97,November,Detroit Pistons,New Jersey Nets,10,1,5,0,0,0,1
348,342,Grant Hill,1996-97,November,Detroit Pistons,New Jersey Nets,15,8,4,0,1,3,0
350,116,Reggie Williams,1996-97,November,New Jersey Nets,Detroit Pistons,0,1,1,0,0,0,1
352,343,Tony Massenburg,1996-97,November,New Jersey Nets,Detroit Pistons,2,0,2,0,0,1,1
353,352,Tony Massenburg,1996-97,November,New Jersey Nets,Detroit Pistons,2,0,2,0,0,2,1
354,348,Grant Hill,1996-97,November,Detroit Pistons,New Jersey Nets,15,8,4,0,2,3,0
356,350,Reggie Williams,1996-97,November,New Jersey Nets,Detroit Pistons,0,1,2,0,0,0,1
358,354,Grant Hill,1996-97,November,Detroit Pistons,New Jersey Nets,15,8,5,0,2,3,0
359,344,Jayson Williams,1996-97,November,New Jersey Nets,Detroit Pistons,24,3,17,1,0,1,1
360,358,Grant Hill,1996-97,November,Detroit Pistons,New Jersey Nets,17,8,5,0,2,3,0
361,346,Grant Long,1996-97,November,Detroit Pistons,New Jersey Nets,10,1,5,0,0,0,2
363,360,Grant Hill,1996-97,November,Detroit Pistons,New Jersey Nets,17,8,6,0,2,3,0
365,359,Jayson Williams,1996-97,November,New Jersey Nets,Detroit Pistons,24,3,18,1,0,1,1
366,339,Kendall Gill,1996-97,November,New Jersey Nets,Detroit Pistons,18,4,8,0,2,3,2
367,345,Lindsey Hunter,1996-97,November,Detroit Pistons,New Jersey Nets,15,2,4,1,3,0,3
368,234,Shawn Bradley,1996-97,November,New Jersey Nets,Detroit Pistons,13,1,5,2,0,1,3
369,335,Joe Dumars,1996-97,November,Detroit Pistons,New Jersey Nets,18,2,1,0,0,0,1
370,363,Grant Hill,1996-97,November,Detroit Pistons,New Jersey Nets,17,9,6,0,2,3,0
372,141,Michael Curry,1996-97,November,Detroit Pistons,New Jersey Nets,2,0,4,0,1,0,1
373,319,Kerry Kittles,1996-97,November,New Jersey Nets,Detroit Pistons,7,6,1,0,1,1,4
375,369,Joe Dumars,1996-97,November,Detroit Pistons,New Jersey Nets,19,2,1,0,0,0,1
377,370,Grant Hill,1996-97,November,Detroit Pistons,New Jersey Nets,17,9,7,0,2,3,0
378,373,Kerry Kittles,1996-97,November,New Jersey Nets,Detroit Pistons,7,6,1,0,1,1,5
379,375,Joe Dumars,1996-97,November,Detroit Pistons,New Jersey Nets,20,2,1,0,0,0,1
380,379,Joe Dumars,1996-97,November,Detroit Pistons,New Jersey Nets,21,2,1,0,0,0,1
382,377,Grant Hill,1996-97,November,Detroit Pistons,New Jersey Nets,17,9,8,0,2,3,0
383,366,Kendall Gill,1996-97,November,New Jersey Nets,Detroit Pistons,18,4,8,0,2,3,3
384,380,Joe Dumars,1996-97,November,Detroit Pistons,New Jersey Nets,22,2,1,0,0,0,1
385,384,Joe Dumars,1996-97,November,Detroit Pistons,New Jersey Nets,23,2,1,0,0,0,1
386,378,Kerry Kittles,1996-97,November,New Jersey Nets,Detroit Pistons,10,6,1,0,1,1,5
387,311,Robert Pack,1996-97,November,New Jersey Nets,Detroit Pistons,13,8,0,0,2,5,3
388,387,Robert Pack,1996-97,November,New Jersey Nets,Detroit Pistons,13,8,0,0,2,5,4
389,372,Michael Curry,1996-97,November,Detroit Pistons,New Jersey Nets,3,0,4,0,1,0,1
390,389,Michael Curry,1996-97,November,Detroit Pistons,New Jersey Nets,4,0,4,0,1,0,1
391,386,Kerry Kittles,1996-97,November,New Jersey Nets,Detroit Pistons,13,6,1,0,1,1,5
392,388,Robert Pack,1996-97,November,New Jersey Nets,Detroit Pistons,13,9,0,0,2,5,4
393,361,Grant Long,1996-97,November,Detroit Pistons,New Jersey Nets,10,1,5,0,0,1,2
394,392,Robert Pack,1996-97,November,New Jersey Nets,Detroit Pistons,13,9,0,0,3,5,4
396,285,Don Reid,1996-97,November,Detroit Pistons,New Jersey Nets,6,0,2,1,1,0,1
397,391,Kerry Kittles,1996-97,November,New Jersey Nets,Detroit Pistons,13,6,2,0,1,1,5
399,396,Don Reid,1996-97,November,Detroit Pistons,New Jersey Nets,6,0,3,1,1,0,1
400,394,Robert Pack,1996-97,November,New Jersey Nets,Detroit Pistons,13,9,0,0,3,5,5
401,399,Don Reid,1996-97,November,Detroit Pistons,New Jersey Nets,7,0,3,1,1,0,1
403,390,Michael Curry,1996-97,November,Detroit Pistons,New Jersey Nets,4,0,4,0,1,1,1
404,397,Kerry Kittles,1996-97,November,New Jersey Nets,Detroit Pistons,13,6,2,0,2,1,5
405,404,Kerry Kittles,1996-97,November,New Jersey Nets,Detroit Pistons,15,6,2,0,2,1,5
