id,previous_id,player,season,month,team,opponent_team,points,assists,rebounds,blocks,steals,turnovers,personal fouls
2,0,Malik Sealy,1996-97,November,Los Angeles Clippers,Dallas Mavericks,0,0,1,0,0,0,0
3,0,Rodney Rogers,1996-97,November,Los Angeles Clippers,Dallas Mavericks,3,0,0,0,0,0,0
4,0,Pooh Richardson,1996-97,November,Los Angeles Clippers,Dallas Mavericks,0,1,0,0,0,0,0
6,0,Loy Vaught,1996-97,November,Los Angeles Clippers,Dallas Mavericks,0,0,1,0,0,0,0
7,2,Malik Sealy,1996-97,November,Los Angeles Clippers,Dallas Mavericks,2,0,1,0,0,0,0
8,0,Kevin Duckworth,1996-97,November,Los Angeles Clippers,Dallas Mavericks,0,1,0,0,0,0,0
9,0,Eric Montross,1996-97,November,Dallas Mavericks,Los Angeles Clippers,2,0,0,0,0,0,0
11,3,Rodney Rogers,1996-97,November,Los Angeles Clippers,Dallas Mavericks,3,0,1,0,0,0,0
13,6,Loy Vaught,1996-97,November,Los Angeles Clippers,Dallas Mavericks,0,0,2,0,0,0,0
14,4,Pooh Richardson,1996-97,November,Los Angeles Clippers,Dallas Mavericks,2,1,0,0,0,0,0
15,13,Loy Vaught,1996-97,November,Los Angeles Clippers,Dallas Mavericks,0,1,2,0,0,0,0
16,8,Kevin Duckworth,1996-97,November,Los Angeles Clippers,Dallas Mavericks,0,1,0,0,0,0,1
18,0,Jamal Mashburn,1996-97,November,Dallas Mavericks,Los Angeles Clippers,0,0,1,0,0,0,0
20,18,Jamal Mashburn,1996-97,November,Dallas Mavericks,Los Angeles Clippers,0,0,2,0,0,0,0
22,20,Jamal Mashburn,1996-97,November,Dallas Mavericks,Los Angeles Clippers,0,0,3,0,0,0,0
23,11,Rodney Rogers,1996-97,November,Los Angeles Clippers,Dallas Mavericks,3,0,1,0,0,0,1
25,22,Jamal Mashburn,1996-97,November,Dallas Mavericks,Los Angeles Clippers,1,0,3,0,0,0,0
27,0,Loren Meyer,1996-97,November,Dallas Mavericks,Los Angeles Clippers,0,0,1,0,0,0,0
29,9,Eric Montross,1996-97,November,Dallas Mavericks,Los Angeles Clippers,2,0,1,0,0,0,0
31,15,Loy Vaught,1996-97,November,Los Angeles Clippers,Dallas Mavericks,0,1,3,0,0,0,0
32,29,Eric Montross,1996-97,November,Dallas Mavericks,Los Angeles Clippers,2,0,1,0,0,0,1
34,16,Kevin Duckworth,1996-97,November,Los Angeles Clippers,Dallas Mavericks,0,1,1,0,0,0,1
35,31,Loy Vaught,1996-97,November,Los Angeles Clippers,Dallas Mavericks,2,1,3,0,0,0,0
36,34,Kevin Duckworth,1996-97,November,Los Angeles Clippers,Dallas Mavericks,0,2,1,0,0,0,1
37,25,Jamal Mashburn,1996-97,November,Dallas Mavericks,Los Angeles Clippers,3,0,3,0,0,0,0
39,23,Rodney Rogers,1996-97,November,Los Angeles Clippers,Dallas Mavericks,3,0,2,0,0,0,1
41,32,Eric Montross,1996-97,November,Dallas Mavericks,Los Angeles Clippers,2,0,2,0,0,0,1
43,14,Pooh Richardson,1996-97,November,Los Angeles Clippers,Dallas Mavericks,2,1,1,0,0,0,0
44,39,Rodney Rogers,1996-97,November,Los Angeles Clippers,Dallas Mavericks,5,0,2,0,0,0,1
45,43,Pooh Richardson,1996-97,November,Los Angeles Clippers,Dallas Mavericks,2,2,1,0,0,0,0
47,36,Kevin Duckworth,1996-97,November,Los Angeles Clippers,Dallas Mavericks,0,2,2,0,0,0,1
49,0,George McCloud,1996-97,November,Dallas Mavericks,Los Angeles Clippers,0,0,1,0,0,0,0
50,44,Rodney Rogers,1996-97,November,Los Angeles Clippers,Dallas Mavericks,5,0,2,0,0,0,2
52,0,Jim Jackson,1996-97,November,Dallas Mavericks,Los Angeles Clippers,0,0,1,0,0,0,0
53,49,George McCloud,1996-97,November,Dallas Mavericks,Los Angeles Clippers,2,0,1,0,0,0,0
54,27,Loren Meyer,1996-97,November,Dallas Mavericks,Los Angeles Clippers,0,0,1,0,0,0,1
56,47,Kevin Duckworth,1996-97,November,Los Angeles Clippers,Dallas Mavericks,1,2,2,0,0,0,1
57,54,Loren Meyer,1996-97,November,Dallas Mavericks,Los Angeles Clippers,0,0,1,0,0,1,1
59,57,Loren Meyer,1996-97,November,Los Angeles Clippers,Dallas Mavericks,0,0,1,1,0,1,1
60,41,Eric Montross,1996-97,November,Dallas Mavericks,Los Angeles Clippers,2,0,3,0,0,0,1
61,59,Loren Meyer,1996-97,November,Dallas Mavericks,Los Angeles Clippers,2,0,1,1,0,1,1
62,50,Rodney Rogers,1996-97,November,Los Angeles Clippers,Dallas Mavericks,8,0,2,0,0,0,2
63,45,Pooh Richardson,1996-97,November,Los Angeles Clippers,Dallas Mavericks,2,3,1,0,0,0,0
65,56,Kevin Duckworth,1996-97,November,Los Angeles Clippers,Dallas Mavericks,1,2,3,0,0,0,1
67,62,Rodney Rogers,1996-97,November,Los Angeles Clippers,Dallas Mavericks,8,0,3,0,0,0,2
68,7,Malik Sealy,1996-97,November,Los Angeles Clippers,Dallas Mavericks,4,0,1,0,0,0,0
69,63,Pooh Richardson,1996-97,November,Los Angeles Clippers,Dallas Mavericks,2,4,1,0,0,0,0
71,53,George McCloud,1996-97,November,Dallas Mavericks,Los Angeles Clippers,4,0,1,0,0,0,0
72,68,Malik Sealy,1996-97,November,Los Angeles Clippers,Dallas Mavericks,4,0,1,0,0,1,0
73,0,Jason Kidd,1996-97,November,Dallas Mavericks,Los Angeles Clippers,2,0,0,0,0,0,0
74,72,Malik Sealy,1996-97,November,Los Angeles Clippers,Dallas Mavericks,6,0,1,0,0,1,0
75,69,Pooh Richardson,1996-97,November,Los Angeles Clippers,Dallas Mavericks,2,5,1,0,0,0,0
76,0,Chris Gatling,1996-97,November,Dallas Mavericks,Los Angeles Clippers,2,0,0,0,0,0,0
77,73,Jason Kidd,1996-97,November,Dallas Mavericks,Los Angeles Clippers,2,1,0,0,0,0,0
78,35,Loy Vaught,1996-97,November,Los Angeles Clippers,Dallas Mavericks,4,1,3,0,0,0,0
79,74,Malik Sealy,1996-97,November,Los Angeles Clippers,Dallas Mavericks,6,1,1,0,0,1,0
80,76,Chris Gatling,1996-97,November,Dallas Mavericks,Los Angeles Clippers,4,0,0,0,0,0,0
81,71,George McCloud,1996-97,November,Dallas Mavericks,Los Angeles Clippers,4,1,1,0,0,0,0
83,0,Stanley Roberts,1996-97,November,Los Angeles Clippers,Dallas Mavericks,2,0,0,0,0,0,0
84,79,Malik Sealy,1996-97,November,Los Angeles Clippers,Dallas Mavericks,6,2,1,0,0,1,0
85,81,George McCloud,1996-97,November,Dallas Mavericks,Los Angeles Clippers,7,1,1,0,0,0,0
86,77,Jason Kidd,1996-97,November,Dallas Mavericks,Los Angeles Clippers,2,2,0,0,0,0,0
87,83,Stanley Roberts,1996-97,November,Los Angeles Clippers,Dallas Mavericks,2,0,0,0,0,1,0
88,86,Jason Kidd,1996-97,November,Los Angeles Clippers,Dallas Mavericks,2,2,0,0,1,0,0
89,80,Chris Gatling,1996-97,November,Dallas Mavericks,Los Angeles Clippers,6,0,0,0,0,0,0
90,88,Jason Kidd,1996-97,November,Dallas Mavericks,Los Angeles Clippers,2,3,0,0,1,0,0
92,85,George McCloud,1996-97,November,Dallas Mavericks,Los Angeles Clippers,7,1,2,0,0,0,0
93,92,George McCloud,1996-97,November,Dallas Mavericks,Los Angeles Clippers,7,1,2,0,0,1,0
94,0,Lamond Murray,1996-97,November,Dallas Mavericks,Los Angeles Clippers,0,0,0,0,1,0,0
95,94,Lamond Murray,1996-97,November,Los Angeles Clippers,Dallas Mavericks,2,0,0,0,1,0,0
96,90,Jason Kidd,1996-97,November,Dallas Mavericks,Los Angeles Clippers,2,3,0,0,1,0,1
98,93,George McCloud,1996-97,November,Dallas Mavericks,Los Angeles Clippers,7,1,3,0,0,1,0
99,87,Stanley Roberts,1996-97,November,Los Angeles Clippers,Dallas Mavericks,2,0,0,0,0,1,1
100,96,Jason Kidd,1996-97,November,Dallas Mavericks,Los Angeles Clippers,3,3,0,0,1,0,1
102,99,Stanley Roberts,1996-97,November,Los Angeles Clippers,Dallas Mavericks,2,0,1,0,0,1,1
104,95,Lamond Murray,1996-97,November,Los Angeles Clippers,Dallas Mavericks,2,0,0,0,1,1,0
105,100,Jason Kidd,1996-97,November,Los Angeles Clippers,Dallas Mavericks,3,3,0,0,2,0,1
107,104,Lamond Murray,1996-97,November,Los Angeles Clippers,Dallas Mavericks,2,0,1,0,1,1,0
108,107,Lamond Murray,1996-97,November,Los Angeles Clippers,Dallas Mavericks,2,0,1,0,1,2,0
109,105,Jason Kidd,1996-97,November,Los Angeles Clippers,Dallas Mavericks,3,3,0,0,3,0,1
111,89,Chris Gatling,1996-97,November,Dallas Mavericks,Los Angeles Clippers,6,0,1,0,0,0,0
112,102,Stanley Roberts,1996-97,November,Los Angeles Clippers,Dallas Mavericks,2,0,1,0,0,1,2
114,111,Chris Gatling,1996-97,November,Dallas Mavericks,Los Angeles Clippers,7,0,1,0,0,0,0
116,109,Jason Kidd,1996-97,November,Dallas Mavericks,Los Angeles Clippers,5,3,0,0,3,0,1
117,0,Oliver Miller,1996-97,November,Dallas Mavericks,Los Angeles Clippers,0,0,0,0,0,0,1
119,114,Chris Gatling,1996-97,November,Dallas Mavericks,Los Angeles Clippers,7,0,2,0,0,0,0
121,117,Oliver Miller,1996-97,November,Dallas Mavericks,Los Angeles Clippers,0,0,1,0,0,0,1
122,112,Stanley Roberts,1996-97,November,Los Angeles Clippers,Dallas Mavericks,2,0,1,0,0,1,3
123,119,Chris Gatling,1996-97,November,Dallas Mavericks,Los Angeles Clippers,9,0,2,0,0,0,0
124,52,Jim Jackson,1996-97,November,Dallas Mavericks,Los Angeles Clippers,0,1,1,0,0,0,0
126,121,Oliver Miller,1996-97,November,Dallas Mavericks,Los Angeles Clippers,0,0,2,0,0,0,1
127,0,Terry Dehere,1996-97,November,Los Angeles Clippers,Dallas Mavericks,0,0,0,0,0,0,1
128,124,Jim Jackson,1996-97,November,Dallas Mavericks,Los Angeles Clippers,1,1,1,0,0,0,0
130,0,Bo Outlaw,1996-97,November,Los Angeles Clippers,Dallas Mavericks,0,0,1,0,0,0,0
132,123,Chris Gatling,1996-97,November,Dallas Mavericks,Los Angeles Clippers,9,0,3,0,0,0,0
133,0,Derek Harper,1996-97,November,Dallas Mavericks,Los Angeles Clippers,2,0,0,0,0,0,0
134,98,George McCloud,1996-97,November,Dallas Mavericks,Los Angeles Clippers,7,2,3,0,0,1,0
136,65,Kevin Duckworth,1996-97,November,Los Angeles Clippers,Dallas Mavericks,1,2,4,0,0,0,1
137,136,Kevin Duckworth,1996-97,November,Los Angeles Clippers,Dallas Mavericks,3,2,4,0,0,0,1
138,133,Derek Harper,1996-97,November,Dallas Mavericks,Los Angeles Clippers,2,0,0,0,0,0,1
139,138,Derek Harper,1996-97,November,Dallas Mavericks,Los Angeles Clippers,2,0,0,0,0,1,1
140,0,Eric Piatkowski,1996-97,November,Los Angeles Clippers,Dallas Mavericks,2,0,0,0,0,0,0
141,132,Chris Gatling,1996-97,November,Dallas Mavericks,Los Angeles Clippers,11,0,3,0,0,0,0
142,128,Jim Jackson,1996-97,November,Dallas Mavericks,Los Angeles Clippers,1,2,1,0,0,0,0
143,130,Bo Outlaw,1996-97,November,Los Angeles Clippers,Dallas Mavericks,0,0,1,0,0,0,1
144,141,Chris Gatling,1996-97,November,Dallas Mavericks,Los Angeles Clippers,12,0,3,0,0,0,0
146,140,Eric Piatkowski,1996-97,November,Los Angeles Clippers,Dallas Mavericks,2,0,1,0,0,0,0
147,143,Bo Outlaw,1996-97,November,Los Angeles Clippers,Dallas Mavericks,2,0,1,0,0,0,1
148,146,Eric Piatkowski,1996-97,November,Los Angeles Clippers,Dallas Mavericks,2,1,1,0,0,0,0
149,137,Kevin Duckworth,1996-97,November,Los Angeles Clippers,Dallas Mavericks,3,2,4,0,0,0,2
150,144,Chris Gatling,1996-97,November,Dallas Mavericks,Los Angeles Clippers,13,0,3,0,0,0,0
151,150,Chris Gatling,1996-97,November,Dallas Mavericks,Los Angeles Clippers,14,0,3,0,0,0,0
152,147,Bo Outlaw,1996-97,November,Los Angeles Clippers,Dallas Mavericks,4,0,1,0,0,0,1
153,149,Kevin Duckworth,1996-97,November,Los Angeles Clippers,Dallas Mavericks,3,3,4,0,0,0,2
154,139,Derek Harper,1996-97,November,Dallas Mavericks,Los Angeles Clippers,4,0,0,0,0,1,1
156,152,Bo Outlaw,1996-97,November,Los Angeles Clippers,Dallas Mavericks,4,0,2,0,0,0,1
158,108,Lamond Murray,1996-97,November,Los Angeles Clippers,Dallas Mavericks,2,0,2,0,1,2,0
160,154,Derek Harper,1996-97,November,Dallas Mavericks,Los Angeles Clippers,4,0,1,0,0,1,1
161,127,Terry Dehere,1996-97,November,Los Angeles Clippers,Dallas Mavericks,0,0,0,0,0,0,2
162,151,Chris Gatling,1996-97,November,Dallas Mavericks,Los Angeles Clippers,15,0,3,0,0,0,0
163,162,Chris Gatling,1996-97,November,Dallas Mavericks,Los Angeles Clippers,16,0,3,0,0,0,0
164,153,Kevin Duckworth,1996-97,November,Los Angeles Clippers,Dallas Mavericks,5,3,4,0,0,0,2
165,148,Eric Piatkowski,1996-97,November,Los Angeles Clippers,Dallas Mavericks,2,2,1,0,0,0,0
166,165,Eric Piatkowski,1996-97,November,Los Angeles Clippers,Dallas Mavericks,2,2,1,0,0,0,1
167,142,Jim Jackson,1996-97,November,Dallas Mavericks,Los Angeles Clippers,2,2,1,0,0,0,0
168,167,Jim Jackson,1996-97,November,Dallas Mavericks,Los Angeles Clippers,3,2,1,0,0,0,0
169,161,Terry Dehere,1996-97,November,Los Angeles Clippers,Dallas Mavericks,0,0,0,0,0,1,2
170,126,Oliver Miller,1996-97,November,Los Angeles Clippers,Dallas Mavericks,0,0,2,0,1,0,1
171,170,Oliver Miller,1996-97,November,Dallas Mavericks,Los Angeles Clippers,2,0,2,0,1,0,1
172,160,Derek Harper,1996-97,November,Dallas Mavericks,Los Angeles Clippers,4,1,1,0,0,1,1
174,172,Derek Harper,1996-97,November,Dallas Mavericks,Los Angeles Clippers,4,1,2,0,0,1,1
175,163,Chris Gatling,1996-97,November,Dallas Mavericks,Los Angeles Clippers,18,0,3,0,0,0,0
176,174,Derek Harper,1996-97,November,Dallas Mavericks,Los Angeles Clippers,4,2,2,0,0,1,1
177,171,Oliver Miller,1996-97,November,Dallas Mavericks,Los Angeles Clippers,2,0,2,0,1,0,2
178,175,Chris Gatling,1996-97,November,Dallas Mavericks,Los Angeles Clippers,18,0,3,0,0,0,0
179,84,Malik Sealy,1996-97,November,Los Angeles Clippers,Dallas Mavericks,7,2,1,0,0,1,0
181,164,Kevin Duckworth,1996-97,November,Los Angeles Clippers,Dallas Mavericks,5,3,5,0,0,0,2
183,181,Kevin Duckworth,1996-97,November,Los Angeles Clippers,Dallas Mavericks,5,3,6,0,0,0,2
184,60,Eric Montross,1996-97,November,Dallas Mavericks,Los Angeles Clippers,2,0,3,0,0,0,2
185,183,Kevin Duckworth,1996-97,November,Los Angeles Clippers,Dallas Mavericks,6,3,6,0,0,0,2
186,185,Kevin Duckworth,1996-97,November,Los Angeles Clippers,Dallas Mavericks,7,3,6,0,0,0,2
187,176,Derek Harper,1996-97,November,Dallas Mavericks,Los Angeles Clippers,4,2,2,0,0,2,1
188,186,Kevin Duckworth,1996-97,November,Dallas Mavericks,Los Angeles Clippers,7,3,6,0,1,0,2
189,158,Lamond Murray,1996-97,November,Los Angeles Clippers,Dallas Mavericks,4,0,2,0,1,2,0
190,0,Darrick Martin,1996-97,November,Los Angeles Clippers,Dallas Mavericks,0,1,0,0,0,0,0
191,156,Bo Outlaw,1996-97,November,Los Angeles Clippers,Dallas Mavericks,4,0,2,0,0,0,2
192,168,Jim Jackson,1996-97,November,Dallas Mavericks,Los Angeles Clippers,4,2,1,0,0,0,0
193,192,Jim Jackson,1996-97,November,Dallas Mavericks,Los Angeles Clippers,5,2,1,0,0,0,0
194,191,Bo Outlaw,1996-97,November,Los Angeles Clippers,Dallas Mavericks,6,0,2,0,0,0,2
195,188,Kevin Duckworth,1996-97,November,Los Angeles Clippers,Dallas Mavericks,7,4,6,0,1,0,2
196,187,Derek Harper,1996-97,November,Dallas Mavericks,Los Angeles Clippers,6,2,2,0,0,2,1
198,178,Chris Gatling,1996-97,November,Dallas Mavericks,Los Angeles Clippers,18,0,4,0,0,0,0
199,196,Derek Harper,1996-97,November,Dallas Mavericks,Los Angeles Clippers,8,2,2,0,0,2,1
200,193,Jim Jackson,1996-97,November,Dallas Mavericks,Los Angeles Clippers,5,3,1,0,0,0,0
201,189,Lamond Murray,1996-97,November,Los Angeles Clippers,Dallas Mavericks,6,0,2,0,1,2,0
202,195,Kevin Duckworth,1996-97,November,Los Angeles Clippers,Dallas Mavericks,7,5,6,0,1,0,2
203,194,Bo Outlaw,1996-97,November,Los Angeles Clippers,Dallas Mavericks,6,0,2,0,0,0,3
204,0,Samaki Walker,1996-97,November,Dallas Mavericks,Los Angeles Clippers,1,0,0,0,0,0,0
206,190,Darrick Martin,1996-97,November,Los Angeles Clippers,Dallas Mavericks,0,1,1,0,0,0,0
207,204,Samaki Walker,1996-97,November,Dallas Mavericks,Los Angeles Clippers,1,0,0,0,0,0,1
208,202,Kevin Duckworth,1996-97,November,Los Angeles Clippers,Dallas Mavericks,9,5,6,0,1,0,2
209,198,Chris Gatling,1996-97,November,Dallas Mavericks,Los Angeles Clippers,20,0,4,0,0,0,0
210,116,Jason Kidd,1996-97,November,Dallas Mavericks,Los Angeles Clippers,5,4,0,0,3,0,1
212,209,Chris Gatling,1996-97,November,Dallas Mavericks,Los Angeles Clippers,20,0,5,0,0,0,0
213,212,Chris Gatling,1996-97,November,Dallas Mavericks,Los Angeles Clippers,22,0,5,0,0,0,0
214,199,Derek Harper,1996-97,November,Dallas Mavericks,Los Angeles Clippers,8,3,2,0,0,2,1
215,179,Malik Sealy,1996-97,November,Los Angeles Clippers,Dallas Mavericks,10,2,1,0,0,1,0
216,206,Darrick Martin,1996-97,November,Los Angeles Clippers,Dallas Mavericks,0,2,1,0,0,0,0
218,201,Lamond Murray,1996-97,November,Los Angeles Clippers,Dallas Mavericks,6,0,3,0,1,2,0
219,210,Jason Kidd,1996-97,November,Dallas Mavericks,Los Angeles Clippers,5,4,0,0,3,0,2
221,203,Bo Outlaw,1996-97,November,Los Angeles Clippers,Dallas Mavericks,7,0,2,0,0,0,3
222,213,Chris Gatling,1996-97,November,Dallas Mavericks,Los Angeles Clippers,22,0,5,0,0,1,0
223,215,Malik Sealy,1996-97,November,Dallas Mavericks,Los Angeles Clippers,10,2,1,0,1,1,0
224,223,Malik Sealy,1996-97,November,Los Angeles Clippers,Dallas Mavericks,13,2,1,0,1,1,0
225,208,Kevin Duckworth,1996-97,November,Los Angeles Clippers,Dallas Mavericks,9,6,6,0,1,0,2
226,219,Jason Kidd,1996-97,November,Dallas Mavericks,Los Angeles Clippers,5,4,0,0,3,1,2
227,224,Malik Sealy,1996-97,November,Dallas Mavericks,Los Angeles Clippers,13,2,1,0,2,1,0
228,225,Kevin Duckworth,1996-97,November,Los Angeles Clippers,Dallas Mavericks,9,6,6,0,1,1,2
229,226,Jason Kidd,1996-97,November,Dallas Mavericks,Los Angeles Clippers,7,4,0,0,3,1,2
231,134,George McCloud,1996-97,November,Dallas Mavericks,Los Angeles Clippers,7,2,4,0,0,1,0
232,231,George McCloud,1996-97,November,Dallas Mavericks,Los Angeles Clippers,10,2,4,0,0,1,0
233,229,Jason Kidd,1996-97,November,Dallas Mavericks,Los Angeles Clippers,7,5,0,0,3,1,2
234,67,Rodney Rogers,1996-97,November,Los Angeles Clippers,Dallas Mavericks,8,0,3,0,0,1,2
235,200,Jim Jackson,1996-97,November,Dallas Mavericks,Los Angeles Clippers,7,3,1,0,0,0,0
236,232,George McCloud,1996-97,November,Dallas Mavericks,Los Angeles Clippers,10,3,4,0,0,1,0
238,184,Eric Montross,1996-97,November,Dallas Mavericks,Los Angeles Clippers,2,0,4,0,0,0,2
240,234,Rodney Rogers,1996-97,November,Los Angeles Clippers,Dallas Mavericks,8,0,4,0,0,1,2
241,75,Pooh Richardson,1996-97,November,Los Angeles Clippers,Dallas Mavericks,4,5,1,0,0,0,0
242,240,Rodney Rogers,1996-97,November,Los Angeles Clippers,Dallas Mavericks,8,1,4,0,0,1,2
243,235,Jim Jackson,1996-97,November,Dallas Mavericks,Los Angeles Clippers,10,3,1,0,0,0,0
244,233,Jason Kidd,1996-97,November,Dallas Mavericks,Los Angeles Clippers,7,6,0,0,3,1,2
245,236,George McCloud,1996-97,November,Dallas Mavericks,Los Angeles Clippers,10,3,4,0,0,1,1
247,238,Eric Montross,1996-97,November,Dallas Mavericks,Los Angeles Clippers,2,0,5,0,0,0,2
248,247,Eric Montross,1996-97,November,Dallas Mavericks,Los Angeles Clippers,2,0,5,0,0,1,2
249,78,Loy Vaught,1996-97,November,Los Angeles Clippers,Dallas Mavericks,6,1,3,0,0,0,0
250,241,Pooh Richardson,1996-97,November,Los Angeles Clippers,Dallas Mavericks,4,6,1,0,0,0,0
252,248,Eric Montross,1996-97,November,Dallas Mavericks,Los Angeles Clippers,2,0,6,0,0,1,2
253,250,Pooh Richardson,1996-97,November,Los Angeles Clippers,Dallas Mavericks,4,6,1,0,0,0,1
254,243,Jim Jackson,1996-97,November,Dallas Mavericks,Los Angeles Clippers,11,3,1,0,0,0,0
256,61,Loren Meyer,1996-97,November,Dallas Mavericks,Los Angeles Clippers,2,0,2,1,0,1,1
257,254,Jim Jackson,1996-97,November,Dallas Mavericks,Los Angeles Clippers,14,3,1,0,0,0,0
258,256,Loren Meyer,1996-97,November,Dallas Mavericks,Los Angeles Clippers,2,1,2,1,0,1,1
260,245,George McCloud,1996-97,November,Los Angeles Clippers,Dallas Mavericks,10,3,4,1,0,1,1
261,258,Loren Meyer,1996-97,November,Dallas Mavericks,Los Angeles Clippers,2,1,3,1,0,1,1
262,260,George McCloud,1996-97,November,Dallas Mavericks,Los Angeles Clippers,12,3,4,1,0,1,1
263,244,Jason Kidd,1996-97,November,Dallas Mavericks,Los Angeles Clippers,7,7,0,0,3,1,2
264,249,Loy Vaught,1996-97,November,Los Angeles Clippers,Dallas Mavericks,6,1,3,0,0,1,0
265,263,Jason Kidd,1996-97,November,Los Angeles Clippers,Dallas Mavericks,7,7,0,0,4,1,2
266,257,Jim Jackson,1996-97,November,Dallas Mavericks,Los Angeles Clippers,17,3,1,0,0,0,0
267,265,Jason Kidd,1996-97,November,Dallas Mavericks,Los Angeles Clippers,7,8,0,0,4,1,2
268,252,Eric Montross,1996-97,November,Dallas Mavericks,Los Angeles Clippers,2,0,6,0,0,1,3
269,253,Pooh Richardson,1996-97,November,Los Angeles Clippers,Dallas Mavericks,4,6,1,0,0,1,1
270,267,Jason Kidd,1996-97,November,Los Angeles Clippers,Dallas Mavericks,7,8,0,0,5,1,2
271,262,George McCloud,1996-97,November,Dallas Mavericks,Los Angeles Clippers,12,3,4,1,0,2,1
272,264,Loy Vaught,1996-97,November,Los Angeles Clippers,Dallas Mavericks,8,1,3,0,0,1,0
273,228,Kevin Duckworth,1996-97,November,Los Angeles Clippers,Dallas Mavericks,9,6,6,0,1,1,3
275,272,Loy Vaught,1996-97,November,Los Angeles Clippers,Dallas Mavericks,8,1,4,0,0,1,0
276,261,Loren Meyer,1996-97,November,Dallas Mavericks,Los Angeles Clippers,2,1,3,1,0,1,2
278,275,Loy Vaught,1996-97,November,Los Angeles Clippers,Dallas Mavericks,8,1,5,0,0,1,0
280,122,Stanley Roberts,1996-97,November,Los Angeles Clippers,Dallas Mavericks,2,0,2,0,0,1,3
282,271,George McCloud,1996-97,November,Dallas Mavericks,Los Angeles Clippers,12,3,5,1,0,2,1
283,269,Pooh Richardson,1996-97,November,Los Angeles Clippers,Dallas Mavericks,4,6,1,0,0,1,2
285,266,Jim Jackson,1996-97,November,Dallas Mavericks,Los Angeles Clippers,18,3,1,0,0,0,0
287,270,Jason Kidd,1996-97,November,Dallas Mavericks,Los Angeles Clippers,7,8,1,0,5,1,2
288,276,Loren Meyer,1996-97,November,Dallas Mavericks,Los Angeles Clippers,4,1,3,1,0,1,2
289,285,Jim Jackson,1996-97,November,Dallas Mavericks,Los Angeles Clippers,18,4,1,0,0,0,0
291,289,Jim Jackson,1996-97,November,Dallas Mavericks,Los Angeles Clippers,18,4,2,0,0,0,0
292,291,Jim Jackson,1996-97,November,Dallas Mavericks,Los Angeles Clippers,18,4,2,0,0,1,0
293,283,Pooh Richardson,1996-97,November,Dallas Mavericks,Los Angeles Clippers,4,6,1,0,1,1,2
294,227,Malik Sealy,1996-97,November,Los Angeles Clippers,Dallas Mavericks,15,2,1,0,2,1,0
295,293,Pooh Richardson,1996-97,November,Los Angeles Clippers,Dallas Mavericks,4,7,1,0,1,1,2
296,282,George McCloud,1996-97,November,Dallas Mavericks,Los Angeles Clippers,12,3,5,1,0,3,1
297,242,Rodney Rogers,1996-97,November,Dallas Mavericks,Los Angeles Clippers,8,1,4,0,1,1,2
298,295,Pooh Richardson,1996-97,November,Los Angeles Clippers,Dallas Mavericks,6,7,1,0,1,1,2
299,294,Malik Sealy,1996-97,November,Los Angeles Clippers,Dallas Mavericks,15,3,1,0,2,1,0
300,296,George McCloud,1996-97,November,Dallas Mavericks,Los Angeles Clippers,12,3,5,1,0,4,1
303,222,Chris Gatling,1996-97,November,Dallas Mavericks,Los Angeles Clippers,22,0,6,0,0,1,0
305,278,Loy Vaught,1996-97,November,Los Angeles Clippers,Dallas Mavericks,8,1,6,0,0,1,0
306,280,Stanley Roberts,1996-97,November,Los Angeles Clippers,Dallas Mavericks,2,0,2,0,0,2,3
308,303,Chris Gatling,1996-97,November,Dallas Mavericks,Los Angeles Clippers,22,0,7,0,0,1,0
309,305,Loy Vaught,1996-97,November,Los Angeles Clippers,Dallas Mavericks,8,1,6,0,0,1,1
310,308,Chris Gatling,1996-97,November,Dallas Mavericks,Los Angeles Clippers,23,0,7,0,0,1,0
311,310,Chris Gatling,1996-97,November,Dallas Mavericks,Los Angeles Clippers,24,0,7,0,0,1,0
312,299,Malik Sealy,1996-97,November,Los Angeles Clippers,Dallas Mavericks,15,3,1,0,2,2,0
313,169,Terry Dehere,1996-97,November,Los Angeles Clippers,Dallas Mavericks,0,0,0,0,0,1,3
314,287,Jason Kidd,1996-97,November,Dallas Mavericks,Los Angeles Clippers,8,8,1,0,5,1,2
315,314,Jason Kidd,1996-97,November,Dallas Mavericks,Los Angeles Clippers,9,8,1,0,5,1,2
316,177,Oliver Miller,1996-97,November,Dallas Mavericks,Los Angeles Clippers,2,0,2,0,1,0,3
317,313,Terry Dehere,1996-97,November,Los Angeles Clippers,Dallas Mavericks,1,0,0,0,0,1,3
318,317,Terry Dehere,1996-97,November,Los Angeles Clippers,Dallas Mavericks,2,0,0,0,0,1,3
320,306,Stanley Roberts,1996-97,November,Los Angeles Clippers,Dallas Mavericks,2,0,3,0,0,2,3
321,298,Pooh Richardson,1996-97,November,Los Angeles Clippers,Dallas Mavericks,8,7,1,0,1,1,2
323,309,Loy Vaught,1996-97,November,Los Angeles Clippers,Dallas Mavericks,8,1,7,0,0,1,1
324,297,Rodney Rogers,1996-97,November,Los Angeles Clippers,Dallas Mavericks,8,1,4,0,1,2,2
325,315,Jason Kidd,1996-97,November,Los Angeles Clippers,Dallas Mavericks,9,8,1,0,6,1,2
327,318,Terry Dehere,1996-97,November,Los Angeles Clippers,Dallas Mavericks,2,0,1,0,0,1,3
329,327,Terry Dehere,1996-97,November,Los Angeles Clippers,Dallas Mavericks,2,0,2,0,0,1,3
330,292,Jim Jackson,1996-97,November,Dallas Mavericks,Los Angeles Clippers,18,4,2,0,0,1,1
331,324,Rodney Rogers,1996-97,November,Los Angeles Clippers,Dallas Mavericks,9,1,4,0,1,2,2
332,331,Rodney Rogers,1996-97,November,Los Angeles Clippers,Dallas Mavericks,10,1,4,0,1,2,2
333,311,Chris Gatling,1996-97,November,Dallas Mavericks,Los Angeles Clippers,24,0,7,0,0,2,0
334,323,Loy Vaught,1996-97,November,Dallas Mavericks,Los Angeles Clippers,8,1,7,0,1,1,1
336,316,Oliver Miller,1996-97,November,Dallas Mavericks,Los Angeles Clippers,2,0,3,0,1,0,3
337,330,Jim Jackson,1996-97,November,Dallas Mavericks,Los Angeles Clippers,20,4,2,0,0,1,1
338,325,Jason Kidd,1996-97,November,Dallas Mavericks,Los Angeles Clippers,9,9,1,0,6,1,2
340,332,Rodney Rogers,1996-97,November,Los Angeles Clippers,Dallas Mavericks,10,1,5,0,1,2,2
341,340,Rodney Rogers,1996-97,November,Los Angeles Clippers,Dallas Mavericks,12,1,5,0,1,2,2
343,341,Rodney Rogers,1996-97,November,Los Angeles Clippers,Dallas Mavericks,12,1,6,0,1,2,2
345,333,Chris Gatling,1996-97,November,Dallas Mavericks,Los Angeles Clippers,24,0,8,0,0,2,0
346,320,Stanley Roberts,1996-97,November,Los Angeles Clippers,Dallas Mavericks,2,0,3,0,0,2,4
347,321,Pooh Richardson,1996-97,November,Los Angeles Clippers,Dallas Mavericks,8,7,1,0,1,1,3
348,214,Derek Harper,1996-97,November,Dallas Mavericks,Los Angeles Clippers,9,3,2,0,0,2,1
349,348,Derek Harper,1996-97,November,Dallas Mavericks,Los Angeles Clippers,10,3,2,0,0,2,1
350,338,Jason Kidd,1996-97,November,Dallas Mavericks,Los Angeles Clippers,9,9,1,0,6,1,3
351,343,Rodney Rogers,1996-97,November,Los Angeles Clippers,Dallas Mavericks,13,1,6,0,1,2,2
352,351,Rodney Rogers,1996-97,November,Los Angeles Clippers,Dallas Mavericks,14,1,6,0,1,2,2
354,352,Rodney Rogers,1996-97,November,Los Angeles Clippers,Dallas Mavericks,14,1,7,0,1,2,2
355,336,Oliver Miller,1996-97,November,Dallas Mavericks,Los Angeles Clippers,2,0,3,0,1,0,4
356,346,Stanley Roberts,1996-97,November,Los Angeles Clippers,Dallas Mavericks,4,0,3,0,0,2,4
357,347,Pooh Richardson,1996-97,November,Los Angeles Clippers,Dallas Mavericks,8,8,1,0,1,1,3
358,334,Loy Vaught,1996-97,November,Los Angeles Clippers,Dallas Mavericks,8,1,7,0,1,1,2
359,345,Chris Gatling,1996-97,November,Dallas Mavericks,Los Angeles Clippers,25,0,8,0,0,2,0
361,356,Stanley Roberts,1996-97,November,Los Angeles Clippers,Dallas Mavericks,4,0,4,0,0,2,4
363,218,Lamond Murray,1996-97,November,Los Angeles Clippers,Dallas Mavericks,6,0,4,0,1,2,0
364,363,Lamond Murray,1996-97,November,Los Angeles Clippers,Dallas Mavericks,8,0,4,0,1,2,0
365,361,Stanley Roberts,1996-97,November,Los Angeles Clippers,Dallas Mavericks,4,0,4,0,0,2,5
367,359,Chris Gatling,1996-97,November,Dallas Mavericks,Los Angeles Clippers,26,0,8,0,0,2,0
369,358,Loy Vaught,1996-97,November,Los Angeles Clippers,Dallas Mavericks,8,1,8,0,1,1,2
371,367,Chris Gatling,1996-97,November,Dallas Mavericks,Los Angeles Clippers,26,0,9,0,0,2,0
373,369,Loy Vaught,1996-97,November,Los Angeles Clippers,Dallas Mavericks,8,1,9,0,1,1,2
374,329,Terry Dehere,1996-97,November,Los Angeles Clippers,Dallas Mavericks,2,0,2,0,0,2,3
375,371,Chris Gatling,1996-97,November,Los Angeles Clippers,Dallas Mavericks,26,0,9,0,1,2,0
376,374,Terry Dehere,1996-97,November,Los Angeles Clippers,Dallas Mavericks,2,0,2,0,0,2,4
377,337,Jim Jackson,1996-97,November,Dallas Mavericks,Los Angeles Clippers,21,4,2,0,0,1,1
378,377,Jim Jackson,1996-97,November,Dallas Mavericks,Los Angeles Clippers,22,4,2,0,0,1,1
380,364,Lamond Murray,1996-97,November,Los Angeles Clippers,Dallas Mavericks,8,0,5,0,1,2,0
381,380,Lamond Murray,1996-97,November,Los Angeles Clippers,Dallas Mavericks,10,0,5,0,1,2,0
383,365,Stanley Roberts,1996-97,November,Los Angeles Clippers,Dallas Mavericks,4,0,5,0,0,2,5
384,381,Lamond Murray,1996-97,November,Los Angeles Clippers,Dallas Mavericks,12,0,5,0,1,2,0
385,373,Loy Vaught,1996-97,November,Los Angeles Clippers,Dallas Mavericks,8,2,9,0,1,1,2
387,385,Loy Vaught,1996-97,November,Los Angeles Clippers,Dallas Mavericks,8,2,10,0,1,1,2
388,375,Chris Gatling,1996-97,November,Dallas Mavericks,Los Angeles Clippers,26,0,9,0,1,2,1
390,355,Oliver Miller,1996-97,November,Dallas Mavericks,Los Angeles Clippers,2,0,4,0,1,0,4
392,384,Lamond Murray,1996-97,November,Los Angeles Clippers,Dallas Mavericks,12,0,6,0,1,2,0
394,390,Oliver Miller,1996-97,November,Dallas Mavericks,Los Angeles Clippers,2,0,5,0,1,0,4
396,394,Oliver Miller,1996-97,November,Dallas Mavericks,Los Angeles Clippers,2,0,6,0,1,0,4
397,349,Derek Harper,1996-97,November,Dallas Mavericks,Los Angeles Clippers,12,3,2,0,0,2,1
399,396,Oliver Miller,1996-97,November,Dallas Mavericks,Los Angeles Clippers,2,0,7,0,1,0,4
400,383,Stanley Roberts,1996-97,November,Los Angeles Clippers,Dallas Mavericks,4,0,5,0,0,2,6
401,388,Chris Gatling,1996-97,November,Dallas Mavericks,Los Angeles Clippers,27,0,9,0,1,2,1
403,387,Loy Vaught,1996-97,November,Los Angeles Clippers,Dallas Mavericks,8,2,11,0,1,1,2
404,378,Jim Jackson,1996-97,November,Dallas Mavericks,Los Angeles Clippers,22,4,2,0,0,1,2
405,403,Loy Vaught,1996-97,November,Los Angeles Clippers,Dallas Mavericks,9,2,11,0,1,1,2
406,405,Loy Vaught,1996-97,November,Los Angeles Clippers,Dallas Mavericks,10,2,11,0,1,1,2
408,350,Jason Kidd,1996-97,November,Dallas Mavericks,Los Angeles Clippers,9,9,2,0,6,1,3
410,221,Bo Outlaw,1996-97,November,Los Angeles Clippers,Dallas Mavericks,7,0,3,0,0,0,3
411,399,Oliver Miller,1996-97,November,Dallas Mavericks,Los Angeles Clippers,2,0,7,0,1,0,5
412,216,Darrick Martin,1996-97,November,Los Angeles Clippers,Dallas Mavericks,1,2,1,0,0,0,0
413,412,Darrick Martin,1996-97,November,Los Angeles Clippers,Dallas Mavericks,2,2,1,0,0,0,0
414,166,Eric Piatkowski,1996-97,November,Los Angeles Clippers,Dallas Mavericks,2,2,1,0,0,0,2
415,404,Jim Jackson,1996-97,November,Dallas Mavericks,Los Angeles Clippers,23,4,2,0,0,1,2
417,415,Jim Jackson,1996-97,November,Dallas Mavericks,Los Angeles Clippers,23,4,3,0,0,1,2
418,413,Darrick Martin,1996-97,November,Los Angeles Clippers,Dallas Mavericks,2,2,1,0,0,0,1
419,408,Jason Kidd,1996-97,November,Dallas Mavericks,Los Angeles Clippers,10,9,2,0,6,1,3
420,419,Jason Kidd,1996-97,November,Dallas Mavericks,Los Angeles Clippers,11,9,2,0,6,1,3
422,410,Bo Outlaw,1996-97,November,Los Angeles Clippers,Dallas Mavericks,7,0,4,0,0,0,3
424,411,Oliver Miller,1996-97,November,Los Angeles Clippers,Dallas Mavericks,2,0,7,1,1,0,5
425,420,Jason Kidd,1996-97,November,Dallas Mavericks,Los Angeles Clippers,11,9,3,0,6,1,3
427,424,Oliver Miller,1996-97,November,Dallas Mavericks,Los Angeles Clippers,2,0,8,1,1,0,5
428,427,Oliver Miller,1996-97,November,Dallas Mavericks,Los Angeles Clippers,4,0,8,1,1,0,5
429,425,Jason Kidd,1996-97,November,Dallas Mavericks,Los Angeles Clippers,11,9,3,0,6,1,4
430,418,Darrick Martin,1996-97,November,Los Angeles Clippers,Dallas Mavericks,3,2,1,0,0,0,1
431,430,Darrick Martin,1996-97,November,Los Angeles Clippers,Dallas Mavericks,4,2,1,0,0,0,1
432,0,Fred Roberts,1996-97,November,Dallas Mavericks,Los Angeles Clippers,2,0,0,0,0,0,0
433,428,Oliver Miller,1996-97,November,Dallas Mavericks,Los Angeles Clippers,4,1,8,1,1,0,5
434,392,Lamond Murray,1996-97,November,Los Angeles Clippers,Dallas Mavericks,14,0,6,0,1,2,0
435,432,Fred Roberts,1996-97,November,Dallas Mavericks,Los Angeles Clippers,4,0,0,0,0,0,0
436,433,Oliver Miller,1996-97,November,Dallas Mavericks,Los Angeles Clippers,4,2,8,1,1,0,5
437,431,Darrick Martin,1996-97,November,Los Angeles Clippers,Dallas Mavericks,7,2,1,0,0,0,1
438,435,Fred Roberts,1996-97,November,Dallas Mavericks,Los Angeles Clippers,6,0,0,0,0,0,0
439,436,Oliver Miller,1996-97,November,Dallas Mavericks,Los Angeles Clippers,4,3,8,1,1,0,5
440,0,Lorenzen Wright,1996-97,November,Los Angeles Clippers,Dallas Mavericks,2,0,0,0,0,0,0
441,437,Darrick Martin,1996-97,November,Los Angeles Clippers,Dallas Mavericks,7,3,1,0,0,0,1
