id,previous_id,player,season,month,team,opponent_team,points,assists,rebounds,blocks,steals,turnovers,personal fouls
1,0,Greg Ostertag,1996-97,November,Utah Jazz,Golden State Warriors,0,0,0,0,0,1,0
2,0,Chris Mullin,1996-97,November,Golden State Warriors,Utah Jazz,2,0,0,0,0,0,0
4,0,Latrell Sprewell,1996-97,November,Golden State Warriors,Utah Jazz,2,0,0,0,0,0,0
5,0,Karl Malone,1996-97,November,Utah Jazz,Golden State Warriors,0,0,0,0,0,1,0
7,0,Mark Price,1996-97,November,Golden State Warriors,Utah Jazz,0,0,1,0,0,0,0
9,0,Bryon Russell,1996-97,November,Utah Jazz,Golden State Warriors,0,0,1,0,0,0,0
11,0,Felton Spencer,1996-97,November,Golden State Warriors,Utah Jazz,0,0,1,0,0,0,0
12,9,Bryon Russell,1996-97,November,Utah Jazz,Golden State Warriors,0,0,1,0,0,0,1
13,4,Latrell Sprewell,1996-97,November,Golden State Warriors,Utah Jazz,5,0,0,0,0,0,0
14,11,Felton Spencer,1996-97,November,Golden State Warriors,Utah Jazz,0,1,1,0,0,0,0
15,14,Felton Spencer,1996-97,November,Golden State Warriors,Utah Jazz,0,1,1,0,0,0,1
17,15,Felton Spencer,1996-97,November,Golden State Warriors,Utah Jazz,0,1,2,0,0,0,1
19,17,Felton Spencer,1996-97,November,Golden State Warriors,Utah Jazz,0,1,3,0,0,0,1
21,0,Jeff Hornacek,1996-97,November,Utah Jazz,Golden State Warriors,0,0,1,0,0,0,0
23,19,Felton Spencer,1996-97,November,Golden State Warriors,Utah Jazz,0,1,4,0,0,0,1
24,7,Mark Price,1996-97,November,Golden State Warriors,Utah Jazz,0,0,1,0,0,1,0
25,12,Bryon Russell,1996-97,November,Golden State Warriors,Utah Jazz,0,0,1,0,1,0,1
26,21,Jeff Hornacek,1996-97,November,Utah Jazz,Golden State Warriors,2,0,1,0,0,0,0
27,25,Bryon Russell,1996-97,November,Utah Jazz,Golden State Warriors,0,1,1,0,1,0,1
29,24,Mark Price,1996-97,November,Golden State Warriors,Utah Jazz,0,0,2,0,0,1,0
30,1,Greg Ostertag,1996-97,November,Utah Jazz,Golden State Warriors,0,0,0,0,0,1,1
31,0,Joe Smith,1996-97,November,Golden State Warriors,Utah Jazz,1,0,0,0,0,0,0
32,31,Joe Smith,1996-97,November,Golden State Warriors,Utah Jazz,2,0,0,0,0,0,0
34,5,Karl Malone,1996-97,November,Utah Jazz,Golden State Warriors,0,0,0,0,0,1,1
35,13,Latrell Sprewell,1996-97,November,Golden State Warriors,Utah Jazz,7,0,0,0,0,0,0
37,32,Joe Smith,1996-97,November,Golden State Warriors,Utah Jazz,2,0,1,0,0,0,0
39,30,Greg Ostertag,1996-97,November,Golden State Warriors,Utah Jazz,0,0,0,1,0,1,1
40,39,Greg Ostertag,1996-97,November,Utah Jazz,Golden State Warriors,0,0,1,1,0,1,1
42,34,Karl Malone,1996-97,November,Utah Jazz,Golden State Warriors,0,0,1,0,0,1,1
44,26,Jeff Hornacek,1996-97,November,Utah Jazz,Golden State Warriors,2,0,2,0,0,0,0
45,29,Mark Price,1996-97,November,Golden State Warriors,Utah Jazz,0,0,2,0,0,1,1
46,44,Jeff Hornacek,1996-97,November,Utah Jazz,Golden State Warriors,3,0,2,0,0,0,0
47,46,Jeff Hornacek,1996-97,November,Utah Jazz,Golden State Warriors,4,0,2,0,0,0,0
49,23,Felton Spencer,1996-97,November,Golden State Warriors,Utah Jazz,0,1,4,0,0,0,2
50,42,Karl Malone,1996-97,November,Utah Jazz,Golden State Warriors,1,0,1,0,0,1,1
51,50,Karl Malone,1996-97,November,Utah Jazz,Golden State Warriors,2,0,1,0,0,1,1
52,47,Jeff Hornacek,1996-97,November,Utah Jazz,Golden State Warriors,4,0,2,0,0,0,1
54,37,Joe Smith,1996-97,November,Golden State Warriors,Utah Jazz,2,0,2,0,0,0,0
55,54,Joe Smith,1996-97,November,Golden State Warriors,Utah Jazz,4,0,2,0,0,0,0
56,51,Karl Malone,1996-97,November,Utah Jazz,Golden State Warriors,4,0,1,0,0,1,1
57,0,John Stockton,1996-97,November,Utah Jazz,Golden State Warriors,0,1,0,0,0,0,0
58,35,Latrell Sprewell,1996-97,November,Golden State Warriors,Utah Jazz,7,0,0,0,0,0,1
59,58,Latrell Sprewell,1996-97,November,Golden State Warriors,Utah Jazz,7,0,0,0,0,1,1
60,52,Jeff Hornacek,1996-97,November,Utah Jazz,Golden State Warriors,6,0,2,0,0,0,1
62,56,Karl Malone,1996-97,November,Utah Jazz,Golden State Warriors,4,0,2,0,0,1,1
63,27,Bryon Russell,1996-97,November,Utah Jazz,Golden State Warriors,2,1,1,0,1,0,1
64,57,John Stockton,1996-97,November,Utah Jazz,Golden State Warriors,0,2,0,0,0,0,0
65,2,Chris Mullin,1996-97,November,Golden State Warriors,Utah Jazz,2,0,0,0,0,1,0
66,64,John Stockton,1996-97,November,Golden State Warriors,Utah Jazz,0,2,0,0,1,0,0
67,62,Karl Malone,1996-97,November,Utah Jazz,Golden State Warriors,6,0,2,0,0,1,1
68,66,John Stockton,1996-97,November,Utah Jazz,Golden State Warriors,0,3,0,0,1,0,0
69,45,Mark Price,1996-97,November,Golden State Warriors,Utah Jazz,2,0,2,0,0,1,1
70,67,Karl Malone,1996-97,November,Utah Jazz,Golden State Warriors,6,0,2,0,0,2,1
72,63,Bryon Russell,1996-97,November,Utah Jazz,Golden State Warriors,2,1,2,0,1,0,1
73,0,Andrew DeClercq,1996-97,November,Golden State Warriors,Utah Jazz,0,0,0,0,0,0,1
74,70,Karl Malone,1996-97,November,Utah Jazz,Golden State Warriors,7,0,2,0,0,2,1
75,74,Karl Malone,1996-97,November,Utah Jazz,Golden State Warriors,8,0,2,0,0,2,1
77,60,Jeff Hornacek,1996-97,November,Utah Jazz,Golden State Warriors,6,0,3,0,0,0,1
79,59,Latrell Sprewell,1996-97,November,Golden State Warriors,Utah Jazz,7,0,1,0,0,1,1
81,40,Greg Ostertag,1996-97,November,Utah Jazz,Golden State Warriors,0,0,2,1,0,1,1
82,81,Greg Ostertag,1996-97,November,Utah Jazz,Golden State Warriors,0,0,2,1,0,2,1
83,79,Latrell Sprewell,1996-97,November,Utah Jazz,Golden State Warriors,7,0,1,0,1,1,1
84,65,Chris Mullin,1996-97,November,Golden State Warriors,Utah Jazz,2,0,0,0,0,2,0
85,82,Greg Ostertag,1996-97,November,Utah Jazz,Golden State Warriors,0,0,2,1,0,3,1
86,55,Joe Smith,1996-97,November,Golden State Warriors,Utah Jazz,6,0,2,0,0,0,0
87,83,Latrell Sprewell,1996-97,November,Golden State Warriors,Utah Jazz,7,1,1,0,1,1,1
89,69,Mark Price,1996-97,November,Golden State Warriors,Utah Jazz,2,0,3,0,0,1,1
90,86,Joe Smith,1996-97,November,Golden State Warriors,Utah Jazz,6,0,2,0,0,1,0
91,0,Howard Eisley,1996-97,November,Golden State Warriors,Utah Jazz,0,0,0,0,1,0,0
92,73,Andrew DeClercq,1996-97,November,Golden State Warriors,Utah Jazz,0,0,0,0,0,0,2
93,77,Jeff Hornacek,1996-97,November,Utah Jazz,Golden State Warriors,7,0,3,0,0,0,1
94,93,Jeff Hornacek,1996-97,November,Utah Jazz,Golden State Warriors,8,0,3,0,0,0,1
96,75,Karl Malone,1996-97,November,Utah Jazz,Golden State Warriors,8,0,3,0,0,2,1
97,94,Jeff Hornacek,1996-97,November,Utah Jazz,Golden State Warriors,10,0,3,0,0,0,1
98,96,Karl Malone,1996-97,November,Utah Jazz,Golden State Warriors,8,1,3,0,0,2,1
99,0,B.J. Armstrong,1996-97,November,Golden State Warriors,Utah Jazz,2,0,0,0,0,0,0
100,89,Mark Price,1996-97,November,Golden State Warriors,Utah Jazz,2,1,3,0,0,1,1
101,98,Karl Malone,1996-97,November,Utah Jazz,Golden State Warriors,10,1,3,0,0,2,1
102,91,Howard Eisley,1996-97,November,Utah Jazz,Golden State Warriors,0,1,0,0,1,0,0
104,85,Greg Ostertag,1996-97,November,Utah Jazz,Golden State Warriors,0,0,3,1,0,3,1
106,90,Joe Smith,1996-97,November,Golden State Warriors,Utah Jazz,6,0,3,0,0,1,0
108,87,Latrell Sprewell,1996-97,November,Golden State Warriors,Utah Jazz,7,1,2,0,1,1,1
109,72,Bryon Russell,1996-97,November,Utah Jazz,Golden State Warriors,2,1,2,0,1,0,2
111,108,Latrell Sprewell,1996-97,November,Golden State Warriors,Utah Jazz,8,1,2,0,1,1,1
112,0,Todd Fuller,1996-97,November,Golden State Warriors,Utah Jazz,0,0,0,0,0,0,1
113,101,Karl Malone,1996-97,November,Utah Jazz,Golden State Warriors,11,1,3,0,0,2,1
114,113,Karl Malone,1996-97,November,Utah Jazz,Golden State Warriors,12,1,3,0,0,2,1
115,97,Jeff Hornacek,1996-97,November,Utah Jazz,Golden State Warriors,10,0,3,0,0,0,2
116,0,Donald Royal,1996-97,November,Golden State Warriors,Utah Jazz,1,0,0,0,0,0,0
117,116,Donald Royal,1996-97,November,Golden State Warriors,Utah Jazz,2,0,0,0,0,0,0
119,112,Todd Fuller,1996-97,November,Golden State Warriors,Utah Jazz,0,0,1,0,0,0,1
121,68,John Stockton,1996-97,November,Utah Jazz,Golden State Warriors,0,3,1,0,1,0,0
123,106,Joe Smith,1996-97,November,Golden State Warriors,Utah Jazz,6,0,4,0,0,1,0
124,123,Joe Smith,1996-97,November,Golden State Warriors,Utah Jazz,6,0,4,0,0,2,0
125,0,Antoine Carr,1996-97,November,Utah Jazz,Golden State Warriors,2,0,0,0,0,0,0
126,0,Shandon Anderson,1996-97,November,Utah Jazz,Golden State Warriors,0,0,0,0,0,0,1
127,111,Latrell Sprewell,1996-97,November,Golden State Warriors,Utah Jazz,9,1,2,0,1,1,1
128,127,Latrell Sprewell,1996-97,November,Golden State Warriors,Utah Jazz,10,1,2,0,1,1,1
130,128,Latrell Sprewell,1996-97,November,Utah Jazz,Golden State Warriors,10,1,2,1,1,1,1
131,126,Shandon Anderson,1996-97,November,Utah Jazz,Golden State Warriors,0,0,1,0,0,0,1
132,131,Shandon Anderson,1996-97,November,Utah Jazz,Golden State Warriors,2,0,1,0,0,0,1
134,119,Todd Fuller,1996-97,November,Golden State Warriors,Utah Jazz,0,0,1,0,0,0,2
135,132,Shandon Anderson,1996-97,November,Utah Jazz,Golden State Warriors,5,0,1,0,0,0,1
136,125,Antoine Carr,1996-97,November,Utah Jazz,Golden State Warriors,2,1,0,0,0,0,0
138,130,Latrell Sprewell,1996-97,November,Golden State Warriors,Utah Jazz,10,1,3,1,1,1,1
140,134,Todd Fuller,1996-97,November,Golden State Warriors,Utah Jazz,0,0,2,0,0,0,2
141,136,Antoine Carr,1996-97,November,Utah Jazz,Golden State Warriors,2,1,0,0,0,0,1
144,0,Adam Keefe,1996-97,November,Utah Jazz,Golden State Warriors,0,0,1,0,0,0,0
145,141,Antoine Carr,1996-97,November,Utah Jazz,Golden State Warriors,4,1,0,0,0,0,1
146,117,Donald Royal,1996-97,November,Golden State Warriors,Utah Jazz,2,0,0,0,0,1,0
147,109,Bryon Russell,1996-97,November,Golden State Warriors,Utah Jazz,2,1,2,0,2,0,2
148,145,Antoine Carr,1996-97,November,Utah Jazz,Golden State Warriors,6,1,0,0,0,0,1
149,121,John Stockton,1996-97,November,Utah Jazz,Golden State Warriors,0,4,1,0,1,0,0
150,147,Bryon Russell,1996-97,November,Utah Jazz,Golden State Warriors,2,1,2,0,2,0,3
151,146,Donald Royal,1996-97,November,Golden State Warriors,Utah Jazz,3,0,0,0,0,1,0
152,151,Donald Royal,1996-97,November,Golden State Warriors,Utah Jazz,4,0,0,0,0,1,0
153,0,Jamie Watson,1996-97,November,Utah Jazz,Golden State Warriors,0,0,0,0,0,0,1
154,153,Jamie Watson,1996-97,November,Utah Jazz,Golden State Warriors,0,0,0,0,0,1,1
155,124,Joe Smith,1996-97,November,Golden State Warriors,Utah Jazz,8,0,4,0,0,2,0
156,99,B.J. Armstrong,1996-97,November,Golden State Warriors,Utah Jazz,2,1,0,0,0,0,0
157,149,John Stockton,1996-97,November,Utah Jazz,Golden State Warriors,2,4,1,0,1,0,0
158,156,B.J. Armstrong,1996-97,November,Golden State Warriors,Utah Jazz,2,1,0,0,0,0,1
159,157,John Stockton,1996-97,November,Utah Jazz,Golden State Warriors,3,4,1,0,1,0,0
161,135,Shandon Anderson,1996-97,November,Utah Jazz,Golden State Warriors,5,0,1,0,0,0,2
163,84,Chris Mullin,1996-97,November,Golden State Warriors,Utah Jazz,3,0,0,0,0,2,0
164,0,Donyell Marshall,1996-97,November,Golden State Warriors,Utah Jazz,0,0,0,0,0,0,1
165,161,Shandon Anderson,1996-97,November,Utah Jazz,Golden State Warriors,7,0,1,0,0,0,2
166,159,John Stockton,1996-97,November,Utah Jazz,Golden State Warriors,3,5,1,0,1,0,0
167,155,Joe Smith,1996-97,November,Golden State Warriors,Utah Jazz,10,0,4,0,0,2,0
169,167,Joe Smith,1996-97,November,Golden State Warriors,Utah Jazz,10,0,5,0,0,2,0
171,152,Donald Royal,1996-97,November,Golden State Warriors,Utah Jazz,4,0,1,0,0,1,0
172,171,Donald Royal,1996-97,November,Golden State Warriors,Utah Jazz,6,0,1,0,0,1,0
173,144,Adam Keefe,1996-97,November,Utah Jazz,Golden State Warriors,0,0,1,0,0,0,1
174,172,Donald Royal,1996-97,November,Golden State Warriors,Utah Jazz,7,0,1,0,0,1,0
175,173,Adam Keefe,1996-97,November,Utah Jazz,Golden State Warriors,0,0,1,0,0,1,1
176,148,Antoine Carr,1996-97,November,Utah Jazz,Golden State Warriors,6,1,0,0,0,0,2
177,158,B.J. Armstrong,1996-97,November,Golden State Warriors,Utah Jazz,3,1,0,0,0,0,1
178,177,B.J. Armstrong,1996-97,November,Golden State Warriors,Utah Jazz,4,1,0,0,0,0,1
179,176,Antoine Carr,1996-97,November,Utah Jazz,Golden State Warriors,6,1,0,0,0,0,2
181,114,Karl Malone,1996-97,November,Utah Jazz,Golden State Warriors,12,1,3,0,0,3,1
182,174,Donald Royal,1996-97,November,Utah Jazz,Golden State Warriors,7,0,1,0,1,1,0
184,169,Joe Smith,1996-97,November,Golden State Warriors,Utah Jazz,10,0,6,0,0,2,0
185,184,Joe Smith,1996-97,November,Golden State Warriors,Utah Jazz,10,0,6,0,0,3,0
186,165,Shandon Anderson,1996-97,November,Utah Jazz,Golden State Warriors,10,0,1,0,0,0,2
187,154,Jamie Watson,1996-97,November,Utah Jazz,Golden State Warriors,0,1,0,0,0,1,1
189,187,Jamie Watson,1996-97,November,Utah Jazz,Golden State Warriors,0,1,1,0,0,1,1
190,163,Chris Mullin,1996-97,November,Golden State Warriors,Utah Jazz,3,0,0,0,0,2,1
191,175,Adam Keefe,1996-97,November,Utah Jazz,Golden State Warriors,1,0,1,0,0,1,1
193,182,Donald Royal,1996-97,November,Golden State Warriors,Utah Jazz,7,0,2,0,1,1,0
194,193,Donald Royal,1996-97,November,Golden State Warriors,Utah Jazz,9,0,2,0,1,1,0
195,178,B.J. Armstrong,1996-97,November,Golden State Warriors,Utah Jazz,4,2,0,0,0,0,1
196,181,Karl Malone,1996-97,November,Utah Jazz,Golden State Warriors,14,1,3,0,0,3,1
197,166,John Stockton,1996-97,November,Utah Jazz,Golden State Warriors,3,6,1,0,1,0,0
198,185,Joe Smith,1996-97,November,Golden State Warriors,Utah Jazz,12,0,6,0,0,3,0
199,195,B.J. Armstrong,1996-97,November,Golden State Warriors,Utah Jazz,4,3,0,0,0,0,1
200,189,Jamie Watson,1996-97,November,Utah Jazz,Golden State Warriors,2,1,1,0,0,1,1
201,197,John Stockton,1996-97,November,Utah Jazz,Golden State Warriors,3,7,1,0,1,0,0
203,196,Karl Malone,1996-97,November,Utah Jazz,Golden State Warriors,14,1,4,0,0,3,1
205,201,John Stockton,1996-97,November,Utah Jazz,Golden State Warriors,3,7,1,0,1,0,1
206,100,Mark Price,1996-97,November,Golden State Warriors,Utah Jazz,3,1,3,0,0,1,1
207,206,Mark Price,1996-97,November,Golden State Warriors,Utah Jazz,4,1,3,0,0,1,1
208,115,Jeff Hornacek,1996-97,November,Utah Jazz,Golden State Warriors,12,0,3,0,0,0,2
209,203,Karl Malone,1996-97,November,Utah Jazz,Golden State Warriors,14,2,4,0,0,3,1
210,138,Latrell Sprewell,1996-97,November,Golden State Warriors,Utah Jazz,13,1,3,1,1,1,1
211,194,Donald Royal,1996-97,November,Golden State Warriors,Utah Jazz,9,1,2,0,1,1,0
213,198,Joe Smith,1996-97,November,Utah Jazz,Golden State Warriors,12,0,6,1,0,3,0
214,186,Shandon Anderson,1996-97,November,Utah Jazz,Golden State Warriors,10,0,2,0,0,0,2
215,214,Shandon Anderson,1996-97,November,Utah Jazz,Golden State Warriors,10,0,2,0,0,1,2
216,213,Joe Smith,1996-97,November,Utah Jazz,Golden State Warriors,12,0,6,1,1,3,0
217,211,Donald Royal,1996-97,November,Golden State Warriors,Utah Jazz,9,1,2,0,1,2,0
218,209,Karl Malone,1996-97,November,Utah Jazz,Golden State Warriors,16,2,4,0,0,3,1
219,210,Latrell Sprewell,1996-97,November,Golden State Warriors,Utah Jazz,13,1,3,1,1,2,1
220,205,John Stockton,1996-97,November,Utah Jazz,Golden State Warriors,5,7,1,0,1,0,1
221,218,Karl Malone,1996-97,November,Utah Jazz,Golden State Warriors,16,3,4,0,0,3,1
222,216,Joe Smith,1996-97,November,Golden State Warriors,Utah Jazz,14,0,6,1,1,3,0
224,208,Jeff Hornacek,1996-97,November,Utah Jazz,Golden State Warriors,12,0,4,0,0,0,2
225,224,Jeff Hornacek,1996-97,November,Utah Jazz,Golden State Warriors,14,0,4,0,0,0,2
226,207,Mark Price,1996-97,November,Golden State Warriors,Utah Jazz,6,1,3,0,0,1,1
228,221,Karl Malone,1996-97,November,Utah Jazz,Golden State Warriors,16,3,5,0,0,3,1
229,104,Greg Ostertag,1996-97,November,Utah Jazz,Golden State Warriors,2,0,3,1,0,3,1
230,228,Karl Malone,1996-97,November,Utah Jazz,Golden State Warriors,16,4,5,0,0,3,1
231,190,Chris Mullin,1996-97,November,Golden State Warriors,Utah Jazz,6,0,0,0,0,2,1
232,219,Latrell Sprewell,1996-97,November,Golden State Warriors,Utah Jazz,13,2,3,1,1,2,1
233,225,Jeff Hornacek,1996-97,November,Utah Jazz,Golden State Warriors,16,0,4,0,0,0,2
234,220,John Stockton,1996-97,November,Utah Jazz,Golden State Warriors,5,8,1,0,1,0,1
235,222,Joe Smith,1996-97,November,Golden State Warriors,Utah Jazz,16,0,6,1,1,3,0
236,231,Chris Mullin,1996-97,November,Golden State Warriors,Utah Jazz,6,1,0,0,0,2,1
238,230,Karl Malone,1996-97,November,Utah Jazz,Golden State Warriors,16,4,6,0,0,3,1
239,49,Felton Spencer,1996-97,November,Golden State Warriors,Utah Jazz,0,1,4,0,0,0,3
240,229,Greg Ostertag,1996-97,November,Utah Jazz,Golden State Warriors,3,0,3,1,0,3,1
241,240,Greg Ostertag,1996-97,November,Utah Jazz,Golden State Warriors,4,0,3,1,0,3,1
243,235,Joe Smith,1996-97,November,Golden State Warriors,Utah Jazz,16,0,7,1,1,3,0
244,243,Joe Smith,1996-97,November,Golden State Warriors,Utah Jazz,16,0,7,1,1,4,0
245,234,John Stockton,1996-97,November,Golden State Warriors,Utah Jazz,5,8,1,0,2,0,1
246,236,Chris Mullin,1996-97,November,Golden State Warriors,Utah Jazz,6,1,0,0,0,2,2
247,150,Bryon Russell,1996-97,November,Utah Jazz,Golden State Warriors,3,1,2,0,2,0,3
249,241,Greg Ostertag,1996-97,November,Utah Jazz,Golden State Warriors,4,0,4,1,0,3,1
251,232,Latrell Sprewell,1996-97,November,Golden State Warriors,Utah Jazz,13,2,4,1,1,2,1
252,233,Jeff Hornacek,1996-97,November,Utah Jazz,Golden State Warriors,16,0,4,0,0,0,3
254,238,Karl Malone,1996-97,November,Golden State Warriors,Utah Jazz,16,4,6,1,0,3,1
255,246,Chris Mullin,1996-97,November,Golden State Warriors,Utah Jazz,6,1,1,0,0,2,2
256,255,Chris Mullin,1996-97,November,Golden State Warriors,Utah Jazz,8,1,1,0,0,2,2
258,244,Joe Smith,1996-97,November,Golden State Warriors,Utah Jazz,16,0,8,1,1,4,0
259,249,Greg Ostertag,1996-97,November,Utah Jazz,Golden State Warriors,4,0,4,1,0,3,2
261,239,Felton Spencer,1996-97,November,Golden State Warriors,Utah Jazz,1,1,4,0,0,0,3
262,226,Mark Price,1996-97,November,Golden State Warriors,Utah Jazz,6,1,3,0,0,1,2
264,251,Latrell Sprewell,1996-97,November,Golden State Warriors,Utah Jazz,13,2,5,1,1,2,1
266,247,Bryon Russell,1996-97,November,Utah Jazz,Golden State Warriors,3,1,3,0,2,0,3
267,258,Joe Smith,1996-97,November,Golden State Warriors,Utah Jazz,16,0,8,1,1,4,1
268,259,Greg Ostertag,1996-97,November,Utah Jazz,Golden State Warriors,6,0,4,1,0,3,2
269,245,John Stockton,1996-97,November,Utah Jazz,Golden State Warriors,5,9,1,0,2,0,1
270,269,John Stockton,1996-97,November,Utah Jazz,Golden State Warriors,5,9,1,0,2,0,2
271,262,Mark Price,1996-97,November,Golden State Warriors,Utah Jazz,7,1,3,0,0,1,2
272,271,Mark Price,1996-97,November,Golden State Warriors,Utah Jazz,8,1,3,0,0,1,2
273,254,Karl Malone,1996-97,November,Utah Jazz,Golden State Warriors,18,4,6,1,0,3,1
274,270,John Stockton,1996-97,November,Utah Jazz,Golden State Warriors,5,10,1,0,2,0,2
276,267,Joe Smith,1996-97,November,Golden State Warriors,Utah Jazz,16,0,9,1,1,4,1
277,276,Joe Smith,1996-97,November,Golden State Warriors,Utah Jazz,18,0,9,1,1,4,1
278,273,Karl Malone,1996-97,November,Utah Jazz,Golden State Warriors,20,4,6,1,0,3,1
279,274,John Stockton,1996-97,November,Utah Jazz,Golden State Warriors,5,11,1,0,2,0,2
280,272,Mark Price,1996-97,November,Golden State Warriors,Utah Jazz,10,1,3,0,0,1,2
281,264,Latrell Sprewell,1996-97,November,Golden State Warriors,Utah Jazz,13,2,5,1,1,2,2
282,266,Bryon Russell,1996-97,November,Utah Jazz,Golden State Warriors,4,1,3,0,2,0,3
283,282,Bryon Russell,1996-97,November,Utah Jazz,Golden State Warriors,5,1,3,0,2,0,3
285,252,Jeff Hornacek,1996-97,November,Utah Jazz,Golden State Warriors,16,0,5,0,0,0,3
287,277,Joe Smith,1996-97,November,Golden State Warriors,Utah Jazz,18,0,10,1,1,4,1
288,261,Felton Spencer,1996-97,November,Golden State Warriors,Utah Jazz,3,1,4,0,0,0,3
289,256,Chris Mullin,1996-97,November,Golden State Warriors,Utah Jazz,8,2,1,0,0,2,2
291,287,Joe Smith,1996-97,November,Golden State Warriors,Utah Jazz,18,0,11,1,1,4,1
293,288,Felton Spencer,1996-97,November,Golden State Warriors,Utah Jazz,3,1,4,0,0,0,4
294,278,Karl Malone,1996-97,November,Utah Jazz,Golden State Warriors,21,4,6,1,0,3,1
295,294,Karl Malone,1996-97,November,Utah Jazz,Golden State Warriors,22,4,6,1,0,3,1
296,281,Latrell Sprewell,1996-97,November,Golden State Warriors,Utah Jazz,15,2,5,1,1,2,2
297,283,Bryon Russell,1996-97,November,Utah Jazz,Golden State Warriors,5,1,3,0,2,0,4
298,296,Latrell Sprewell,1996-97,November,Golden State Warriors,Utah Jazz,16,2,5,1,1,2,2
300,280,Mark Price,1996-97,November,Golden State Warriors,Utah Jazz,10,1,4,0,0,1,2
301,289,Chris Mullin,1996-97,November,Golden State Warriors,Utah Jazz,10,2,1,0,0,2,2
302,298,Latrell Sprewell,1996-97,November,Golden State Warriors,Utah Jazz,16,3,5,1,1,2,2
303,285,Jeff Hornacek,1996-97,November,Utah Jazz,Golden State Warriors,18,0,5,0,0,0,3
304,102,Howard Eisley,1996-97,November,Utah Jazz,Golden State Warriors,0,2,0,0,1,0,0
305,92,Andrew DeClercq,1996-97,November,Golden State Warriors,Utah Jazz,0,0,0,0,0,0,3
306,303,Jeff Hornacek,1996-97,November,Utah Jazz,Golden State Warriors,19,0,5,0,0,0,3
308,295,Karl Malone,1996-97,November,Golden State Warriors,Utah Jazz,22,4,6,2,0,3,1
309,308,Karl Malone,1996-97,November,Utah Jazz,Golden State Warriors,22,4,7,2,0,3,1
310,309,Karl Malone,1996-97,November,Utah Jazz,Golden State Warriors,22,4,7,2,0,4,1
311,300,Mark Price,1996-97,November,Utah Jazz,Golden State Warriors,10,1,4,0,1,1,2
313,291,Joe Smith,1996-97,November,Golden State Warriors,Utah Jazz,18,0,12,1,1,4,1
314,313,Joe Smith,1996-97,November,Golden State Warriors,Utah Jazz,18,0,12,1,1,5,1
315,215,Shandon Anderson,1996-97,November,Golden State Warriors,Utah Jazz,10,0,2,0,1,1,2
316,315,Shandon Anderson,1996-97,November,Utah Jazz,Golden State Warriors,10,0,2,0,1,2,2
318,316,Shandon Anderson,1996-97,November,Utah Jazz,Golden State Warriors,10,0,3,0,1,2,2
319,310,Karl Malone,1996-97,November,Utah Jazz,Golden State Warriors,22,4,7,2,0,5,1
320,301,Chris Mullin,1996-97,November,Utah Jazz,Golden State Warriors,10,2,1,0,1,2,2
321,318,Shandon Anderson,1996-97,November,Utah Jazz,Golden State Warriors,10,0,3,0,1,2,3
322,320,Chris Mullin,1996-97,November,Golden State Warriors,Utah Jazz,11,2,1,0,1,2,2
323,322,Chris Mullin,1996-97,November,Golden State Warriors,Utah Jazz,12,2,1,0,1,2,2
324,305,Andrew DeClercq,1996-97,November,Golden State Warriors,Utah Jazz,0,0,0,0,0,0,4
326,319,Karl Malone,1996-97,November,Utah Jazz,Golden State Warriors,23,4,7,2,0,5,1
327,326,Karl Malone,1996-97,November,Utah Jazz,Golden State Warriors,23,4,7,2,0,5,2
328,324,Andrew DeClercq,1996-97,November,Golden State Warriors,Utah Jazz,1,0,0,0,0,0,4
329,328,Andrew DeClercq,1996-97,November,Golden State Warriors,Utah Jazz,2,0,0,0,0,0,4
330,327,Karl Malone,1996-97,November,Utah Jazz,Golden State Warriors,23,4,7,2,0,6,2
331,304,Howard Eisley,1996-97,November,Utah Jazz,Golden State Warriors,0,2,0,0,1,0,1
332,199,B.J. Armstrong,1996-97,November,Golden State Warriors,Utah Jazz,5,3,0,0,0,0,1
334,330,Karl Malone,1996-97,November,Utah Jazz,Golden State Warriors,23,4,8,2,0,6,2
335,306,Jeff Hornacek,1996-97,November,Utah Jazz,Golden State Warriors,21,0,5,0,0,0,3
336,332,B.J. Armstrong,1996-97,November,Golden State Warriors,Utah Jazz,5,3,0,0,0,1,1
337,335,Jeff Hornacek,1996-97,November,Golden State Warriors,Utah Jazz,21,0,5,0,1,0,3
338,336,B.J. Armstrong,1996-97,November,Golden State Warriors,Utah Jazz,5,3,0,0,0,1,2
339,337,Jeff Hornacek,1996-97,November,Utah Jazz,Golden State Warriors,22,0,5,0,1,0,3
341,217,Donald Royal,1996-97,November,Golden State Warriors,Utah Jazz,9,1,3,0,1,2,0
342,321,Shandon Anderson,1996-97,November,Utah Jazz,Golden State Warriors,10,0,3,0,1,2,4
343,302,Latrell Sprewell,1996-97,November,Golden State Warriors,Utah Jazz,17,3,5,1,1,2,2
344,343,Latrell Sprewell,1996-97,November,Golden State Warriors,Utah Jazz,18,3,5,1,1,2,2
346,140,Todd Fuller,1996-97,November,Utah Jazz,Golden State Warriors,0,0,2,1,0,0,2
347,341,Donald Royal,1996-97,November,Golden State Warriors,Utah Jazz,9,1,4,0,1,2,0
348,200,Jamie Watson,1996-97,November,Utah Jazz,Golden State Warriors,2,1,1,0,0,1,2
349,344,Latrell Sprewell,1996-97,November,Golden State Warriors,Utah Jazz,19,3,5,1,1,2,2
351,334,Karl Malone,1996-97,November,Utah Jazz,Golden State Warriors,23,4,9,2,0,6,2
352,339,Jeff Hornacek,1996-97,November,Utah Jazz,Golden State Warriors,22,0,5,0,1,1,3
353,349,Latrell Sprewell,1996-97,November,Golden State Warriors,Utah Jazz,19,3,5,1,1,3,2
355,346,Todd Fuller,1996-97,November,Golden State Warriors,Utah Jazz,0,0,3,1,0,0,2
357,347,Donald Royal,1996-97,November,Golden State Warriors,Utah Jazz,9,1,5,0,1,2,0
359,348,Jamie Watson,1996-97,November,Utah Jazz,Golden State Warriors,2,1,2,0,0,1,2
360,297,Bryon Russell,1996-97,November,Utah Jazz,Golden State Warriors,5,1,3,0,2,0,5
361,360,Bryon Russell,1996-97,November,Utah Jazz,Golden State Warriors,5,1,3,0,2,1,5
363,359,Jamie Watson,1996-97,November,Utah Jazz,Golden State Warriors,2,1,3,0,0,1,2
365,361,Bryon Russell,1996-97,November,Utah Jazz,Golden State Warriors,5,1,4,0,2,1,5
366,357,Donald Royal,1996-97,November,Golden State Warriors,Utah Jazz,9,1,5,0,1,2,1
367,366,Donald Royal,1996-97,November,Golden State Warriors,Utah Jazz,9,1,5,0,1,2,2
368,179,Antoine Carr,1996-97,November,Utah Jazz,Golden State Warriors,8,1,0,0,0,0,2
369,268,Greg Ostertag,1996-97,November,Utah Jazz,Golden State Warriors,6,1,4,1,0,3,2
371,355,Todd Fuller,1996-97,November,Golden State Warriors,Utah Jazz,0,0,4,1,0,0,2
372,191,Adam Keefe,1996-97,November,Utah Jazz,Golden State Warriors,1,0,1,0,0,2,1
373,363,Jamie Watson,1996-97,November,Utah Jazz,Golden State Warriors,2,1,3,0,0,1,3
374,353,Latrell Sprewell,1996-97,November,Golden State Warriors,Utah Jazz,20,3,5,1,1,3,2
375,374,Latrell Sprewell,1996-97,November,Golden State Warriors,Utah Jazz,21,3,5,1,1,3,2
376,279,John Stockton,1996-97,November,Utah Jazz,Golden State Warriors,5,11,1,0,2,1,2
377,371,Todd Fuller,1996-97,November,Golden State Warriors,Utah Jazz,0,0,4,1,0,0,3
378,377,Todd Fuller,1996-97,November,Golden State Warriors,Utah Jazz,0,0,4,1,0,1,3
380,367,Donald Royal,1996-97,November,Utah Jazz,Golden State Warriors,9,1,5,1,1,2,2
381,314,Joe Smith,1996-97,November,Golden State Warriors,Utah Jazz,18,0,13,1,1,5,1
383,373,Jamie Watson,1996-97,November,Utah Jazz,Golden State Warriors,2,1,4,0,0,1,3
384,372,Adam Keefe,1996-97,November,Utah Jazz,Golden State Warriors,1,0,1,0,0,2,2
385,384,Adam Keefe,1996-97,November,Utah Jazz,Golden State Warriors,1,0,1,0,0,3,2
387,369,Greg Ostertag,1996-97,November,Utah Jazz,Golden State Warriors,6,1,5,1,0,3,2
389,385,Adam Keefe,1996-97,November,Utah Jazz,Golden State Warriors,1,0,2,0,0,3,2
390,381,Joe Smith,1996-97,November,Golden State Warriors,Utah Jazz,18,0,13,1,1,5,2
392,389,Adam Keefe,1996-97,November,Utah Jazz,Golden State Warriors,1,0,2,0,0,3,3
394,368,Antoine Carr,1996-97,November,Utah Jazz,Golden State Warriors,8,1,1,0,0,0,2
395,383,Jamie Watson,1996-97,November,Utah Jazz,Golden State Warriors,2,1,4,0,0,2,3
396,323,Chris Mullin,1996-97,November,Golden State Warriors,Utah Jazz,14,2,1,0,1,2,2
397,375,Latrell Sprewell,1996-97,November,Golden State Warriors,Utah Jazz,21,4,5,1,1,3,2
398,392,Adam Keefe,1996-97,November,Utah Jazz,Golden State Warriors,1,0,2,0,0,3,4
399,396,Chris Mullin,1996-97,November,Golden State Warriors,Utah Jazz,15,2,1,0,1,2,2
400,293,Felton Spencer,1996-97,November,Golden State Warriors,Utah Jazz,3,1,4,0,0,0,4
402,352,Jeff Hornacek,1996-97,November,Utah Jazz,Golden State Warriors,24,0,5,0,1,1,3
403,397,Latrell Sprewell,1996-97,November,Golden State Warriors,Utah Jazz,23,4,5,1,1,3,2
404,390,Joe Smith,1996-97,November,Golden State Warriors,Utah Jazz,18,0,13,1,1,5,3
405,351,Karl Malone,1996-97,November,Utah Jazz,Golden State Warriors,25,4,9,2,0,6,2
406,402,Jeff Hornacek,1996-97,November,Utah Jazz,Golden State Warriors,24,1,5,0,1,1,3
408,394,Antoine Carr,1996-97,November,Utah Jazz,Golden State Warriors,8,1,2,0,0,0,2
409,405,Karl Malone,1996-97,November,Utah Jazz,Golden State Warriors,27,4,9,2,0,6,2
410,376,John Stockton,1996-97,November,Utah Jazz,Golden State Warriors,5,12,1,0,2,1,2
412,408,Antoine Carr,1996-97,November,Utah Jazz,Golden State Warriors,8,1,3,0,0,0,2
413,404,Joe Smith,1996-97,November,Golden State Warriors,Utah Jazz,18,0,13,1,1,5,4
416,413,Joe Smith,1996-97,November,Golden State Warriors,Utah Jazz,18,0,14,1,1,5,4
417,342,Shandon Anderson,1996-97,November,Utah Jazz,Golden State Warriors,10,0,3,0,1,2,5
418,311,Mark Price,1996-97,November,Golden State Warriors,Utah Jazz,13,1,4,0,1,1,2
419,399,Chris Mullin,1996-97,November,Golden State Warriors,Utah Jazz,15,3,1,0,1,2,2
421,416,Joe Smith,1996-97,November,Utah Jazz,Golden State Warriors,18,0,14,2,1,5,4
422,418,Mark Price,1996-97,November,Golden State Warriors,Utah Jazz,13,1,5,0,1,1,2
423,422,Mark Price,1996-97,November,Golden State Warriors,Utah Jazz,16,1,5,0,1,1,2
424,423,Mark Price,1996-97,November,Golden State Warriors,Utah Jazz,16,1,5,0,1,1,3
425,410,John Stockton,1996-97,November,Utah Jazz,Golden State Warriors,6,12,1,0,2,1,2
426,425,John Stockton,1996-97,November,Utah Jazz,Golden State Warriors,7,12,1,0,2,1,2
427,419,Chris Mullin,1996-97,November,Golden State Warriors,Utah Jazz,15,3,1,0,1,3,2
428,426,John Stockton,1996-97,November,Golden State Warriors,Utah Jazz,7,12,1,0,3,1,2
429,428,John Stockton,1996-97,November,Utah Jazz,Golden State Warriors,9,12,1,0,3,1,2
431,365,Bryon Russell,1996-97,November,Utah Jazz,Golden State Warriors,5,1,5,0,2,1,5
433,400,Felton Spencer,1996-97,November,Golden State Warriors,Utah Jazz,3,1,5,0,0,0,4
434,424,Mark Price,1996-97,November,Golden State Warriors,Utah Jazz,16,1,5,0,1,2,3
435,429,John Stockton,1996-97,November,Golden State Warriors,Utah Jazz,9,12,1,0,4,1,2
436,433,Felton Spencer,1996-97,November,Golden State Warriors,Utah Jazz,3,1,5,0,0,0,5
439,436,Felton Spencer,1996-97,November,Golden State Warriors,Utah Jazz,3,1,6,0,0,0,5
441,435,John Stockton,1996-97,November,Golden State Warriors,Utah Jazz,9,12,1,1,4,1,2
442,431,Bryon Russell,1996-97,November,Utah Jazz,Golden State Warriors,5,1,6,0,2,1,5
443,442,Bryon Russell,1996-97,November,Utah Jazz,Golden State Warriors,5,1,6,0,2,2,5
444,439,Felton Spencer,1996-97,November,Utah Jazz,Golden State Warriors,3,1,6,0,1,0,5
446,406,Jeff Hornacek,1996-97,November,Utah Jazz,Golden State Warriors,24,1,6,0,1,1,3
448,421,Joe Smith,1996-97,November,Utah Jazz,Golden State Warriors,18,0,14,3,1,5,4
449,409,Karl Malone,1996-97,November,Utah Jazz,Golden State Warriors,27,4,10,2,0,6,2
451,449,Karl Malone,1996-97,November,Utah Jazz,Golden State Warriors,27,4,11,2,0,6,2
453,403,Latrell Sprewell,1996-97,November,Golden State Warriors,Utah Jazz,23,4,6,1,1,3,2
454,451,Karl Malone,1996-97,November,Utah Jazz,Golden State Warriors,27,4,11,2,0,6,3
456,444,Felton Spencer,1996-97,November,Golden State Warriors,Utah Jazz,4,1,6,0,1,0,5
457,446,Jeff Hornacek,1996-97,November,Utah Jazz,Golden State Warriors,26,1,6,0,1,1,3
458,441,John Stockton,1996-97,November,Utah Jazz,Golden State Warriors,9,13,1,1,4,1,2
459,453,Latrell Sprewell,1996-97,November,Golden State Warriors,Utah Jazz,25,4,6,1,1,3,2
461,456,Felton Spencer,1996-97,November,Golden State Warriors,Utah Jazz,4,1,7,0,1,0,5
463,443,Bryon Russell,1996-97,November,Golden State Warriors,Utah Jazz,5,1,6,1,2,2,5
464,454,Karl Malone,1996-97,November,Utah Jazz,Golden State Warriors,27,4,12,2,0,6,3
465,464,Karl Malone,1996-97,November,Utah Jazz,Golden State Warriors,27,4,12,2,0,7,3
466,459,Latrell Sprewell,1996-97,November,Golden State Warriors,Utah Jazz,27,4,6,1,1,3,2
467,465,Karl Malone,1996-97,November,Utah Jazz,Golden State Warriors,29,4,12,2,0,7,3
468,458,John Stockton,1996-97,November,Utah Jazz,Golden State Warriors,9,14,1,1,4,1,2
469,457,Jeff Hornacek,1996-97,November,Utah Jazz,Golden State Warriors,28,1,6,0,1,1,3
470,468,John Stockton,1996-97,November,Utah Jazz,Golden State Warriors,9,14,1,1,4,1,2
471,434,Mark Price,1996-97,November,Golden State Warriors,Utah Jazz,17,1,5,0,1,2,3
473,461,Felton Spencer,1996-97,November,Golden State Warriors,Utah Jazz,4,1,7,0,1,0,6
474,471,Mark Price,1996-97,November,Golden State Warriors,Utah Jazz,17,1,5,0,1,2,4
475,470,John Stockton,1996-97,November,Utah Jazz,Golden State Warriors,12,14,1,1,4,1,2
476,467,Karl Malone,1996-97,November,Utah Jazz,Golden State Warriors,29,5,12,2,0,7,3
477,463,Bryon Russell,1996-97,November,Utah Jazz,Golden State Warriors,5,1,6,1,2,2,6
479,476,Karl Malone,1996-97,November,Utah Jazz,Golden State Warriors,29,5,13,2,0,7,3
480,479,Karl Malone,1996-97,November,Utah Jazz,Golden State Warriors,31,5,13,2,0,7,3
481,417,Shandon Anderson,1996-97,November,Utah Jazz,Golden State Warriors,10,1,3,0,1,2,5
482,387,Greg Ostertag,1996-97,November,Utah Jazz,Golden State Warriors,6,1,5,1,0,3,3
484,482,Greg Ostertag,1996-97,November,Utah Jazz,Golden State Warriors,6,1,6,1,0,3,3
486,484,Greg Ostertag,1996-97,November,Utah Jazz,Golden State Warriors,6,1,7,1,0,3,3
488,486,Greg Ostertag,1996-97,November,Utah Jazz,Golden State Warriors,6,1,8,1,0,3,3
489,488,Greg Ostertag,1996-97,November,Utah Jazz,Golden State Warriors,8,1,8,1,0,3,3
491,489,Greg Ostertag,1996-97,November,Utah Jazz,Golden State Warriors,8,1,9,1,0,3,3
493,427,Chris Mullin,1996-97,November,Golden State Warriors,Utah Jazz,15,3,2,0,1,3,2
494,491,Greg Ostertag,1996-97,November,Utah Jazz,Golden State Warriors,8,1,9,1,0,3,4
495,466,Latrell Sprewell,1996-97,November,Golden State Warriors,Utah Jazz,28,4,6,1,1,3,2
496,495,Latrell Sprewell,1996-97,November,Golden State Warriors,Utah Jazz,29,4,6,1,1,3,2
498,469,Jeff Hornacek,1996-97,November,Utah Jazz,Golden State Warriors,28,1,7,0,1,1,3
499,480,Karl Malone,1996-97,November,Utah Jazz,Golden State Warriors,33,5,13,2,0,7,3
500,475,John Stockton,1996-97,November,Utah Jazz,Golden State Warriors,12,15,1,1,4,1,2
501,329,Andrew DeClercq,1996-97,November,Golden State Warriors,Utah Jazz,2,0,0,0,0,0,5
503,498,Jeff Hornacek,1996-97,November,Utah Jazz,Golden State Warriors,28,1,8,0,1,1,3
504,448,Joe Smith,1996-97,November,Golden State Warriors,Utah Jazz,18,0,14,3,1,5,5
505,503,Jeff Hornacek,1996-97,November,Utah Jazz,Golden State Warriors,29,1,8,0,1,1,3
506,505,Jeff Hornacek,1996-97,November,Utah Jazz,Golden State Warriors,30,1,8,0,1,1,3
507,338,B.J. Armstrong,1996-97,November,Golden State Warriors,Utah Jazz,7,3,0,0,0,1,2
508,496,Latrell Sprewell,1996-97,November,Golden State Warriors,Utah Jazz,29,5,6,1,1,3,2
509,481,Shandon Anderson,1996-97,November,Utah Jazz,Golden State Warriors,10,1,3,0,1,3,5
510,493,Chris Mullin,1996-97,November,Utah Jazz,Golden State Warriors,15,3,2,0,2,3,2
512,508,Latrell Sprewell,1996-97,November,Golden State Warriors,Utah Jazz,29,5,7,1,1,3,2
513,512,Latrell Sprewell,1996-97,November,Golden State Warriors,Utah Jazz,32,5,7,1,1,3,2
