id,previous_id,player,season,month,team,opponent_team,points,assists,rebounds,blocks,steals,turnovers,personal fouls
1,0,Chris Webber,1996-97,November,Washington Bullets,Philadelphia 76ers,2,0,0,0,0,0,0
2,0,Juwan Howard,1996-97,November,Washington Bullets,Philadelphia 76ers,0,1,0,0,0,0,0
3,0,Scott Williams,1996-97,November,Philadelphia 76ers,Washington Bullets,0,0,0,0,0,0,1
5,0,Derrick Coleman,1996-97,November,Philadelphia 76ers,Washington Bullets,0,0,1,0,0,0,0
6,5,Derrick Coleman,1996-97,November,Philadelphia 76ers,Washington Bullets,0,0,1,0,0,1,0
7,2,Juwan Howard,1996-97,November,Washington Bullets,Philadelphia 76ers,0,1,0,0,1,0,0
9,0,Harvey Grant,1996-97,November,Washington Bullets,Philadelphia 76ers,0,0,1,0,0,0,0
10,9,Harvey Grant,1996-97,November,Washington Bullets,Philadelphia 76ers,2,0,1,0,0,0,0
11,0,Clar. Weatherspoon,1996-97,November,Philadelphia 76ers,Washington Bullets,0,0,0,0,0,1,0
13,0,Jerry Stackhouse,1996-97,November,Philadelphia 76ers,Washington Bullets,0,0,0,1,0,0,0
14,3,Scott Williams,1996-97,November,Philadelphia 76ers,Washington Bullets,0,0,1,0,0,0,1
15,0,Calbert Cheaney,1996-97,November,Washington Bullets,Philadelphia 76ers,0,0,0,0,0,0,1
17,1,Chris Webber,1996-97,November,Washington Bullets,Philadelphia 76ers,2,0,0,1,0,0,0
18,10,Harvey Grant,1996-97,November,Washington Bullets,Philadelphia 76ers,2,0,2,0,0,0,0
19,15,Calbert Cheaney,1996-97,November,Washington Bullets,Philadelphia 76ers,2,0,0,0,0,0,1
20,0,Rod Strickland,1996-97,November,Washington Bullets,Philadelphia 76ers,0,1,0,0,0,0,0
22,18,Harvey Grant,1996-97,November,Washington Bullets,Philadelphia 76ers,2,0,3,0,0,0,0
24,0,Rex Walters,1996-97,November,Philadelphia 76ers,Washington Bullets,0,0,1,0,0,0,0
26,17,Chris Webber,1996-97,November,Washington Bullets,Philadelphia 76ers,2,0,0,2,0,0,0
27,20,Rod Strickland,1996-97,November,Washington Bullets,Philadelphia 76ers,0,1,1,0,0,0,0
28,26,Chris Webber,1996-97,November,Washington Bullets,Philadelphia 76ers,2,0,0,2,0,1,0
29,24,Rex Walters,1996-97,November,Philadelphia 76ers,Washington Bullets,0,0,1,0,1,0,0
31,14,Scott Williams,1996-97,November,Philadelphia 76ers,Washington Bullets,0,0,2,0,0,0,1
33,19,Calbert Cheaney,1996-97,November,Washington Bullets,Philadelphia 76ers,2,0,1,0,0,0,1
34,29,Rex Walters,1996-97,November,Philadelphia 76ers,Washington Bullets,0,0,1,0,1,0,1
36,27,Rod Strickland,1996-97,November,Washington Bullets,Philadelphia 76ers,1,1,1,0,0,0,0
37,6,Derrick Coleman,1996-97,November,Philadelphia 76ers,Washington Bullets,2,0,1,0,0,1,0
38,13,Jerry Stackhouse,1996-97,November,Philadelphia 76ers,Washington Bullets,0,1,0,1,0,0,0
39,7,Juwan Howard,1996-97,November,Washington Bullets,Philadelphia 76ers,0,1,0,0,1,1,0
40,34,Rex Walters,1996-97,November,Philadelphia 76ers,Washington Bullets,0,0,1,0,1,0,2
41,40,Rex Walters,1996-97,November,Philadelphia 76ers,Washington Bullets,0,0,1,0,1,1,2
43,37,Derrick Coleman,1996-97,November,Philadelphia 76ers,Washington Bullets,2,0,2,0,0,1,0
44,31,Scott Williams,1996-97,November,Philadelphia 76ers,Washington Bullets,2,0,2,0,0,0,1
45,41,Rex Walters,1996-97,November,Philadelphia 76ers,Washington Bullets,0,1,1,0,1,1,2
46,39,Juwan Howard,1996-97,November,Washington Bullets,Philadelphia 76ers,2,1,0,0,1,1,0
48,36,Rod Strickland,1996-97,November,Washington Bullets,Philadelphia 76ers,1,1,2,0,0,0,0
49,28,Chris Webber,1996-97,November,Washington Bullets,Philadelphia 76ers,4,0,0,2,0,1,0
50,48,Rod Strickland,1996-97,November,Washington Bullets,Philadelphia 76ers,1,2,2,0,0,0,0
51,22,Harvey Grant,1996-97,November,Washington Bullets,Philadelphia 76ers,2,0,3,0,0,0,1
52,43,Derrick Coleman,1996-97,November,Philadelphia 76ers,Washington Bullets,3,0,2,0,0,1,0
53,52,Derrick Coleman,1996-97,November,Philadelphia 76ers,Washington Bullets,4,0,2,0,0,1,0
54,50,Rod Strickland,1996-97,November,Washington Bullets,Philadelphia 76ers,1,2,2,0,0,1,0
55,11,Clar. Weatherspoon,1996-97,November,Philadelphia 76ers,Washington Bullets,0,0,0,0,0,2,0
56,33,Calbert Cheaney,1996-97,November,Washington Bullets,Philadelphia 76ers,2,0,1,0,1,0,1
58,0,Lucious Harris,1996-97,November,Philadelphia 76ers,Washington Bullets,0,0,1,0,0,0,0
59,51,Harvey Grant,1996-97,November,Washington Bullets,Philadelphia 76ers,2,0,3,0,0,0,2
60,38,Jerry Stackhouse,1996-97,November,Philadelphia 76ers,Washington Bullets,1,1,0,1,0,0,0
61,60,Jerry Stackhouse,1996-97,November,Philadelphia 76ers,Washington Bullets,2,1,0,1,0,0,0
62,54,Rod Strickland,1996-97,November,Washington Bullets,Philadelphia 76ers,1,2,2,0,0,2,0
63,55,Clar. Weatherspoon,1996-97,November,Philadelphia 76ers,Washington Bullets,0,0,0,0,1,2,0
65,53,Derrick Coleman,1996-97,November,Philadelphia 76ers,Washington Bullets,4,0,3,0,0,1,0
67,0,Gheorghe Muresan,1996-97,November,Washington Bullets,Philadelphia 76ers,2,0,0,0,0,0,0
68,49,Chris Webber,1996-97,November,Washington Bullets,Philadelphia 76ers,4,1,0,2,0,1,0
70,44,Scott Williams,1996-97,November,Philadelphia 76ers,Washington Bullets,2,0,3,0,0,0,1
71,70,Scott Williams,1996-97,November,Philadelphia 76ers,Washington Bullets,4,0,3,0,0,0,1
74,46,Juwan Howard,1996-97,November,Washington Bullets,Philadelphia 76ers,2,1,1,0,1,1,0
75,56,Calbert Cheaney,1996-97,November,Washington Bullets,Philadelphia 76ers,4,0,1,0,1,0,1
76,62,Rod Strickland,1996-97,November,Washington Bullets,Philadelphia 76ers,1,3,2,0,0,2,0
78,74,Juwan Howard,1996-97,November,Washington Bullets,Philadelphia 76ers,2,1,2,0,1,1,0
79,75,Calbert Cheaney,1996-97,November,Washington Bullets,Philadelphia 76ers,6,0,1,0,1,0,1
80,78,Juwan Howard,1996-97,November,Washington Bullets,Philadelphia 76ers,2,2,2,0,1,1,0
82,71,Scott Williams,1996-97,November,Philadelphia 76ers,Washington Bullets,4,0,4,0,0,0,1
84,63,Clar. Weatherspoon,1996-97,November,Philadelphia 76ers,Washington Bullets,0,0,1,0,1,2,0
86,67,Gheorghe Muresan,1996-97,November,Washington Bullets,Philadelphia 76ers,2,0,0,1,0,0,0
87,86,Gheorghe Muresan,1996-97,November,Washington Bullets,Philadelphia 76ers,2,0,1,1,0,0,0
88,87,Gheorghe Muresan,1996-97,November,Washington Bullets,Philadelphia 76ers,2,0,1,1,0,1,0
89,58,Lucious Harris,1996-97,November,Philadelphia 76ers,Washington Bullets,0,0,1,0,1,0,0
90,89,Lucious Harris,1996-97,November,Philadelphia 76ers,Washington Bullets,2,0,1,0,1,0,0
92,80,Juwan Howard,1996-97,November,Washington Bullets,Philadelphia 76ers,2,2,3,0,1,1,0
94,92,Juwan Howard,1996-97,November,Washington Bullets,Philadelphia 76ers,2,2,4,0,1,1,0
95,68,Chris Webber,1996-97,November,Washington Bullets,Philadelphia 76ers,6,1,0,2,0,1,0
96,94,Juwan Howard,1996-97,November,Washington Bullets,Philadelphia 76ers,2,3,4,0,1,1,0
97,65,Derrick Coleman,1996-97,November,Philadelphia 76ers,Washington Bullets,6,0,3,0,0,1,0
98,79,Calbert Cheaney,1996-97,November,Washington Bullets,Philadelphia 76ers,6,0,1,0,1,1,1
99,61,Jerry Stackhouse,1996-97,November,Philadelphia 76ers,Washington Bullets,4,1,0,1,0,0,0
100,90,Lucious Harris,1996-97,November,Philadelphia 76ers,Washington Bullets,2,1,1,0,1,0,0
102,97,Derrick Coleman,1996-97,November,Philadelphia 76ers,Washington Bullets,6,0,4,0,0,1,0
104,88,Gheorghe Muresan,1996-97,November,Washington Bullets,Philadelphia 76ers,2,0,1,2,0,1,0
105,98,Calbert Cheaney,1996-97,November,Washington Bullets,Philadelphia 76ers,6,0,2,0,1,1,1
106,102,Derrick Coleman,1996-97,November,Philadelphia 76ers,Washington Bullets,6,0,4,0,0,1,1
107,76,Rod Strickland,1996-97,November,Washington Bullets,Philadelphia 76ers,3,3,2,0,0,2,0
109,104,Gheorghe Muresan,1996-97,November,Washington Bullets,Philadelphia 76ers,2,0,1,3,0,1,0
110,0,Mark Bradtke,1996-97,November,Philadelphia 76ers,Washington Bullets,0,0,1,0,0,0,0
111,110,Mark Bradtke,1996-97,November,Philadelphia 76ers,Washington Bullets,0,0,1,0,0,1,0
112,107,Rod Strickland,1996-97,November,Washington Bullets,Philadelphia 76ers,3,3,2,0,1,2,0
113,96,Juwan Howard,1996-97,November,Washington Bullets,Philadelphia 76ers,2,3,4,0,1,2,0
114,100,Lucious Harris,1996-97,November,Philadelphia 76ers,Washington Bullets,4,1,1,0,1,0,0
115,99,Jerry Stackhouse,1996-97,November,Philadelphia 76ers,Washington Bullets,4,2,0,1,0,0,0
116,112,Rod Strickland,1996-97,November,Washington Bullets,Philadelphia 76ers,3,3,2,0,1,3,0
117,106,Derrick Coleman,1996-97,November,Philadelphia 76ers,Washington Bullets,6,0,4,0,1,1,1
119,116,Rod Strickland,1996-97,November,Washington Bullets,Philadelphia 76ers,3,3,3,0,1,3,0
121,113,Juwan Howard,1996-97,November,Washington Bullets,Philadelphia 76ers,2,3,5,0,1,2,0
122,121,Juwan Howard,1996-97,November,Washington Bullets,Philadelphia 76ers,4,3,5,0,1,2,0
123,117,Derrick Coleman,1996-97,November,Philadelphia 76ers,Washington Bullets,6,0,4,0,1,2,1
124,122,Juwan Howard,1996-97,November,Washington Bullets,Philadelphia 76ers,4,3,5,0,2,2,0
125,124,Juwan Howard,1996-97,November,Washington Bullets,Philadelphia 76ers,6,3,5,0,2,2,0
126,119,Rod Strickland,1996-97,November,Washington Bullets,Philadelphia 76ers,3,4,3,0,1,3,0
128,105,Calbert Cheaney,1996-97,November,Washington Bullets,Philadelphia 76ers,6,0,3,0,1,1,1
129,115,Jerry Stackhouse,1996-97,November,Philadelphia 76ers,Washington Bullets,4,2,0,1,0,1,0
130,109,Gheorghe Muresan,1996-97,November,Washington Bullets,Philadelphia 76ers,4,0,1,3,0,1,0
133,95,Chris Webber,1996-97,November,Washington Bullets,Philadelphia 76ers,6,1,1,2,0,1,0
135,129,Jerry Stackhouse,1996-97,November,Philadelphia 76ers,Washington Bullets,4,2,1,1,0,1,0
136,133,Chris Webber,1996-97,November,Washington Bullets,Philadelphia 76ers,6,1,1,2,0,1,1
137,0,Mark Davis,1996-97,November,Philadelphia 76ers,Washington Bullets,2,0,0,0,0,0,0
138,111,Mark Bradtke,1996-97,November,Philadelphia 76ers,Washington Bullets,0,1,1,0,0,1,0
139,126,Rod Strickland,1996-97,November,Washington Bullets,Philadelphia 76ers,5,4,3,0,1,3,0
140,135,Jerry Stackhouse,1996-97,November,Philadelphia 76ers,Washington Bullets,6,2,1,1,0,1,0
141,114,Lucious Harris,1996-97,November,Philadelphia 76ers,Washington Bullets,4,2,1,0,1,0,0
143,141,Lucious Harris,1996-97,November,Philadelphia 76ers,Washington Bullets,4,2,2,0,1,0,0
144,143,Lucious Harris,1996-97,November,Philadelphia 76ers,Washington Bullets,4,2,2,0,1,1,0
145,0,Jaren Jackson,1996-97,November,Washington Bullets,Philadelphia 76ers,2,0,0,0,0,0,0
147,145,Jaren Jackson,1996-97,November,Washington Bullets,Philadelphia 76ers,2,0,1,0,0,0,0
148,140,Jerry Stackhouse,1996-97,November,Philadelphia 76ers,Washington Bullets,6,2,1,1,0,1,1
149,0,Tracy Murray,1996-97,November,Washington Bullets,Philadelphia 76ers,0,0,0,0,0,1,0
150,137,Mark Davis,1996-97,November,Philadelphia 76ers,Washington Bullets,2,0,0,0,1,0,0
151,150,Mark Davis,1996-97,November,Philadelphia 76ers,Washington Bullets,2,0,0,0,1,1,0
153,148,Jerry Stackhouse,1996-97,November,Philadelphia 76ers,Washington Bullets,6,2,1,2,0,1,1
154,144,Lucious Harris,1996-97,November,Philadelphia 76ers,Washington Bullets,4,2,3,0,1,1,0
155,147,Jaren Jackson,1996-97,November,Washington Bullets,Philadelphia 76ers,2,0,1,0,0,0,1
157,155,Jaren Jackson,1996-97,November,Washington Bullets,Philadelphia 76ers,2,0,2,0,0,0,1
158,59,Harvey Grant,1996-97,November,Washington Bullets,Philadelphia 76ers,2,0,3,0,0,1,2
159,151,Mark Davis,1996-97,November,Philadelphia 76ers,Washington Bullets,2,0,0,0,2,1,0
160,159,Mark Davis,1996-97,November,Philadelphia 76ers,Washington Bullets,4,0,0,0,2,1,0
162,138,Mark Bradtke,1996-97,November,Philadelphia 76ers,Washington Bullets,0,1,2,0,0,1,0
164,136,Chris Webber,1996-97,November,Washington Bullets,Philadelphia 76ers,6,1,1,2,0,1,2
165,164,Chris Webber,1996-97,November,Washington Bullets,Philadelphia 76ers,6,1,1,2,0,2,2
166,45,Rex Walters,1996-97,November,Philadelphia 76ers,Washington Bullets,2,1,1,0,1,1,2
167,0,Chris Whitney,1996-97,November,Washington Bullets,Philadelphia 76ers,3,0,0,0,0,0,0
168,166,Rex Walters,1996-97,November,Philadelphia 76ers,Washington Bullets,5,1,1,0,1,1,2
169,154,Lucious Harris,1996-97,November,Philadelphia 76ers,Washington Bullets,4,3,3,0,1,1,0
171,168,Rex Walters,1996-97,November,Philadelphia 76ers,Washington Bullets,5,1,2,0,1,1,2
173,149,Tracy Murray,1996-97,November,Washington Bullets,Philadelphia 76ers,0,0,1,0,0,1,0
175,162,Mark Bradtke,1996-97,November,Philadelphia 76ers,Washington Bullets,0,1,3,0,0,1,0
177,84,Clar. Weatherspoon,1996-97,November,Philadelphia 76ers,Washington Bullets,0,0,2,0,1,2,0
178,169,Lucious Harris,1996-97,November,Philadelphia 76ers,Washington Bullets,4,3,3,0,1,2,0
179,157,Jaren Jackson,1996-97,November,Washington Bullets,Philadelphia 76ers,4,0,2,0,0,0,1
180,165,Chris Webber,1996-97,November,Washington Bullets,Philadelphia 76ers,6,1,1,2,0,2,3
181,123,Derrick Coleman,1996-97,November,Philadelphia 76ers,Washington Bullets,8,0,4,0,1,2,1
182,178,Lucious Harris,1996-97,November,Philadelphia 76ers,Washington Bullets,4,4,3,0,1,2,0
183,167,Chris Whitney,1996-97,November,Washington Bullets,Philadelphia 76ers,3,0,0,0,0,1,0
184,125,Juwan Howard,1996-97,November,Washington Bullets,Philadelphia 76ers,6,3,5,0,2,2,1
186,158,Harvey Grant,1996-97,November,Washington Bullets,Philadelphia 76ers,2,0,4,0,0,1,2
187,171,Rex Walters,1996-97,November,Philadelphia 76ers,Washington Bullets,5,1,2,0,1,1,3
189,181,Derrick Coleman,1996-97,November,Philadelphia 76ers,Washington Bullets,8,0,5,0,1,2,1
190,175,Mark Bradtke,1996-97,November,Philadelphia 76ers,Washington Bullets,0,1,3,0,0,2,0
191,180,Chris Webber,1996-97,November,Washington Bullets,Philadelphia 76ers,6,1,1,2,1,2,3
192,191,Chris Webber,1996-97,November,Washington Bullets,Philadelphia 76ers,6,1,1,2,1,3,3
193,182,Lucious Harris,1996-97,November,Philadelphia 76ers,Washington Bullets,4,4,3,0,2,2,0
194,130,Gheorghe Muresan,1996-97,November,Washington Bullets,Philadelphia 76ers,4,0,1,3,0,1,1
195,189,Derrick Coleman,1996-97,November,Philadelphia 76ers,Washington Bullets,9,0,5,0,1,2,1
196,195,Derrick Coleman,1996-97,November,Philadelphia 76ers,Washington Bullets,10,0,5,0,1,2,1
197,192,Chris Webber,1996-97,November,Washington Bullets,Philadelphia 76ers,8,1,1,2,1,3,3
198,184,Juwan Howard,1996-97,November,Washington Bullets,Philadelphia 76ers,6,4,5,0,2,2,1
199,193,Lucious Harris,1996-97,November,Philadelphia 76ers,Washington Bullets,6,4,3,0,2,2,0
200,153,Jerry Stackhouse,1996-97,November,Philadelphia 76ers,Washington Bullets,6,3,1,2,0,1,1
201,139,Rod Strickland,1996-97,November,Washington Bullets,Philadelphia 76ers,7,4,3,0,1,3,0
203,198,Juwan Howard,1996-97,November,Washington Bullets,Philadelphia 76ers,8,4,5,0,2,2,1
204,201,Rod Strickland,1996-97,November,Washington Bullets,Philadelphia 76ers,7,5,3,0,1,3,0
206,204,Rod Strickland,1996-97,November,Washington Bullets,Philadelphia 76ers,7,5,4,0,1,3,0
207,206,Rod Strickland,1996-97,November,Washington Bullets,Philadelphia 76ers,7,5,4,0,1,4,0
208,196,Derrick Coleman,1996-97,November,Philadelphia 76ers,Washington Bullets,10,0,5,0,1,3,1
209,203,Juwan Howard,1996-97,November,Washington Bullets,Philadelphia 76ers,8,4,5,0,3,2,1
210,128,Calbert Cheaney,1996-97,November,Washington Bullets,Philadelphia 76ers,8,0,3,0,1,1,1
211,200,Jerry Stackhouse,1996-97,November,Philadelphia 76ers,Washington Bullets,6,3,1,2,0,2,1
212,190,Mark Bradtke,1996-97,November,Philadelphia 76ers,Washington Bullets,0,1,3,0,0,2,1
213,210,Calbert Cheaney,1996-97,November,Washington Bullets,Philadelphia 76ers,9,0,3,0,1,1,1
214,213,Calbert Cheaney,1996-97,November,Washington Bullets,Philadelphia 76ers,10,0,3,0,1,1,1
215,0,Michael Cage,1996-97,November,Philadelphia 76ers,Washington Bullets,0,0,0,0,0,1,0
216,207,Rod Strickland,1996-97,November,Washington Bullets,Philadelphia 76ers,7,5,4,0,2,4,0
217,215,Michael Cage,1996-97,November,Philadelphia 76ers,Washington Bullets,0,0,0,0,0,1,1
218,216,Rod Strickland,1996-97,November,Washington Bullets,Philadelphia 76ers,8,5,4,0,2,4,0
219,218,Rod Strickland,1996-97,November,Washington Bullets,Philadelphia 76ers,9,5,4,0,2,4,0
221,211,Jerry Stackhouse,1996-97,November,Philadelphia 76ers,Washington Bullets,6,3,2,2,0,2,1
223,209,Juwan Howard,1996-97,November,Washington Bullets,Philadelphia 76ers,8,4,6,0,3,2,1
224,197,Chris Webber,1996-97,November,Washington Bullets,Philadelphia 76ers,10,1,1,2,1,3,3
225,223,Juwan Howard,1996-97,November,Washington Bullets,Philadelphia 76ers,8,5,6,0,3,2,1
226,221,Jerry Stackhouse,1996-97,November,Philadelphia 76ers,Washington Bullets,8,3,2,2,0,2,1
227,82,Scott Williams,1996-97,November,Philadelphia 76ers,Washington Bullets,4,0,4,0,0,0,2
228,208,Derrick Coleman,1996-97,November,Philadelphia 76ers,Washington Bullets,10,0,5,0,1,3,2
229,225,Juwan Howard,1996-97,November,Washington Bullets,Philadelphia 76ers,9,5,6,0,3,2,1
231,224,Chris Webber,1996-97,November,Washington Bullets,Philadelphia 76ers,10,1,2,2,1,3,3
233,229,Juwan Howard,1996-97,November,Washington Bullets,Philadelphia 76ers,9,5,7,0,3,2,1
234,233,Juwan Howard,1996-97,November,Washington Bullets,Philadelphia 76ers,11,5,7,0,3,2,1
235,228,Derrick Coleman,1996-97,November,Philadelphia 76ers,Washington Bullets,10,0,5,0,1,4,2
236,186,Harvey Grant,1996-97,November,Washington Bullets,Philadelphia 76ers,4,0,4,0,0,1,2
237,234,Juwan Howard,1996-97,November,Washington Bullets,Philadelphia 76ers,11,5,7,0,3,2,2
238,226,Jerry Stackhouse,1996-97,November,Philadelphia 76ers,Washington Bullets,10,3,2,2,0,2,1
239,231,Chris Webber,1996-97,November,Washington Bullets,Philadelphia 76ers,12,1,2,2,1,3,3
240,237,Juwan Howard,1996-97,November,Washington Bullets,Philadelphia 76ers,11,6,7,0,3,2,2
241,235,Derrick Coleman,1996-97,November,Philadelphia 76ers,Washington Bullets,10,0,5,0,1,5,2
242,239,Chris Webber,1996-97,November,Washington Bullets,Philadelphia 76ers,12,1,2,2,2,3,3
244,238,Jerry Stackhouse,1996-97,November,Philadelphia 76ers,Washington Bullets,10,3,2,3,0,2,1
245,240,Juwan Howard,1996-97,November,Washington Bullets,Philadelphia 76ers,11,6,8,0,3,2,2
246,187,Rex Walters,1996-97,November,Philadelphia 76ers,Washington Bullets,5,1,2,0,1,1,4
247,219,Rod Strickland,1996-97,November,Washington Bullets,Philadelphia 76ers,10,5,4,0,2,4,0
249,199,Lucious Harris,1996-97,November,Philadelphia 76ers,Washington Bullets,6,4,4,0,2,2,0
251,236,Harvey Grant,1996-97,November,Washington Bullets,Philadelphia 76ers,4,0,5,0,0,1,2
252,245,Juwan Howard,1996-97,November,Washington Bullets,Philadelphia 76ers,11,6,8,0,3,3,2
253,249,Lucious Harris,1996-97,November,Philadelphia 76ers,Washington Bullets,8,4,4,0,2,2,0
254,244,Jerry Stackhouse,1996-97,November,Philadelphia 76ers,Washington Bullets,10,4,2,3,0,2,1
256,241,Derrick Coleman,1996-97,November,Philadelphia 76ers,Washington Bullets,10,0,6,0,1,5,2
258,242,Chris Webber,1996-97,November,Washington Bullets,Philadelphia 76ers,12,1,2,3,2,3,3
259,214,Calbert Cheaney,1996-97,November,Washington Bullets,Philadelphia 76ers,10,0,4,0,1,1,1
260,247,Rod Strickland,1996-97,November,Washington Bullets,Philadelphia 76ers,10,5,4,0,2,5,0
261,256,Derrick Coleman,1996-97,November,Philadelphia 76ers,Washington Bullets,10,0,6,0,2,5,2
262,261,Derrick Coleman,1996-97,November,Philadelphia 76ers,Washington Bullets,10,0,6,0,2,6,2
263,260,Rod Strickland,1996-97,November,Washington Bullets,Philadelphia 76ers,10,5,4,0,3,5,0
264,252,Juwan Howard,1996-97,November,Washington Bullets,Philadelphia 76ers,13,6,8,0,3,3,2
265,258,Chris Webber,1996-97,November,Washington Bullets,Philadelphia 76ers,12,2,2,3,2,3,3
267,251,Harvey Grant,1996-97,November,Washington Bullets,Philadelphia 76ers,4,0,5,1,0,1,2
268,177,Clar. Weatherspoon,1996-97,November,Philadelphia 76ers,Washington Bullets,0,0,3,0,1,2,0
270,227,Scott Williams,1996-97,November,Philadelphia 76ers,Washington Bullets,4,0,5,0,0,0,2
271,270,Scott Williams,1996-97,November,Philadelphia 76ers,Washington Bullets,6,0,5,0,0,0,2
273,263,Rod Strickland,1996-97,November,Washington Bullets,Philadelphia 76ers,10,5,5,0,3,5,0
274,253,Lucious Harris,1996-97,November,Philadelphia 76ers,Washington Bullets,8,4,4,0,2,2,1
275,273,Rod Strickland,1996-97,November,Washington Bullets,Philadelphia 76ers,12,5,5,0,3,5,0
276,254,Jerry Stackhouse,1996-97,November,Philadelphia 76ers,Washington Bullets,10,4,2,3,0,3,1
277,275,Rod Strickland,1996-97,November,Washington Bullets,Philadelphia 76ers,12,5,5,0,4,5,0
278,276,Jerry Stackhouse,1996-97,November,Philadelphia 76ers,Washington Bullets,10,4,2,3,0,3,2
280,277,Rod Strickland,1996-97,November,Washington Bullets,Philadelphia 76ers,13,5,5,0,4,5,0
281,274,Lucious Harris,1996-97,November,Philadelphia 76ers,Washington Bullets,8,4,4,0,2,3,1
282,259,Calbert Cheaney,1996-97,November,Washington Bullets,Philadelphia 76ers,10,0,4,0,2,1,1
283,280,Rod Strickland,1996-97,November,Washington Bullets,Philadelphia 76ers,13,5,5,0,4,6,0
284,268,Clar. Weatherspoon,1996-97,November,Philadelphia 76ers,Washington Bullets,0,0,3,0,2,2,0
285,264,Juwan Howard,1996-97,November,Washington Bullets,Philadelphia 76ers,13,6,8,0,3,3,3
286,282,Calbert Cheaney,1996-97,November,Washington Bullets,Philadelphia 76ers,10,0,4,0,2,1,2
287,286,Calbert Cheaney,1996-97,November,Washington Bullets,Philadelphia 76ers,10,0,4,0,2,1,3
288,278,Jerry Stackhouse,1996-97,November,Philadelphia 76ers,Washington Bullets,11,4,2,3,0,3,2
289,288,Jerry Stackhouse,1996-97,November,Philadelphia 76ers,Washington Bullets,12,4,2,3,0,3,2
290,289,Jerry Stackhouse,1996-97,November,Philadelphia 76ers,Washington Bullets,12,4,2,3,0,3,3
291,287,Calbert Cheaney,1996-97,November,Washington Bullets,Philadelphia 76ers,11,0,4,0,2,1,3
292,291,Calbert Cheaney,1996-97,November,Washington Bullets,Philadelphia 76ers,12,0,4,0,2,1,3
293,290,Jerry Stackhouse,1996-97,November,Philadelphia 76ers,Washington Bullets,12,4,2,3,0,4,3
295,262,Derrick Coleman,1996-97,November,Philadelphia 76ers,Washington Bullets,10,0,7,0,2,6,2
297,267,Harvey Grant,1996-97,November,Washington Bullets,Philadelphia 76ers,4,0,5,2,0,1,2
298,292,Calbert Cheaney,1996-97,November,Washington Bullets,Philadelphia 76ers,12,0,5,0,2,1,3
300,293,Jerry Stackhouse,1996-97,November,Philadelphia 76ers,Washington Bullets,12,4,2,4,0,4,3
301,284,Clar. Weatherspoon,1996-97,November,Philadelphia 76ers,Washington Bullets,0,0,4,0,2,2,0
302,212,Mark Bradtke,1996-97,November,Philadelphia 76ers,Washington Bullets,0,1,3,0,0,3,1
304,265,Chris Webber,1996-97,November,Washington Bullets,Philadelphia 76ers,12,2,3,3,2,3,3
306,295,Derrick Coleman,1996-97,November,Philadelphia 76ers,Washington Bullets,10,0,8,0,2,6,2
307,306,Derrick Coleman,1996-97,November,Philadelphia 76ers,Washington Bullets,10,0,8,0,2,7,2
308,0,Mark Hendrickson,1996-97,November,Philadelphia 76ers,Washington Bullets,0,0,0,0,0,0,1
310,304,Chris Webber,1996-97,November,Washington Bullets,Philadelphia 76ers,13,2,3,3,2,3,3
311,298,Calbert Cheaney,1996-97,November,Washington Bullets,Philadelphia 76ers,12,0,5,0,2,1,4
314,285,Juwan Howard,1996-97,November,Washington Bullets,Philadelphia 76ers,13,6,9,0,3,3,3
316,301,Clar. Weatherspoon,1996-97,November,Philadelphia 76ers,Washington Bullets,0,0,5,0,2,2,0
317,302,Mark Bradtke,1996-97,November,Philadelphia 76ers,Washington Bullets,0,1,3,0,0,4,1
318,179,Jaren Jackson,1996-97,November,Washington Bullets,Philadelphia 76ers,4,0,2,0,1,0,1
319,310,Chris Webber,1996-97,November,Washington Bullets,Philadelphia 76ers,13,2,3,3,2,4,3
321,194,Gheorghe Muresan,1996-97,November,Washington Bullets,Philadelphia 76ers,4,0,1,4,0,1,1
322,318,Jaren Jackson,1996-97,November,Washington Bullets,Philadelphia 76ers,4,0,3,0,1,0,1
323,322,Jaren Jackson,1996-97,November,Washington Bullets,Philadelphia 76ers,4,0,3,0,1,1,1
324,281,Lucious Harris,1996-97,November,Philadelphia 76ers,Washington Bullets,8,4,4,0,3,3,1
325,317,Mark Bradtke,1996-97,November,Philadelphia 76ers,Washington Bullets,2,1,3,0,0,4,1
327,319,Chris Webber,1996-97,November,Washington Bullets,Philadelphia 76ers,13,2,4,3,2,4,3
330,246,Rex Walters,1996-97,November,Philadelphia 76ers,Washington Bullets,5,1,3,0,1,1,4
332,321,Gheorghe Muresan,1996-97,November,Washington Bullets,Philadelphia 76ers,4,0,2,4,0,1,1
334,308,Mark Hendrickson,1996-97,November,Philadelphia 76ers,Washington Bullets,0,0,1,0,0,0,1
336,327,Chris Webber,1996-97,November,Washington Bullets,Philadelphia 76ers,13,2,5,3,2,4,3
338,314,Juwan Howard,1996-97,November,Washington Bullets,Philadelphia 76ers,13,6,10,0,3,3,3
339,338,Juwan Howard,1996-97,November,Washington Bullets,Philadelphia 76ers,15,6,10,0,3,3,3
340,330,Rex Walters,1996-97,November,Philadelphia 76ers,Washington Bullets,7,1,3,0,1,1,4
341,183,Chris Whitney,1996-97,November,Washington Bullets,Philadelphia 76ers,3,0,0,0,0,2,0
342,160,Mark Davis,1996-97,November,Philadelphia 76ers,Washington Bullets,4,0,0,0,2,1,1
343,342,Mark Davis,1996-97,November,Philadelphia 76ers,Washington Bullets,4,0,0,0,2,2,1
345,340,Rex Walters,1996-97,November,Philadelphia 76ers,Washington Bullets,7,1,4,0,1,1,4
348,343,Mark Davis,1996-97,November,Philadelphia 76ers,Washington Bullets,4,0,1,0,2,2,1
350,334,Mark Hendrickson,1996-97,November,Philadelphia 76ers,Washington Bullets,0,0,2,0,0,0,1
351,350,Mark Hendrickson,1996-97,November,Philadelphia 76ers,Washington Bullets,2,0,2,0,0,0,1
352,332,Gheorghe Muresan,1996-97,November,Washington Bullets,Philadelphia 76ers,6,0,2,4,0,1,1
354,351,Mark Hendrickson,1996-97,November,Philadelphia 76ers,Washington Bullets,2,0,3,0,0,0,1
355,354,Mark Hendrickson,1996-97,November,Philadelphia 76ers,Washington Bullets,4,0,3,0,0,0,1
356,341,Chris Whitney,1996-97,November,Washington Bullets,Philadelphia 76ers,6,0,0,0,0,2,0
357,352,Gheorghe Muresan,1996-97,November,Washington Bullets,Philadelphia 76ers,6,1,2,4,0,1,1
358,345,Rex Walters,1996-97,November,Philadelphia 76ers,Washington Bullets,9,1,4,0,1,1,4
359,339,Juwan Howard,1996-97,November,Washington Bullets,Philadelphia 76ers,17,6,10,0,3,3,3
360,323,Jaren Jackson,1996-97,November,Washington Bullets,Philadelphia 76ers,4,0,3,0,1,1,2
361,348,Mark Davis,1996-97,November,Philadelphia 76ers,Washington Bullets,5,0,1,0,2,2,1
363,173,Tracy Murray,1996-97,November,Washington Bullets,Philadelphia 76ers,0,0,2,0,0,1,0
365,355,Mark Hendrickson,1996-97,November,Philadelphia 76ers,Washington Bullets,4,0,4,0,0,0,1
366,316,Clar. Weatherspoon,1996-97,November,Philadelphia 76ers,Washington Bullets,2,0,5,0,2,2,0
367,358,Rex Walters,1996-97,November,Philadelphia 76ers,Washington Bullets,9,2,4,0,1,1,4
369,325,Mark Bradtke,1996-97,November,Philadelphia 76ers,Washington Bullets,2,1,4,0,0,4,1
371,366,Clar. Weatherspoon,1996-97,November,Philadelphia 76ers,Washington Bullets,2,0,6,0,2,2,0
373,365,Mark Hendrickson,1996-97,November,Philadelphia 76ers,Washington Bullets,4,0,5,0,0,0,1
375,363,Tracy Murray,1996-97,November,Washington Bullets,Philadelphia 76ers,0,0,3,0,0,1,0
377,369,Mark Bradtke,1996-97,November,Philadelphia 76ers,Washington Bullets,2,1,5,0,0,4,1
379,367,Rex Walters,1996-97,November,Philadelphia 76ers,Washington Bullets,9,2,5,0,1,1,4
381,360,Jaren Jackson,1996-97,November,Washington Bullets,Philadelphia 76ers,4,0,4,0,1,1,2
383,379,Rex Walters,1996-97,November,Philadelphia 76ers,Washington Bullets,9,2,6,0,1,1,4
384,383,Rex Walters,1996-97,November,Philadelphia 76ers,Washington Bullets,12,2,6,0,1,1,4
385,375,Tracy Murray,1996-97,November,Washington Bullets,Philadelphia 76ers,2,0,3,0,0,1,0
386,381,Jaren Jackson,1996-97,November,Washington Bullets,Philadelphia 76ers,4,1,4,0,1,1,2
387,307,Derrick Coleman,1996-97,November,Philadelphia 76ers,Washington Bullets,10,0,8,0,2,8,2
388,377,Mark Bradtke,1996-97,November,Philadelphia 76ers,Washington Bullets,2,1,5,0,0,4,2
390,386,Jaren Jackson,1996-97,November,Washington Bullets,Philadelphia 76ers,5,1,4,0,1,1,2
391,387,Derrick Coleman,1996-97,November,Philadelphia 76ers,Washington Bullets,12,0,8,0,2,8,2
393,384,Rex Walters,1996-97,November,Philadelphia 76ers,Washington Bullets,12,2,7,0,1,1,4
395,357,Gheorghe Muresan,1996-97,November,Washington Bullets,Philadelphia 76ers,8,1,2,4,0,1,1
396,297,Harvey Grant,1996-97,November,Washington Bullets,Philadelphia 76ers,4,1,5,2,0,1,2
398,395,Gheorghe Muresan,1996-97,November,Washington Bullets,Philadelphia 76ers,8,1,3,4,0,1,1
399,385,Tracy Murray,1996-97,November,Washington Bullets,Philadelphia 76ers,5,0,3,0,0,1,0
400,356,Chris Whitney,1996-97,November,Washington Bullets,Philadelphia 76ers,6,1,0,0,0,2,0
401,373,Mark Hendrickson,1996-97,November,Philadelphia 76ers,Washington Bullets,6,0,5,0,0,0,1
402,391,Derrick Coleman,1996-97,November,Philadelphia 76ers,Washington Bullets,12,1,8,0,2,8,2
403,398,Gheorghe Muresan,1996-97,November,Washington Bullets,Philadelphia 76ers,8,1,3,4,0,1,2
404,403,Gheorghe Muresan,1996-97,November,Washington Bullets,Philadelphia 76ers,8,1,3,4,0,2,2
405,300,Jerry Stackhouse,1996-97,November,Philadelphia 76ers,Washington Bullets,14,4,2,4,0,4,3
406,400,Chris Whitney,1996-97,November,Washington Bullets,Philadelphia 76ers,8,1,0,0,0,2,0
408,390,Jaren Jackson,1996-97,November,Washington Bullets,Philadelphia 76ers,5,1,5,0,1,1,2
409,408,Jaren Jackson,1996-97,November,Washington Bullets,Philadelphia 76ers,5,1,5,0,1,2,2
410,405,Jerry Stackhouse,1996-97,November,Philadelphia 76ers,Washington Bullets,14,4,2,4,1,4,3
411,410,Jerry Stackhouse,1996-97,November,Philadelphia 76ers,Washington Bullets,16,4,2,4,1,4,3
412,359,Juwan Howard,1996-97,November,Washington Bullets,Philadelphia 76ers,17,6,10,0,3,4,3
413,393,Rex Walters,1996-97,November,Philadelphia 76ers,Washington Bullets,12,2,7,0,2,1,4
414,406,Chris Whitney,1996-97,November,Washington Bullets,Philadelphia 76ers,8,1,0,0,0,2,1
417,396,Harvey Grant,1996-97,November,Washington Bullets,Philadelphia 76ers,4,1,5,2,0,1,3
418,361,Mark Davis,1996-97,November,Philadelphia 76ers,Washington Bullets,5,0,1,0,2,3,1
419,409,Jaren Jackson,1996-97,November,Washington Bullets,Philadelphia 76ers,5,1,5,0,2,2,2
421,413,Rex Walters,1996-97,November,Philadelphia 76ers,Washington Bullets,12,2,8,0,2,1,4
423,388,Mark Bradtke,1996-97,November,Philadelphia 76ers,Washington Bullets,2,1,6,0,0,4,2
424,423,Mark Bradtke,1996-97,November,Philadelphia 76ers,Washington Bullets,4,1,6,0,0,4,2
425,418,Mark Davis,1996-97,November,Philadelphia 76ers,Washington Bullets,5,0,1,0,2,3,2
426,412,Juwan Howard,1996-97,November,Washington Bullets,Philadelphia 76ers,18,6,10,0,3,4,3
428,424,Mark Bradtke,1996-97,November,Philadelphia 76ers,Washington Bullets,4,1,7,0,0,4,2
430,419,Jaren Jackson,1996-97,November,Washington Bullets,Philadelphia 76ers,5,1,6,0,2,2,2
432,0,Ashraf Amaya,1996-97,November,Washington Bullets,Philadelphia 76ers,0,0,1,0,0,0,0
433,432,Ashraf Amaya,1996-97,November,Washington Bullets,Philadelphia 76ers,2,0,1,0,0,0,0
434,430,Jaren Jackson,1996-97,November,Washington Bullets,Philadelphia 76ers,5,1,6,0,2,2,3
436,433,Ashraf Amaya,1996-97,November,Washington Bullets,Philadelphia 76ers,2,0,2,0,0,0,0
438,0,Ben Wallace,1996-97,November,Washington Bullets,Philadelphia 76ers,0,0,1,0,0,0,0
440,436,Ashraf Amaya,1996-97,November,Washington Bullets,Philadelphia 76ers,2,0,2,0,0,0,1
441,425,Mark Davis,1996-97,November,Philadelphia 76ers,Washington Bullets,6,0,1,0,2,3,2
442,441,Mark Davis,1996-97,November,Philadelphia 76ers,Washington Bullets,7,0,1,0,2,3,2
444,411,Jerry Stackhouse,1996-97,November,Philadelphia 76ers,Washington Bullets,16,4,3,4,1,4,3
445,444,Jerry Stackhouse,1996-97,November,Philadelphia 76ers,Washington Bullets,18,4,3,4,1,4,3
446,440,Ashraf Amaya,1996-97,November,Washington Bullets,Philadelphia 76ers,2,0,2,0,0,0,2
447,445,Jerry Stackhouse,1996-97,November,Philadelphia 76ers,Washington Bullets,19,4,3,4,1,4,3
448,447,Jerry Stackhouse,1996-97,November,Philadelphia 76ers,Washington Bullets,19,4,3,4,1,4,4
450,401,Mark Hendrickson,1996-97,November,Philadelphia 76ers,Washington Bullets,6,0,6,0,0,0,1
