id,previous_id,player,season,month,team,opponent_team,points,assists,rebounds,blocks,steals,turnovers,personal fouls
1,0,Jason Kidd,1996-97,November,Dallas Mavericks,Boston Celtics,0,0,0,0,0,0,1
2,1,Jason Kidd,1996-97,November,Dallas Mavericks,Boston Celtics,0,0,0,0,0,1,1
3,0,Dana Barros,1996-97,November,Boston Celtics,Dallas Mavericks,2,0,0,0,0,0,0
4,0,Eric Montross,1996-97,November,Dallas Mavericks,Boston Celtics,2,0,0,0,0,0,0
5,0,Jim Jackson,1996-97,November,Dallas Mavericks,Boston Celtics,0,1,0,0,0,0,0
6,0,Eric Williams,1996-97,November,Boston Celtics,Dallas Mavericks,2,0,0,0,0,0,0
7,5,Jim Jackson,1996-97,November,Dallas Mavericks,Boston Celtics,2,1,0,0,0,0,0
8,0,Loren Meyer,1996-97,November,Dallas Mavericks,Boston Celtics,0,1,0,0,0,0,0
9,0,Dino Radja,1996-97,November,Boston Celtics,Dallas Mavericks,2,0,0,0,0,0,0
10,0,Antoine Walker,1996-97,November,Boston Celtics,Dallas Mavericks,0,1,0,0,0,0,0
11,4,Eric Montross,1996-97,November,Dallas Mavericks,Boston Celtics,4,0,0,0,0,0,0
13,7,Jim Jackson,1996-97,November,Dallas Mavericks,Boston Celtics,2,1,1,0,0,0,0
14,13,Jim Jackson,1996-97,November,Dallas Mavericks,Boston Celtics,2,1,1,0,0,1,0
15,3,Dana Barros,1996-97,November,Dallas Mavericks,Boston Celtics,2,0,0,0,1,0,0
16,15,Dana Barros,1996-97,November,Boston Celtics,Dallas Mavericks,4,0,0,0,1,0,0
17,2,Jason Kidd,1996-97,November,Dallas Mavericks,Boston Celtics,2,0,0,0,0,1,1
18,8,Loren Meyer,1996-97,November,Dallas Mavericks,Boston Celtics,0,1,0,0,0,0,1
19,16,Dana Barros,1996-97,November,Boston Celtics,Dallas Mavericks,6,0,0,0,1,0,0
20,6,Eric Williams,1996-97,November,Boston Celtics,Dallas Mavericks,2,0,0,0,0,0,1
21,14,Jim Jackson,1996-97,November,Dallas Mavericks,Boston Celtics,4,1,1,0,0,1,0
22,20,Eric Williams,1996-97,November,Boston Celtics,Dallas Mavericks,4,0,0,0,0,0,1
24,9,Dino Radja,1996-97,November,Boston Celtics,Dallas Mavericks,2,0,1,0,0,0,0
25,22,Eric Williams,1996-97,November,Boston Celtics,Dallas Mavericks,4,0,0,0,0,1,1
27,25,Eric Williams,1996-97,November,Boston Celtics,Dallas Mavericks,4,0,1,0,0,1,1
28,17,Jason Kidd,1996-97,November,Dallas Mavericks,Boston Celtics,2,0,0,0,0,1,2
30,11,Eric Montross,1996-97,November,Dallas Mavericks,Boston Celtics,4,0,1,0,0,0,0
32,0,Rick Fox,1996-97,November,Boston Celtics,Dallas Mavericks,0,0,1,0,0,0,0
33,19,Dana Barros,1996-97,November,Boston Celtics,Dallas Mavericks,8,0,0,0,1,0,0
34,32,Rick Fox,1996-97,November,Boston Celtics,Dallas Mavericks,0,1,1,0,0,0,0
35,21,Jim Jackson,1996-97,November,Dallas Mavericks,Boston Celtics,4,1,1,0,0,2,0
36,34,Rick Fox,1996-97,November,Dallas Mavericks,Boston Celtics,0,1,1,0,1,0,0
37,10,Antoine Walker,1996-97,November,Boston Celtics,Dallas Mavericks,2,1,0,0,0,0,0
38,36,Rick Fox,1996-97,November,Boston Celtics,Dallas Mavericks,0,2,1,0,1,0,0
40,38,Rick Fox,1996-97,November,Boston Celtics,Dallas Mavericks,0,2,2,0,1,0,0
41,18,Loren Meyer,1996-97,November,Dallas Mavericks,Boston Celtics,0,1,0,0,0,0,2
42,27,Eric Williams,1996-97,November,Boston Celtics,Dallas Mavericks,5,0,1,0,0,1,1
43,42,Eric Williams,1996-97,November,Boston Celtics,Dallas Mavericks,6,0,1,0,0,1,1
45,33,Dana Barros,1996-97,November,Boston Celtics,Dallas Mavericks,8,0,1,0,1,0,0
46,24,Dino Radja,1996-97,November,Boston Celtics,Dallas Mavericks,4,0,1,0,0,0,0
47,45,Dana Barros,1996-97,November,Boston Celtics,Dallas Mavericks,8,1,1,0,1,0,0
48,0,Chris Gatling,1996-97,November,Dallas Mavericks,Boston Celtics,0,0,0,0,0,1,0
49,40,Rick Fox,1996-97,November,Boston Celtics,Dallas Mavericks,0,2,2,0,1,1,0
50,37,Antoine Walker,1996-97,November,Boston Celtics,Dallas Mavericks,2,1,0,0,0,0,1
51,50,Antoine Walker,1996-97,November,Boston Celtics,Dallas Mavericks,2,1,0,0,0,0,2
52,35,Jim Jackson,1996-97,November,Dallas Mavericks,Boston Celtics,4,1,1,0,0,3,0
54,51,Antoine Walker,1996-97,November,Boston Celtics,Dallas Mavericks,2,1,1,0,0,0,2
56,52,Jim Jackson,1996-97,November,Dallas Mavericks,Boston Celtics,4,1,2,0,0,3,0
57,46,Dino Radja,1996-97,November,Boston Celtics,Dallas Mavericks,4,0,1,0,0,0,1
58,48,Chris Gatling,1996-97,November,Dallas Mavericks,Boston Celtics,1,0,0,0,0,1,0
59,58,Chris Gatling,1996-97,November,Dallas Mavericks,Boston Celtics,2,0,0,0,0,1,0
61,0,George McCloud,1996-97,November,Dallas Mavericks,Boston Celtics,0,0,1,0,0,0,0
62,0,Derek Harper,1996-97,November,Dallas Mavericks,Boston Celtics,2,0,0,0,0,0,0
64,30,Eric Montross,1996-97,November,Dallas Mavericks,Boston Celtics,4,0,2,0,0,0,0
65,59,Chris Gatling,1996-97,November,Dallas Mavericks,Boston Celtics,4,0,0,0,0,1,0
66,62,Derek Harper,1996-97,November,Dallas Mavericks,Boston Celtics,2,1,0,0,0,0,0
67,49,Rick Fox,1996-97,November,Boston Celtics,Dallas Mavericks,0,2,2,0,1,2,0
69,57,Dino Radja,1996-97,November,Boston Celtics,Dallas Mavericks,4,0,2,0,0,0,1
71,56,Jim Jackson,1996-97,November,Dallas Mavericks,Boston Celtics,4,1,2,0,0,3,1
72,47,Dana Barros,1996-97,November,Boston Celtics,Dallas Mavericks,11,1,1,0,1,0,0
73,69,Dino Radja,1996-97,November,Boston Celtics,Dallas Mavericks,4,1,2,0,0,0,1
75,67,Rick Fox,1996-97,November,Boston Celtics,Dallas Mavericks,3,2,2,0,1,2,0
76,0,Todd Day,1996-97,November,Boston Celtics,Dallas Mavericks,0,1,0,0,0,0,0
78,73,Dino Radja,1996-97,November,Boston Celtics,Dallas Mavericks,4,1,3,0,0,0,1
79,78,Dino Radja,1996-97,November,Boston Celtics,Dallas Mavericks,6,1,3,0,0,0,1
80,76,Todd Day,1996-97,November,Boston Celtics,Dallas Mavericks,0,2,0,0,0,0,0
82,79,Dino Radja,1996-97,November,Dallas Mavericks,Boston Celtics,6,1,3,1,0,0,1
83,72,Dana Barros,1996-97,November,Boston Celtics,Dallas Mavericks,11,1,2,0,1,0,0
85,75,Rick Fox,1996-97,November,Boston Celtics,Dallas Mavericks,3,2,3,0,1,2,0
86,82,Dino Radja,1996-97,November,Boston Celtics,Dallas Mavericks,6,1,3,1,0,0,2
87,86,Dino Radja,1996-97,November,Boston Celtics,Dallas Mavericks,6,1,3,1,0,1,2
88,66,Derek Harper,1996-97,November,Dallas Mavericks,Boston Celtics,4,1,0,0,0,0,0
89,43,Eric Williams,1996-97,November,Boston Celtics,Dallas Mavericks,6,0,1,0,0,2,1
90,61,George McCloud,1996-97,November,Boston Celtics,Dallas Mavericks,0,0,1,0,1,0,0
91,88,Derek Harper,1996-97,November,Dallas Mavericks,Boston Celtics,6,1,0,0,0,0,0
92,90,George McCloud,1996-97,November,Dallas Mavericks,Boston Celtics,0,1,1,0,1,0,0
93,92,George McCloud,1996-97,November,Dallas Mavericks,Boston Celtics,0,1,1,0,1,0,1
94,54,Antoine Walker,1996-97,November,Boston Celtics,Dallas Mavericks,3,1,1,0,0,0,2
96,65,Chris Gatling,1996-97,November,Dallas Mavericks,Boston Celtics,4,0,1,0,0,1,0
98,80,Todd Day,1996-97,November,Boston Celtics,Dallas Mavericks,2,2,0,0,0,0,0
99,0,Oliver Miller,1996-97,November,Dallas Mavericks,Boston Celtics,0,0,0,0,0,1,0
100,85,Rick Fox,1996-97,November,Boston Celtics,Dallas Mavericks,5,2,3,0,1,2,0
101,99,Oliver Miller,1996-97,November,Dallas Mavericks,Boston Celtics,0,0,0,0,0,1,1
102,101,Oliver Miller,1996-97,November,Dallas Mavericks,Boston Celtics,0,0,0,0,0,2,1
104,102,Oliver Miller,1996-97,November,Dallas Mavericks,Boston Celtics,0,0,1,0,0,2,1
105,100,Rick Fox,1996-97,November,Boston Celtics,Dallas Mavericks,5,2,3,0,1,2,1
106,71,Jim Jackson,1996-97,November,Dallas Mavericks,Boston Celtics,5,1,2,0,0,3,1
107,106,Jim Jackson,1996-97,November,Dallas Mavericks,Boston Celtics,6,1,2,0,0,3,1
109,96,Chris Gatling,1996-97,November,Dallas Mavericks,Boston Celtics,4,0,2,0,0,1,0
110,0,Greg Minor,1996-97,November,Boston Celtics,Dallas Mavericks,0,0,0,0,0,0,1
111,104,Oliver Miller,1996-97,November,Dallas Mavericks,Boston Celtics,2,0,1,0,0,2,1
112,0,Frank Brickowski,1996-97,November,Boston Celtics,Dallas Mavericks,2,0,0,0,0,0,0
113,105,Rick Fox,1996-97,November,Boston Celtics,Dallas Mavericks,5,3,3,0,1,2,1
114,112,Frank Brickowski,1996-97,November,Boston Celtics,Dallas Mavericks,2,0,0,0,0,0,1
116,87,Dino Radja,1996-97,November,Boston Celtics,Dallas Mavericks,6,1,4,1,0,1,2
117,98,Todd Day,1996-97,November,Boston Celtics,Dallas Mavericks,4,2,0,0,0,0,0
118,91,Derek Harper,1996-97,November,Dallas Mavericks,Boston Celtics,8,1,0,0,0,0,0
120,107,Jim Jackson,1996-97,November,Boston Celtics,Dallas Mavericks,6,1,2,1,0,3,1
121,0,Tony Dumas,1996-97,November,Dallas Mavericks,Boston Celtics,0,0,1,0,0,0,0
122,121,Tony Dumas,1996-97,November,Dallas Mavericks,Boston Celtics,2,0,1,0,0,0,0
123,114,Frank Brickowski,1996-97,November,Boston Celtics,Dallas Mavericks,4,0,0,0,0,0,1
124,83,Dana Barros,1996-97,November,Boston Celtics,Dallas Mavericks,11,2,2,0,1,0,0
126,123,Frank Brickowski,1996-97,November,Boston Celtics,Dallas Mavericks,4,0,1,0,0,0,1
127,111,Oliver Miller,1996-97,November,Dallas Mavericks,Boston Celtics,2,0,1,0,0,2,2
130,124,Dana Barros,1996-97,November,Boston Celtics,Dallas Mavericks,11,2,3,0,1,0,0
131,89,Eric Williams,1996-97,November,Boston Celtics,Dallas Mavericks,8,0,1,0,0,2,1
132,117,Todd Day,1996-97,November,Boston Celtics,Dallas Mavericks,4,3,0,0,0,0,0
133,120,Jim Jackson,1996-97,November,Dallas Mavericks,Boston Celtics,8,1,2,1,0,3,1
134,28,Jason Kidd,1996-97,November,Dallas Mavericks,Boston Celtics,2,1,0,0,0,1,2
135,131,Eric Williams,1996-97,November,Boston Celtics,Dallas Mavericks,8,0,1,0,0,3,1
136,133,Jim Jackson,1996-97,November,Dallas Mavericks,Boston Celtics,8,1,2,1,0,4,1
138,126,Frank Brickowski,1996-97,November,Boston Celtics,Dallas Mavericks,4,0,2,0,0,0,1
139,138,Frank Brickowski,1996-97,November,Boston Celtics,Dallas Mavericks,6,0,2,0,0,0,1
140,127,Oliver Miller,1996-97,November,Dallas Mavericks,Boston Celtics,2,0,1,0,0,3,2
141,132,Todd Day,1996-97,November,Dallas Mavericks,Boston Celtics,4,3,0,0,1,0,0
142,116,Dino Radja,1996-97,November,Boston Celtics,Dallas Mavericks,8,1,4,1,0,1,2
143,130,Dana Barros,1996-97,November,Boston Celtics,Dallas Mavericks,11,3,3,0,1,0,0
144,93,George McCloud,1996-97,November,Dallas Mavericks,Boston Celtics,3,1,1,0,1,0,1
145,134,Jason Kidd,1996-97,November,Dallas Mavericks,Boston Celtics,2,2,0,0,0,1,2
146,139,Frank Brickowski,1996-97,November,Boston Celtics,Dallas Mavericks,8,0,2,0,0,0,1
147,142,Dino Radja,1996-97,November,Boston Celtics,Dallas Mavericks,8,2,4,1,0,1,2
148,141,Todd Day,1996-97,November,Boston Celtics,Dallas Mavericks,4,3,0,0,1,0,1
149,136,Jim Jackson,1996-97,November,Dallas Mavericks,Boston Celtics,9,1,2,1,0,4,1
151,146,Frank Brickowski,1996-97,November,Boston Celtics,Dallas Mavericks,8,0,3,0,0,0,1
152,148,Todd Day,1996-97,November,Boston Celtics,Dallas Mavericks,6,3,0,0,1,0,1
153,94,Antoine Walker,1996-97,November,Boston Celtics,Dallas Mavericks,3,2,1,0,0,0,2
155,0,Samaki Walker,1996-97,November,Dallas Mavericks,Boston Celtics,0,0,1,0,0,0,0
156,155,Samaki Walker,1996-97,November,Dallas Mavericks,Boston Celtics,2,0,1,0,0,0,0
158,149,Jim Jackson,1996-97,November,Dallas Mavericks,Boston Celtics,9,1,3,1,0,4,1
160,152,Todd Day,1996-97,November,Dallas Mavericks,Boston Celtics,6,3,0,1,1,0,1
161,151,Frank Brickowski,1996-97,November,Boston Celtics,Dallas Mavericks,8,0,4,0,0,0,1
162,147,Dino Radja,1996-97,November,Boston Celtics,Dallas Mavericks,10,2,4,1,0,1,2
163,160,Todd Day,1996-97,November,Boston Celtics,Dallas Mavericks,6,4,0,1,1,0,1
165,163,Todd Day,1996-97,November,Boston Celtics,Dallas Mavericks,6,4,1,1,1,0,1
167,109,Chris Gatling,1996-97,November,Dallas Mavericks,Boston Celtics,4,0,3,0,0,1,0
168,145,Jason Kidd,1996-97,November,Dallas Mavericks,Boston Celtics,2,2,0,0,0,2,2
170,167,Chris Gatling,1996-97,November,Dallas Mavericks,Boston Celtics,4,0,4,0,0,1,0
171,143,Dana Barros,1996-97,November,Boston Celtics,Dallas Mavericks,11,3,3,0,1,0,1
173,158,Jim Jackson,1996-97,November,Dallas Mavericks,Boston Celtics,10,1,3,1,0,4,1
174,165,Todd Day,1996-97,November,Boston Celtics,Dallas Mavericks,6,4,1,1,1,1,1
175,144,George McCloud,1996-97,November,Boston Celtics,Dallas Mavericks,3,1,1,0,2,0,1
176,173,Jim Jackson,1996-97,November,Dallas Mavericks,Boston Celtics,12,1,3,1,0,4,1
177,175,George McCloud,1996-97,November,Dallas Mavericks,Boston Celtics,3,2,1,0,2,0,1
178,170,Chris Gatling,1996-97,November,Dallas Mavericks,Boston Celtics,4,0,4,0,0,1,1
179,178,Chris Gatling,1996-97,November,Dallas Mavericks,Boston Celtics,4,0,4,0,0,1,2
180,135,Eric Williams,1996-97,November,Boston Celtics,Dallas Mavericks,9,0,1,0,0,3,1
181,180,Eric Williams,1996-97,November,Boston Celtics,Dallas Mavericks,10,0,1,0,0,3,1
182,161,Frank Brickowski,1996-97,November,Boston Celtics,Dallas Mavericks,8,0,4,0,0,0,2
184,179,Chris Gatling,1996-97,November,Dallas Mavericks,Boston Celtics,5,0,4,0,0,1,2
185,182,Frank Brickowski,1996-97,November,Boston Celtics,Dallas Mavericks,11,0,4,0,0,0,2
186,171,Dana Barros,1996-97,November,Boston Celtics,Dallas Mavericks,11,4,3,0,1,0,1
187,162,Dino Radja,1996-97,November,Boston Celtics,Dallas Mavericks,12,2,4,1,0,1,2
188,186,Dana Barros,1996-97,November,Boston Celtics,Dallas Mavericks,11,5,3,0,1,0,1
190,64,Eric Montross,1996-97,November,Dallas Mavericks,Boston Celtics,4,0,3,0,0,0,0
192,187,Dino Radja,1996-97,November,Boston Celtics,Dallas Mavericks,12,2,5,1,0,1,2
193,190,Eric Montross,1996-97,November,Dallas Mavericks,Boston Celtics,4,0,3,0,0,0,1
194,192,Dino Radja,1996-97,November,Boston Celtics,Dallas Mavericks,13,2,5,1,0,1,2
195,194,Dino Radja,1996-97,November,Boston Celtics,Dallas Mavericks,14,2,5,1,0,1,2
196,113,Rick Fox,1996-97,November,Boston Celtics,Dallas Mavericks,5,3,3,0,1,2,2
197,176,Jim Jackson,1996-97,November,Dallas Mavericks,Boston Celtics,13,1,3,1,0,4,1
198,197,Jim Jackson,1996-97,November,Dallas Mavericks,Boston Celtics,14,1,3,1,0,4,1
199,41,Loren Meyer,1996-97,November,Dallas Mavericks,Boston Celtics,0,1,0,0,0,0,3
200,153,Antoine Walker,1996-97,November,Boston Celtics,Dallas Mavericks,5,2,1,0,0,0,2
201,193,Eric Montross,1996-97,November,Dallas Mavericks,Boston Celtics,6,0,3,0,0,0,1
202,168,Jason Kidd,1996-97,November,Dallas Mavericks,Boston Celtics,2,3,0,0,0,2,2
203,196,Rick Fox,1996-97,November,Boston Celtics,Dallas Mavericks,5,3,3,0,1,2,3
204,203,Rick Fox,1996-97,November,Boston Celtics,Dallas Mavericks,5,3,3,0,1,3,3
206,204,Rick Fox,1996-97,November,Boston Celtics,Dallas Mavericks,5,3,4,0,1,3,3
208,202,Jason Kidd,1996-97,November,Dallas Mavericks,Boston Celtics,2,3,1,0,0,2,2
209,199,Loren Meyer,1996-97,November,Dallas Mavericks,Boston Celtics,2,1,0,0,0,0,3
210,208,Jason Kidd,1996-97,November,Dallas Mavericks,Boston Celtics,2,4,1,0,0,2,2
212,200,Antoine Walker,1996-97,November,Boston Celtics,Dallas Mavericks,5,2,2,0,0,0,2
213,212,Antoine Walker,1996-97,November,Boston Celtics,Dallas Mavericks,7,2,2,0,0,0,2
214,201,Eric Montross,1996-97,November,Dallas Mavericks,Boston Celtics,8,0,3,0,0,0,1
215,198,Jim Jackson,1996-97,November,Dallas Mavericks,Boston Celtics,14,2,3,1,0,4,1
217,215,Jim Jackson,1996-97,November,Dallas Mavericks,Boston Celtics,14,2,4,1,0,4,1
218,217,Jim Jackson,1996-97,November,Dallas Mavericks,Boston Celtics,16,2,4,1,0,4,1
219,181,Eric Williams,1996-97,November,Boston Celtics,Dallas Mavericks,10,0,1,0,0,3,2
220,219,Eric Williams,1996-97,November,Boston Celtics,Dallas Mavericks,10,0,1,0,0,4,2
222,213,Antoine Walker,1996-97,November,Boston Celtics,Dallas Mavericks,7,2,3,0,0,0,2
223,214,Eric Montross,1996-97,November,Dallas Mavericks,Boston Celtics,8,0,3,0,0,0,2
224,195,Dino Radja,1996-97,November,Boston Celtics,Dallas Mavericks,15,2,5,1,0,1,2
225,224,Dino Radja,1996-97,November,Boston Celtics,Dallas Mavericks,16,2,5,1,0,1,2
226,220,Eric Williams,1996-97,November,Boston Celtics,Dallas Mavericks,10,0,1,0,0,4,3
228,222,Antoine Walker,1996-97,November,Boston Celtics,Dallas Mavericks,7,2,4,0,0,0,2
229,228,Antoine Walker,1996-97,November,Boston Celtics,Dallas Mavericks,9,2,4,0,0,0,2
230,210,Jason Kidd,1996-97,November,Dallas Mavericks,Boston Celtics,2,4,1,0,0,3,2
231,229,Antoine Walker,1996-97,November,Dallas Mavericks,Boston Celtics,9,2,4,0,1,0,2
232,230,Jason Kidd,1996-97,November,Dallas Mavericks,Boston Celtics,2,4,1,0,0,3,3
234,218,Jim Jackson,1996-97,November,Dallas Mavericks,Boston Celtics,16,2,5,1,0,4,1
235,184,Chris Gatling,1996-97,November,Dallas Mavericks,Boston Celtics,7,0,4,0,0,1,2
236,232,Jason Kidd,1996-97,November,Dallas Mavericks,Boston Celtics,2,5,1,0,0,3,3
238,235,Chris Gatling,1996-97,November,Dallas Mavericks,Boston Celtics,7,0,5,0,0,1,2
239,238,Chris Gatling,1996-97,November,Dallas Mavericks,Boston Celtics,7,0,5,0,0,2,2
241,231,Antoine Walker,1996-97,November,Boston Celtics,Dallas Mavericks,9,2,5,0,1,0,2
242,177,George McCloud,1996-97,November,Dallas Mavericks,Boston Celtics,3,2,1,0,2,0,2
244,241,Antoine Walker,1996-97,November,Boston Celtics,Dallas Mavericks,10,2,5,0,1,0,2
246,239,Chris Gatling,1996-97,November,Dallas Mavericks,Boston Celtics,7,0,6,0,0,2,2
247,246,Chris Gatling,1996-97,November,Dallas Mavericks,Boston Celtics,9,0,6,0,0,2,2
248,188,Dana Barros,1996-97,November,Boston Celtics,Dallas Mavericks,14,5,3,0,1,0,1
249,206,Rick Fox,1996-97,November,Boston Celtics,Dallas Mavericks,5,4,4,0,1,3,3
250,244,Antoine Walker,1996-97,November,Boston Celtics,Dallas Mavericks,10,2,5,0,1,0,3
251,242,George McCloud,1996-97,November,Dallas Mavericks,Boston Celtics,4,2,1,0,2,0,2
252,251,George McCloud,1996-97,November,Dallas Mavericks,Boston Celtics,5,2,1,0,2,0,2
253,250,Antoine Walker,1996-97,November,Boston Celtics,Dallas Mavericks,12,2,5,0,1,0,3
254,248,Dana Barros,1996-97,November,Boston Celtics,Dallas Mavericks,14,6,3,0,1,0,1
256,225,Dino Radja,1996-97,November,Boston Celtics,Dallas Mavericks,16,2,6,1,0,1,2
257,253,Antoine Walker,1996-97,November,Boston Celtics,Dallas Mavericks,12,2,5,0,1,1,3
258,236,Jason Kidd,1996-97,November,Boston Celtics,Dallas Mavericks,2,5,1,0,1,3,3
259,252,George McCloud,1996-97,November,Dallas Mavericks,Boston Celtics,7,2,1,0,2,0,2
260,258,Jason Kidd,1996-97,November,Dallas Mavericks,Boston Celtics,2,6,1,0,1,3,3
261,256,Dino Radja,1996-97,November,Boston Celtics,Dallas Mavericks,16,2,6,1,0,2,2
263,261,Dino Radja,1996-97,November,Dallas Mavericks,Boston Celtics,16,2,6,2,0,2,2
264,263,Dino Radja,1996-97,November,Boston Celtics,Dallas Mavericks,16,2,7,2,0,2,2
265,254,Dana Barros,1996-97,November,Boston Celtics,Dallas Mavericks,17,6,3,0,1,0,1
266,249,Rick Fox,1996-97,November,Boston Celtics,Dallas Mavericks,5,5,4,0,1,3,3
268,247,Chris Gatling,1996-97,November,Dallas Mavericks,Boston Celtics,9,0,7,0,0,2,2
269,140,Oliver Miller,1996-97,November,Dallas Mavericks,Boston Celtics,2,0,1,0,0,3,3
270,174,Todd Day,1996-97,November,Boston Celtics,Dallas Mavericks,7,4,1,1,1,1,1
271,270,Todd Day,1996-97,November,Boston Celtics,Dallas Mavericks,8,4,1,1,1,1,1
273,264,Dino Radja,1996-97,November,Boston Celtics,Dallas Mavericks,16,2,8,2,0,2,2
275,269,Oliver Miller,1996-97,November,Dallas Mavericks,Boston Celtics,2,0,2,0,0,3,3
276,110,Greg Minor,1996-97,November,Boston Celtics,Dallas Mavericks,0,0,0,0,0,0,2
278,260,Jason Kidd,1996-97,November,Dallas Mavericks,Boston Celtics,3,6,1,0,1,3,3
279,271,Todd Day,1996-97,November,Boston Celtics,Dallas Mavericks,8,4,1,1,1,2,1
281,273,Dino Radja,1996-97,November,Dallas Mavericks,Boston Celtics,16,2,8,3,0,2,2
282,279,Todd Day,1996-97,November,Boston Celtics,Dallas Mavericks,10,4,1,1,1,2,1
283,276,Greg Minor,1996-97,November,Boston Celtics,Dallas Mavericks,0,1,0,0,0,0,2
284,0,Marty Conlon,1996-97,November,Boston Celtics,Dallas Mavericks,0,0,0,0,0,0,1
285,268,Chris Gatling,1996-97,November,Dallas Mavericks,Boston Celtics,10,0,7,0,0,2,2
286,285,Chris Gatling,1996-97,November,Dallas Mavericks,Boston Celtics,11,0,7,0,0,2,2
287,265,Dana Barros,1996-97,November,Boston Celtics,Dallas Mavericks,20,6,3,0,1,0,1
288,0,Brett Szabo,1996-97,November,Boston Celtics,Dallas Mavericks,0,1,0,0,0,0,0
289,118,Derek Harper,1996-97,November,Dallas Mavericks,Boston Celtics,10,1,0,0,0,0,0
292,288,Brett Szabo,1996-97,November,Dallas Mavericks,Boston Celtics,0,1,0,1,0,0,0
293,287,Dana Barros,1996-97,November,Boston Celtics,Dallas Mavericks,20,6,4,0,1,0,1
295,289,Derek Harper,1996-97,November,Dallas Mavericks,Boston Celtics,10,1,0,0,0,1,0
296,282,Todd Day,1996-97,November,Dallas Mavericks,Boston Celtics,10,4,1,1,2,2,1
297,234,Jim Jackson,1996-97,November,Dallas Mavericks,Boston Celtics,16,2,5,1,0,4,2
298,283,Greg Minor,1996-97,November,Boston Celtics,Dallas Mavericks,1,1,0,0,0,0,2
300,275,Oliver Miller,1996-97,November,Dallas Mavericks,Boston Celtics,2,0,3,0,0,3,3
301,281,Dino Radja,1996-97,November,Boston Celtics,Dallas Mavericks,16,2,8,3,0,2,3
303,297,Jim Jackson,1996-97,November,Dallas Mavericks,Boston Celtics,17,2,5,1,0,4,2
304,284,Marty Conlon,1996-97,November,Boston Celtics,Dallas Mavericks,2,0,0,0,0,0,1
305,301,Dino Radja,1996-97,November,Boston Celtics,Dallas Mavericks,16,3,8,3,0,2,3
307,293,Dana Barros,1996-97,November,Boston Celtics,Dallas Mavericks,20,6,4,0,1,1,1
308,303,Jim Jackson,1996-97,November,Boston Celtics,Dallas Mavericks,17,2,5,1,1,4,2
309,295,Derek Harper,1996-97,November,Dallas Mavericks,Boston Celtics,10,1,0,0,0,2,0
310,298,Greg Minor,1996-97,November,Dallas Mavericks,Boston Celtics,1,1,0,0,1,0,2
311,310,Greg Minor,1996-97,November,Boston Celtics,Dallas Mavericks,3,1,0,0,1,0,2
312,309,Derek Harper,1996-97,November,Dallas Mavericks,Boston Celtics,10,1,0,0,0,3,0
313,296,Todd Day,1996-97,November,Boston Celtics,Dallas Mavericks,10,4,1,1,2,3,1
314,300,Oliver Miller,1996-97,November,Boston Celtics,Dallas Mavericks,2,0,3,0,1,3,3
316,308,Jim Jackson,1996-97,November,Dallas Mavericks,Boston Celtics,17,2,6,1,1,4,2
318,314,Oliver Miller,1996-97,November,Dallas Mavericks,Boston Celtics,2,0,4,0,1,3,3
319,318,Oliver Miller,1996-97,November,Dallas Mavericks,Boston Celtics,4,0,4,0,1,3,3
321,319,Oliver Miller,1996-97,November,Boston Celtics,Dallas Mavericks,4,0,4,1,1,3,3
322,304,Marty Conlon,1996-97,November,Boston Celtics,Dallas Mavericks,2,0,0,0,0,0,1
324,286,Chris Gatling,1996-97,November,Dallas Mavericks,Boston Celtics,11,0,7,0,0,2,3
325,324,Chris Gatling,1996-97,November,Dallas Mavericks,Boston Celtics,11,0,7,0,0,3,3
326,312,Derek Harper,1996-97,November,Dallas Mavericks,Boston Celtics,10,1,0,0,0,3,1
327,257,Antoine Walker,1996-97,November,Boston Celtics,Dallas Mavericks,12,2,5,0,1,2,3
328,313,Todd Day,1996-97,November,Boston Celtics,Dallas Mavericks,10,4,1,1,2,3,2
329,325,Chris Gatling,1996-97,November,Dallas Mavericks,Boston Celtics,12,0,7,0,0,3,3
330,329,Chris Gatling,1996-97,November,Dallas Mavericks,Boston Celtics,13,0,7,0,0,3,3
331,122,Tony Dumas,1996-97,November,Dallas Mavericks,Boston Celtics,2,0,1,0,0,0,1
333,327,Antoine Walker,1996-97,November,Boston Celtics,Dallas Mavericks,12,2,6,0,1,2,3
335,278,Jason Kidd,1996-97,November,Dallas Mavericks,Boston Celtics,3,6,2,0,1,3,3
336,305,Dino Radja,1996-97,November,Boston Celtics,Dallas Mavericks,16,3,8,3,0,2,4
337,330,Chris Gatling,1996-97,November,Dallas Mavericks,Boston Celtics,14,0,7,0,0,3,3
338,337,Chris Gatling,1996-97,November,Dallas Mavericks,Boston Celtics,15,0,7,0,0,3,3
339,328,Todd Day,1996-97,November,Boston Celtics,Dallas Mavericks,10,4,1,1,2,4,2
340,331,Tony Dumas,1996-97,November,Boston Celtics,Dallas Mavericks,2,0,1,0,1,0,1
341,340,Tony Dumas,1996-97,November,Dallas Mavericks,Boston Celtics,2,0,1,0,1,1,1
342,339,Todd Day,1996-97,November,Dallas Mavericks,Boston Celtics,10,4,1,1,3,4,2
344,338,Chris Gatling,1996-97,November,Boston Celtics,Dallas Mavericks,15,0,7,1,0,3,3
345,344,Chris Gatling,1996-97,November,Dallas Mavericks,Boston Celtics,15,0,8,1,0,3,3
346,335,Jason Kidd,1996-97,November,Dallas Mavericks,Boston Celtics,3,6,2,0,1,4,3
347,341,Tony Dumas,1996-97,November,Dallas Mavericks,Boston Celtics,2,0,1,0,1,1,2
349,345,Chris Gatling,1996-97,November,Dallas Mavericks,Boston Celtics,15,0,9,1,0,3,3
350,321,Oliver Miller,1996-97,November,Dallas Mavericks,Boston Celtics,6,0,4,1,1,3,3
351,316,Jim Jackson,1996-97,November,Dallas Mavericks,Boston Celtics,17,3,6,1,1,4,2
352,347,Tony Dumas,1996-97,November,Dallas Mavericks,Boston Celtics,2,0,1,0,1,1,3
353,226,Eric Williams,1996-97,November,Boston Celtics,Dallas Mavericks,11,0,1,0,0,4,3
354,353,Eric Williams,1996-97,November,Boston Celtics,Dallas Mavericks,12,0,1,0,0,4,3
356,350,Oliver Miller,1996-97,November,Dallas Mavericks,Boston Celtics,6,0,5,1,1,3,3
358,349,Chris Gatling,1996-97,November,Dallas Mavericks,Boston Celtics,15,0,10,1,0,3,3
359,358,Chris Gatling,1996-97,November,Dallas Mavericks,Boston Celtics,17,0,10,1,0,3,3
360,266,Rick Fox,1996-97,November,Boston Celtics,Dallas Mavericks,5,5,4,0,1,4,3
361,351,Jim Jackson,1996-97,November,Boston Celtics,Dallas Mavericks,17,3,6,1,2,4,2
363,346,Jason Kidd,1996-97,November,Dallas Mavericks,Boston Celtics,3,6,3,0,1,4,3
364,361,Jim Jackson,1996-97,November,Dallas Mavericks,Boston Celtics,19,3,6,1,2,4,2
365,363,Jason Kidd,1996-97,November,Dallas Mavericks,Boston Celtics,3,7,3,0,1,4,3
367,356,Oliver Miller,1996-97,November,Dallas Mavericks,Boston Celtics,6,0,6,1,1,3,3
369,342,Todd Day,1996-97,November,Boston Celtics,Dallas Mavericks,10,4,1,1,3,4,3
370,359,Chris Gatling,1996-97,November,Dallas Mavericks,Boston Celtics,19,0,10,1,0,3,3
372,333,Antoine Walker,1996-97,November,Boston Celtics,Dallas Mavericks,12,2,7,0,1,2,3
373,372,Antoine Walker,1996-97,November,Boston Celtics,Dallas Mavericks,12,2,7,0,1,3,3
374,352,Tony Dumas,1996-97,November,Boston Celtics,Dallas Mavericks,2,0,1,0,2,1,3
375,370,Chris Gatling,1996-97,November,Dallas Mavericks,Boston Celtics,21,0,10,1,0,3,3
376,374,Tony Dumas,1996-97,November,Dallas Mavericks,Boston Celtics,2,1,1,0,2,1,3
377,367,Oliver Miller,1996-97,November,Dallas Mavericks,Boston Celtics,6,0,6,1,1,3,4
380,377,Oliver Miller,1996-97,November,Dallas Mavericks,Boston Celtics,6,0,7,1,1,3,4
382,380,Oliver Miller,1996-97,November,Dallas Mavericks,Boston Celtics,6,0,8,1,1,3,4
383,360,Rick Fox,1996-97,November,Boston Celtics,Dallas Mavericks,5,5,4,0,1,4,4
386,375,Chris Gatling,1996-97,November,Dallas Mavericks,Boston Celtics,21,0,11,1,0,3,3
388,383,Rick Fox,1996-97,November,Boston Celtics,Dallas Mavericks,5,5,5,0,1,4,4
389,388,Rick Fox,1996-97,November,Boston Celtics,Dallas Mavericks,5,5,5,0,1,5,4
391,336,Dino Radja,1996-97,November,Dallas Mavericks,Boston Celtics,16,3,8,4,0,2,4
392,386,Chris Gatling,1996-97,November,Dallas Mavericks,Boston Celtics,23,0,11,1,0,3,3
393,376,Tony Dumas,1996-97,November,Dallas Mavericks,Boston Celtics,2,2,1,0,2,1,3
394,373,Antoine Walker,1996-97,November,Boston Celtics,Dallas Mavericks,14,2,7,0,1,3,3
395,391,Dino Radja,1996-97,November,Boston Celtics,Dallas Mavericks,16,4,8,4,0,2,4
396,364,Jim Jackson,1996-97,November,Dallas Mavericks,Boston Celtics,21,3,6,1,2,4,2
397,365,Jason Kidd,1996-97,November,Dallas Mavericks,Boston Celtics,3,8,3,0,1,4,3
398,395,Dino Radja,1996-97,November,Boston Celtics,Dallas Mavericks,16,4,8,4,0,3,4
399,382,Oliver Miller,1996-97,November,Boston Celtics,Dallas Mavericks,6,0,8,1,2,3,4
401,392,Chris Gatling,1996-97,November,Dallas Mavericks,Boston Celtics,23,0,11,1,0,3,4
402,354,Eric Williams,1996-97,November,Boston Celtics,Dallas Mavericks,13,0,1,0,0,4,3
403,402,Eric Williams,1996-97,November,Boston Celtics,Dallas Mavericks,14,0,1,0,0,4,3
404,393,Tony Dumas,1996-97,November,Dallas Mavericks,Boston Celtics,4,2,1,0,2,1,3
405,398,Dino Radja,1996-97,November,Boston Celtics,Dallas Mavericks,16,4,8,4,0,3,5
406,404,Tony Dumas,1996-97,November,Dallas Mavericks,Boston Celtics,5,2,1,0,2,1,3
407,307,Dana Barros,1996-97,November,Boston Celtics,Dallas Mavericks,20,6,4,0,1,2,1
408,406,Tony Dumas,1996-97,November,Boston Celtics,Dallas Mavericks,5,2,1,0,3,1,3
409,396,Jim Jackson,1996-97,November,Dallas Mavericks,Boston Celtics,23,3,6,1,2,4,2
410,408,Tony Dumas,1996-97,November,Dallas Mavericks,Boston Celtics,5,3,1,0,3,1,3
411,389,Rick Fox,1996-97,November,Boston Celtics,Dallas Mavericks,7,5,5,0,1,5,4
412,394,Antoine Walker,1996-97,November,Boston Celtics,Dallas Mavericks,14,3,7,0,1,3,3
414,405,Dino Radja,1996-97,November,Boston Celtics,Dallas Mavericks,16,4,9,4,0,3,5
415,410,Tony Dumas,1996-97,November,Dallas Mavericks,Boston Celtics,5,3,1,0,3,1,4
417,407,Dana Barros,1996-97,November,Boston Celtics,Dallas Mavericks,21,6,4,0,1,2,1
419,414,Dino Radja,1996-97,November,Boston Celtics,Dallas Mavericks,16,4,10,4,0,3,5
420,401,Chris Gatling,1996-97,November,Dallas Mavericks,Boston Celtics,23,0,11,1,0,3,5
421,419,Dino Radja,1996-97,November,Boston Celtics,Dallas Mavericks,17,4,10,4,0,3,5
422,421,Dino Radja,1996-97,November,Boston Celtics,Dallas Mavericks,18,4,10,4,0,3,5
424,422,Dino Radja,1996-97,November,Boston Celtics,Dallas Mavericks,18,4,11,4,0,3,5
425,409,Jim Jackson,1996-97,November,Dallas Mavericks,Boston Celtics,23,3,6,1,2,4,3
427,424,Dino Radja,1996-97,November,Boston Celtics,Dallas Mavericks,19,4,11,4,0,3,5
428,427,Dino Radja,1996-97,November,Boston Celtics,Dallas Mavericks,19,4,11,4,0,3,6
431,420,Chris Gatling,1996-97,November,Dallas Mavericks,Boston Celtics,23,0,11,1,0,3,6
434,425,Jim Jackson,1996-97,November,Dallas Mavericks,Boston Celtics,23,3,7,1,2,4,3
435,415,Tony Dumas,1996-97,November,Dallas Mavericks,Boston Celtics,7,3,1,0,3,1,4
436,435,Tony Dumas,1996-97,November,Dallas Mavericks,Boston Celtics,7,3,1,0,3,1,5
437,311,Greg Minor,1996-97,November,Boston Celtics,Dallas Mavericks,4,1,0,0,1,0,2
438,437,Greg Minor,1996-97,November,Boston Celtics,Dallas Mavericks,5,1,0,0,1,0,2
440,412,Antoine Walker,1996-97,November,Boston Celtics,Dallas Mavericks,14,3,8,0,1,3,3
441,440,Antoine Walker,1996-97,November,Boston Celtics,Dallas Mavericks,16,3,8,0,1,3,3
