id,previous_id,player,season,month,team,opponent_team,points,assists,rebounds,blocks,steals,turnovers,personal fouls
2,0,Elden Campbell,1996-97,November,Los Angeles Lakers,Houston Rockets,0,0,0,0,0,0,1
4,0,Kevin Willis,1996-97,November,Houston Rockets,Los Angeles Lakers,0,0,1,0,0,0,0
5,4,Kevin Willis,1996-97,November,Houston Rockets,Los Angeles Lakers,2,0,1,0,0,0,0
6,0,Shaquille O'Neal,1996-97,November,Los Angeles Lakers,Houston Rockets,0,0,0,0,0,1,0
7,5,Kevin Willis,1996-97,November,Houston Rockets,Los Angeles Lakers,4,0,1,0,0,0,0
8,0,Charles Barkley,1996-97,November,Houston Rockets,Los Angeles Lakers,0,1,0,0,0,0,0
9,0,Eddie Jones,1996-97,November,Los Angeles Lakers,Houston Rockets,0,0,0,0,0,1,0
10,7,Kevin Willis,1996-97,November,Houston Rockets,Los Angeles Lakers,6,0,1,0,0,0,0
11,0,Byron Scott,1996-97,November,Los Angeles Lakers,Houston Rockets,3,0,0,0,0,0,0
12,0,Nick Van Exel,1996-97,November,Los Angeles Lakers,Houston Rockets,0,1,0,0,0,0,0
14,0,Clyde Drexler,1996-97,November,Houston Rockets,Los Angeles Lakers,0,0,1,0,0,0,0
16,10,Kevin Willis,1996-97,November,Houston Rockets,Los Angeles Lakers,6,0,2,0,0,0,0
18,9,Eddie Jones,1996-97,November,Los Angeles Lakers,Houston Rockets,0,0,1,0,0,1,0
19,12,Nick Van Exel,1996-97,November,Los Angeles Lakers,Houston Rockets,3,1,0,0,0,0,0
20,18,Eddie Jones,1996-97,November,Los Angeles Lakers,Houston Rockets,0,1,1,0,0,1,0
22,20,Eddie Jones,1996-97,November,Los Angeles Lakers,Houston Rockets,0,1,2,0,0,1,0
23,6,Shaquille O'Neal,1996-97,November,Los Angeles Lakers,Houston Rockets,2,0,0,0,0,1,0
24,19,Nick Van Exel,1996-97,November,Los Angeles Lakers,Houston Rockets,3,2,0,0,0,0,0
25,0,Mario Elie,1996-97,November,Houston Rockets,Los Angeles Lakers,3,0,0,0,0,0,0
26,14,Clyde Drexler,1996-97,November,Houston Rockets,Los Angeles Lakers,0,1,1,0,0,0,0
28,26,Clyde Drexler,1996-97,November,Houston Rockets,Los Angeles Lakers,0,1,2,0,0,0,0
30,23,Shaquille O'Neal,1996-97,November,Houston Rockets,Los Angeles Lakers,2,0,0,1,0,1,0
32,11,Byron Scott,1996-97,November,Los Angeles Lakers,Houston Rockets,3,0,1,0,0,0,0
33,32,Byron Scott,1996-97,November,Los Angeles Lakers,Houston Rockets,3,0,1,0,0,1,0
34,16,Kevin Willis,1996-97,November,Houston Rockets,Los Angeles Lakers,8,0,2,0,0,0,0
35,25,Mario Elie,1996-97,November,Houston Rockets,Los Angeles Lakers,3,1,0,0,0,0,0
37,34,Kevin Willis,1996-97,November,Houston Rockets,Los Angeles Lakers,8,0,3,0,0,0,0
40,2,Elden Campbell,1996-97,November,Los Angeles Lakers,Houston Rockets,0,0,1,0,0,0,1
41,30,Shaquille O'Neal,1996-97,November,Los Angeles Lakers,Houston Rockets,4,0,0,1,0,1,0
43,41,Shaquille O'Neal,1996-97,November,Los Angeles Lakers,Houston Rockets,4,0,1,1,0,1,0
45,40,Elden Campbell,1996-97,November,Los Angeles Lakers,Houston Rockets,0,0,1,0,0,0,2
46,37,Kevin Willis,1996-97,November,Houston Rockets,Los Angeles Lakers,9,0,3,0,0,0,0
47,46,Kevin Willis,1996-97,November,Houston Rockets,Los Angeles Lakers,10,0,3,0,0,0,0
49,8,Charles Barkley,1996-97,November,Houston Rockets,Los Angeles Lakers,0,1,1,0,0,0,0
50,49,Charles Barkley,1996-97,November,Houston Rockets,Los Angeles Lakers,3,1,1,0,0,0,0
52,35,Mario Elie,1996-97,November,Houston Rockets,Los Angeles Lakers,3,1,1,0,0,0,0
53,52,Mario Elie,1996-97,November,Houston Rockets,Los Angeles Lakers,3,1,1,0,0,1,0
55,0,Matt Maloney,1996-97,November,Houston Rockets,Los Angeles Lakers,0,0,1,0,0,0,0
56,0,Corie Blount,1996-97,November,Los Angeles Lakers,Houston Rockets,0,0,0,0,0,0,1
59,43,Shaquille O'Neal,1996-97,November,Los Angeles Lakers,Houston Rockets,4,0,2,1,0,1,0
61,50,Charles Barkley,1996-97,November,Houston Rockets,Los Angeles Lakers,3,1,2,0,0,0,0
62,47,Kevin Willis,1996-97,November,Houston Rockets,Los Angeles Lakers,10,0,3,0,0,1,0
63,22,Eddie Jones,1996-97,November,Los Angeles Lakers,Houston Rockets,2,1,2,0,0,1,0
64,24,Nick Van Exel,1996-97,November,Los Angeles Lakers,Houston Rockets,3,3,0,0,0,0,0
65,64,Nick Van Exel,1996-97,November,Los Angeles Lakers,Houston Rockets,3,3,0,0,0,0,1
66,28,Clyde Drexler,1996-97,November,Houston Rockets,Los Angeles Lakers,1,1,2,0,0,0,0
67,66,Clyde Drexler,1996-97,November,Houston Rockets,Los Angeles Lakers,2,1,2,0,0,0,0
68,63,Eddie Jones,1996-97,November,Los Angeles Lakers,Houston Rockets,4,1,2,0,0,1,0
69,65,Nick Van Exel,1996-97,November,Los Angeles Lakers,Houston Rockets,3,4,0,0,0,0,1
71,59,Shaquille O'Neal,1996-97,November,Los Angeles Lakers,Houston Rockets,4,0,3,1,0,1,0
73,55,Matt Maloney,1996-97,November,Houston Rockets,Los Angeles Lakers,0,0,2,0,0,0,0
75,0,Jerome Kersey,1996-97,November,Los Angeles Lakers,Houston Rockets,0,0,1,0,0,0,0
77,71,Shaquille O'Neal,1996-97,November,Los Angeles Lakers,Houston Rockets,4,0,4,1,0,1,0
78,67,Clyde Drexler,1996-97,November,Houston Rockets,Los Angeles Lakers,2,1,2,0,0,0,1
79,77,Shaquille O'Neal,1996-97,November,Los Angeles Lakers,Houston Rockets,5,0,4,1,0,1,0
81,62,Kevin Willis,1996-97,November,Houston Rockets,Los Angeles Lakers,10,0,4,0,0,1,0
82,81,Kevin Willis,1996-97,November,Houston Rockets,Los Angeles Lakers,12,0,4,0,0,1,0
83,53,Mario Elie,1996-97,November,Houston Rockets,Los Angeles Lakers,3,2,1,0,0,1,0
85,56,Corie Blount,1996-97,November,Los Angeles Lakers,Houston Rockets,0,0,1,0,0,0,1
86,83,Mario Elie,1996-97,November,Houston Rockets,Los Angeles Lakers,3,2,1,0,0,1,1
87,82,Kevin Willis,1996-97,November,Houston Rockets,Los Angeles Lakers,12,0,4,0,0,1,1
90,78,Clyde Drexler,1996-97,November,Houston Rockets,Los Angeles Lakers,2,1,3,0,0,0,1
91,0,Othella Harrington,1996-97,November,Houston Rockets,Los Angeles Lakers,0,0,0,0,0,0,1
92,91,Othella Harrington,1996-97,November,Houston Rockets,Los Angeles Lakers,0,0,0,0,0,1,1
94,79,Shaquille O'Neal,1996-97,November,Los Angeles Lakers,Houston Rockets,5,0,5,1,0,1,0
95,94,Shaquille O'Neal,1996-97,November,Los Angeles Lakers,Houston Rockets,5,0,5,1,0,2,0
96,86,Mario Elie,1996-97,November,Los Angeles Lakers,Houston Rockets,3,2,1,0,1,1,1
97,90,Clyde Drexler,1996-97,November,Houston Rockets,Los Angeles Lakers,2,1,3,0,0,1,1
98,68,Eddie Jones,1996-97,November,Houston Rockets,Los Angeles Lakers,4,1,2,0,1,1,0
99,87,Kevin Willis,1996-97,November,Houston Rockets,Los Angeles Lakers,12,0,4,0,0,1,2
101,95,Shaquille O'Neal,1996-97,November,Los Angeles Lakers,Houston Rockets,6,0,5,1,0,2,0
102,96,Mario Elie,1996-97,November,Houston Rockets,Los Angeles Lakers,5,2,1,0,1,1,1
103,0,Emanual Davis,1996-97,November,Houston Rockets,Los Angeles Lakers,0,1,0,0,0,0,0
106,75,Jerome Kersey,1996-97,November,Los Angeles Lakers,Houston Rockets,0,0,2,0,0,0,0
107,45,Elden Campbell,1996-97,November,Los Angeles Lakers,Houston Rockets,2,0,1,0,0,0,2
108,0,Rumeal Robinson,1996-97,November,Los Angeles Lakers,Houston Rockets,0,1,0,0,0,0,0
110,106,Jerome Kersey,1996-97,November,Los Angeles Lakers,Houston Rockets,0,0,3,0,0,0,0
113,107,Elden Campbell,1996-97,November,Los Angeles Lakers,Houston Rockets,2,0,2,0,0,0,2
115,0,Matt Bullard,1996-97,November,Houston Rockets,Los Angeles Lakers,0,0,0,0,0,0,1
117,102,Mario Elie,1996-97,November,Houston Rockets,Los Angeles Lakers,5,2,2,0,1,1,1
118,117,Mario Elie,1996-97,November,Houston Rockets,Los Angeles Lakers,5,2,2,0,1,2,1
119,113,Elden Campbell,1996-97,November,Houston Rockets,Los Angeles Lakers,2,0,2,0,1,0,2
120,108,Rumeal Robinson,1996-97,November,Los Angeles Lakers,Houston Rockets,3,1,0,0,0,0,0
121,0,Derek Fisher,1996-97,November,Los Angeles Lakers,Houston Rockets,0,1,0,0,0,0,0
122,115,Matt Bullard,1996-97,November,Houston Rockets,Los Angeles Lakers,0,0,0,0,0,1,1
123,120,Rumeal Robinson,1996-97,November,Los Angeles Lakers,Houston Rockets,3,1,0,0,0,0,1
124,123,Rumeal Robinson,1996-97,November,Los Angeles Lakers,Houston Rockets,3,1,0,0,0,1,1
126,61,Charles Barkley,1996-97,November,Houston Rockets,Los Angeles Lakers,3,1,3,0,0,0,0
127,126,Charles Barkley,1996-97,November,Houston Rockets,Los Angeles Lakers,5,1,3,0,0,0,0
128,110,Jerome Kersey,1996-97,November,Los Angeles Lakers,Houston Rockets,0,0,3,0,0,0,1
129,127,Charles Barkley,1996-97,November,Houston Rockets,Los Angeles Lakers,6,1,3,0,0,0,0
130,98,Eddie Jones,1996-97,November,Los Angeles Lakers,Houston Rockets,7,1,2,0,1,1,0
131,119,Elden Campbell,1996-97,November,Los Angeles Lakers,Houston Rockets,2,1,2,0,1,0,2
132,73,Matt Maloney,1996-97,November,Houston Rockets,Los Angeles Lakers,2,0,2,0,0,0,0
133,129,Charles Barkley,1996-97,November,Houston Rockets,Los Angeles Lakers,6,2,3,0,0,0,0
135,122,Matt Bullard,1996-97,November,Houston Rockets,Los Angeles Lakers,0,0,1,0,0,1,1
136,132,Matt Maloney,1996-97,November,Houston Rockets,Los Angeles Lakers,2,0,2,0,0,1,0
137,101,Shaquille O'Neal,1996-97,November,Los Angeles Lakers,Houston Rockets,6,0,5,1,0,3,0
138,135,Matt Bullard,1996-97,November,Los Angeles Lakers,Houston Rockets,0,0,1,0,1,1,1
139,136,Matt Maloney,1996-97,November,Houston Rockets,Los Angeles Lakers,5,0,2,0,0,1,0
140,133,Charles Barkley,1996-97,November,Houston Rockets,Los Angeles Lakers,6,3,3,0,0,0,0
142,140,Charles Barkley,1996-97,November,Houston Rockets,Los Angeles Lakers,6,3,4,0,0,0,0
143,131,Elden Campbell,1996-97,November,Los Angeles Lakers,Houston Rockets,2,1,2,0,1,0,3
144,142,Charles Barkley,1996-97,November,Houston Rockets,Los Angeles Lakers,7,3,4,0,0,0,0
145,144,Charles Barkley,1996-97,November,Houston Rockets,Los Angeles Lakers,8,3,4,0,0,0,0
146,130,Eddie Jones,1996-97,November,Los Angeles Lakers,Houston Rockets,10,1,2,0,1,1,0
147,137,Shaquille O'Neal,1996-97,November,Los Angeles Lakers,Houston Rockets,6,0,5,1,0,3,1
148,0,Sam Mack,1996-97,November,Houston Rockets,Los Angeles Lakers,1,0,0,0,0,0,0
149,148,Sam Mack,1996-97,November,Houston Rockets,Los Angeles Lakers,2,0,0,0,0,0,0
150,69,Nick Van Exel,1996-97,November,Los Angeles Lakers,Houston Rockets,6,4,0,0,0,0,1
151,85,Corie Blount,1996-97,November,Los Angeles Lakers,Houston Rockets,0,1,1,0,0,0,1
152,149,Sam Mack,1996-97,November,Houston Rockets,Los Angeles Lakers,2,0,0,0,0,1,0
153,146,Eddie Jones,1996-97,November,Houston Rockets,Los Angeles Lakers,10,1,2,0,2,1,0
155,0,Charles Jones,1996-97,November,Houston Rockets,Los Angeles Lakers,0,0,1,0,0,0,0
157,147,Shaquille O'Neal,1996-97,November,Los Angeles Lakers,Houston Rockets,8,0,5,1,0,3,1
158,150,Nick Van Exel,1996-97,November,Los Angeles Lakers,Houston Rockets,6,5,0,0,0,0,1
159,152,Sam Mack,1996-97,November,Houston Rockets,Los Angeles Lakers,2,0,0,0,0,1,1
160,159,Sam Mack,1996-97,November,Houston Rockets,Los Angeles Lakers,2,0,0,0,0,2,1
161,153,Eddie Jones,1996-97,November,Los Angeles Lakers,Houston Rockets,10,1,2,0,2,2,0
162,157,Shaquille O'Neal,1996-97,November,Los Angeles Lakers,Houston Rockets,8,0,5,1,0,3,2
164,162,Shaquille O'Neal,1996-97,November,Los Angeles Lakers,Houston Rockets,8,0,6,1,0,3,2
165,158,Nick Van Exel,1996-97,November,Los Angeles Lakers,Houston Rockets,9,5,0,0,0,0,1
166,151,Corie Blount,1996-97,November,Los Angeles Lakers,Houston Rockets,0,1,1,0,0,0,2
167,145,Charles Barkley,1996-97,November,Houston Rockets,Los Angeles Lakers,9,3,4,0,0,0,0
168,167,Charles Barkley,1996-97,November,Houston Rockets,Los Angeles Lakers,10,3,4,0,0,0,0
169,165,Nick Van Exel,1996-97,November,Los Angeles Lakers,Houston Rockets,11,5,0,0,0,0,1
170,168,Charles Barkley,1996-97,November,Houston Rockets,Los Angeles Lakers,10,3,4,0,0,1,0
171,128,Jerome Kersey,1996-97,November,Houston Rockets,Los Angeles Lakers,0,0,3,0,1,0,1
172,164,Shaquille O'Neal,1996-97,November,Los Angeles Lakers,Houston Rockets,10,0,6,1,0,3,2
173,169,Nick Van Exel,1996-97,November,Los Angeles Lakers,Houston Rockets,11,6,0,0,0,0,1
174,97,Clyde Drexler,1996-97,November,Houston Rockets,Los Angeles Lakers,2,1,3,0,0,1,2
175,174,Clyde Drexler,1996-97,November,Houston Rockets,Los Angeles Lakers,2,1,3,0,0,2,2
178,171,Jerome Kersey,1996-97,November,Los Angeles Lakers,Houston Rockets,0,0,4,0,1,0,1
180,178,Jerome Kersey,1996-97,November,Los Angeles Lakers,Houston Rockets,0,0,5,0,1,0,1
181,180,Jerome Kersey,1996-97,November,Los Angeles Lakers,Houston Rockets,2,0,5,0,1,0,1
183,170,Charles Barkley,1996-97,November,Houston Rockets,Los Angeles Lakers,10,3,5,0,0,1,0
185,138,Matt Bullard,1996-97,November,Los Angeles Lakers,Houston Rockets,0,0,1,1,1,1,1
186,185,Matt Bullard,1996-97,November,Houston Rockets,Los Angeles Lakers,0,0,2,1,1,1,1
187,183,Charles Barkley,1996-97,November,Houston Rockets,Los Angeles Lakers,10,3,5,0,0,2,0
188,161,Eddie Jones,1996-97,November,Houston Rockets,Los Angeles Lakers,10,1,2,0,3,2,0
189,188,Eddie Jones,1996-97,November,Los Angeles Lakers,Houston Rockets,10,1,2,0,3,3,0
191,172,Shaquille O'Neal,1996-97,November,Los Angeles Lakers,Houston Rockets,10,0,7,1,0,3,2
192,187,Charles Barkley,1996-97,November,Houston Rockets,Los Angeles Lakers,10,3,5,0,0,2,1
194,99,Kevin Willis,1996-97,November,Houston Rockets,Los Angeles Lakers,12,0,5,0,0,1,2
195,175,Clyde Drexler,1996-97,November,Houston Rockets,Los Angeles Lakers,2,1,3,0,0,2,3
196,195,Clyde Drexler,1996-97,November,Houston Rockets,Los Angeles Lakers,2,1,3,0,0,3,3
198,173,Nick Van Exel,1996-97,November,Los Angeles Lakers,Houston Rockets,11,6,1,0,0,0,1
200,196,Clyde Drexler,1996-97,November,Houston Rockets,Los Angeles Lakers,2,1,4,0,0,3,3
201,200,Clyde Drexler,1996-97,November,Houston Rockets,Los Angeles Lakers,2,1,4,0,0,4,3
202,189,Eddie Jones,1996-97,November,Houston Rockets,Los Angeles Lakers,10,1,2,0,4,3,0
204,143,Elden Campbell,1996-97,November,Los Angeles Lakers,Houston Rockets,2,1,3,0,1,0,3
205,204,Elden Campbell,1996-97,November,Los Angeles Lakers,Houston Rockets,2,1,3,0,1,1,3
207,192,Charles Barkley,1996-97,November,Houston Rockets,Los Angeles Lakers,10,3,6,0,0,2,1
209,191,Shaquille O'Neal,1996-97,November,Houston Rockets,Los Angeles Lakers,10,0,7,2,0,3,2
210,205,Elden Campbell,1996-97,November,Los Angeles Lakers,Houston Rockets,2,1,4,0,1,1,3
211,209,Shaquille O'Neal,1996-97,November,Los Angeles Lakers,Houston Rockets,12,0,7,2,0,3,2
212,198,Nick Van Exel,1996-97,November,Los Angeles Lakers,Houston Rockets,11,7,1,0,0,0,1
213,139,Matt Maloney,1996-97,November,Houston Rockets,Los Angeles Lakers,8,0,2,0,0,1,0
214,194,Kevin Willis,1996-97,November,Houston Rockets,Los Angeles Lakers,12,1,5,0,0,1,2
216,214,Kevin Willis,1996-97,November,Houston Rockets,Los Angeles Lakers,12,1,6,0,0,1,2
218,33,Byron Scott,1996-97,November,Los Angeles Lakers,Houston Rockets,3,0,2,0,0,1,0
219,207,Charles Barkley,1996-97,November,Houston Rockets,Los Angeles Lakers,10,3,6,0,0,2,2
220,216,Kevin Willis,1996-97,November,Houston Rockets,Los Angeles Lakers,12,1,6,0,0,1,3
221,212,Nick Van Exel,1996-97,November,Los Angeles Lakers,Houston Rockets,13,7,1,0,0,0,1
222,219,Charles Barkley,1996-97,November,Houston Rockets,Los Angeles Lakers,12,3,6,0,0,2,2
223,213,Matt Maloney,1996-97,November,Houston Rockets,Los Angeles Lakers,8,1,2,0,0,1,0
224,211,Shaquille O'Neal,1996-97,November,Los Angeles Lakers,Houston Rockets,14,0,7,2,0,3,2
225,221,Nick Van Exel,1996-97,November,Los Angeles Lakers,Houston Rockets,13,8,1,0,0,0,1
227,222,Charles Barkley,1996-97,November,Houston Rockets,Los Angeles Lakers,12,3,7,0,0,2,2
228,227,Charles Barkley,1996-97,November,Houston Rockets,Los Angeles Lakers,15,3,7,0,0,2,2
229,224,Shaquille O'Neal,1996-97,November,Los Angeles Lakers,Houston Rockets,16,0,7,2,0,3,2
230,225,Nick Van Exel,1996-97,November,Los Angeles Lakers,Houston Rockets,13,9,1,0,0,0,1
232,210,Elden Campbell,1996-97,November,Los Angeles Lakers,Houston Rockets,2,1,5,0,1,1,3
233,230,Nick Van Exel,1996-97,November,Los Angeles Lakers,Houston Rockets,13,9,1,0,0,1,1
234,201,Clyde Drexler,1996-97,November,Los Angeles Lakers,Houston Rockets,2,1,4,0,1,4,3
235,228,Charles Barkley,1996-97,November,Houston Rockets,Los Angeles Lakers,15,3,7,0,0,2,2
236,218,Byron Scott,1996-97,November,Los Angeles Lakers,Houston Rockets,4,0,2,0,0,1,0
237,118,Mario Elie,1996-97,November,Houston Rockets,Los Angeles Lakers,7,2,2,0,1,2,1
238,235,Charles Barkley,1996-97,November,Houston Rockets,Los Angeles Lakers,15,4,7,0,0,2,2
239,236,Byron Scott,1996-97,November,Los Angeles Lakers,Houston Rockets,4,0,2,0,0,1,1
240,237,Mario Elie,1996-97,November,Houston Rockets,Los Angeles Lakers,8,2,2,0,1,2,1
241,229,Shaquille O'Neal,1996-97,November,Los Angeles Lakers,Houston Rockets,18,0,7,2,0,3,2
242,202,Eddie Jones,1996-97,November,Los Angeles Lakers,Houston Rockets,10,2,2,0,4,3,0
243,232,Elden Campbell,1996-97,November,Los Angeles Lakers,Houston Rockets,2,1,5,0,1,1,4
246,233,Nick Van Exel,1996-97,November,Los Angeles Lakers,Houston Rockets,13,9,2,0,0,1,1
247,246,Nick Van Exel,1996-97,November,Los Angeles Lakers,Houston Rockets,16,9,2,0,0,1,1
249,220,Kevin Willis,1996-97,November,Houston Rockets,Los Angeles Lakers,12,1,7,0,0,1,3
250,249,Kevin Willis,1996-97,November,Houston Rockets,Los Angeles Lakers,14,1,7,0,0,1,3
251,166,Corie Blount,1996-97,November,Los Angeles Lakers,Houston Rockets,2,1,1,0,0,0,2
252,247,Nick Van Exel,1996-97,November,Los Angeles Lakers,Houston Rockets,16,10,2,0,0,1,1
253,234,Clyde Drexler,1996-97,November,Houston Rockets,Los Angeles Lakers,5,1,4,0,1,4,3
254,240,Mario Elie,1996-97,November,Houston Rockets,Los Angeles Lakers,8,3,2,0,1,2,1
255,241,Shaquille O'Neal,1996-97,November,Los Angeles Lakers,Houston Rockets,18,0,7,2,0,4,2
256,255,Shaquille O'Neal,1996-97,November,Los Angeles Lakers,Houston Rockets,18,0,7,2,0,4,3
257,253,Clyde Drexler,1996-97,November,Houston Rockets,Los Angeles Lakers,6,1,4,0,1,4,3
258,257,Clyde Drexler,1996-97,November,Houston Rockets,Los Angeles Lakers,7,1,4,0,1,4,3
260,258,Clyde Drexler,1996-97,November,Houston Rockets,Los Angeles Lakers,7,1,4,0,1,5,3
261,242,Eddie Jones,1996-97,November,Houston Rockets,Los Angeles Lakers,10,2,2,0,5,3,0
262,181,Jerome Kersey,1996-97,November,Los Angeles Lakers,Houston Rockets,4,0,5,0,1,0,1
263,252,Nick Van Exel,1996-97,November,Los Angeles Lakers,Houston Rockets,16,11,2,0,0,1,1
265,250,Kevin Willis,1996-97,November,Houston Rockets,Los Angeles Lakers,14,1,7,0,0,1,4
267,256,Shaquille O'Neal,1996-97,November,Los Angeles Lakers,Houston Rockets,18,0,8,2,0,4,3
268,267,Shaquille O'Neal,1996-97,November,Los Angeles Lakers,Houston Rockets,20,0,8,2,0,4,3
269,155,Charles Jones,1996-97,November,Houston Rockets,Los Angeles Lakers,0,0,1,0,0,0,1
271,238,Charles Barkley,1996-97,November,Houston Rockets,Los Angeles Lakers,15,4,8,0,0,2,2
272,262,Jerome Kersey,1996-97,November,Los Angeles Lakers,Houston Rockets,4,0,5,0,1,0,2
274,271,Charles Barkley,1996-97,November,Houston Rockets,Los Angeles Lakers,15,4,9,0,0,2,2
275,254,Mario Elie,1996-97,November,Houston Rockets,Los Angeles Lakers,9,3,2,0,1,2,1
276,268,Shaquille O'Neal,1996-97,November,Los Angeles Lakers,Houston Rockets,20,0,8,2,0,4,4
278,260,Clyde Drexler,1996-97,November,Houston Rockets,Los Angeles Lakers,8,1,4,0,1,5,3
280,272,Jerome Kersey,1996-97,November,Los Angeles Lakers,Houston Rockets,4,0,6,0,1,0,2
281,276,Shaquille O'Neal,1996-97,November,Los Angeles Lakers,Houston Rockets,22,0,8,2,0,4,4
282,263,Nick Van Exel,1996-97,November,Los Angeles Lakers,Houston Rockets,16,12,2,0,0,1,1
283,261,Eddie Jones,1996-97,November,Los Angeles Lakers,Houston Rockets,10,2,2,0,5,3,1
284,275,Mario Elie,1996-97,November,Houston Rockets,Los Angeles Lakers,10,3,2,0,1,2,1
285,284,Mario Elie,1996-97,November,Houston Rockets,Los Angeles Lakers,11,3,2,0,1,2,1
287,274,Charles Barkley,1996-97,November,Houston Rockets,Los Angeles Lakers,15,4,10,0,0,2,2
288,287,Charles Barkley,1996-97,November,Houston Rockets,Los Angeles Lakers,18,4,10,0,0,2,2
290,278,Clyde Drexler,1996-97,November,Houston Rockets,Los Angeles Lakers,8,1,5,0,1,5,3
291,251,Corie Blount,1996-97,November,Los Angeles Lakers,Houston Rockets,2,1,1,0,0,0,3
293,288,Charles Barkley,1996-97,November,Houston Rockets,Los Angeles Lakers,19,4,10,0,0,2,2
295,293,Charles Barkley,1996-97,November,Houston Rockets,Los Angeles Lakers,19,4,10,0,0,2,3
296,243,Elden Campbell,1996-97,November,Los Angeles Lakers,Houston Rockets,3,1,5,0,1,1,4
297,296,Elden Campbell,1996-97,November,Los Angeles Lakers,Houston Rockets,4,1,5,0,1,1,4
299,121,Derek Fisher,1996-97,November,Los Angeles Lakers,Houston Rockets,0,1,1,0,0,0,0
300,92,Othella Harrington,1996-97,November,Houston Rockets,Los Angeles Lakers,0,0,0,0,0,1,2
301,291,Corie Blount,1996-97,November,Los Angeles Lakers,Houston Rockets,3,1,1,0,0,0,3
302,301,Corie Blount,1996-97,November,Los Angeles Lakers,Houston Rockets,4,1,1,0,0,0,3
303,285,Mario Elie,1996-97,November,Houston Rockets,Los Angeles Lakers,13,3,2,0,1,2,1
304,223,Matt Maloney,1996-97,November,Houston Rockets,Los Angeles Lakers,8,2,2,0,0,1,0
305,300,Othella Harrington,1996-97,November,Houston Rockets,Los Angeles Lakers,0,0,0,0,0,1,3
306,283,Eddie Jones,1996-97,November,Los Angeles Lakers,Houston Rockets,11,2,2,0,5,3,1
307,306,Eddie Jones,1996-97,November,Los Angeles Lakers,Houston Rockets,12,2,2,0,5,3,1
308,304,Matt Maloney,1996-97,November,Houston Rockets,Los Angeles Lakers,8,2,2,0,0,2,0
309,297,Elden Campbell,1996-97,November,Los Angeles Lakers,Houston Rockets,6,1,5,0,1,1,4
310,280,Jerome Kersey,1996-97,November,Los Angeles Lakers,Houston Rockets,4,0,6,0,1,0,3
311,290,Clyde Drexler,1996-97,November,Houston Rockets,Los Angeles Lakers,9,1,5,0,1,5,3
312,311,Clyde Drexler,1996-97,November,Houston Rockets,Los Angeles Lakers,10,1,5,0,1,5,3
314,295,Charles Barkley,1996-97,November,Houston Rockets,Los Angeles Lakers,19,4,11,0,0,2,3
316,299,Derek Fisher,1996-97,November,Los Angeles Lakers,Houston Rockets,0,1,2,0,0,0,0
317,305,Othella Harrington,1996-97,November,Houston Rockets,Los Angeles Lakers,0,0,0,0,0,1,4
318,316,Derek Fisher,1996-97,November,Los Angeles Lakers,Houston Rockets,1,1,2,0,0,0,0
320,317,Othella Harrington,1996-97,November,Houston Rockets,Los Angeles Lakers,2,0,0,0,0,1,4
321,314,Charles Barkley,1996-97,November,Houston Rockets,Los Angeles Lakers,19,5,11,0,0,2,3
323,321,Charles Barkley,1996-97,November,Houston Rockets,Los Angeles Lakers,19,5,12,0,0,2,3
325,318,Derek Fisher,1996-97,November,Los Angeles Lakers,Houston Rockets,1,1,3,0,0,0,0
326,325,Derek Fisher,1996-97,November,Los Angeles Lakers,Houston Rockets,3,1,3,0,0,0,0
327,303,Mario Elie,1996-97,November,Houston Rockets,Los Angeles Lakers,13,3,2,0,1,2,2
328,326,Derek Fisher,1996-97,November,Los Angeles Lakers,Houston Rockets,4,1,3,0,0,0,0
330,323,Charles Barkley,1996-97,November,Houston Rockets,Los Angeles Lakers,19,5,13,0,0,2,3
332,265,Kevin Willis,1996-97,November,Houston Rockets,Los Angeles Lakers,14,1,8,0,0,1,4
334,330,Charles Barkley,1996-97,November,Houston Rockets,Los Angeles Lakers,19,5,14,0,0,2,3
335,186,Matt Bullard,1996-97,November,Houston Rockets,Los Angeles Lakers,3,0,2,1,1,1,1
336,334,Charles Barkley,1996-97,November,Houston Rockets,Los Angeles Lakers,19,6,14,0,0,2,3
338,336,Charles Barkley,1996-97,November,Houston Rockets,Los Angeles Lakers,19,6,14,0,0,2,4
340,281,Shaquille O'Neal,1996-97,November,Los Angeles Lakers,Houston Rockets,23,0,8,2,0,4,4
341,338,Charles Barkley,1996-97,November,Houston Rockets,Los Angeles Lakers,19,6,14,0,0,3,4
342,307,Eddie Jones,1996-97,November,Houston Rockets,Los Angeles Lakers,12,2,2,0,6,3,1
343,342,Eddie Jones,1996-97,November,Los Angeles Lakers,Houston Rockets,14,2,2,0,6,3,1
344,328,Derek Fisher,1996-97,November,Los Angeles Lakers,Houston Rockets,4,2,3,0,0,0,0
346,340,Shaquille O'Neal,1996-97,November,Los Angeles Lakers,Houston Rockets,23,0,9,2,0,4,4
347,327,Mario Elie,1996-97,November,Houston Rockets,Los Angeles Lakers,13,3,2,0,1,2,3
348,344,Derek Fisher,1996-97,November,Los Angeles Lakers,Houston Rockets,5,2,3,0,0,0,0
349,348,Derek Fisher,1996-97,November,Los Angeles Lakers,Houston Rockets,6,2,3,0,0,0,0
350,312,Clyde Drexler,1996-97,November,Houston Rockets,Los Angeles Lakers,12,1,5,0,1,5,3
351,347,Mario Elie,1996-97,November,Houston Rockets,Los Angeles Lakers,13,4,2,0,1,2,3
352,302,Corie Blount,1996-97,November,Los Angeles Lakers,Houston Rockets,4,1,1,0,0,0,4
353,350,Clyde Drexler,1996-97,November,Houston Rockets,Los Angeles Lakers,13,1,5,0,1,5,3
354,282,Nick Van Exel,1996-97,November,Los Angeles Lakers,Houston Rockets,16,12,2,0,0,2,1
355,353,Clyde Drexler,1996-97,November,Los Angeles Lakers,Houston Rockets,13,1,5,0,2,5,3
356,351,Mario Elie,1996-97,November,Houston Rockets,Los Angeles Lakers,15,4,2,0,1,2,3
357,355,Clyde Drexler,1996-97,November,Houston Rockets,Los Angeles Lakers,13,2,5,0,2,5,3
359,343,Eddie Jones,1996-97,November,Los Angeles Lakers,Houston Rockets,14,2,3,0,6,3,1
361,335,Matt Bullard,1996-97,November,Houston Rockets,Los Angeles Lakers,6,0,2,1,1,1,1
362,341,Charles Barkley,1996-97,November,Houston Rockets,Los Angeles Lakers,19,7,14,0,0,3,4
363,354,Nick Van Exel,1996-97,November,Los Angeles Lakers,Houston Rockets,19,12,2,0,0,2,1
364,359,Eddie Jones,1996-97,November,Los Angeles Lakers,Houston Rockets,14,3,3,0,6,3,1
366,310,Jerome Kersey,1996-97,November,Los Angeles Lakers,Houston Rockets,4,0,7,0,1,0,3
368,352,Corie Blount,1996-97,November,Los Angeles Lakers,Houston Rockets,4,1,1,0,0,0,5
369,357,Clyde Drexler,1996-97,November,Houston Rockets,Los Angeles Lakers,15,2,5,0,2,5,3
370,362,Charles Barkley,1996-97,November,Houston Rockets,Los Angeles Lakers,19,8,14,0,0,3,4
371,363,Nick Van Exel,1996-97,November,Los Angeles Lakers,Houston Rockets,21,12,2,0,0,2,1
373,368,Corie Blount,1996-97,November,Los Angeles Lakers,Houston Rockets,4,1,2,0,0,0,5
374,366,Jerome Kersey,1996-97,November,Los Angeles Lakers,Houston Rockets,4,0,7,0,1,1,3
376,346,Shaquille O'Neal,1996-97,November,Los Angeles Lakers,Houston Rockets,23,0,10,2,0,4,4
378,369,Clyde Drexler,1996-97,November,Houston Rockets,Los Angeles Lakers,15,2,6,0,2,5,3
379,378,Clyde Drexler,1996-97,November,Houston Rockets,Los Angeles Lakers,17,2,6,0,2,5,3
380,332,Kevin Willis,1996-97,November,Houston Rockets,Los Angeles Lakers,14,1,8,0,0,1,5
383,370,Charles Barkley,1996-97,November,Houston Rockets,Los Angeles Lakers,22,8,14,0,0,3,4
385,376,Shaquille O'Neal,1996-97,November,Los Angeles Lakers,Houston Rockets,23,0,11,2,0,4,4
386,383,Charles Barkley,1996-97,November,Houston Rockets,Los Angeles Lakers,22,8,14,0,0,3,5
389,309,Elden Campbell,1996-97,November,Los Angeles Lakers,Houston Rockets,6,1,6,0,1,1,4
391,386,Charles Barkley,1996-97,November,Houston Rockets,Los Angeles Lakers,22,8,15,0,0,3,5
392,385,Shaquille O'Neal,1996-97,November,Los Angeles Lakers,Houston Rockets,23,0,11,2,0,4,5
393,389,Elden Campbell,1996-97,November,Los Angeles Lakers,Houston Rockets,6,1,6,0,1,1,5
395,391,Charles Barkley,1996-97,November,Houston Rockets,Los Angeles Lakers,23,8,15,0,0,3,5
397,361,Matt Bullard,1996-97,November,Houston Rockets,Los Angeles Lakers,6,0,3,1,1,1,1
398,380,Kevin Willis,1996-97,November,Houston Rockets,Los Angeles Lakers,16,1,8,0,0,1,5
399,356,Mario Elie,1996-97,November,Houston Rockets,Los Angeles Lakers,15,5,2,0,1,2,3
400,364,Eddie Jones,1996-97,November,Los Angeles Lakers,Houston Rockets,14,3,3,0,6,3,2
401,398,Kevin Willis,1996-97,November,Houston Rockets,Los Angeles Lakers,17,1,8,0,0,1,5
