id,previous_id,player,season,month,team,opponent_team,points,assists,rebounds,blocks,steals,turnovers,personal fouls
2,0,Vlade Divac,1996-97,November,Charlotte Hornets,Seattle SuperSonics,0,0,1,0,0,0,0
3,2,Vlade Divac,1996-97,November,Charlotte Hornets,Seattle SuperSonics,2,0,1,0,0,0,0
4,0,Anthony Mason,1996-97,November,Charlotte Hornets,Seattle SuperSonics,0,1,0,0,0,0,0
5,0,Shawn Kemp,1996-97,November,Seattle SuperSonics,Charlotte Hornets,2,0,0,0,0,0,0
6,0,Hersey Hawkins,1996-97,November,Seattle SuperSonics,Charlotte Hornets,0,1,0,0,0,0,0
7,3,Vlade Divac,1996-97,November,Charlotte Hornets,Seattle SuperSonics,4,0,1,0,0,0,0
8,0,Muggsy Bogues,1996-97,November,Charlotte Hornets,Seattle SuperSonics,0,1,0,0,0,0,0
9,5,Shawn Kemp,1996-97,November,Seattle SuperSonics,Charlotte Hornets,4,0,0,0,0,0,0
10,6,Hersey Hawkins,1996-97,November,Seattle SuperSonics,Charlotte Hornets,0,2,0,0,0,0,0
12,0,Jim McIlvaine,1996-97,November,Seattle SuperSonics,Charlotte Hornets,0,0,1,0,0,0,0
13,0,Glen Rice,1996-97,November,Charlotte Hornets,Seattle SuperSonics,0,0,0,0,0,0,1
14,0,Detlef Schrempf,1996-97,November,Seattle SuperSonics,Charlotte Hornets,2,0,0,0,0,0,0
16,10,Hersey Hawkins,1996-97,November,Seattle SuperSonics,Charlotte Hornets,0,2,1,0,0,0,0
17,4,Anthony Mason,1996-97,November,Charlotte Hornets,Seattle SuperSonics,0,1,0,0,0,0,1
20,7,Vlade Divac,1996-97,November,Charlotte Hornets,Seattle SuperSonics,4,0,2,0,0,0,0
22,17,Anthony Mason,1996-97,November,Charlotte Hornets,Seattle SuperSonics,0,1,1,0,0,0,1
23,12,Jim McIlvaine,1996-97,November,Seattle SuperSonics,Charlotte Hornets,0,0,1,0,0,0,1
25,22,Anthony Mason,1996-97,November,Charlotte Hornets,Seattle SuperSonics,1,1,1,0,0,0,1
27,25,Anthony Mason,1996-97,November,Charlotte Hornets,Seattle SuperSonics,1,1,2,0,0,0,1
29,9,Shawn Kemp,1996-97,November,Seattle SuperSonics,Charlotte Hornets,4,0,1,0,0,0,0
30,14,Detlef Schrempf,1996-97,November,Seattle SuperSonics,Charlotte Hornets,4,0,0,0,0,0,0
31,0,Gary Payton,1996-97,November,Seattle SuperSonics,Charlotte Hornets,0,1,0,0,0,0,0
33,30,Detlef Schrempf,1996-97,November,Seattle SuperSonics,Charlotte Hornets,4,0,1,0,0,0,0
34,16,Hersey Hawkins,1996-97,November,Seattle SuperSonics,Charlotte Hornets,2,2,1,0,0,0,0
35,33,Detlef Schrempf,1996-97,November,Seattle SuperSonics,Charlotte Hornets,4,1,1,0,0,0,0
36,27,Anthony Mason,1996-97,November,Charlotte Hornets,Seattle SuperSonics,1,1,2,0,0,0,2
37,36,Anthony Mason,1996-97,November,Charlotte Hornets,Seattle SuperSonics,1,1,2,0,0,1,2
39,13,Glen Rice,1996-97,November,Charlotte Hornets,Seattle SuperSonics,0,0,1,0,0,0,1
40,0,Dell Curry,1996-97,November,Charlotte Hornets,Seattle SuperSonics,2,0,0,0,0,0,0
41,39,Glen Rice,1996-97,November,Charlotte Hornets,Seattle SuperSonics,0,1,1,0,0,0,1
42,34,Hersey Hawkins,1996-97,November,Seattle SuperSonics,Charlotte Hornets,4,2,1,0,0,0,0
43,42,Hersey Hawkins,1996-97,November,Seattle SuperSonics,Charlotte Hornets,4,2,1,0,0,0,1
44,8,Muggsy Bogues,1996-97,November,Charlotte Hornets,Seattle SuperSonics,0,1,0,0,0,1,0
45,43,Hersey Hawkins,1996-97,November,Charlotte Hornets,Seattle SuperSonics,4,2,1,0,1,0,1
46,31,Gary Payton,1996-97,November,Seattle SuperSonics,Charlotte Hornets,2,1,0,0,0,0,0
47,35,Detlef Schrempf,1996-97,November,Seattle SuperSonics,Charlotte Hornets,4,2,1,0,0,0,0
48,40,Dell Curry,1996-97,November,Charlotte Hornets,Seattle SuperSonics,4,0,0,0,0,0,0
49,44,Muggsy Bogues,1996-97,November,Charlotte Hornets,Seattle SuperSonics,0,2,0,0,0,1,0
50,29,Shawn Kemp,1996-97,November,Seattle SuperSonics,Charlotte Hornets,4,0,1,0,0,1,0
52,50,Shawn Kemp,1996-97,November,Charlotte Hornets,Seattle SuperSonics,4,0,1,1,0,1,0
53,46,Gary Payton,1996-97,November,Seattle SuperSonics,Charlotte Hornets,2,1,1,0,0,0,0
54,47,Detlef Schrempf,1996-97,November,Seattle SuperSonics,Charlotte Hornets,6,2,1,0,0,0,0
55,53,Gary Payton,1996-97,November,Seattle SuperSonics,Charlotte Hornets,2,2,1,0,0,0,0
57,52,Shawn Kemp,1996-97,November,Seattle SuperSonics,Charlotte Hornets,4,0,2,1,0,1,0
59,37,Anthony Mason,1996-97,November,Charlotte Hornets,Seattle SuperSonics,1,1,3,0,0,1,2
61,57,Shawn Kemp,1996-97,November,Charlotte Hornets,Seattle SuperSonics,4,0,2,2,0,1,0
62,45,Hersey Hawkins,1996-97,November,Seattle SuperSonics,Charlotte Hornets,4,2,2,0,1,0,1
64,20,Vlade Divac,1996-97,November,Charlotte Hornets,Seattle SuperSonics,4,0,3,0,0,0,0
66,64,Vlade Divac,1996-97,November,Charlotte Hornets,Seattle SuperSonics,4,0,4,0,0,0,0
68,23,Jim McIlvaine,1996-97,November,Seattle SuperSonics,Charlotte Hornets,0,0,2,0,0,0,1
69,55,Gary Payton,1996-97,November,Seattle SuperSonics,Charlotte Hornets,2,2,1,0,0,1,0
70,49,Muggsy Bogues,1996-97,November,Seattle SuperSonics,Charlotte Hornets,0,2,0,0,1,1,0
71,48,Dell Curry,1996-97,November,Charlotte Hornets,Seattle SuperSonics,6,0,0,0,0,0,0
72,70,Muggsy Bogues,1996-97,November,Charlotte Hornets,Seattle SuperSonics,0,3,0,0,1,1,0
73,61,Shawn Kemp,1996-97,November,Seattle SuperSonics,Charlotte Hornets,4,0,2,2,0,2,0
75,73,Shawn Kemp,1996-97,November,Seattle SuperSonics,Charlotte Hornets,4,0,3,2,0,2,0
77,66,Vlade Divac,1996-97,November,Seattle SuperSonics,Charlotte Hornets,4,0,4,1,0,0,0
78,62,Hersey Hawkins,1996-97,November,Seattle SuperSonics,Charlotte Hornets,4,2,3,0,1,0,1
80,68,Jim McIlvaine,1996-97,November,Seattle SuperSonics,Charlotte Hornets,0,0,3,0,0,0,1
81,80,Jim McIlvaine,1996-97,November,Seattle SuperSonics,Charlotte Hornets,2,0,3,0,0,0,1
83,75,Shawn Kemp,1996-97,November,Seattle SuperSonics,Charlotte Hornets,4,0,4,2,0,2,0
84,69,Gary Payton,1996-97,November,Seattle SuperSonics,Charlotte Hornets,4,2,1,0,0,1,0
85,83,Shawn Kemp,1996-97,November,Seattle SuperSonics,Charlotte Hornets,4,1,4,2,0,2,0
86,85,Shawn Kemp,1996-97,November,Seattle SuperSonics,Charlotte Hornets,4,1,4,2,0,2,1
87,77,Vlade Divac,1996-97,November,Charlotte Hornets,Seattle SuperSonics,5,0,4,1,0,0,0
88,87,Vlade Divac,1996-97,November,Charlotte Hornets,Seattle SuperSonics,6,0,4,1,0,0,0
90,0,Matt Geiger,1996-97,November,Charlotte Hornets,Seattle SuperSonics,0,0,1,0,0,0,0
91,90,Matt Geiger,1996-97,November,Charlotte Hornets,Seattle SuperSonics,2,0,1,0,0,0,0
92,72,Muggsy Bogues,1996-97,November,Charlotte Hornets,Seattle SuperSonics,0,4,0,0,1,1,0
93,86,Shawn Kemp,1996-97,November,Seattle SuperSonics,Charlotte Hornets,6,1,4,2,0,2,1
94,0,Eric Snow,1996-97,November,Seattle SuperSonics,Charlotte Hornets,0,1,0,0,0,0,0
95,41,Glen Rice,1996-97,November,Charlotte Hornets,Seattle SuperSonics,2,1,1,0,0,0,1
96,92,Muggsy Bogues,1996-97,November,Charlotte Hornets,Seattle SuperSonics,0,5,0,0,1,1,0
97,54,Detlef Schrempf,1996-97,November,Seattle SuperSonics,Charlotte Hornets,8,2,1,0,0,0,0
98,71,Dell Curry,1996-97,November,Charlotte Hornets,Seattle SuperSonics,6,0,0,0,0,0,1
99,97,Detlef Schrempf,1996-97,November,Seattle SuperSonics,Charlotte Hornets,9,2,1,0,0,0,0
100,91,Matt Geiger,1996-97,November,Charlotte Hornets,Seattle SuperSonics,4,0,1,0,0,0,0
101,96,Muggsy Bogues,1996-97,November,Charlotte Hornets,Seattle SuperSonics,0,6,0,0,1,1,0
103,88,Vlade Divac,1996-97,November,Charlotte Hornets,Seattle SuperSonics,6,0,5,1,0,0,0
104,95,Glen Rice,1996-97,November,Charlotte Hornets,Seattle SuperSonics,4,1,1,0,0,0,1
105,103,Vlade Divac,1996-97,November,Charlotte Hornets,Seattle SuperSonics,6,1,5,1,0,0,0
106,0,Craig Ehlo,1996-97,November,Seattle SuperSonics,Charlotte Hornets,3,0,0,0,0,0,0
107,94,Eric Snow,1996-97,November,Seattle SuperSonics,Charlotte Hornets,0,2,0,0,0,0,0
108,104,Glen Rice,1996-97,November,Charlotte Hornets,Seattle SuperSonics,6,1,1,0,0,0,1
109,101,Muggsy Bogues,1996-97,November,Charlotte Hornets,Seattle SuperSonics,0,7,0,0,1,1,0
111,106,Craig Ehlo,1996-97,November,Seattle SuperSonics,Charlotte Hornets,3,0,1,0,0,0,0
112,107,Eric Snow,1996-97,November,Seattle SuperSonics,Charlotte Hornets,0,2,0,0,0,1,0
113,109,Muggsy Bogues,1996-97,November,Seattle SuperSonics,Charlotte Hornets,0,7,0,0,2,1,0
114,98,Dell Curry,1996-97,November,Charlotte Hornets,Seattle SuperSonics,6,0,0,0,0,1,1
116,0,Scott Burrell,1996-97,November,Charlotte Hornets,Seattle SuperSonics,0,0,1,0,0,0,0
117,108,Glen Rice,1996-97,November,Charlotte Hornets,Seattle SuperSonics,8,1,1,0,0,0,1
118,100,Matt Geiger,1996-97,November,Charlotte Hornets,Seattle SuperSonics,4,1,1,0,0,0,0
119,118,Matt Geiger,1996-97,November,Charlotte Hornets,Seattle SuperSonics,4,1,1,0,0,0,1
120,93,Shawn Kemp,1996-97,November,Seattle SuperSonics,Charlotte Hornets,7,1,4,2,0,2,1
121,120,Shawn Kemp,1996-97,November,Seattle SuperSonics,Charlotte Hornets,8,1,4,2,0,2,1
122,105,Vlade Divac,1996-97,November,Charlotte Hornets,Seattle SuperSonics,6,1,5,1,0,1,0
123,111,Craig Ehlo,1996-97,November,Seattle SuperSonics,Charlotte Hornets,3,0,1,0,0,1,0
124,116,Scott Burrell,1996-97,November,Seattle SuperSonics,Charlotte Hornets,0,0,1,0,1,0,0
125,124,Scott Burrell,1996-97,November,Charlotte Hornets,Seattle SuperSonics,2,0,1,0,1,0,0
126,113,Muggsy Bogues,1996-97,November,Charlotte Hornets,Seattle SuperSonics,0,8,0,0,2,1,0
128,121,Shawn Kemp,1996-97,November,Seattle SuperSonics,Charlotte Hornets,8,1,5,2,0,2,1
129,128,Shawn Kemp,1996-97,November,Seattle SuperSonics,Charlotte Hornets,10,1,5,2,0,2,1
130,117,Glen Rice,1996-97,November,Charlotte Hornets,Seattle SuperSonics,11,1,1,0,0,0,1
131,126,Muggsy Bogues,1996-97,November,Charlotte Hornets,Seattle SuperSonics,0,9,0,0,2,1,0
132,129,Shawn Kemp,1996-97,November,Seattle SuperSonics,Charlotte Hornets,10,1,5,2,0,3,1
134,0,Sam Perkins,1996-97,November,Seattle SuperSonics,Charlotte Hornets,0,0,1,0,0,0,0
136,130,Glen Rice,1996-97,November,Charlotte Hornets,Seattle SuperSonics,11,1,2,0,0,0,1
137,119,Matt Geiger,1996-97,November,Charlotte Hornets,Seattle SuperSonics,6,1,1,0,0,0,1
138,59,Anthony Mason,1996-97,November,Charlotte Hornets,Seattle SuperSonics,1,2,3,0,0,1,2
140,137,Matt Geiger,1996-97,November,Charlotte Hornets,Seattle SuperSonics,6,1,2,0,0,0,1
142,132,Shawn Kemp,1996-97,November,Seattle SuperSonics,Charlotte Hornets,10,1,6,2,0,3,1
143,134,Sam Perkins,1996-97,November,Seattle SuperSonics,Charlotte Hornets,2,0,1,0,0,0,0
144,123,Craig Ehlo,1996-97,November,Seattle SuperSonics,Charlotte Hornets,3,1,1,0,0,1,0
145,138,Anthony Mason,1996-97,November,Charlotte Hornets,Seattle SuperSonics,3,2,3,0,0,1,2
146,125,Scott Burrell,1996-97,November,Charlotte Hornets,Seattle SuperSonics,2,1,1,0,1,0,0
147,142,Shawn Kemp,1996-97,November,Seattle SuperSonics,Charlotte Hornets,12,1,6,2,0,3,1
149,147,Shawn Kemp,1996-97,November,Seattle SuperSonics,Charlotte Hornets,12,1,7,2,0,3,1
150,143,Sam Perkins,1996-97,November,Seattle SuperSonics,Charlotte Hornets,5,0,1,0,0,0,0
151,112,Eric Snow,1996-97,November,Seattle SuperSonics,Charlotte Hornets,0,3,0,0,0,1,0
152,146,Scott Burrell,1996-97,November,Charlotte Hornets,Seattle SuperSonics,4,1,1,0,1,0,0
153,136,Glen Rice,1996-97,November,Charlotte Hornets,Seattle SuperSonics,11,2,2,0,0,0,1
154,152,Scott Burrell,1996-97,November,Charlotte Hornets,Seattle SuperSonics,4,1,1,0,1,0,1
157,145,Anthony Mason,1996-97,November,Charlotte Hornets,Seattle SuperSonics,3,2,4,0,0,1,2
159,0,Anthony Goldwire,1996-97,November,Charlotte Hornets,Seattle SuperSonics,3,0,0,0,0,0,0
160,157,Anthony Mason,1996-97,November,Charlotte Hornets,Seattle SuperSonics,3,3,4,0,0,1,2
162,99,Detlef Schrempf,1996-97,November,Seattle SuperSonics,Charlotte Hornets,9,2,2,0,0,0,0
163,162,Detlef Schrempf,1996-97,November,Seattle SuperSonics,Charlotte Hornets,11,2,2,0,0,0,0
164,159,Anthony Goldwire,1996-97,November,Charlotte Hornets,Seattle SuperSonics,6,0,0,0,0,0,0
165,150,Sam Perkins,1996-97,November,Seattle SuperSonics,Charlotte Hornets,7,0,1,0,0,0,0
166,84,Gary Payton,1996-97,November,Seattle SuperSonics,Charlotte Hornets,4,3,1,0,0,1,0
168,166,Gary Payton,1996-97,November,Seattle SuperSonics,Charlotte Hornets,4,3,2,0,0,1,0
169,144,Craig Ehlo,1996-97,November,Seattle SuperSonics,Charlotte Hornets,5,1,1,0,0,1,0
170,168,Gary Payton,1996-97,November,Seattle SuperSonics,Charlotte Hornets,4,4,2,0,0,1,0
172,165,Sam Perkins,1996-97,November,Seattle SuperSonics,Charlotte Hornets,7,0,2,0,0,0,0
173,154,Scott Burrell,1996-97,November,Charlotte Hornets,Seattle SuperSonics,4,1,1,0,1,0,2
175,140,Matt Geiger,1996-97,November,Charlotte Hornets,Seattle SuperSonics,6,1,3,0,0,0,1
176,173,Scott Burrell,1996-97,November,Charlotte Hornets,Seattle SuperSonics,4,1,1,0,1,1,2
177,172,Sam Perkins,1996-97,November,Charlotte Hornets,Seattle SuperSonics,7,0,2,0,1,0,0
178,0,Larry Stewart,1996-97,November,Seattle SuperSonics,Charlotte Hornets,0,0,0,0,0,1,0
179,176,Scott Burrell,1996-97,November,Seattle SuperSonics,Charlotte Hornets,4,1,1,0,2,1,2
180,114,Dell Curry,1996-97,November,Charlotte Hornets,Seattle SuperSonics,8,0,0,0,0,1,1
181,179,Scott Burrell,1996-97,November,Charlotte Hornets,Seattle SuperSonics,4,2,1,0,2,1,2
182,181,Scott Burrell,1996-97,November,Charlotte Hornets,Seattle SuperSonics,4,2,1,0,2,1,3
184,178,Larry Stewart,1996-97,November,Seattle SuperSonics,Charlotte Hornets,1,0,0,0,0,1,0
186,81,Jim McIlvaine,1996-97,November,Seattle SuperSonics,Charlotte Hornets,2,0,4,0,0,0,1
187,170,Gary Payton,1996-97,November,Seattle SuperSonics,Charlotte Hornets,6,4,2,0,0,1,0
188,175,Matt Geiger,1996-97,November,Charlotte Hornets,Seattle SuperSonics,6,1,3,0,0,1,1
190,160,Anthony Mason,1996-97,November,Charlotte Hornets,Seattle SuperSonics,3,3,5,0,0,1,2
192,78,Hersey Hawkins,1996-97,November,Seattle SuperSonics,Charlotte Hornets,4,2,4,0,1,0,1
193,192,Hersey Hawkins,1996-97,November,Seattle SuperSonics,Charlotte Hornets,6,2,4,0,1,0,1
194,190,Anthony Mason,1996-97,November,Charlotte Hornets,Seattle SuperSonics,5,3,5,0,0,1,2
195,193,Hersey Hawkins,1996-97,November,Seattle SuperSonics,Charlotte Hornets,8,2,4,0,1,0,1
196,149,Shawn Kemp,1996-97,November,Seattle SuperSonics,Charlotte Hornets,12,1,7,2,0,3,2
197,194,Anthony Mason,1996-97,November,Charlotte Hornets,Seattle SuperSonics,6,3,5,0,0,1,2
198,197,Anthony Mason,1996-97,November,Charlotte Hornets,Seattle SuperSonics,7,3,5,0,0,1,2
199,188,Matt Geiger,1996-97,November,Charlotte Hornets,Seattle SuperSonics,6,1,3,0,0,1,2
200,196,Shawn Kemp,1996-97,November,Seattle SuperSonics,Charlotte Hornets,13,1,7,2,0,3,2
201,200,Shawn Kemp,1996-97,November,Seattle SuperSonics,Charlotte Hornets,14,1,7,2,0,3,2
203,187,Gary Payton,1996-97,November,Seattle SuperSonics,Charlotte Hornets,6,4,3,0,0,1,0
205,163,Detlef Schrempf,1996-97,November,Seattle SuperSonics,Charlotte Hornets,11,2,2,0,0,1,0
206,153,Glen Rice,1996-97,November,Seattle SuperSonics,Charlotte Hornets,11,2,2,0,1,0,1
207,122,Vlade Divac,1996-97,November,Charlotte Hornets,Seattle SuperSonics,6,1,5,1,0,2,0
209,207,Vlade Divac,1996-97,November,Charlotte Hornets,Seattle SuperSonics,6,1,6,1,0,2,0
210,131,Muggsy Bogues,1996-97,November,Charlotte Hornets,Seattle SuperSonics,2,9,0,0,2,1,0
211,209,Vlade Divac,1996-97,November,Charlotte Hornets,Seattle SuperSonics,6,2,6,1,0,2,0
213,206,Glen Rice,1996-97,November,Charlotte Hornets,Seattle SuperSonics,11,2,3,0,1,0,1
214,213,Glen Rice,1996-97,November,Charlotte Hornets,Seattle SuperSonics,14,2,3,0,1,0,1
215,210,Muggsy Bogues,1996-97,November,Charlotte Hornets,Seattle SuperSonics,2,10,0,0,2,1,0
216,214,Glen Rice,1996-97,November,Charlotte Hornets,Seattle SuperSonics,14,2,3,0,1,0,2
218,203,Gary Payton,1996-97,November,Seattle SuperSonics,Charlotte Hornets,6,4,4,0,0,1,0
219,218,Gary Payton,1996-97,November,Seattle SuperSonics,Charlotte Hornets,8,4,4,0,0,1,0
220,205,Detlef Schrempf,1996-97,November,Seattle SuperSonics,Charlotte Hornets,11,3,2,0,0,1,0
221,215,Muggsy Bogues,1996-97,November,Charlotte Hornets,Seattle SuperSonics,2,10,0,0,2,2,0
222,219,Gary Payton,1996-97,November,Charlotte Hornets,Seattle SuperSonics,8,4,4,0,1,1,0
224,180,Dell Curry,1996-97,November,Seattle SuperSonics,Charlotte Hornets,8,0,0,1,0,1,1
225,220,Detlef Schrempf,1996-97,November,Seattle SuperSonics,Charlotte Hornets,11,3,2,0,0,1,1
226,225,Detlef Schrempf,1996-97,November,Seattle SuperSonics,Charlotte Hornets,11,3,2,0,0,1,2
227,221,Muggsy Bogues,1996-97,November,Charlotte Hornets,Seattle SuperSonics,4,10,0,0,2,2,0
228,198,Anthony Mason,1996-97,November,Charlotte Hornets,Seattle SuperSonics,7,4,5,0,0,1,2
229,222,Gary Payton,1996-97,November,Seattle SuperSonics,Charlotte Hornets,8,4,4,0,1,2,0
230,224,Dell Curry,1996-97,November,Seattle SuperSonics,Charlotte Hornets,8,0,0,1,1,1,1
231,230,Dell Curry,1996-97,November,Charlotte Hornets,Seattle SuperSonics,10,0,0,1,1,1,1
232,229,Gary Payton,1996-97,November,Seattle SuperSonics,Charlotte Hornets,10,4,4,0,1,2,0
233,195,Hersey Hawkins,1996-97,November,Seattle SuperSonics,Charlotte Hornets,8,3,4,0,1,0,1
234,227,Muggsy Bogues,1996-97,November,Charlotte Hornets,Seattle SuperSonics,4,10,0,0,2,2,1
236,201,Shawn Kemp,1996-97,November,Seattle SuperSonics,Charlotte Hornets,14,1,8,2,0,3,2
237,236,Shawn Kemp,1996-97,November,Seattle SuperSonics,Charlotte Hornets,14,1,8,2,0,4,2
239,186,Jim McIlvaine,1996-97,November,Charlotte Hornets,Seattle SuperSonics,2,0,4,1,0,0,1
240,228,Anthony Mason,1996-97,November,Charlotte Hornets,Seattle SuperSonics,7,4,6,0,0,1,2
242,240,Anthony Mason,1996-97,November,Charlotte Hornets,Seattle SuperSonics,7,4,7,0,0,1,2
243,242,Anthony Mason,1996-97,November,Charlotte Hornets,Seattle SuperSonics,9,4,7,0,0,1,2
244,239,Jim McIlvaine,1996-97,November,Seattle SuperSonics,Charlotte Hornets,2,0,4,1,0,0,2
245,243,Anthony Mason,1996-97,November,Charlotte Hornets,Seattle SuperSonics,10,4,7,0,0,1,2
246,231,Dell Curry,1996-97,November,Charlotte Hornets,Seattle SuperSonics,10,0,0,1,1,1,2
247,226,Detlef Schrempf,1996-97,November,Seattle SuperSonics,Charlotte Hornets,11,3,2,0,0,2,2
248,211,Vlade Divac,1996-97,November,Seattle SuperSonics,Charlotte Hornets,6,2,6,1,1,2,0
249,234,Muggsy Bogues,1996-97,November,Charlotte Hornets,Seattle SuperSonics,6,10,0,0,2,2,1
250,245,Anthony Mason,1996-97,November,Charlotte Hornets,Seattle SuperSonics,10,5,7,0,0,1,2
251,250,Anthony Mason,1996-97,November,Charlotte Hornets,Seattle SuperSonics,10,5,7,0,0,1,3
253,248,Vlade Divac,1996-97,November,Seattle SuperSonics,Charlotte Hornets,6,2,6,2,1,2,0
254,246,Dell Curry,1996-97,November,Charlotte Hornets,Seattle SuperSonics,10,0,1,1,1,1,2
255,216,Glen Rice,1996-97,November,Charlotte Hornets,Seattle SuperSonics,17,2,3,0,1,0,2
256,249,Muggsy Bogues,1996-97,November,Charlotte Hornets,Seattle SuperSonics,6,11,0,0,2,2,1
258,253,Vlade Divac,1996-97,November,Charlotte Hornets,Seattle SuperSonics,6,2,7,2,1,2,0
259,256,Muggsy Bogues,1996-97,November,Charlotte Hornets,Seattle SuperSonics,6,11,0,0,2,3,1
261,254,Dell Curry,1996-97,November,Charlotte Hornets,Seattle SuperSonics,10,0,2,1,1,1,2
263,247,Detlef Schrempf,1996-97,November,Seattle SuperSonics,Charlotte Hornets,11,3,3,0,0,2,2
265,258,Vlade Divac,1996-97,November,Charlotte Hornets,Seattle SuperSonics,6,2,8,2,1,2,0
266,177,Sam Perkins,1996-97,November,Seattle SuperSonics,Charlotte Hornets,7,0,2,0,1,0,1
268,233,Hersey Hawkins,1996-97,November,Seattle SuperSonics,Charlotte Hornets,8,3,5,0,1,0,1
269,263,Detlef Schrempf,1996-97,November,Seattle SuperSonics,Charlotte Hornets,13,3,3,0,0,2,2
270,261,Dell Curry,1996-97,November,Charlotte Hornets,Seattle SuperSonics,11,0,2,1,1,1,2
272,265,Vlade Divac,1996-97,November,Charlotte Hornets,Seattle SuperSonics,6,2,9,2,1,2,0
274,237,Shawn Kemp,1996-97,November,Seattle SuperSonics,Charlotte Hornets,14,1,9,2,0,4,2
275,268,Hersey Hawkins,1996-97,November,Seattle SuperSonics,Charlotte Hornets,11,3,5,0,1,0,1
276,269,Detlef Schrempf,1996-97,November,Seattle SuperSonics,Charlotte Hornets,13,4,3,0,0,2,2
278,272,Vlade Divac,1996-97,November,Charlotte Hornets,Seattle SuperSonics,6,2,10,2,1,2,0
280,275,Hersey Hawkins,1996-97,November,Seattle SuperSonics,Charlotte Hornets,11,3,6,0,1,0,1
281,274,Shawn Kemp,1996-97,November,Seattle SuperSonics,Charlotte Hornets,14,1,9,2,0,5,2
282,259,Muggsy Bogues,1996-97,November,Seattle SuperSonics,Charlotte Hornets,6,11,0,0,3,3,1
283,278,Vlade Divac,1996-97,November,Charlotte Hornets,Seattle SuperSonics,8,2,10,2,1,2,0
284,251,Anthony Mason,1996-97,November,Charlotte Hornets,Seattle SuperSonics,10,6,7,0,0,1,3
285,232,Gary Payton,1996-97,November,Seattle SuperSonics,Charlotte Hornets,12,4,4,0,1,2,0
286,280,Hersey Hawkins,1996-97,November,Seattle SuperSonics,Charlotte Hornets,11,4,6,0,1,0,1
287,283,Vlade Divac,1996-97,November,Charlotte Hornets,Seattle SuperSonics,10,2,10,2,1,2,0
288,282,Muggsy Bogues,1996-97,November,Charlotte Hornets,Seattle SuperSonics,6,12,0,0,3,3,1
289,276,Detlef Schrempf,1996-97,November,Seattle SuperSonics,Charlotte Hornets,13,4,3,0,0,3,2
290,255,Glen Rice,1996-97,November,Seattle SuperSonics,Charlotte Hornets,17,2,3,0,2,0,2
291,288,Muggsy Bogues,1996-97,November,Charlotte Hornets,Seattle SuperSonics,8,12,0,0,3,3,1
292,284,Anthony Mason,1996-97,November,Charlotte Hornets,Seattle SuperSonics,10,7,7,0,0,1,3
293,285,Gary Payton,1996-97,November,Seattle SuperSonics,Charlotte Hornets,14,4,4,0,1,2,0
295,291,Muggsy Bogues,1996-97,November,Charlotte Hornets,Seattle SuperSonics,8,12,1,0,3,3,1
297,281,Shawn Kemp,1996-97,November,Seattle SuperSonics,Charlotte Hornets,14,1,10,2,0,5,2
299,292,Anthony Mason,1996-97,November,Charlotte Hornets,Seattle SuperSonics,10,7,8,0,0,1,3
301,297,Shawn Kemp,1996-97,November,Seattle SuperSonics,Charlotte Hornets,14,1,11,2,0,5,2
303,301,Shawn Kemp,1996-97,November,Seattle SuperSonics,Charlotte Hornets,14,1,11,2,0,5,3
304,199,Matt Geiger,1996-97,November,Charlotte Hornets,Seattle SuperSonics,7,1,3,0,0,1,2
305,304,Matt Geiger,1996-97,November,Charlotte Hornets,Seattle SuperSonics,8,1,3,0,0,1,2
307,305,Matt Geiger,1996-97,November,Seattle SuperSonics,Charlotte Hornets,8,1,3,1,0,1,2
308,307,Matt Geiger,1996-97,November,Charlotte Hornets,Seattle SuperSonics,8,1,4,1,0,1,2
309,308,Matt Geiger,1996-97,November,Charlotte Hornets,Seattle SuperSonics,10,1,4,1,0,1,2
310,299,Anthony Mason,1996-97,November,Charlotte Hornets,Seattle SuperSonics,10,8,8,0,0,1,3
311,303,Shawn Kemp,1996-97,November,Seattle SuperSonics,Charlotte Hornets,16,1,11,2,0,5,3
312,309,Matt Geiger,1996-97,November,Charlotte Hornets,Seattle SuperSonics,10,1,4,1,0,1,3
313,311,Shawn Kemp,1996-97,November,Seattle SuperSonics,Charlotte Hornets,17,1,11,2,0,5,3
314,310,Anthony Mason,1996-97,November,Charlotte Hornets,Seattle SuperSonics,12,8,8,0,0,1,3
315,164,Anthony Goldwire,1996-97,November,Charlotte Hornets,Seattle SuperSonics,6,1,0,0,0,0,0
317,290,Glen Rice,1996-97,November,Charlotte Hornets,Seattle SuperSonics,17,2,4,0,2,0,2
319,169,Craig Ehlo,1996-97,November,Seattle SuperSonics,Charlotte Hornets,5,1,2,0,0,1,0
320,317,Glen Rice,1996-97,November,Charlotte Hornets,Seattle SuperSonics,17,2,4,0,2,0,3
321,266,Sam Perkins,1996-97,November,Seattle SuperSonics,Charlotte Hornets,9,0,2,0,1,0,1
322,319,Craig Ehlo,1996-97,November,Seattle SuperSonics,Charlotte Hornets,5,2,2,0,0,1,0
323,312,Matt Geiger,1996-97,November,Charlotte Hornets,Seattle SuperSonics,12,1,4,1,0,1,3
324,270,Dell Curry,1996-97,November,Charlotte Hornets,Seattle SuperSonics,11,1,2,1,1,1,2
326,323,Matt Geiger,1996-97,November,Charlotte Hornets,Seattle SuperSonics,12,1,5,1,0,1,3
328,289,Detlef Schrempf,1996-97,November,Seattle SuperSonics,Charlotte Hornets,13,4,4,0,0,3,2
329,321,Sam Perkins,1996-97,November,Seattle SuperSonics,Charlotte Hornets,11,0,2,0,1,0,1
332,182,Scott Burrell,1996-97,November,Charlotte Hornets,Seattle SuperSonics,4,2,2,0,2,1,3
334,314,Anthony Mason,1996-97,November,Charlotte Hornets,Seattle SuperSonics,12,8,8,0,0,1,4
335,313,Shawn Kemp,1996-97,November,Seattle SuperSonics,Charlotte Hornets,17,1,11,2,0,6,3
336,287,Vlade Divac,1996-97,November,Seattle SuperSonics,Charlotte Hornets,10,2,10,2,2,2,0
338,336,Vlade Divac,1996-97,November,Charlotte Hornets,Seattle SuperSonics,10,2,11,2,2,2,0
340,338,Vlade Divac,1996-97,November,Charlotte Hornets,Seattle SuperSonics,10,2,11,2,2,2,1
341,286,Hersey Hawkins,1996-97,November,Seattle SuperSonics,Charlotte Hornets,12,4,6,0,1,0,1
343,334,Anthony Mason,1996-97,November,Charlotte Hornets,Seattle SuperSonics,12,8,9,0,0,1,4
344,343,Anthony Mason,1996-97,November,Charlotte Hornets,Seattle SuperSonics,14,8,9,0,0,1,4
345,320,Glen Rice,1996-97,November,Charlotte Hornets,Seattle SuperSonics,17,3,4,0,2,0,3
346,340,Vlade Divac,1996-97,November,Charlotte Hornets,Seattle SuperSonics,10,2,11,2,2,2,2
347,335,Shawn Kemp,1996-97,November,Seattle SuperSonics,Charlotte Hornets,18,1,11,2,0,6,3
348,347,Shawn Kemp,1996-97,November,Seattle SuperSonics,Charlotte Hornets,19,1,11,2,0,6,3
350,346,Vlade Divac,1996-97,November,Charlotte Hornets,Seattle SuperSonics,13,2,11,2,2,2,2
351,344,Anthony Mason,1996-97,November,Charlotte Hornets,Seattle SuperSonics,14,9,9,0,0,1,4
352,295,Muggsy Bogues,1996-97,November,Charlotte Hornets,Seattle SuperSonics,8,12,1,0,3,3,2
353,293,Gary Payton,1996-97,November,Seattle SuperSonics,Charlotte Hornets,15,4,4,0,1,2,0
355,350,Vlade Divac,1996-97,November,Charlotte Hornets,Seattle SuperSonics,13,2,12,2,2,2,2
357,348,Shawn Kemp,1996-97,November,Seattle SuperSonics,Charlotte Hornets,19,1,12,2,0,6,3
358,353,Gary Payton,1996-97,November,Seattle SuperSonics,Charlotte Hornets,15,4,4,0,1,3,0
359,324,Dell Curry,1996-97,November,Seattle SuperSonics,Charlotte Hornets,11,1,2,1,2,1,2
361,345,Glen Rice,1996-97,November,Charlotte Hornets,Seattle SuperSonics,17,3,5,0,2,0,3
362,359,Dell Curry,1996-97,November,Charlotte Hornets,Seattle SuperSonics,14,1,2,1,2,1,2
363,361,Glen Rice,1996-97,November,Charlotte Hornets,Seattle SuperSonics,17,4,5,0,2,0,3
365,357,Shawn Kemp,1996-97,November,Seattle SuperSonics,Charlotte Hornets,19,1,13,2,0,6,3
366,365,Shawn Kemp,1996-97,November,Seattle SuperSonics,Charlotte Hornets,21,1,13,2,0,6,3
368,328,Detlef Schrempf,1996-97,November,Seattle SuperSonics,Charlotte Hornets,13,4,5,0,0,3,2
369,358,Gary Payton,1996-97,November,Seattle SuperSonics,Charlotte Hornets,15,4,4,0,1,4,0
370,352,Muggsy Bogues,1996-97,November,Seattle SuperSonics,Charlotte Hornets,8,12,1,0,4,3,2
371,369,Gary Payton,1996-97,November,Seattle SuperSonics,Charlotte Hornets,15,4,4,0,1,4,1
372,363,Glen Rice,1996-97,November,Charlotte Hornets,Seattle SuperSonics,19,4,5,0,2,0,3
374,355,Vlade Divac,1996-97,November,Seattle SuperSonics,Charlotte Hornets,13,2,12,3,2,2,2
375,366,Shawn Kemp,1996-97,November,Seattle SuperSonics,Charlotte Hornets,21,1,14,2,0,6,3
376,370,Muggsy Bogues,1996-97,November,Charlotte Hornets,Seattle SuperSonics,8,12,1,0,4,3,3
377,375,Shawn Kemp,1996-97,November,Seattle SuperSonics,Charlotte Hornets,22,1,14,2,0,6,3
378,377,Shawn Kemp,1996-97,November,Seattle SuperSonics,Charlotte Hornets,23,1,14,2,0,6,3
379,374,Vlade Divac,1996-97,November,Charlotte Hornets,Seattle SuperSonics,13,2,12,3,2,3,2
380,371,Gary Payton,1996-97,November,Charlotte Hornets,Seattle SuperSonics,15,4,4,0,2,4,1
382,351,Anthony Mason,1996-97,November,Charlotte Hornets,Seattle SuperSonics,14,9,10,0,0,1,4
383,372,Glen Rice,1996-97,November,Charlotte Hornets,Seattle SuperSonics,22,4,5,0,2,0,3
384,382,Anthony Mason,1996-97,November,Charlotte Hornets,Seattle SuperSonics,14,10,10,0,0,1,4
385,329,Sam Perkins,1996-97,November,Seattle SuperSonics,Charlotte Hornets,14,0,2,0,1,0,1
386,380,Gary Payton,1996-97,November,Seattle SuperSonics,Charlotte Hornets,15,5,4,0,2,4,1
387,383,Glen Rice,1996-97,November,Charlotte Hornets,Seattle SuperSonics,22,4,5,0,2,1,3
389,376,Muggsy Bogues,1996-97,November,Charlotte Hornets,Seattle SuperSonics,8,12,2,0,4,3,3
390,378,Shawn Kemp,1996-97,November,Seattle SuperSonics,Charlotte Hornets,23,1,14,2,0,6,4
391,384,Anthony Mason,1996-97,November,Charlotte Hornets,Seattle SuperSonics,14,10,10,0,0,2,4
393,341,Hersey Hawkins,1996-97,November,Seattle SuperSonics,Charlotte Hornets,12,4,7,0,1,0,1
394,391,Anthony Mason,1996-97,November,Charlotte Hornets,Seattle SuperSonics,14,10,10,0,0,2,5
397,379,Vlade Divac,1996-97,November,Charlotte Hornets,Seattle SuperSonics,13,2,13,3,2,3,2
398,393,Hersey Hawkins,1996-97,November,Seattle SuperSonics,Charlotte Hornets,12,4,7,0,1,0,2
399,389,Muggsy Bogues,1996-97,November,Charlotte Hornets,Seattle SuperSonics,9,12,2,0,4,3,3
400,399,Muggsy Bogues,1996-97,November,Charlotte Hornets,Seattle SuperSonics,10,12,2,0,4,3,3
402,386,Gary Payton,1996-97,November,Seattle SuperSonics,Charlotte Hornets,15,5,5,0,2,4,1
404,397,Vlade Divac,1996-97,November,Seattle SuperSonics,Charlotte Hornets,13,2,13,4,2,3,2
405,368,Detlef Schrempf,1996-97,November,Seattle SuperSonics,Charlotte Hornets,13,4,6,0,0,3,2
406,394,Anthony Mason,1996-97,November,Charlotte Hornets,Seattle SuperSonics,14,10,10,0,0,2,6
407,405,Detlef Schrempf,1996-97,November,Seattle SuperSonics,Charlotte Hornets,14,4,6,0,0,3,2
408,407,Detlef Schrempf,1996-97,November,Seattle SuperSonics,Charlotte Hornets,15,4,6,0,0,3,2
409,408,Detlef Schrempf,1996-97,November,Seattle SuperSonics,Charlotte Hornets,15,4,6,0,0,3,3
410,387,Glen Rice,1996-97,November,Charlotte Hornets,Seattle SuperSonics,23,4,5,0,2,1,3
411,410,Glen Rice,1996-97,November,Charlotte Hornets,Seattle SuperSonics,24,4,5,0,2,1,3
412,402,Gary Payton,1996-97,November,Seattle SuperSonics,Charlotte Hornets,17,5,5,0,2,4,1
