id,previous_id,player,season,month,team,opponent_team,points,assists,rebounds,blocks,steals,turnovers,personal fouls
2,0,Jim Jackson,1996-97,November,Dallas Mavericks,San Antonio Spurs,0,0,1,0,0,0,0
3,0,Loren Meyer,1996-97,November,Dallas Mavericks,San Antonio Spurs,2,0,0,0,0,0,0
4,2,Jim Jackson,1996-97,November,Dallas Mavericks,San Antonio Spurs,0,1,1,0,0,0,0
5,0,Dominique Wilkins,1996-97,November,San Antonio Spurs,Dallas Mavericks,2,0,0,0,0,0,0
6,0,Sean Elliott,1996-97,November,San Antonio Spurs,Dallas Mavericks,0,1,0,0,0,0,0
9,4,Jim Jackson,1996-97,November,Dallas Mavericks,San Antonio Spurs,0,1,2,0,0,0,0
10,0,George McCloud,1996-97,November,Dallas Mavericks,San Antonio Spurs,3,0,0,0,0,0,0
11,9,Jim Jackson,1996-97,November,Dallas Mavericks,San Antonio Spurs,0,2,2,0,0,0,0
12,0,Will Perdue,1996-97,November,San Antonio Spurs,Dallas Mavericks,2,0,0,0,0,0,0
13,0,Vinny Del Negro,1996-97,November,San Antonio Spurs,Dallas Mavericks,0,1,0,0,0,0,0
14,3,Loren Meyer,1996-97,November,Dallas Mavericks,San Antonio Spurs,2,0,0,0,0,0,1
16,0,Eric Montross,1996-97,November,Dallas Mavericks,San Antonio Spurs,0,0,1,0,0,0,0
17,14,Loren Meyer,1996-97,November,Dallas Mavericks,San Antonio Spurs,4,0,0,0,0,0,1
18,11,Jim Jackson,1996-97,November,Dallas Mavericks,San Antonio Spurs,0,3,2,0,0,0,0
19,5,Dominique Wilkins,1996-97,November,San Antonio Spurs,Dallas Mavericks,2,0,0,0,0,1,0
20,18,Jim Jackson,1996-97,November,Dallas Mavericks,San Antonio Spurs,2,3,2,0,0,0,0
21,10,George McCloud,1996-97,November,Dallas Mavericks,San Antonio Spurs,3,1,0,0,0,0,0
22,13,Vinny Del Negro,1996-97,November,San Antonio Spurs,Dallas Mavericks,3,1,0,0,0,0,0
23,6,Sean Elliott,1996-97,November,San Antonio Spurs,Dallas Mavericks,0,2,0,0,0,0,0
24,21,George McCloud,1996-97,November,Dallas Mavericks,San Antonio Spurs,6,1,0,0,0,0,0
25,0,Jason Kidd,1996-97,November,Dallas Mavericks,San Antonio Spurs,0,1,0,0,0,0,0
27,16,Eric Montross,1996-97,November,Dallas Mavericks,San Antonio Spurs,0,0,2,0,0,0,0
28,27,Eric Montross,1996-97,November,Dallas Mavericks,San Antonio Spurs,2,0,2,0,0,0,0
29,25,Jason Kidd,1996-97,November,Dallas Mavericks,San Antonio Spurs,0,2,0,0,0,0,0
31,12,Will Perdue,1996-97,November,San Antonio Spurs,Dallas Mavericks,2,0,1,0,0,0,0
33,28,Eric Montross,1996-97,November,Dallas Mavericks,San Antonio Spurs,2,0,2,1,0,0,0
34,17,Loren Meyer,1996-97,November,Dallas Mavericks,San Antonio Spurs,4,0,0,0,0,0,2
35,24,George McCloud,1996-97,November,Dallas Mavericks,San Antonio Spurs,6,1,0,0,0,0,1
36,19,Dominique Wilkins,1996-97,November,San Antonio Spurs,Dallas Mavericks,3,0,0,0,0,1,0
37,36,Dominique Wilkins,1996-97,November,San Antonio Spurs,Dallas Mavericks,4,0,0,0,0,1,0
38,33,Eric Montross,1996-97,November,Dallas Mavericks,San Antonio Spurs,2,0,2,1,0,0,1
39,38,Eric Montross,1996-97,November,Dallas Mavericks,San Antonio Spurs,2,0,2,1,0,1,1
40,37,Dominique Wilkins,1996-97,November,San Antonio Spurs,Dallas Mavericks,6,0,0,0,0,1,0
41,20,Jim Jackson,1996-97,November,Dallas Mavericks,San Antonio Spurs,5,3,2,0,0,0,0
42,29,Jason Kidd,1996-97,November,Dallas Mavericks,San Antonio Spurs,0,3,0,0,0,0,0
43,31,Will Perdue,1996-97,November,San Antonio Spurs,Dallas Mavericks,4,0,1,0,0,0,0
44,40,Dominique Wilkins,1996-97,November,San Antonio Spurs,Dallas Mavericks,6,1,0,0,0,1,0
46,41,Jim Jackson,1996-97,November,Dallas Mavericks,San Antonio Spurs,5,3,3,0,0,0,0
47,46,Jim Jackson,1996-97,November,Dallas Mavericks,San Antonio Spurs,5,3,3,0,0,1,0
48,23,Sean Elliott,1996-97,November,San Antonio Spurs,Dallas Mavericks,0,2,0,0,1,0,0
50,39,Eric Montross,1996-97,November,Dallas Mavericks,San Antonio Spurs,2,0,3,1,0,1,1
51,50,Eric Montross,1996-97,November,Dallas Mavericks,San Antonio Spurs,4,0,3,1,0,1,1
52,48,Sean Elliott,1996-97,November,San Antonio Spurs,Dallas Mavericks,2,2,0,0,1,0,0
53,22,Vinny Del Negro,1996-97,November,San Antonio Spurs,Dallas Mavericks,3,2,0,0,0,0,0
54,35,George McCloud,1996-97,November,Dallas Mavericks,San Antonio Spurs,9,1,0,0,0,0,1
55,0,Derek Harper,1996-97,November,Dallas Mavericks,San Antonio Spurs,0,1,0,0,0,0,0
56,47,Jim Jackson,1996-97,November,Dallas Mavericks,San Antonio Spurs,5,3,3,0,0,1,1
57,53,Vinny Del Negro,1996-97,November,San Antonio Spurs,Dallas Mavericks,3,2,0,0,0,1,0
59,42,Jason Kidd,1996-97,November,Dallas Mavericks,San Antonio Spurs,0,3,1,0,0,0,0
61,43,Will Perdue,1996-97,November,San Antonio Spurs,Dallas Mavericks,4,0,2,0,0,0,0
62,61,Will Perdue,1996-97,November,San Antonio Spurs,Dallas Mavericks,4,0,2,0,0,1,0
64,52,Sean Elliott,1996-97,November,San Antonio Spurs,Dallas Mavericks,2,2,1,0,1,0,0
66,51,Eric Montross,1996-97,November,Dallas Mavericks,San Antonio Spurs,4,0,3,2,0,1,1
67,62,Will Perdue,1996-97,November,San Antonio Spurs,Dallas Mavericks,4,0,3,0,0,1,0
68,64,Sean Elliott,1996-97,November,San Antonio Spurs,Dallas Mavericks,5,2,1,0,1,0,0
69,0,Avery Johnson,1996-97,November,San Antonio Spurs,Dallas Mavericks,0,1,0,0,0,0,0
71,69,Avery Johnson,1996-97,November,San Antonio Spurs,Dallas Mavericks,2,1,0,0,0,0,0
72,59,Jason Kidd,1996-97,November,Dallas Mavericks,San Antonio Spurs,2,3,1,0,0,0,0
73,0,Chris Gatling,1996-97,November,Dallas Mavericks,San Antonio Spurs,0,1,0,0,0,0,0
74,67,Will Perdue,1996-97,November,San Antonio Spurs,Dallas Mavericks,6,0,3,0,0,1,0
75,0,Carl Herrera,1996-97,November,San Antonio Spurs,Dallas Mavericks,0,1,0,0,0,0,0
76,55,Derek Harper,1996-97,November,Dallas Mavericks,San Antonio Spurs,2,1,0,0,0,0,0
77,66,Eric Montross,1996-97,November,Dallas Mavericks,San Antonio Spurs,4,1,3,2,0,1,1
78,75,Carl Herrera,1996-97,November,San Antonio Spurs,Dallas Mavericks,2,1,0,0,0,0,0
79,68,Sean Elliott,1996-97,November,San Antonio Spurs,Dallas Mavericks,5,3,1,0,1,0,0
80,72,Jason Kidd,1996-97,November,Dallas Mavericks,San Antonio Spurs,4,3,1,0,0,0,0
82,73,Chris Gatling,1996-97,November,Dallas Mavericks,San Antonio Spurs,0,1,1,0,0,0,0
84,74,Will Perdue,1996-97,November,San Antonio Spurs,Dallas Mavericks,6,0,4,0,0,1,0
86,84,Will Perdue,1996-97,November,San Antonio Spurs,Dallas Mavericks,6,0,5,0,0,1,0
88,82,Chris Gatling,1996-97,November,Dallas Mavericks,San Antonio Spurs,0,1,2,0,0,0,0
89,76,Derek Harper,1996-97,November,Dallas Mavericks,San Antonio Spurs,4,1,0,0,0,0,0
90,80,Jason Kidd,1996-97,November,Dallas Mavericks,San Antonio Spurs,4,4,1,0,0,0,0
91,78,Carl Herrera,1996-97,November,San Antonio Spurs,Dallas Mavericks,2,1,0,0,0,0,1
92,88,Chris Gatling,1996-97,November,Dallas Mavericks,San Antonio Spurs,1,1,2,0,0,0,0
95,57,Vinny Del Negro,1996-97,November,San Antonio Spurs,Dallas Mavericks,3,2,1,0,0,1,0
96,95,Vinny Del Negro,1996-97,November,San Antonio Spurs,Dallas Mavericks,3,2,1,0,0,2,0
97,89,Derek Harper,1996-97,November,Dallas Mavericks,San Antonio Spurs,4,1,0,0,1,0,0
98,92,Chris Gatling,1996-97,November,Dallas Mavericks,San Antonio Spurs,3,1,2,0,0,0,0
99,96,Vinny Del Negro,1996-97,November,San Antonio Spurs,Dallas Mavericks,3,2,1,0,0,3,0
100,0,Oliver Miller,1996-97,November,Dallas Mavericks,San Antonio Spurs,0,0,0,0,1,0,0
101,100,Oliver Miller,1996-97,November,Dallas Mavericks,San Antonio Spurs,0,0,0,0,1,1,0
102,99,Vinny Del Negro,1996-97,November,San Antonio Spurs,Dallas Mavericks,3,2,1,0,0,4,0
103,90,Jason Kidd,1996-97,November,Dallas Mavericks,San Antonio Spurs,4,4,1,0,1,0,0
105,102,Vinny Del Negro,1996-97,November,San Antonio Spurs,Dallas Mavericks,3,2,2,0,0,4,0
107,0,Greg Anderson,1996-97,November,San Antonio Spurs,Dallas Mavericks,0,0,1,0,0,0,0
108,101,Oliver Miller,1996-97,November,Dallas Mavericks,San Antonio Spurs,0,0,0,0,1,1,1
110,108,Oliver Miller,1996-97,November,Dallas Mavericks,San Antonio Spurs,0,0,1,0,1,1,1
112,0,Monty Williams,1996-97,November,San Antonio Spurs,Dallas Mavericks,0,0,0,1,0,0,0
113,112,Monty Williams,1996-97,November,San Antonio Spurs,Dallas Mavericks,0,0,1,1,0,0,0
114,105,Vinny Del Negro,1996-97,November,San Antonio Spurs,Dallas Mavericks,3,2,2,0,0,5,0
115,103,Jason Kidd,1996-97,November,Dallas Mavericks,San Antonio Spurs,4,4,1,0,2,0,0
116,110,Oliver Miller,1996-97,November,Dallas Mavericks,San Antonio Spurs,0,0,1,0,1,2,1
118,113,Monty Williams,1996-97,November,San Antonio Spurs,Dallas Mavericks,0,0,2,1,0,0,0
119,118,Monty Williams,1996-97,November,San Antonio Spurs,Dallas Mavericks,2,0,2,1,0,0,0
121,107,Greg Anderson,1996-97,November,San Antonio Spurs,Dallas Mavericks,0,0,2,0,0,0,0
123,119,Monty Williams,1996-97,November,San Antonio Spurs,Dallas Mavericks,2,0,3,1,0,0,0
124,123,Monty Williams,1996-97,November,San Antonio Spurs,Dallas Mavericks,4,0,3,1,0,0,0
125,98,Chris Gatling,1996-97,November,Dallas Mavericks,San Antonio Spurs,3,1,2,0,0,1,0
126,0,Vernon Maxwell,1996-97,November,San Antonio Spurs,Dallas Mavericks,0,0,0,0,1,0,0
128,124,Monty Williams,1996-97,November,San Antonio Spurs,Dallas Mavericks,4,0,4,1,0,0,0
130,125,Chris Gatling,1996-97,November,Dallas Mavericks,San Antonio Spurs,3,1,3,0,0,1,0
131,56,Jim Jackson,1996-97,November,Dallas Mavericks,San Antonio Spurs,8,3,3,0,0,1,1
132,97,Derek Harper,1996-97,November,Dallas Mavericks,San Antonio Spurs,4,2,0,0,1,0,0
133,116,Oliver Miller,1996-97,November,Dallas Mavericks,San Antonio Spurs,0,0,1,0,1,2,2
134,44,Dominique Wilkins,1996-97,November,San Antonio Spurs,Dallas Mavericks,7,1,0,0,0,1,0
135,134,Dominique Wilkins,1996-97,November,San Antonio Spurs,Dallas Mavericks,8,1,0,0,0,1,0
137,128,Monty Williams,1996-97,November,San Antonio Spurs,Dallas Mavericks,4,0,5,1,0,0,0
138,126,Vernon Maxwell,1996-97,November,San Antonio Spurs,Dallas Mavericks,2,0,0,0,1,0,0
139,54,George McCloud,1996-97,November,Dallas Mavericks,San Antonio Spurs,9,1,0,0,0,0,2
141,77,Eric Montross,1996-97,November,Dallas Mavericks,San Antonio Spurs,4,1,4,2,0,1,1
142,138,Vernon Maxwell,1996-97,November,San Antonio Spurs,Dallas Mavericks,2,0,0,0,1,0,1
144,79,Sean Elliott,1996-97,November,San Antonio Spurs,Dallas Mavericks,5,3,2,0,1,0,0
145,135,Dominique Wilkins,1996-97,November,San Antonio Spurs,Dallas Mavericks,10,1,0,0,0,1,0
146,71,Avery Johnson,1996-97,November,San Antonio Spurs,Dallas Mavericks,2,2,0,0,0,0,0
147,146,Avery Johnson,1996-97,November,San Antonio Spurs,Dallas Mavericks,2,2,0,0,0,0,1
148,130,Chris Gatling,1996-97,November,Dallas Mavericks,San Antonio Spurs,4,1,3,0,0,1,0
150,145,Dominique Wilkins,1996-97,November,San Antonio Spurs,Dallas Mavericks,10,1,1,0,0,1,0
151,141,Eric Montross,1996-97,November,Dallas Mavericks,San Antonio Spurs,4,1,4,2,0,1,2
153,131,Jim Jackson,1996-97,November,Dallas Mavericks,San Antonio Spurs,8,3,4,0,0,1,1
154,132,Derek Harper,1996-97,November,Dallas Mavericks,San Antonio Spurs,6,2,0,0,1,0,0
155,153,Jim Jackson,1996-97,November,Dallas Mavericks,San Antonio Spurs,8,4,4,0,0,1,1
157,150,Dominique Wilkins,1996-97,November,San Antonio Spurs,Dallas Mavericks,10,1,2,0,0,1,0
158,157,Dominique Wilkins,1996-97,November,San Antonio Spurs,Dallas Mavericks,12,1,2,0,0,1,0
159,148,Chris Gatling,1996-97,November,Dallas Mavericks,San Antonio Spurs,6,1,3,0,0,1,0
160,154,Derek Harper,1996-97,November,Dallas Mavericks,San Antonio Spurs,6,3,0,0,1,0,0
162,147,Avery Johnson,1996-97,November,San Antonio Spurs,Dallas Mavericks,2,2,1,0,0,0,1
163,160,Derek Harper,1996-97,November,Dallas Mavericks,San Antonio Spurs,6,3,0,0,1,0,0
166,144,Sean Elliott,1996-97,November,San Antonio Spurs,Dallas Mavericks,5,3,3,0,1,0,0
167,162,Avery Johnson,1996-97,November,San Antonio Spurs,Dallas Mavericks,5,2,1,0,0,0,1
168,142,Vernon Maxwell,1996-97,November,San Antonio Spurs,Dallas Mavericks,2,1,0,0,1,0,1
169,159,Chris Gatling,1996-97,November,Dallas Mavericks,San Antonio Spurs,8,1,3,0,0,1,0
170,115,Jason Kidd,1996-97,November,Dallas Mavericks,San Antonio Spurs,4,5,1,0,2,0,0
171,170,Jason Kidd,1996-97,November,Dallas Mavericks,San Antonio Spurs,4,5,1,0,2,0,1
172,168,Vernon Maxwell,1996-97,November,San Antonio Spurs,Dallas Mavericks,3,1,0,0,1,0,1
173,172,Vernon Maxwell,1996-97,November,San Antonio Spurs,Dallas Mavericks,4,1,0,0,1,0,1
174,169,Chris Gatling,1996-97,November,Dallas Mavericks,San Antonio Spurs,10,1,3,0,0,1,0
175,137,Monty Williams,1996-97,November,San Antonio Spurs,Dallas Mavericks,6,0,5,1,0,0,0
176,173,Vernon Maxwell,1996-97,November,San Antonio Spurs,Dallas Mavericks,4,2,0,0,1,0,1
177,158,Dominique Wilkins,1996-97,November,San Antonio Spurs,Dallas Mavericks,12,1,2,0,0,1,1
178,174,Chris Gatling,1996-97,November,Dallas Mavericks,San Antonio Spurs,12,1,3,0,0,1,0
179,163,Derek Harper,1996-97,November,Dallas Mavericks,San Antonio Spurs,6,4,0,0,1,0,0
180,177,Dominique Wilkins,1996-97,November,San Antonio Spurs,Dallas Mavericks,14,1,2,0,0,1,1
181,175,Monty Williams,1996-97,November,San Antonio Spurs,Dallas Mavericks,6,0,5,1,0,0,1
182,178,Chris Gatling,1996-97,November,Dallas Mavericks,San Antonio Spurs,13,1,3,0,0,1,0
183,182,Chris Gatling,1996-97,November,Dallas Mavericks,San Antonio Spurs,14,1,3,0,0,1,0
184,183,Chris Gatling,1996-97,November,Dallas Mavericks,San Antonio Spurs,14,1,3,0,0,1,0
185,180,Dominique Wilkins,1996-97,November,San Antonio Spurs,Dallas Mavericks,15,1,2,0,0,1,1
186,185,Dominique Wilkins,1996-97,November,San Antonio Spurs,Dallas Mavericks,16,1,2,0,0,1,1
187,186,Dominique Wilkins,1996-97,November,San Antonio Spurs,Dallas Mavericks,16,1,2,0,0,2,1
188,184,Chris Gatling,1996-97,November,Dallas Mavericks,San Antonio Spurs,14,1,3,0,1,1,0
189,155,Jim Jackson,1996-97,November,Dallas Mavericks,San Antonio Spurs,8,4,4,0,0,2,1
190,176,Vernon Maxwell,1996-97,November,San Antonio Spurs,Dallas Mavericks,7,2,0,0,1,0,1
191,167,Avery Johnson,1996-97,November,San Antonio Spurs,Dallas Mavericks,5,3,1,0,0,0,1
193,189,Jim Jackson,1996-97,November,Dallas Mavericks,San Antonio Spurs,11,4,4,0,0,2,1
194,139,George McCloud,1996-97,November,Dallas Mavericks,San Antonio Spurs,9,2,0,0,0,0,2
195,166,Sean Elliott,1996-97,November,San Antonio Spurs,Dallas Mavericks,7,3,3,0,1,0,0
196,34,Loren Meyer,1996-97,November,Dallas Mavericks,San Antonio Spurs,6,0,0,0,0,0,2
197,171,Jason Kidd,1996-97,November,Dallas Mavericks,San Antonio Spurs,4,6,1,0,2,0,1
199,196,Loren Meyer,1996-97,November,Dallas Mavericks,San Antonio Spurs,6,0,1,0,0,0,2
200,193,Jim Jackson,1996-97,November,Dallas Mavericks,San Antonio Spurs,13,4,4,0,0,2,1
201,194,George McCloud,1996-97,November,Dallas Mavericks,San Antonio Spurs,9,2,0,0,0,0,3
202,195,Sean Elliott,1996-97,November,San Antonio Spurs,Dallas Mavericks,8,3,3,0,1,0,0
203,202,Sean Elliott,1996-97,November,San Antonio Spurs,Dallas Mavericks,9,3,3,0,1,0,0
205,86,Will Perdue,1996-97,November,San Antonio Spurs,Dallas Mavericks,6,0,6,0,0,1,0
206,114,Vinny Del Negro,1996-97,November,San Antonio Spurs,Dallas Mavericks,5,2,2,0,0,5,0
207,191,Avery Johnson,1996-97,November,San Antonio Spurs,Dallas Mavericks,5,4,1,0,0,0,1
208,199,Loren Meyer,1996-97,November,Dallas Mavericks,San Antonio Spurs,6,0,1,0,0,1,2
209,207,Avery Johnson,1996-97,November,San Antonio Spurs,Dallas Mavericks,5,4,1,0,1,0,1
210,208,Loren Meyer,1996-97,November,Dallas Mavericks,San Antonio Spurs,6,0,1,0,0,1,2
211,187,Dominique Wilkins,1996-97,November,San Antonio Spurs,Dallas Mavericks,17,1,2,0,0,2,1
212,211,Dominique Wilkins,1996-97,November,San Antonio Spurs,Dallas Mavericks,18,1,2,0,0,2,1
214,188,Chris Gatling,1996-97,November,Dallas Mavericks,San Antonio Spurs,14,1,4,0,1,1,0
215,201,George McCloud,1996-97,November,Dallas Mavericks,San Antonio Spurs,12,2,0,0,0,0,3
216,200,Jim Jackson,1996-97,November,Dallas Mavericks,San Antonio Spurs,13,5,4,0,0,2,1
217,212,Dominique Wilkins,1996-97,November,San Antonio Spurs,Dallas Mavericks,18,1,2,0,0,3,1
218,214,Chris Gatling,1996-97,November,Dallas Mavericks,San Antonio Spurs,14,1,4,0,2,1,0
219,215,George McCloud,1996-97,November,Dallas Mavericks,San Antonio Spurs,12,2,0,0,0,1,3
220,206,Vinny Del Negro,1996-97,November,San Antonio Spurs,Dallas Mavericks,5,2,2,0,1,5,0
222,218,Chris Gatling,1996-97,November,Dallas Mavericks,San Antonio Spurs,14,1,4,1,2,1,0
223,216,Jim Jackson,1996-97,November,Dallas Mavericks,San Antonio Spurs,13,5,5,0,0,2,1
224,219,George McCloud,1996-97,November,Dallas Mavericks,San Antonio Spurs,14,2,0,0,0,1,3
225,197,Jason Kidd,1996-97,November,Dallas Mavericks,San Antonio Spurs,4,7,1,0,2,0,1
227,225,Jason Kidd,1996-97,November,Dallas Mavericks,San Antonio Spurs,6,7,1,0,2,0,1
228,217,Dominique Wilkins,1996-97,November,San Antonio Spurs,Dallas Mavericks,20,1,2,0,0,3,1
229,209,Avery Johnson,1996-97,November,San Antonio Spurs,Dallas Mavericks,5,5,1,0,1,0,1
231,151,Eric Montross,1996-97,November,Dallas Mavericks,San Antonio Spurs,4,1,5,2,0,1,2
232,231,Eric Montross,1996-97,November,Dallas Mavericks,San Antonio Spurs,6,1,5,2,0,1,2
234,203,Sean Elliott,1996-97,November,San Antonio Spurs,Dallas Mavericks,9,3,3,0,1,0,1
235,224,George McCloud,1996-97,November,Dallas Mavericks,San Antonio Spurs,15,2,0,0,0,1,3
236,235,George McCloud,1996-97,November,Dallas Mavericks,San Antonio Spurs,16,2,0,0,0,1,3
237,229,Avery Johnson,1996-97,November,San Antonio Spurs,Dallas Mavericks,7,5,1,0,1,0,1
239,205,Will Perdue,1996-97,November,San Antonio Spurs,Dallas Mavericks,6,0,7,0,0,1,0
240,190,Vernon Maxwell,1996-97,November,San Antonio Spurs,Dallas Mavericks,10,2,0,0,1,0,1
241,234,Sean Elliott,1996-97,November,San Antonio Spurs,Dallas Mavericks,9,4,3,0,1,0,1
242,227,Jason Kidd,1996-97,November,Dallas Mavericks,San Antonio Spurs,6,7,1,0,2,1,1
243,241,Sean Elliott,1996-97,November,San Antonio Spurs,Dallas Mavericks,9,4,3,0,2,0,1
244,237,Avery Johnson,1996-97,November,San Antonio Spurs,Dallas Mavericks,9,5,1,0,1,0,1
245,232,Eric Montross,1996-97,November,Dallas Mavericks,San Antonio Spurs,8,1,5,2,0,1,2
246,245,Eric Montross,1996-97,November,Dallas Mavericks,San Antonio Spurs,8,1,5,2,0,1,3
248,239,Will Perdue,1996-97,November,San Antonio Spurs,Dallas Mavericks,7,0,7,0,0,1,0
249,248,Will Perdue,1996-97,November,San Antonio Spurs,Dallas Mavericks,7,0,7,0,0,1,1
250,222,Chris Gatling,1996-97,November,Dallas Mavericks,San Antonio Spurs,16,1,4,1,2,1,0
251,242,Jason Kidd,1996-97,November,Dallas Mavericks,San Antonio Spurs,6,8,1,0,2,1,1
253,250,Chris Gatling,1996-97,November,Dallas Mavericks,San Antonio Spurs,16,1,5,1,2,1,0
254,236,George McCloud,1996-97,November,Dallas Mavericks,San Antonio Spurs,19,2,0,0,0,1,3
255,179,Derek Harper,1996-97,November,Dallas Mavericks,San Antonio Spurs,6,5,0,0,1,0,0
256,253,Chris Gatling,1996-97,November,Dallas Mavericks,San Antonio Spurs,16,1,5,1,2,1,1
257,228,Dominique Wilkins,1996-97,November,San Antonio Spurs,Dallas Mavericks,21,1,2,0,0,3,1
258,256,Chris Gatling,1996-97,November,Dallas Mavericks,San Antonio Spurs,16,1,5,1,2,1,1
259,257,Dominique Wilkins,1996-97,November,San Antonio Spurs,Dallas Mavericks,22,1,2,0,0,3,1
260,259,Dominique Wilkins,1996-97,November,San Antonio Spurs,Dallas Mavericks,23,1,2,0,0,3,1
263,255,Derek Harper,1996-97,November,Dallas Mavericks,San Antonio Spurs,8,5,0,0,1,0,0
264,251,Jason Kidd,1996-97,November,Dallas Mavericks,San Antonio Spurs,6,9,1,0,2,1,1
265,244,Avery Johnson,1996-97,November,San Antonio Spurs,Dallas Mavericks,9,5,1,0,1,1,1
267,260,Dominique Wilkins,1996-97,November,San Antonio Spurs,Dallas Mavericks,23,1,3,0,0,3,1
269,254,George McCloud,1996-97,November,Dallas Mavericks,San Antonio Spurs,19,2,1,0,0,1,3
270,249,Will Perdue,1996-97,November,San Antonio Spurs,Dallas Mavericks,7,0,7,0,0,1,2
271,240,Vernon Maxwell,1996-97,November,San Antonio Spurs,Dallas Mavericks,10,2,0,0,1,0,2
272,264,Jason Kidd,1996-97,November,Dallas Mavericks,San Antonio Spurs,7,9,1,0,2,1,1
273,272,Jason Kidd,1996-97,November,Dallas Mavericks,San Antonio Spurs,8,9,1,0,2,1,1
274,271,Vernon Maxwell,1996-97,November,San Antonio Spurs,Dallas Mavericks,13,2,0,0,1,0,2
275,265,Avery Johnson,1996-97,November,San Antonio Spurs,Dallas Mavericks,9,6,1,0,1,1,1
277,133,Oliver Miller,1996-97,November,Dallas Mavericks,San Antonio Spurs,0,0,2,0,1,2,2
279,277,Oliver Miller,1996-97,November,Dallas Mavericks,San Antonio Spurs,0,0,3,0,1,2,2
281,270,Will Perdue,1996-97,November,San Antonio Spurs,Dallas Mavericks,7,0,8,0,0,1,2
282,281,Will Perdue,1996-97,November,San Antonio Spurs,Dallas Mavericks,7,0,8,0,0,2,2
283,273,Jason Kidd,1996-97,November,Dallas Mavericks,San Antonio Spurs,8,9,1,0,3,1,1
285,274,Vernon Maxwell,1996-97,November,San Antonio Spurs,Dallas Mavericks,13,2,0,1,1,0,2
286,283,Jason Kidd,1996-97,November,Dallas Mavericks,San Antonio Spurs,10,9,1,0,3,1,1
287,223,Jim Jackson,1996-97,November,Dallas Mavericks,San Antonio Spurs,13,6,5,0,0,2,1
289,91,Carl Herrera,1996-97,November,San Antonio Spurs,Dallas Mavericks,2,1,1,0,0,0,1
292,289,Carl Herrera,1996-97,November,San Antonio Spurs,Dallas Mavericks,2,1,2,0,0,0,1
294,258,Chris Gatling,1996-97,November,Dallas Mavericks,San Antonio Spurs,16,1,5,2,2,1,1
295,275,Avery Johnson,1996-97,November,San Antonio Spurs,Dallas Mavericks,11,6,1,0,1,1,1
296,181,Monty Williams,1996-97,November,San Antonio Spurs,Dallas Mavericks,6,1,5,1,0,0,1
297,287,Jim Jackson,1996-97,November,Dallas Mavericks,San Antonio Spurs,15,6,5,0,0,2,1
298,263,Derek Harper,1996-97,November,Dallas Mavericks,San Antonio Spurs,8,6,0,0,1,0,0
300,243,Sean Elliott,1996-97,November,San Antonio Spurs,Dallas Mavericks,9,4,4,0,2,0,1
301,296,Monty Williams,1996-97,November,San Antonio Spurs,Dallas Mavericks,8,1,5,1,0,0,1
302,285,Vernon Maxwell,1996-97,November,San Antonio Spurs,Dallas Mavericks,13,2,0,1,1,0,3
303,294,Chris Gatling,1996-97,November,Dallas Mavericks,San Antonio Spurs,17,1,5,2,2,1,1
304,303,Chris Gatling,1996-97,November,Dallas Mavericks,San Antonio Spurs,18,1,5,2,2,1,1
306,304,Chris Gatling,1996-97,November,Dallas Mavericks,San Antonio Spurs,18,1,5,3,2,1,1
307,302,Vernon Maxwell,1996-97,November,San Antonio Spurs,Dallas Mavericks,13,2,1,1,1,0,3
309,269,George McCloud,1996-97,November,Dallas Mavericks,San Antonio Spurs,19,2,2,0,0,1,3
311,301,Monty Williams,1996-97,November,San Antonio Spurs,Dallas Mavericks,8,1,6,1,0,0,1
313,311,Monty Williams,1996-97,November,San Antonio Spurs,Dallas Mavericks,8,1,7,1,0,0,1
315,313,Monty Williams,1996-97,November,San Antonio Spurs,Dallas Mavericks,8,1,8,1,0,0,1
316,307,Vernon Maxwell,1996-97,November,San Antonio Spurs,Dallas Mavericks,16,2,1,1,1,0,3
317,300,Sean Elliott,1996-97,November,San Antonio Spurs,Dallas Mavericks,9,5,4,0,2,0,1
318,315,Monty Williams,1996-97,November,San Antonio Spurs,Dallas Mavericks,8,1,8,1,0,0,2
320,279,Oliver Miller,1996-97,November,Dallas Mavericks,San Antonio Spurs,0,0,4,0,1,2,2
321,309,George McCloud,1996-97,November,Dallas Mavericks,San Antonio Spurs,19,2,2,0,0,2,3
323,267,Dominique Wilkins,1996-97,November,San Antonio Spurs,Dallas Mavericks,23,1,4,0,0,3,1
325,297,Jim Jackson,1996-97,November,Dallas Mavericks,San Antonio Spurs,15,6,5,0,0,2,2
328,321,George McCloud,1996-97,November,Dallas Mavericks,San Antonio Spurs,19,2,3,0,0,2,3
329,316,Vernon Maxwell,1996-97,November,San Antonio Spurs,Dallas Mavericks,16,2,1,1,1,0,4
330,325,Jim Jackson,1996-97,November,Dallas Mavericks,San Antonio Spurs,16,6,5,0,0,2,2
331,330,Jim Jackson,1996-97,November,Dallas Mavericks,San Antonio Spurs,17,6,5,0,0,2,2
333,286,Jason Kidd,1996-97,November,Dallas Mavericks,San Antonio Spurs,10,9,1,1,3,1,1
334,331,Jim Jackson,1996-97,November,Dallas Mavericks,San Antonio Spurs,19,6,5,0,0,2,2
335,333,Jason Kidd,1996-97,November,Dallas Mavericks,San Antonio Spurs,10,10,1,1,3,1,1
336,334,Jim Jackson,1996-97,November,Dallas Mavericks,San Antonio Spurs,19,6,5,0,0,2,3
337,328,George McCloud,1996-97,November,Dallas Mavericks,San Antonio Spurs,19,2,3,0,0,2,4
338,323,Dominique Wilkins,1996-97,November,San Antonio Spurs,Dallas Mavericks,24,1,4,0,0,3,1
339,338,Dominique Wilkins,1996-97,November,San Antonio Spurs,Dallas Mavericks,25,1,4,0,0,3,1
340,306,Chris Gatling,1996-97,November,Dallas Mavericks,San Antonio Spurs,20,1,5,3,2,1,1
341,336,Jim Jackson,1996-97,November,Dallas Mavericks,San Antonio Spurs,19,7,5,0,0,2,3
342,339,Dominique Wilkins,1996-97,November,San Antonio Spurs,Dallas Mavericks,25,1,4,0,0,3,2
344,340,Chris Gatling,1996-97,November,Dallas Mavericks,San Antonio Spurs,22,1,5,3,2,1,1
345,337,George McCloud,1996-97,November,Dallas Mavericks,San Antonio Spurs,19,3,3,0,0,2,4
347,344,Chris Gatling,1996-97,November,Dallas Mavericks,San Antonio Spurs,22,1,5,4,2,1,1
348,335,Jason Kidd,1996-97,November,Dallas Mavericks,San Antonio Spurs,10,10,2,1,3,1,1
350,348,Jason Kidd,1996-97,November,Dallas Mavericks,San Antonio Spurs,10,10,3,1,3,1,1
352,317,Sean Elliott,1996-97,November,San Antonio Spurs,Dallas Mavericks,9,5,5,0,2,0,1
353,298,Derek Harper,1996-97,November,Dallas Mavericks,San Antonio Spurs,8,6,0,0,1,0,1
354,295,Avery Johnson,1996-97,November,San Antonio Spurs,Dallas Mavericks,12,6,1,0,1,1,1
356,342,Dominique Wilkins,1996-97,November,San Antonio Spurs,Dallas Mavericks,25,1,5,0,0,3,2
357,356,Dominique Wilkins,1996-97,November,San Antonio Spurs,Dallas Mavericks,27,1,5,0,0,3,2
359,353,Derek Harper,1996-97,November,Dallas Mavericks,San Antonio Spurs,8,6,1,0,1,0,1
360,345,George McCloud,1996-97,November,Dallas Mavericks,San Antonio Spurs,21,3,3,0,0,2,4
361,360,George McCloud,1996-97,November,Dallas Mavericks,San Antonio Spurs,21,3,3,0,0,2,5
362,357,Dominique Wilkins,1996-97,November,San Antonio Spurs,Dallas Mavericks,28,1,5,0,0,3,2
363,362,Dominique Wilkins,1996-97,November,San Antonio Spurs,Dallas Mavericks,29,1,5,0,0,3,2
365,363,Dominique Wilkins,1996-97,November,San Antonio Spurs,Dallas Mavericks,29,1,6,0,0,3,2
366,329,Vernon Maxwell,1996-97,November,San Antonio Spurs,Dallas Mavericks,19,2,1,1,1,0,4
367,354,Avery Johnson,1996-97,November,San Antonio Spurs,Dallas Mavericks,12,7,1,0,1,1,1
368,366,Vernon Maxwell,1996-97,November,San Antonio Spurs,Dallas Mavericks,19,2,1,1,1,0,5
369,359,Derek Harper,1996-97,November,Dallas Mavericks,San Antonio Spurs,9,6,1,0,1,0,1
370,369,Derek Harper,1996-97,November,Dallas Mavericks,San Antonio Spurs,10,6,1,0,1,0,1
371,365,Dominique Wilkins,1996-97,November,San Antonio Spurs,Dallas Mavericks,32,1,6,0,0,3,2
372,367,Avery Johnson,1996-97,November,San Antonio Spurs,Dallas Mavericks,12,8,1,0,1,1,1
373,370,Derek Harper,1996-97,November,Dallas Mavericks,San Antonio Spurs,10,6,1,0,1,1,1
375,373,Derek Harper,1996-97,November,Dallas Mavericks,San Antonio Spurs,10,6,2,0,1,1,1
376,347,Chris Gatling,1996-97,November,Dallas Mavericks,San Antonio Spurs,24,1,5,4,2,1,1
377,341,Jim Jackson,1996-97,November,Dallas Mavericks,San Antonio Spurs,19,8,5,0,0,2,3
379,376,Chris Gatling,1996-97,November,Dallas Mavericks,San Antonio Spurs,24,1,6,4,2,1,1
380,372,Avery Johnson,1996-97,November,San Antonio Spurs,Dallas Mavericks,12,8,1,0,1,1,2
381,350,Jason Kidd,1996-97,November,Dallas Mavericks,San Antonio Spurs,11,10,3,1,3,1,1
382,381,Jason Kidd,1996-97,November,Dallas Mavericks,San Antonio Spurs,12,10,3,1,3,1,1
383,368,Vernon Maxwell,1996-97,November,San Antonio Spurs,Dallas Mavericks,21,2,1,1,1,0,5
384,318,Monty Williams,1996-97,November,San Antonio Spurs,Dallas Mavericks,8,1,8,1,0,0,3
385,377,Jim Jackson,1996-97,November,Dallas Mavericks,San Antonio Spurs,20,8,5,0,0,2,3
386,385,Jim Jackson,1996-97,November,Dallas Mavericks,San Antonio Spurs,21,8,5,0,0,2,3
387,352,Sean Elliott,1996-97,November,San Antonio Spurs,Dallas Mavericks,12,5,5,0,2,0,1
388,383,Vernon Maxwell,1996-97,November,San Antonio Spurs,Dallas Mavericks,21,3,1,1,1,0,5
389,384,Monty Williams,1996-97,November,San Antonio Spurs,Dallas Mavericks,8,1,8,1,0,0,4
390,361,George McCloud,1996-97,November,Dallas Mavericks,San Antonio Spurs,22,3,3,0,0,2,5
392,371,Dominique Wilkins,1996-97,November,San Antonio Spurs,Dallas Mavericks,32,1,7,0,0,3,2
393,220,Vinny Del Negro,1996-97,November,San Antonio Spurs,Dallas Mavericks,7,2,2,0,1,5,0
394,387,Sean Elliott,1996-97,November,San Antonio Spurs,Dallas Mavericks,12,5,5,0,2,0,2
395,379,Chris Gatling,1996-97,November,Dallas Mavericks,San Antonio Spurs,25,1,6,4,2,1,1
396,395,Chris Gatling,1996-97,November,Dallas Mavericks,San Antonio Spurs,26,1,6,4,2,1,1
