id,previous_id,player,season,month,team,opponent_team,points,assists,rebounds,blocks,steals,turnovers,personal fouls
1,0,Antoine Walker,1996-97,November,Boston Celtics,Milwaukee Bucks,0,0,0,0,0,0,1
2,0,Pervis Ellison,1996-97,November,Boston Celtics,Milwaukee Bucks,0,0,0,0,0,0,1
5,0,Dana Barros,1996-97,November,Boston Celtics,Milwaukee Bucks,0,0,1,0,0,0,0
7,0,Glenn Robinson,1996-97,November,Milwaukee Bucks,Boston Celtics,0,0,1,0,0,0,0
8,5,Dana Barros,1996-97,November,Boston Celtics,Milwaukee Bucks,0,0,1,0,0,0,1
9,0,Sherman Douglas,1996-97,November,Milwaukee Bucks,Boston Celtics,1,0,0,0,0,0,0
11,8,Dana Barros,1996-97,November,Boston Celtics,Milwaukee Bucks,0,0,2,0,0,0,1
12,0,Andrew Lang,1996-97,November,Milwaukee Bucks,Boston Celtics,0,0,0,0,0,0,1
13,1,Antoine Walker,1996-97,November,Boston Celtics,Milwaukee Bucks,2,0,0,0,0,0,1
14,0,Dino Radja,1996-97,November,Boston Celtics,Milwaukee Bucks,0,1,0,0,0,0,0
15,0,Vin Baker,1996-97,November,Milwaukee Bucks,Boston Celtics,2,0,0,0,0,0,0
16,9,Sherman Douglas,1996-97,November,Milwaukee Bucks,Boston Celtics,1,1,0,0,0,0,0
17,14,Dino Radja,1996-97,November,Boston Celtics,Milwaukee Bucks,2,1,0,0,0,0,0
18,7,Glenn Robinson,1996-97,November,Milwaukee Bucks,Boston Celtics,2,0,1,0,0,0,0
19,16,Sherman Douglas,1996-97,November,Milwaukee Bucks,Boston Celtics,1,2,0,0,0,0,0
21,0,Ray Allen,1996-97,November,Milwaukee Bucks,Boston Celtics,0,0,1,0,0,0,0
23,21,Ray Allen,1996-97,November,Milwaukee Bucks,Boston Celtics,0,0,2,0,0,0,0
24,23,Ray Allen,1996-97,November,Milwaukee Bucks,Boston Celtics,2,0,2,0,0,0,0
26,12,Andrew Lang,1996-97,November,Milwaukee Bucks,Boston Celtics,0,0,1,0,0,0,1
27,19,Sherman Douglas,1996-97,November,Milwaukee Bucks,Boston Celtics,1,2,0,0,0,1,0
28,13,Antoine Walker,1996-97,November,Milwaukee Bucks,Boston Celtics,2,0,0,0,1,0,1
29,28,Antoine Walker,1996-97,November,Boston Celtics,Milwaukee Bucks,2,0,0,0,1,1,1
30,24,Ray Allen,1996-97,November,Boston Celtics,Milwaukee Bucks,2,0,2,0,1,0,0
31,18,Glenn Robinson,1996-97,November,Milwaukee Bucks,Boston Celtics,4,0,1,0,0,0,0
32,30,Ray Allen,1996-97,November,Milwaukee Bucks,Boston Celtics,2,1,2,0,1,0,0
33,29,Antoine Walker,1996-97,November,Boston Celtics,Milwaukee Bucks,4,0,0,0,1,1,1
34,2,Pervis Ellison,1996-97,November,Boston Celtics,Milwaukee Bucks,0,1,0,0,0,0,1
35,31,Glenn Robinson,1996-97,November,Milwaukee Bucks,Boston Celtics,6,0,1,0,0,0,0
36,33,Antoine Walker,1996-97,November,Boston Celtics,Milwaukee Bucks,7,0,0,0,1,1,1
37,11,Dana Barros,1996-97,November,Boston Celtics,Milwaukee Bucks,0,1,2,0,0,0,1
39,34,Pervis Ellison,1996-97,November,Boston Celtics,Milwaukee Bucks,0,1,1,0,0,0,1
40,17,Dino Radja,1996-97,November,Boston Celtics,Milwaukee Bucks,4,1,0,0,0,0,0
41,0,Rick Fox,1996-97,November,Boston Celtics,Milwaukee Bucks,0,1,0,0,0,0,0
42,27,Sherman Douglas,1996-97,November,Milwaukee Bucks,Boston Celtics,3,2,0,0,0,1,0
43,41,Rick Fox,1996-97,November,Boston Celtics,Milwaukee Bucks,2,1,0,0,0,0,0
45,39,Pervis Ellison,1996-97,November,Milwaukee Bucks,Boston Celtics,0,1,1,1,0,0,1
46,37,Dana Barros,1996-97,November,Boston Celtics,Milwaukee Bucks,0,1,3,0,0,0,1
47,36,Antoine Walker,1996-97,November,Boston Celtics,Milwaukee Bucks,7,0,0,0,1,2,1
48,32,Ray Allen,1996-97,November,Milwaukee Bucks,Boston Celtics,5,1,2,0,1,0,0
49,35,Glenn Robinson,1996-97,November,Milwaukee Bucks,Boston Celtics,6,1,1,0,0,0,0
50,40,Dino Radja,1996-97,November,Boston Celtics,Milwaukee Bucks,6,1,0,0,0,0,0
51,48,Ray Allen,1996-97,November,Milwaukee Bucks,Boston Celtics,7,1,2,0,1,0,0
52,50,Dino Radja,1996-97,November,Boston Celtics,Milwaukee Bucks,6,1,0,0,0,1,0
53,15,Vin Baker,1996-97,November,Milwaukee Bucks,Boston Celtics,4,0,0,0,0,0,0
55,42,Sherman Douglas,1996-97,November,Milwaukee Bucks,Boston Celtics,3,2,1,0,0,1,0
57,43,Rick Fox,1996-97,November,Boston Celtics,Milwaukee Bucks,2,1,1,0,0,0,0
59,57,Rick Fox,1996-97,November,Boston Celtics,Milwaukee Bucks,2,1,2,0,0,0,0
61,59,Rick Fox,1996-97,November,Boston Celtics,Milwaukee Bucks,2,1,2,0,0,0,1
62,51,Ray Allen,1996-97,November,Milwaukee Bucks,Boston Celtics,10,1,2,0,1,0,0
63,55,Sherman Douglas,1996-97,November,Milwaukee Bucks,Boston Celtics,3,3,1,0,0,1,0
65,26,Andrew Lang,1996-97,November,Milwaukee Bucks,Boston Celtics,0,0,2,0,0,0,1
66,53,Vin Baker,1996-97,November,Milwaukee Bucks,Boston Celtics,6,0,0,0,0,0,0
67,49,Glenn Robinson,1996-97,November,Milwaukee Bucks,Boston Celtics,6,2,1,0,0,0,0
68,0,Todd Day,1996-97,November,Boston Celtics,Milwaukee Bucks,0,0,0,0,0,1,0
69,63,Sherman Douglas,1996-97,November,Boston Celtics,Milwaukee Bucks,3,3,1,0,1,1,0
71,68,Todd Day,1996-97,November,Milwaukee Bucks,Boston Celtics,0,0,0,1,0,1,0
72,52,Dino Radja,1996-97,November,Boston Celtics,Milwaukee Bucks,6,1,1,0,0,1,0
73,69,Sherman Douglas,1996-97,November,Milwaukee Bucks,Boston Celtics,3,3,1,0,1,1,1
75,67,Glenn Robinson,1996-97,November,Boston Celtics,Milwaukee Bucks,6,2,1,1,0,0,0
76,66,Vin Baker,1996-97,November,Milwaukee Bucks,Boston Celtics,6,0,1,0,0,0,0
77,62,Ray Allen,1996-97,November,Milwaukee Bucks,Boston Celtics,10,1,2,0,1,1,0
78,71,Todd Day,1996-97,November,Milwaukee Bucks,Boston Celtics,0,0,0,1,1,1,0
79,77,Ray Allen,1996-97,November,Milwaukee Bucks,Boston Celtics,10,1,2,0,1,1,1
80,78,Todd Day,1996-97,November,Boston Celtics,Milwaukee Bucks,1,0,0,1,1,1,0
81,80,Todd Day,1996-97,November,Boston Celtics,Milwaukee Bucks,2,0,0,1,1,1,0
83,46,Dana Barros,1996-97,November,Boston Celtics,Milwaukee Bucks,0,1,4,0,0,0,1
84,83,Dana Barros,1996-97,November,Boston Celtics,Milwaukee Bucks,2,1,4,0,0,0,1
86,76,Vin Baker,1996-97,November,Milwaukee Bucks,Boston Celtics,6,0,2,0,0,0,0
87,0,Marty Conlon,1996-97,November,Boston Celtics,Milwaukee Bucks,0,0,0,0,0,0,1
88,86,Vin Baker,1996-97,November,Milwaukee Bucks,Boston Celtics,7,0,2,0,0,0,0
89,88,Vin Baker,1996-97,November,Milwaukee Bucks,Boston Celtics,8,0,2,0,0,0,0
91,0,Armen Gilliam,1996-97,November,Milwaukee Bucks,Boston Celtics,0,0,1,0,0,0,0
92,75,Glenn Robinson,1996-97,November,Milwaukee Bucks,Boston Celtics,9,2,1,1,0,0,0
94,89,Vin Baker,1996-97,November,Milwaukee Bucks,Boston Celtics,8,0,3,0,0,0,0
96,84,Dana Barros,1996-97,November,Boston Celtics,Milwaukee Bucks,2,1,5,0,0,0,1
97,81,Todd Day,1996-97,November,Boston Celtics,Milwaukee Bucks,2,0,0,1,1,1,1
98,97,Todd Day,1996-97,November,Boston Celtics,Milwaukee Bucks,2,0,0,1,1,2,1
100,0,Elliot Perry,1996-97,November,Milwaukee Bucks,Boston Celtics,0,0,1,0,0,0,0
101,0,Johnny Newman,1996-97,November,Milwaukee Bucks,Boston Celtics,3,0,0,0,0,0,0
102,100,Elliot Perry,1996-97,November,Milwaukee Bucks,Boston Celtics,0,1,1,0,0,0,0
103,0,Eric Williams,1996-97,November,Boston Celtics,Milwaukee Bucks,2,0,0,0,0,0,0
104,101,Johnny Newman,1996-97,November,Milwaukee Bucks,Boston Celtics,5,0,0,0,0,0,0
105,102,Elliot Perry,1996-97,November,Milwaukee Bucks,Boston Celtics,0,2,1,0,0,0,0
107,0,Darrin Hancock,1996-97,November,Milwaukee Bucks,Boston Celtics,0,0,1,0,0,0,0
109,103,Eric Williams,1996-97,November,Boston Celtics,Milwaukee Bucks,2,0,1,0,0,0,0
111,87,Marty Conlon,1996-97,November,Boston Celtics,Milwaukee Bucks,0,0,1,0,0,0,1
113,111,Marty Conlon,1996-97,November,Boston Celtics,Milwaukee Bucks,0,0,2,0,0,0,1
114,94,Vin Baker,1996-97,November,Milwaukee Bucks,Boston Celtics,8,0,3,0,0,0,1
115,113,Marty Conlon,1996-97,November,Boston Celtics,Milwaukee Bucks,1,0,2,0,0,0,1
116,115,Marty Conlon,1996-97,November,Boston Celtics,Milwaukee Bucks,2,0,2,0,0,0,1
117,109,Eric Williams,1996-97,November,Boston Celtics,Milwaukee Bucks,2,0,1,0,0,0,1
119,72,Dino Radja,1996-97,November,Boston Celtics,Milwaukee Bucks,6,1,2,0,0,1,0
121,0,Joe Wolf,1996-97,November,Milwaukee Bucks,Boston Celtics,0,0,1,0,0,0,0
123,107,Darrin Hancock,1996-97,November,Milwaukee Bucks,Boston Celtics,0,0,1,0,0,0,1
124,104,Johnny Newman,1996-97,November,Milwaukee Bucks,Boston Celtics,5,0,0,0,0,0,1
126,61,Rick Fox,1996-97,November,Boston Celtics,Milwaukee Bucks,3,1,2,0,0,0,1
128,124,Johnny Newman,1996-97,November,Milwaukee Bucks,Boston Celtics,5,0,1,0,0,0,1
129,128,Johnny Newman,1996-97,November,Milwaukee Bucks,Boston Celtics,7,0,1,0,0,0,1
130,47,Antoine Walker,1996-97,November,Boston Celtics,Milwaukee Bucks,7,0,0,0,1,3,1
131,0,Frank Brickowski,1996-97,November,Boston Celtics,Milwaukee Bucks,0,0,0,0,0,0,1
133,91,Armen Gilliam,1996-97,November,Milwaukee Bucks,Boston Celtics,0,0,2,0,0,0,0
134,126,Rick Fox,1996-97,November,Boston Celtics,Milwaukee Bucks,3,1,2,0,0,0,2
135,133,Armen Gilliam,1996-97,November,Milwaukee Bucks,Boston Celtics,1,0,2,0,0,0,0
136,135,Armen Gilliam,1996-97,November,Milwaukee Bucks,Boston Celtics,2,0,2,0,0,0,0
138,105,Elliot Perry,1996-97,November,Milwaukee Bucks,Boston Celtics,0,2,1,0,0,0,1
139,130,Antoine Walker,1996-97,November,Boston Celtics,Milwaukee Bucks,9,0,0,0,1,3,1
140,117,Eric Williams,1996-97,November,Boston Celtics,Milwaukee Bucks,2,1,1,0,0,0,1
141,134,Rick Fox,1996-97,November,Boston Celtics,Milwaukee Bucks,3,1,2,0,0,0,3
142,121,Joe Wolf,1996-97,November,Milwaukee Bucks,Boston Celtics,2,0,1,0,0,0,0
144,142,Joe Wolf,1996-97,November,Milwaukee Bucks,Boston Celtics,2,0,2,0,0,0,0
145,129,Johnny Newman,1996-97,November,Milwaukee Bucks,Boston Celtics,9,0,1,0,0,0,1
146,139,Antoine Walker,1996-97,November,Boston Celtics,Milwaukee Bucks,9,0,0,0,1,4,1
147,136,Armen Gilliam,1996-97,November,Boston Celtics,Milwaukee Bucks,2,0,2,0,1,0,0
148,96,Dana Barros,1996-97,November,Boston Celtics,Milwaukee Bucks,2,1,5,0,0,0,2
151,119,Dino Radja,1996-97,November,Boston Celtics,Milwaukee Bucks,6,1,3,0,0,1,0
153,138,Elliot Perry,1996-97,November,Milwaukee Bucks,Boston Celtics,0,2,2,0,0,0,1
154,145,Johnny Newman,1996-97,November,Milwaukee Bucks,Boston Celtics,11,0,1,0,0,0,1
155,153,Elliot Perry,1996-97,November,Milwaukee Bucks,Boston Celtics,0,3,2,0,0,0,1
156,151,Dino Radja,1996-97,November,Boston Celtics,Milwaukee Bucks,6,1,3,0,0,2,0
157,154,Johnny Newman,1996-97,November,Milwaukee Bucks,Boston Celtics,13,0,1,0,0,0,1
159,98,Todd Day,1996-97,November,Boston Celtics,Milwaukee Bucks,2,0,1,1,1,2,1
160,146,Antoine Walker,1996-97,November,Boston Celtics,Milwaukee Bucks,9,0,0,0,1,5,1
161,92,Glenn Robinson,1996-97,November,Milwaukee Bucks,Boston Celtics,11,2,1,1,0,0,0
162,155,Elliot Perry,1996-97,November,Milwaukee Bucks,Boston Celtics,0,4,2,0,0,0,1
163,159,Todd Day,1996-97,November,Boston Celtics,Milwaukee Bucks,4,0,1,1,1,2,1
165,160,Antoine Walker,1996-97,November,Boston Celtics,Milwaukee Bucks,9,0,1,0,1,5,1
166,162,Elliot Perry,1996-97,November,Milwaukee Bucks,Boston Celtics,0,4,2,0,0,0,2
167,165,Antoine Walker,1996-97,November,Boston Celtics,Milwaukee Bucks,10,0,1,0,1,5,1
168,167,Antoine Walker,1996-97,November,Boston Celtics,Milwaukee Bucks,11,0,1,0,1,5,1
169,168,Antoine Walker,1996-97,November,Boston Celtics,Milwaukee Bucks,11,0,1,0,1,5,2
171,147,Armen Gilliam,1996-97,November,Milwaukee Bucks,Boston Celtics,3,0,2,0,1,0,0
173,161,Glenn Robinson,1996-97,November,Boston Celtics,Milwaukee Bucks,11,2,1,2,0,0,0
174,141,Rick Fox,1996-97,November,Boston Celtics,Milwaukee Bucks,3,1,3,0,0,0,3
176,173,Glenn Robinson,1996-97,November,Milwaukee Bucks,Boston Celtics,11,2,2,2,0,0,0
177,114,Vin Baker,1996-97,November,Milwaukee Bucks,Boston Celtics,10,0,3,0,0,0,1
178,73,Sherman Douglas,1996-97,November,Milwaukee Bucks,Boston Celtics,3,4,1,0,1,1,1
179,156,Dino Radja,1996-97,November,Boston Celtics,Milwaukee Bucks,6,1,3,0,0,3,0
180,177,Vin Baker,1996-97,November,Boston Celtics,Milwaukee Bucks,10,0,3,0,1,0,1
181,157,Johnny Newman,1996-97,November,Milwaukee Bucks,Boston Celtics,15,0,1,0,0,0,1
182,176,Glenn Robinson,1996-97,November,Milwaukee Bucks,Boston Celtics,11,3,2,2,0,0,0
183,180,Vin Baker,1996-97,November,Milwaukee Bucks,Boston Celtics,10,0,3,0,1,0,2
184,163,Todd Day,1996-97,November,Boston Celtics,Milwaukee Bucks,5,0,1,1,1,2,1
186,171,Armen Gilliam,1996-97,November,Milwaukee Bucks,Boston Celtics,3,0,3,0,1,0,0
187,183,Vin Baker,1996-97,November,Milwaukee Bucks,Boston Celtics,12,0,3,0,1,0,2
188,186,Armen Gilliam,1996-97,November,Milwaukee Bucks,Boston Celtics,3,1,3,0,1,0,0
190,188,Armen Gilliam,1996-97,November,Milwaukee Bucks,Boston Celtics,3,1,4,0,1,0,0
191,187,Vin Baker,1996-97,November,Milwaukee Bucks,Boston Celtics,12,0,3,0,1,1,2
192,184,Todd Day,1996-97,November,Milwaukee Bucks,Boston Celtics,5,0,1,1,2,2,1
194,191,Vin Baker,1996-97,November,Milwaukee Bucks,Boston Celtics,12,0,4,0,1,1,2
195,182,Glenn Robinson,1996-97,November,Milwaukee Bucks,Boston Celtics,13,3,2,2,0,0,0
196,181,Johnny Newman,1996-97,November,Milwaukee Bucks,Boston Celtics,15,1,1,0,0,0,1
198,179,Dino Radja,1996-97,November,Boston Celtics,Milwaukee Bucks,6,1,4,0,0,3,0
199,194,Vin Baker,1996-97,November,Milwaukee Bucks,Boston Celtics,12,0,4,0,1,1,3
200,140,Eric Williams,1996-97,November,Boston Celtics,Milwaukee Bucks,3,1,1,0,0,0,1
201,200,Eric Williams,1996-97,November,Boston Celtics,Milwaukee Bucks,4,1,1,0,0,0,1
203,196,Johnny Newman,1996-97,November,Milwaukee Bucks,Boston Celtics,17,1,1,0,0,0,1
204,203,Johnny Newman,1996-97,November,Milwaukee Bucks,Boston Celtics,17,1,1,0,0,0,2
205,192,Todd Day,1996-97,November,Boston Celtics,Milwaukee Bucks,6,0,1,1,2,2,1
207,190,Armen Gilliam,1996-97,November,Milwaukee Bucks,Boston Celtics,3,1,5,0,1,0,0
209,205,Todd Day,1996-97,November,Boston Celtics,Milwaukee Bucks,6,0,2,1,2,2,1
211,195,Glenn Robinson,1996-97,November,Milwaukee Bucks,Boston Celtics,13,3,3,2,0,0,0
212,131,Frank Brickowski,1996-97,November,Boston Celtics,Milwaukee Bucks,0,0,0,0,0,0,2
213,204,Johnny Newman,1996-97,November,Milwaukee Bucks,Boston Celtics,18,1,1,0,0,0,2
214,213,Johnny Newman,1996-97,November,Milwaukee Bucks,Boston Celtics,19,1,1,0,0,0,2
215,198,Dino Radja,1996-97,November,Boston Celtics,Milwaukee Bucks,8,1,4,0,0,3,0
216,178,Sherman Douglas,1996-97,November,Milwaukee Bucks,Boston Celtics,3,4,1,0,1,2,1
217,212,Frank Brickowski,1996-97,November,Milwaukee Bucks,Boston Celtics,0,0,0,0,1,0,2
218,217,Frank Brickowski,1996-97,November,Boston Celtics,Milwaukee Bucks,0,0,0,0,1,1,2
219,79,Ray Allen,1996-97,November,Boston Celtics,Milwaukee Bucks,10,1,2,0,2,1,1
220,216,Sherman Douglas,1996-97,November,Milwaukee Bucks,Boston Celtics,5,4,1,0,1,2,1
222,207,Armen Gilliam,1996-97,November,Milwaukee Bucks,Boston Celtics,3,1,6,0,1,0,0
223,220,Sherman Douglas,1996-97,November,Milwaukee Bucks,Boston Celtics,5,4,1,0,1,3,1
224,148,Dana Barros,1996-97,November,Milwaukee Bucks,Boston Celtics,2,1,5,0,1,0,2
226,45,Pervis Ellison,1996-97,November,Boston Celtics,Milwaukee Bucks,0,1,1,1,0,0,2
227,226,Pervis Ellison,1996-97,November,Boston Celtics,Milwaukee Bucks,0,1,1,1,0,1,2
228,219,Ray Allen,1996-97,November,Milwaukee Bucks,Boston Celtics,12,1,2,0,2,1,1
229,224,Dana Barros,1996-97,November,Boston Celtics,Milwaukee Bucks,4,1,5,0,1,0,2
231,174,Rick Fox,1996-97,November,Boston Celtics,Milwaukee Bucks,3,1,4,0,0,0,3
232,65,Andrew Lang,1996-97,November,Milwaukee Bucks,Boston Celtics,0,0,2,0,0,0,2
233,169,Antoine Walker,1996-97,November,Boston Celtics,Milwaukee Bucks,11,0,1,0,1,6,2
234,228,Ray Allen,1996-97,November,Boston Celtics,Milwaukee Bucks,12,1,2,0,3,1,1
235,227,Pervis Ellison,1996-97,November,Boston Celtics,Milwaukee Bucks,0,1,1,1,0,1,3
236,234,Ray Allen,1996-97,November,Milwaukee Bucks,Boston Celtics,13,1,2,0,3,1,1
237,236,Ray Allen,1996-97,November,Milwaukee Bucks,Boston Celtics,14,1,2,0,3,1,1
238,231,Rick Fox,1996-97,November,Boston Celtics,Milwaukee Bucks,3,1,4,0,0,1,3
239,232,Andrew Lang,1996-97,November,Boston Celtics,Milwaukee Bucks,0,0,2,0,1,0,2
240,199,Vin Baker,1996-97,November,Milwaukee Bucks,Boston Celtics,14,0,4,0,1,1,3
241,223,Sherman Douglas,1996-97,November,Milwaukee Bucks,Boston Celtics,5,5,1,0,1,3,1
242,238,Rick Fox,1996-97,November,Boston Celtics,Milwaukee Bucks,3,1,4,0,0,1,4
244,211,Glenn Robinson,1996-97,November,Milwaukee Bucks,Boston Celtics,13,3,4,2,0,0,0
245,235,Pervis Ellison,1996-97,November,Boston Celtics,Milwaukee Bucks,0,1,1,1,0,1,4
246,244,Glenn Robinson,1996-97,November,Milwaukee Bucks,Boston Celtics,14,3,4,2,0,0,0
247,246,Glenn Robinson,1996-97,November,Milwaukee Bucks,Boston Celtics,15,3,4,2,0,0,0
249,233,Antoine Walker,1996-97,November,Boston Celtics,Milwaukee Bucks,11,0,2,0,1,6,2
250,247,Glenn Robinson,1996-97,November,Milwaukee Bucks,Boston Celtics,15,3,4,2,0,0,1
251,249,Antoine Walker,1996-97,November,Boston Celtics,Milwaukee Bucks,12,0,2,0,1,6,2
252,251,Antoine Walker,1996-97,November,Boston Celtics,Milwaukee Bucks,13,0,2,0,1,6,2
253,239,Andrew Lang,1996-97,November,Milwaukee Bucks,Boston Celtics,2,0,2,0,1,0,2
254,237,Ray Allen,1996-97,November,Milwaukee Bucks,Boston Celtics,14,2,2,0,3,1,1
256,253,Andrew Lang,1996-97,November,Milwaukee Bucks,Boston Celtics,2,0,3,0,1,0,2
258,215,Dino Radja,1996-97,November,Milwaukee Bucks,Boston Celtics,8,1,4,1,0,3,0
259,258,Dino Radja,1996-97,November,Boston Celtics,Milwaukee Bucks,8,1,5,1,0,3,0
261,209,Todd Day,1996-97,November,Boston Celtics,Milwaukee Bucks,6,0,3,1,2,2,1
262,261,Todd Day,1996-97,November,Boston Celtics,Milwaukee Bucks,8,0,3,1,2,2,1
264,229,Dana Barros,1996-97,November,Boston Celtics,Milwaukee Bucks,4,1,6,0,1,0,2
265,240,Vin Baker,1996-97,November,Milwaukee Bucks,Boston Celtics,14,0,4,0,1,1,4
266,264,Dana Barros,1996-97,November,Boston Celtics,Milwaukee Bucks,6,1,6,0,1,0,2
267,259,Dino Radja,1996-97,November,Boston Celtics,Milwaukee Bucks,8,1,5,1,0,3,1
268,250,Glenn Robinson,1996-97,November,Milwaukee Bucks,Boston Celtics,16,3,4,2,0,0,1
269,268,Glenn Robinson,1996-97,November,Milwaukee Bucks,Boston Celtics,17,3,4,2,0,0,1
270,267,Dino Radja,1996-97,November,Boston Celtics,Milwaukee Bucks,10,1,5,1,0,3,1
271,252,Antoine Walker,1996-97,November,Boston Celtics,Milwaukee Bucks,13,1,2,0,1,6,2
272,265,Vin Baker,1996-97,November,Milwaukee Bucks,Boston Celtics,16,0,4,0,1,1,4
274,272,Vin Baker,1996-97,November,Milwaukee Bucks,Boston Celtics,16,0,5,0,1,1,4
276,270,Dino Radja,1996-97,November,Milwaukee Bucks,Boston Celtics,10,1,5,2,0,3,1
277,256,Andrew Lang,1996-97,November,Milwaukee Bucks,Boston Celtics,2,0,4,0,1,0,2
279,276,Dino Radja,1996-97,November,Boston Celtics,Milwaukee Bucks,10,1,6,2,0,3,1
281,277,Andrew Lang,1996-97,November,Boston Celtics,Milwaukee Bucks,2,0,4,1,1,0,2
282,254,Ray Allen,1996-97,November,Milwaukee Bucks,Boston Celtics,14,2,3,0,3,1,1
283,271,Antoine Walker,1996-97,November,Boston Celtics,Milwaukee Bucks,13,1,2,0,1,6,3
284,274,Vin Baker,1996-97,November,Milwaukee Bucks,Boston Celtics,17,0,5,0,1,1,4
285,284,Vin Baker,1996-97,November,Milwaukee Bucks,Boston Celtics,18,0,5,0,1,1,4
286,279,Dino Radja,1996-97,November,Boston Celtics,Milwaukee Bucks,10,1,6,2,0,4,1
287,269,Glenn Robinson,1996-97,November,Milwaukee Bucks,Boston Celtics,19,3,4,2,0,0,1
289,201,Eric Williams,1996-97,November,Boston Celtics,Milwaukee Bucks,4,1,2,0,0,0,1
291,116,Marty Conlon,1996-97,November,Boston Celtics,Milwaukee Bucks,2,0,3,0,0,0,1
293,262,Todd Day,1996-97,November,Boston Celtics,Milwaukee Bucks,8,0,4,1,2,2,1
294,287,Glenn Robinson,1996-97,November,Milwaukee Bucks,Boston Celtics,19,3,4,2,0,0,2
295,293,Todd Day,1996-97,November,Boston Celtics,Milwaukee Bucks,9,0,4,1,2,2,1
296,295,Todd Day,1996-97,November,Boston Celtics,Milwaukee Bucks,10,0,4,1,2,2,1
297,285,Vin Baker,1996-97,November,Milwaukee Bucks,Boston Celtics,18,0,5,0,1,1,5
298,297,Vin Baker,1996-97,November,Milwaukee Bucks,Boston Celtics,18,0,5,0,1,2,5
299,289,Eric Williams,1996-97,November,Boston Celtics,Milwaukee Bucks,6,1,2,0,0,0,1
300,222,Armen Gilliam,1996-97,November,Milwaukee Bucks,Boston Celtics,3,1,6,0,1,0,1
301,299,Eric Williams,1996-97,November,Boston Celtics,Milwaukee Bucks,7,1,2,0,0,0,1
303,291,Marty Conlon,1996-97,November,Boston Celtics,Milwaukee Bucks,4,0,3,0,0,0,1
304,266,Dana Barros,1996-97,November,Boston Celtics,Milwaukee Bucks,6,2,6,0,1,0,2
305,282,Ray Allen,1996-97,November,Milwaukee Bucks,Boston Celtics,16,2,3,0,3,1,1
306,294,Glenn Robinson,1996-97,November,Milwaukee Bucks,Boston Celtics,19,3,4,2,0,0,3
307,301,Eric Williams,1996-97,November,Boston Celtics,Milwaukee Bucks,8,1,2,0,0,0,1
308,307,Eric Williams,1996-97,November,Boston Celtics,Milwaukee Bucks,9,1,2,0,0,0,1
309,281,Andrew Lang,1996-97,November,Milwaukee Bucks,Boston Celtics,4,0,4,1,1,0,2
310,306,Glenn Robinson,1996-97,November,Milwaukee Bucks,Boston Celtics,19,4,4,2,0,0,3
312,300,Armen Gilliam,1996-97,November,Milwaukee Bucks,Boston Celtics,3,1,6,0,1,0,2
313,308,Eric Williams,1996-97,November,Boston Celtics,Milwaukee Bucks,10,1,2,0,0,0,1
315,312,Armen Gilliam,1996-97,November,Milwaukee Bucks,Boston Celtics,3,1,7,0,1,0,2
316,305,Ray Allen,1996-97,November,Milwaukee Bucks,Boston Celtics,18,2,3,0,3,1,1
317,310,Glenn Robinson,1996-97,November,Milwaukee Bucks,Boston Celtics,19,5,4,2,0,0,3
318,242,Rick Fox,1996-97,November,Boston Celtics,Milwaukee Bucks,3,1,4,0,0,1,5
320,303,Marty Conlon,1996-97,November,Boston Celtics,Milwaukee Bucks,4,0,4,0,0,0,1
321,296,Todd Day,1996-97,November,Boston Celtics,Milwaukee Bucks,12,0,4,1,2,2,1
323,321,Todd Day,1996-97,November,Boston Celtics,Milwaukee Bucks,12,0,5,1,2,2,1
324,318,Rick Fox,1996-97,November,Boston Celtics,Milwaukee Bucks,5,1,4,0,0,1,5
325,323,Todd Day,1996-97,November,Boston Celtics,Milwaukee Bucks,12,1,5,1,2,2,1
326,317,Glenn Robinson,1996-97,November,Milwaukee Bucks,Boston Celtics,21,5,4,2,0,0,3
327,241,Sherman Douglas,1996-97,November,Milwaukee Bucks,Boston Celtics,5,6,1,0,1,3,1
328,315,Armen Gilliam,1996-97,November,Milwaukee Bucks,Boston Celtics,3,1,7,0,1,0,3
329,283,Antoine Walker,1996-97,November,Boston Celtics,Milwaukee Bucks,14,1,2,0,1,6,3
330,329,Antoine Walker,1996-97,November,Boston Celtics,Milwaukee Bucks,15,1,2,0,1,6,3
331,325,Todd Day,1996-97,November,Boston Celtics,Milwaukee Bucks,12,1,5,1,2,2,2
332,0,Shawn Respert,1996-97,November,Milwaukee Bucks,Boston Celtics,1,0,0,0,0,0,0
333,332,Shawn Respert,1996-97,November,Milwaukee Bucks,Boston Celtics,2,0,0,0,0,0,0
335,309,Andrew Lang,1996-97,November,Boston Celtics,Milwaukee Bucks,4,0,4,2,1,0,2
336,330,Antoine Walker,1996-97,November,Boston Celtics,Milwaukee Bucks,15,1,3,0,1,6,3
338,328,Armen Gilliam,1996-97,November,Milwaukee Bucks,Boston Celtics,3,1,8,0,1,0,3
339,327,Sherman Douglas,1996-97,November,Milwaukee Bucks,Boston Celtics,5,6,1,0,1,4,1
340,336,Antoine Walker,1996-97,November,Milwaukee Bucks,Boston Celtics,15,1,3,0,2,6,3
341,333,Shawn Respert,1996-97,November,Milwaukee Bucks,Boston Celtics,2,0,0,0,0,0,1
342,340,Antoine Walker,1996-97,November,Boston Celtics,Milwaukee Bucks,16,1,3,0,2,6,3
343,342,Antoine Walker,1996-97,November,Boston Celtics,Milwaukee Bucks,17,1,3,0,2,6,3
344,339,Sherman Douglas,1996-97,November,Milwaukee Bucks,Boston Celtics,7,6,1,0,1,4,1
345,341,Shawn Respert,1996-97,November,Milwaukee Bucks,Boston Celtics,2,1,0,0,0,0,1
346,214,Johnny Newman,1996-97,November,Milwaukee Bucks,Boston Celtics,19,1,1,0,0,0,3
347,343,Antoine Walker,1996-97,November,Boston Celtics,Milwaukee Bucks,18,1,3,0,2,6,3
348,347,Antoine Walker,1996-97,November,Boston Celtics,Milwaukee Bucks,19,1,3,0,2,6,3
349,338,Armen Gilliam,1996-97,November,Milwaukee Bucks,Boston Celtics,5,1,8,0,1,0,3
350,331,Todd Day,1996-97,November,Boston Celtics,Milwaukee Bucks,14,1,5,1,2,2,2
352,335,Andrew Lang,1996-97,November,Milwaukee Bucks,Boston Celtics,4,0,5,2,1,0,2
354,345,Shawn Respert,1996-97,November,Milwaukee Bucks,Boston Celtics,2,1,1,0,0,0,1
356,346,Johnny Newman,1996-97,November,Milwaukee Bucks,Boston Celtics,19,1,1,0,0,0,4
357,0,Brett Szabo,1996-97,November,Boston Celtics,Milwaukee Bucks,1,0,0,0,0,0,0
359,352,Andrew Lang,1996-97,November,Milwaukee Bucks,Boston Celtics,4,0,6,2,1,0,2
360,245,Pervis Ellison,1996-97,November,Boston Celtics,Milwaukee Bucks,0,1,1,1,0,1,5
361,360,Pervis Ellison,1996-97,November,Boston Celtics,Milwaukee Bucks,0,1,1,1,0,1,6
362,349,Armen Gilliam,1996-97,November,Milwaukee Bucks,Boston Celtics,6,1,8,0,1,0,3
363,362,Armen Gilliam,1996-97,November,Milwaukee Bucks,Boston Celtics,7,1,8,0,1,0,3
364,354,Shawn Respert,1996-97,November,Milwaukee Bucks,Boston Celtics,2,1,1,0,0,0,2
366,324,Rick Fox,1996-97,November,Boston Celtics,Milwaukee Bucks,5,1,5,0,0,1,5
367,366,Rick Fox,1996-97,November,Boston Celtics,Milwaukee Bucks,7,1,5,0,0,1,5
369,286,Dino Radja,1996-97,November,Boston Celtics,Milwaukee Bucks,10,1,7,2,0,4,1
371,364,Shawn Respert,1996-97,November,Milwaukee Bucks,Boston Celtics,2,1,2,0,0,0,2
373,363,Armen Gilliam,1996-97,November,Milwaukee Bucks,Boston Celtics,7,1,9,0,1,0,3
374,356,Johnny Newman,1996-97,November,Milwaukee Bucks,Boston Celtics,21,1,1,0,0,0,4
375,373,Armen Gilliam,1996-97,November,Milwaukee Bucks,Boston Celtics,7,2,9,0,1,0,3
376,144,Joe Wolf,1996-97,November,Milwaukee Bucks,Boston Celtics,2,0,2,0,0,0,1
377,350,Todd Day,1996-97,November,Boston Celtics,Milwaukee Bucks,15,1,5,1,2,2,2
378,377,Todd Day,1996-97,November,Boston Celtics,Milwaukee Bucks,16,1,5,1,2,2,2
379,166,Elliot Perry,1996-97,November,Milwaukee Bucks,Boston Celtics,0,4,2,0,0,1,2
380,378,Todd Day,1996-97,November,Milwaukee Bucks,Boston Celtics,16,1,5,1,3,2,2
381,380,Todd Day,1996-97,November,Boston Celtics,Milwaukee Bucks,18,1,5,1,3,2,2
382,374,Johnny Newman,1996-97,November,Milwaukee Bucks,Boston Celtics,21,1,1,0,0,0,5
383,381,Todd Day,1996-97,November,Boston Celtics,Milwaukee Bucks,19,1,5,1,3,2,2
385,376,Joe Wolf,1996-97,November,Milwaukee Bucks,Boston Celtics,2,0,3,0,0,0,1
386,371,Shawn Respert,1996-97,November,Milwaukee Bucks,Boston Celtics,5,1,2,0,0,0,2
387,385,Joe Wolf,1996-97,November,Milwaukee Bucks,Boston Celtics,2,1,3,0,0,0,1
389,367,Rick Fox,1996-97,November,Boston Celtics,Milwaukee Bucks,7,1,6,0,0,1,5
390,389,Rick Fox,1996-97,November,Boston Celtics,Milwaukee Bucks,9,1,6,0,0,1,5
391,218,Frank Brickowski,1996-97,November,Boston Celtics,Milwaukee Bucks,0,0,0,0,1,1,3
392,383,Todd Day,1996-97,November,Boston Celtics,Milwaukee Bucks,19,1,5,1,3,2,3
393,391,Frank Brickowski,1996-97,November,Boston Celtics,Milwaukee Bucks,0,0,0,0,1,1,4
394,387,Joe Wolf,1996-97,November,Milwaukee Bucks,Boston Celtics,3,1,3,0,0,0,1
395,394,Joe Wolf,1996-97,November,Milwaukee Bucks,Boston Celtics,4,1,3,0,0,0,1
397,379,Elliot Perry,1996-97,November,Milwaukee Bucks,Boston Celtics,0,4,3,0,0,1,2
398,393,Frank Brickowski,1996-97,November,Boston Celtics,Milwaukee Bucks,0,0,0,0,1,1,5
399,375,Armen Gilliam,1996-97,November,Milwaukee Bucks,Boston Celtics,8,2,9,0,1,0,3
400,399,Armen Gilliam,1996-97,November,Milwaukee Bucks,Boston Celtics,9,2,9,0,1,0,3
402,400,Armen Gilliam,1996-97,November,Boston Celtics,Milwaukee Bucks,9,2,9,1,1,0,3
403,382,Johnny Newman,1996-97,November,Milwaukee Bucks,Boston Celtics,21,1,2,0,0,0,5
404,395,Joe Wolf,1996-97,November,Milwaukee Bucks,Boston Celtics,6,1,3,0,0,0,1
406,398,Frank Brickowski,1996-97,November,Boston Celtics,Milwaukee Bucks,0,0,1,0,1,1,5
407,406,Frank Brickowski,1996-97,November,Boston Celtics,Milwaukee Bucks,2,0,1,0,1,1,5
409,369,Dino Radja,1996-97,November,Boston Celtics,Milwaukee Bucks,10,1,8,2,0,4,1
410,390,Rick Fox,1996-97,November,Boston Celtics,Milwaukee Bucks,11,1,6,0,0,1,5
411,304,Dana Barros,1996-97,November,Boston Celtics,Milwaukee Bucks,6,3,6,0,1,0,2
412,409,Dino Radja,1996-97,November,Boston Celtics,Milwaukee Bucks,10,1,8,2,0,4,2
413,386,Shawn Respert,1996-97,November,Milwaukee Bucks,Boston Celtics,6,1,2,0,0,0,2
414,413,Shawn Respert,1996-97,November,Milwaukee Bucks,Boston Celtics,7,1,2,0,0,0,2
415,407,Frank Brickowski,1996-97,November,Boston Celtics,Milwaukee Bucks,4,0,1,0,1,1,5
416,411,Dana Barros,1996-97,November,Boston Celtics,Milwaukee Bucks,6,4,6,0,1,0,2
417,402,Armen Gilliam,1996-97,November,Milwaukee Bucks,Boston Celtics,11,2,9,1,1,0,3
418,403,Johnny Newman,1996-97,November,Milwaukee Bucks,Boston Celtics,21,2,2,0,0,0,5
420,417,Armen Gilliam,1996-97,November,Milwaukee Bucks,Boston Celtics,11,2,10,1,1,0,3
422,415,Frank Brickowski,1996-97,November,Boston Celtics,Milwaukee Bucks,4,0,2,0,1,1,5
423,404,Joe Wolf,1996-97,November,Milwaukee Bucks,Boston Celtics,6,1,3,0,0,0,2
424,392,Todd Day,1996-97,November,Boston Celtics,Milwaukee Bucks,20,1,5,1,3,2,3
425,424,Todd Day,1996-97,November,Boston Celtics,Milwaukee Bucks,21,1,5,1,3,2,3
426,420,Armen Gilliam,1996-97,November,Milwaukee Bucks,Boston Celtics,11,2,10,1,1,1,3
428,414,Shawn Respert,1996-97,November,Milwaukee Bucks,Boston Celtics,7,1,3,0,0,0,2
430,426,Armen Gilliam,1996-97,November,Milwaukee Bucks,Boston Celtics,11,2,11,1,1,1,3
431,422,Frank Brickowski,1996-97,November,Boston Celtics,Milwaukee Bucks,4,0,2,0,1,1,6
432,430,Armen Gilliam,1996-97,November,Milwaukee Bucks,Boston Celtics,12,2,11,1,1,1,3
433,432,Armen Gilliam,1996-97,November,Milwaukee Bucks,Boston Celtics,13,2,11,1,1,1,3
434,416,Dana Barros,1996-97,November,Boston Celtics,Milwaukee Bucks,8,4,6,0,1,0,2
435,348,Antoine Walker,1996-97,November,Boston Celtics,Milwaukee Bucks,19,2,3,0,2,6,3
436,434,Dana Barros,1996-97,November,Boston Celtics,Milwaukee Bucks,8,4,6,0,1,0,3
437,397,Elliot Perry,1996-97,November,Milwaukee Bucks,Boston Celtics,1,4,3,0,0,1,2
438,437,Elliot Perry,1996-97,November,Milwaukee Bucks,Boston Celtics,2,4,3,0,0,1,2
439,0,David Wood,1996-97,November,Milwaukee Bucks,Boston Celtics,0,0,0,0,0,0,1
440,435,Antoine Walker,1996-97,November,Boston Celtics,Milwaukee Bucks,20,2,3,0,2,6,3
441,440,Antoine Walker,1996-97,November,Boston Celtics,Milwaukee Bucks,21,2,3,0,2,6,3
442,433,Armen Gilliam,1996-97,November,Milwaukee Bucks,Boston Celtics,15,2,11,1,1,1,3
443,438,Elliot Perry,1996-97,November,Milwaukee Bucks,Boston Celtics,2,5,3,0,0,1,2
444,441,Antoine Walker,1996-97,November,Boston Celtics,Milwaukee Bucks,23,2,3,0,2,6,3
445,357,Brett Szabo,1996-97,November,Boston Celtics,Milwaukee Bucks,1,1,0,0,0,0,0
447,320,Marty Conlon,1996-97,November,Boston Celtics,Milwaukee Bucks,4,0,5,0,0,0,1
449,425,Todd Day,1996-97,November,Boston Celtics,Milwaukee Bucks,21,1,6,1,3,2,3
451,423,Joe Wolf,1996-97,November,Milwaukee Bucks,Boston Celtics,6,1,4,0,0,0,2
453,445,Brett Szabo,1996-97,November,Boston Celtics,Milwaukee Bucks,1,1,1,0,0,0,0
454,313,Eric Williams,1996-97,November,Boston Celtics,Milwaukee Bucks,12,1,2,0,0,0,1
455,449,Todd Day,1996-97,November,Boston Celtics,Milwaukee Bucks,21,2,6,1,3,2,3
457,442,Armen Gilliam,1996-97,November,Milwaukee Bucks,Boston Celtics,15,2,12,1,1,1,3
458,457,Armen Gilliam,1996-97,November,Milwaukee Bucks,Boston Celtics,17,2,12,1,1,1,3
459,447,Marty Conlon,1996-97,November,Boston Celtics,Milwaukee Bucks,4,0,5,0,0,1,1
460,451,Joe Wolf,1996-97,November,Milwaukee Bucks,Boston Celtics,6,1,4,0,0,0,3
461,460,Joe Wolf,1996-97,November,Milwaukee Bucks,Boston Celtics,6,1,4,0,0,1,3
462,459,Marty Conlon,1996-97,November,Boston Celtics,Milwaukee Bucks,6,0,5,0,0,1,1
463,444,Antoine Walker,1996-97,November,Boston Celtics,Milwaukee Bucks,23,3,3,0,2,6,3
464,439,David Wood,1996-97,November,Milwaukee Bucks,Boston Celtics,3,0,0,0,0,0,1
465,123,Darrin Hancock,1996-97,November,Milwaukee Bucks,Boston Celtics,0,1,1,0,0,0,1
466,464,David Wood,1996-97,November,Milwaukee Bucks,Boston Celtics,3,0,0,0,0,0,2
467,462,Marty Conlon,1996-97,November,Boston Celtics,Milwaukee Bucks,7,0,5,0,0,1,1
468,467,Marty Conlon,1996-97,November,Boston Celtics,Milwaukee Bucks,8,0,5,0,0,1,1
469,463,Antoine Walker,1996-97,November,Boston Celtics,Milwaukee Bucks,23,3,3,0,2,7,3
470,454,Eric Williams,1996-97,November,Boston Celtics,Milwaukee Bucks,14,1,2,0,0,0,1
471,453,Brett Szabo,1996-97,November,Boston Celtics,Milwaukee Bucks,1,2,1,0,0,0,0
473,471,Brett Szabo,1996-97,November,Boston Celtics,Milwaukee Bucks,1,2,2,0,0,0,0
474,470,Eric Williams,1996-97,November,Boston Celtics,Milwaukee Bucks,16,1,2,0,0,0,1
475,468,Marty Conlon,1996-97,November,Boston Celtics,Milwaukee Bucks,8,1,5,0,0,1,1
