id,previous_id,player,season,month,team,opponent_team,points,assists,rebounds,blocks,steals,turnovers,personal fouls
2,0,Isaiah Rider,1996-97,November,Portland Trail Blazers,San Antonio Spurs,0,0,1,0,0,0,0
4,0,Will Perdue,1996-97,November,San Antonio Spurs,Portland Trail Blazers,0,0,1,0,0,0,0
5,0,Avery Johnson,1996-97,November,San Antonio Spurs,Portland Trail Blazers,2,0,0,0,0,0,0
6,0,Vinny Del Negro,1996-97,November,San Antonio Spurs,Portland Trail Blazers,0,0,0,0,0,0,1
7,0,Arvydas Sabonis,1996-97,November,Portland Trail Blazers,San Antonio Spurs,2,0,0,0,0,0,0
8,5,Avery Johnson,1996-97,November,San Antonio Spurs,Portland Trail Blazers,2,0,0,0,0,1,0
9,0,Kenny Anderson,1996-97,November,San Antonio Spurs,Portland Trail Blazers,0,0,0,0,1,0,0
10,9,Kenny Anderson,1996-97,November,Portland Trail Blazers,San Antonio Spurs,2,0,0,0,1,0,0
12,0,Clifford Robinson,1996-97,November,Portland Trail Blazers,San Antonio Spurs,0,0,1,0,0,0,0
13,12,Clifford Robinson,1996-97,November,Portland Trail Blazers,San Antonio Spurs,0,0,1,0,0,1,0
14,0,Sean Elliott,1996-97,November,Portland Trail Blazers,San Antonio Spurs,0,0,0,0,1,0,0
16,0,Rasheed Wallace,1996-97,November,San Antonio Spurs,Portland Trail Blazers,0,0,0,1,0,0,0
17,7,Arvydas Sabonis,1996-97,November,Portland Trail Blazers,San Antonio Spurs,2,0,1,0,0,0,0
18,16,Rasheed Wallace,1996-97,November,Portland Trail Blazers,San Antonio Spurs,0,0,0,1,0,1,0
20,13,Clifford Robinson,1996-97,November,Portland Trail Blazers,San Antonio Spurs,0,0,2,0,0,1,0
21,20,Clifford Robinson,1996-97,November,Portland Trail Blazers,San Antonio Spurs,0,0,2,0,0,2,0
22,10,Kenny Anderson,1996-97,November,Portland Trail Blazers,San Antonio Spurs,2,0,0,0,1,0,1
24,21,Clifford Robinson,1996-97,November,Portland Trail Blazers,San Antonio Spurs,0,0,3,0,0,2,0
26,0,Dominique Wilkins,1996-97,November,San Antonio Spurs,Portland Trail Blazers,0,0,1,0,0,0,0
27,14,Sean Elliott,1996-97,November,San Antonio Spurs,Portland Trail Blazers,2,0,0,0,1,0,0
28,6,Vinny Del Negro,1996-97,November,San Antonio Spurs,Portland Trail Blazers,0,1,0,0,0,0,1
30,26,Dominique Wilkins,1996-97,November,San Antonio Spurs,Portland Trail Blazers,0,0,2,0,0,0,0
31,30,Dominique Wilkins,1996-97,November,San Antonio Spurs,Portland Trail Blazers,2,0,2,0,0,0,0
32,17,Arvydas Sabonis,1996-97,November,Portland Trail Blazers,San Antonio Spurs,4,0,1,0,0,0,0
33,22,Kenny Anderson,1996-97,November,Portland Trail Blazers,San Antonio Spurs,2,1,0,0,1,0,1
34,4,Will Perdue,1996-97,November,San Antonio Spurs,Portland Trail Blazers,0,0,1,0,0,0,1
35,32,Arvydas Sabonis,1996-97,November,Portland Trail Blazers,San Antonio Spurs,5,0,1,0,0,0,0
36,18,Rasheed Wallace,1996-97,November,Portland Trail Blazers,San Antonio Spurs,0,0,0,1,0,1,1
37,31,Dominique Wilkins,1996-97,November,San Antonio Spurs,Portland Trail Blazers,3,0,2,0,0,0,0
38,37,Dominique Wilkins,1996-97,November,San Antonio Spurs,Portland Trail Blazers,4,0,2,0,0,0,0
39,35,Arvydas Sabonis,1996-97,November,Portland Trail Blazers,San Antonio Spurs,7,0,1,0,0,0,0
40,33,Kenny Anderson,1996-97,November,Portland Trail Blazers,San Antonio Spurs,2,2,0,0,1,0,1
42,2,Isaiah Rider,1996-97,November,Portland Trail Blazers,San Antonio Spurs,0,0,2,0,0,0,0
44,27,Sean Elliott,1996-97,November,San Antonio Spurs,Portland Trail Blazers,2,0,1,0,1,0,0
45,28,Vinny Del Negro,1996-97,November,San Antonio Spurs,Portland Trail Blazers,2,1,0,0,0,0,1
46,34,Will Perdue,1996-97,November,San Antonio Spurs,Portland Trail Blazers,0,1,1,0,0,0,1
47,40,Kenny Anderson,1996-97,November,Portland Trail Blazers,San Antonio Spurs,4,2,0,0,1,0,1
48,39,Arvydas Sabonis,1996-97,November,Portland Trail Blazers,San Antonio Spurs,7,1,1,0,0,0,0
49,44,Sean Elliott,1996-97,November,San Antonio Spurs,Portland Trail Blazers,2,0,1,0,1,1,0
50,24,Clifford Robinson,1996-97,November,San Antonio Spurs,Portland Trail Blazers,0,0,3,0,1,2,0
51,42,Isaiah Rider,1996-97,November,Portland Trail Blazers,San Antonio Spurs,2,0,2,0,0,0,0
52,45,Vinny Del Negro,1996-97,November,San Antonio Spurs,Portland Trail Blazers,4,1,0,0,0,0,1
53,8,Avery Johnson,1996-97,November,San Antonio Spurs,Portland Trail Blazers,2,1,0,0,0,1,0
54,47,Kenny Anderson,1996-97,November,Portland Trail Blazers,San Antonio Spurs,6,2,0,0,1,0,1
55,52,Vinny Del Negro,1996-97,November,San Antonio Spurs,Portland Trail Blazers,6,1,0,0,0,0,1
56,53,Avery Johnson,1996-97,November,San Antonio Spurs,Portland Trail Blazers,2,2,0,0,0,1,0
57,51,Isaiah Rider,1996-97,November,Portland Trail Blazers,San Antonio Spurs,2,0,2,0,0,0,1
58,55,Vinny Del Negro,1996-97,November,San Antonio Spurs,Portland Trail Blazers,7,1,0,0,0,0,1
59,36,Rasheed Wallace,1996-97,November,Portland Trail Blazers,San Antonio Spurs,2,0,0,1,0,1,1
60,48,Arvydas Sabonis,1996-97,November,Portland Trail Blazers,San Antonio Spurs,7,2,1,0,0,0,0
61,49,Sean Elliott,1996-97,November,San Antonio Spurs,Portland Trail Blazers,4,0,1,0,1,1,0
62,58,Vinny Del Negro,1996-97,November,San Antonio Spurs,Portland Trail Blazers,7,2,0,0,0,0,1
63,50,Clifford Robinson,1996-97,November,Portland Trail Blazers,San Antonio Spurs,0,0,3,0,1,2,1
64,61,Sean Elliott,1996-97,November,San Antonio Spurs,Portland Trail Blazers,5,0,1,0,1,1,0
65,63,Clifford Robinson,1996-97,November,Portland Trail Blazers,San Antonio Spurs,2,0,3,0,1,2,1
66,54,Kenny Anderson,1996-97,November,Portland Trail Blazers,San Antonio Spurs,6,3,0,0,1,0,1
67,56,Avery Johnson,1996-97,November,San Antonio Spurs,Portland Trail Blazers,4,2,0,0,0,1,0
68,59,Rasheed Wallace,1996-97,November,Portland Trail Blazers,San Antonio Spurs,2,0,0,1,0,2,1
69,67,Avery Johnson,1996-97,November,Portland Trail Blazers,San Antonio Spurs,4,2,0,0,1,1,0
70,69,Avery Johnson,1996-97,November,San Antonio Spurs,Portland Trail Blazers,6,2,0,0,1,1,0
71,66,Kenny Anderson,1996-97,November,Portland Trail Blazers,San Antonio Spurs,9,3,0,0,1,0,1
72,57,Isaiah Rider,1996-97,November,Portland Trail Blazers,San Antonio Spurs,2,1,2,0,0,0,1
73,62,Vinny Del Negro,1996-97,November,San Antonio Spurs,Portland Trail Blazers,9,2,0,0,0,0,1
74,70,Avery Johnson,1996-97,November,San Antonio Spurs,Portland Trail Blazers,6,3,0,0,1,1,0
76,38,Dominique Wilkins,1996-97,November,San Antonio Spurs,Portland Trail Blazers,4,0,3,0,0,0,0
77,65,Clifford Robinson,1996-97,November,Portland Trail Blazers,San Antonio Spurs,2,0,3,0,1,2,2
78,76,Dominique Wilkins,1996-97,November,San Antonio Spurs,Portland Trail Blazers,5,0,3,0,0,0,0
80,60,Arvydas Sabonis,1996-97,November,Portland Trail Blazers,San Antonio Spurs,7,2,2,0,0,0,0
82,72,Isaiah Rider,1996-97,November,Portland Trail Blazers,San Antonio Spurs,2,1,3,0,0,0,1
83,82,Isaiah Rider,1996-97,November,Portland Trail Blazers,San Antonio Spurs,4,1,3,0,0,0,1
85,46,Will Perdue,1996-97,November,San Antonio Spurs,Portland Trail Blazers,0,1,2,0,0,0,1
87,85,Will Perdue,1996-97,November,San Antonio Spurs,Portland Trail Blazers,0,1,3,0,0,0,1
88,87,Will Perdue,1996-97,November,San Antonio Spurs,Portland Trail Blazers,2,1,3,0,0,0,1
89,83,Isaiah Rider,1996-97,November,Portland Trail Blazers,San Antonio Spurs,7,1,3,0,0,0,1
90,0,Gary Trent,1996-97,November,Portland Trail Blazers,San Antonio Spurs,0,1,0,0,0,0,0
91,64,Sean Elliott,1996-97,November,San Antonio Spurs,Portland Trail Blazers,7,0,1,0,1,1,0
92,73,Vinny Del Negro,1996-97,November,San Antonio Spurs,Portland Trail Blazers,9,3,0,0,0,0,1
93,89,Isaiah Rider,1996-97,November,Portland Trail Blazers,San Antonio Spurs,7,1,3,0,0,1,1
94,74,Avery Johnson,1996-97,November,Portland Trail Blazers,San Antonio Spurs,6,3,0,0,2,1,0
95,94,Avery Johnson,1996-97,November,San Antonio Spurs,Portland Trail Blazers,8,3,0,0,2,1,0
96,80,Arvydas Sabonis,1996-97,November,Portland Trail Blazers,San Antonio Spurs,9,2,2,0,0,0,0
97,93,Isaiah Rider,1996-97,November,Portland Trail Blazers,San Antonio Spurs,7,2,3,0,0,1,1
98,88,Will Perdue,1996-97,November,San Antonio Spurs,Portland Trail Blazers,2,1,3,0,0,0,2
99,96,Arvydas Sabonis,1996-97,November,Portland Trail Blazers,San Antonio Spurs,10,2,2,0,0,0,0
101,99,Arvydas Sabonis,1996-97,November,San Antonio Spurs,Portland Trail Blazers,10,2,2,1,0,0,0
102,90,Gary Trent,1996-97,November,Portland Trail Blazers,San Antonio Spurs,0,1,1,0,0,0,0
104,0,Greg Anderson,1996-97,November,Portland Trail Blazers,San Antonio Spurs,0,0,0,1,0,0,0
105,0,Aaron McKie,1996-97,November,Portland Trail Blazers,San Antonio Spurs,0,0,1,0,0,0,0
106,101,Arvydas Sabonis,1996-97,November,Portland Trail Blazers,San Antonio Spurs,10,2,2,1,0,1,0
109,102,Gary Trent,1996-97,November,Portland Trail Blazers,San Antonio Spurs,0,1,2,0,0,0,0
111,0,Monty Williams,1996-97,November,San Antonio Spurs,Portland Trail Blazers,0,0,1,0,0,0,0
113,0,Chris Dudley,1996-97,November,Portland Trail Blazers,San Antonio Spurs,0,0,1,0,0,0,0
114,111,Monty Williams,1996-97,November,San Antonio Spurs,Portland Trail Blazers,0,0,1,0,0,0,1
116,109,Gary Trent,1996-97,November,Portland Trail Blazers,San Antonio Spurs,1,1,2,0,0,0,0
119,113,Chris Dudley,1996-97,November,San Antonio Spurs,Portland Trail Blazers,0,0,1,1,0,0,0
120,0,Mitchell Butler,1996-97,November,Portland Trail Blazers,San Antonio Spurs,0,0,1,0,0,0,0
121,120,Mitchell Butler,1996-97,November,Portland Trail Blazers,San Antonio Spurs,2,0,1,0,0,0,0
122,105,Aaron McKie,1996-97,November,Portland Trail Blazers,San Antonio Spurs,0,0,1,0,0,0,1
124,119,Chris Dudley,1996-97,November,San Antonio Spurs,Portland Trail Blazers,0,0,1,2,0,0,0
125,114,Monty Williams,1996-97,November,San Antonio Spurs,Portland Trail Blazers,0,0,2,0,0,0,1
126,125,Monty Williams,1996-97,November,San Antonio Spurs,Portland Trail Blazers,2,0,2,0,0,0,1
127,0,Carl Herrera,1996-97,November,San Antonio Spurs,Portland Trail Blazers,0,0,0,0,0,0,1
128,122,Aaron McKie,1996-97,November,Portland Trail Blazers,San Antonio Spurs,0,0,1,0,0,1,1
129,0,Vernon Maxwell,1996-97,November,Portland Trail Blazers,San Antonio Spurs,0,0,0,0,1,0,0
131,116,Gary Trent,1996-97,November,Portland Trail Blazers,San Antonio Spurs,1,1,3,0,0,0,0
133,126,Monty Williams,1996-97,November,San Antonio Spurs,Portland Trail Blazers,2,0,3,0,0,0,1
135,133,Monty Williams,1996-97,November,San Antonio Spurs,Portland Trail Blazers,2,0,3,0,0,0,2
137,0,Cory Alexander,1996-97,November,San Antonio Spurs,Portland Trail Blazers,0,0,1,0,0,0,0
139,135,Monty Williams,1996-97,November,San Antonio Spurs,Portland Trail Blazers,2,0,4,0,0,0,2
140,139,Monty Williams,1996-97,November,San Antonio Spurs,Portland Trail Blazers,4,0,4,0,0,0,2
141,131,Gary Trent,1996-97,November,Portland Trail Blazers,San Antonio Spurs,1,1,3,0,0,1,0
142,78,Dominique Wilkins,1996-97,November,San Antonio Spurs,Portland Trail Blazers,7,0,3,0,0,0,0
144,124,Chris Dudley,1996-97,November,Portland Trail Blazers,San Antonio Spurs,0,0,2,2,0,0,0
145,104,Greg Anderson,1996-97,November,San Antonio Spurs,Portland Trail Blazers,0,0,0,1,0,0,1
147,141,Gary Trent,1996-97,November,Portland Trail Blazers,San Antonio Spurs,1,1,4,0,0,1,0
149,129,Vernon Maxwell,1996-97,November,San Antonio Spurs,Portland Trail Blazers,0,0,1,0,1,0,0
151,97,Isaiah Rider,1996-97,November,Portland Trail Blazers,San Antonio Spurs,7,2,4,0,0,1,1
152,0,Randolph Childress,1996-97,November,Portland Trail Blazers,San Antonio Spurs,3,0,0,0,0,0,0
153,142,Dominique Wilkins,1996-97,November,San Antonio Spurs,Portland Trail Blazers,9,0,3,0,0,0,0
154,151,Isaiah Rider,1996-97,November,Portland Trail Blazers,San Antonio Spurs,10,2,4,0,0,1,1
155,91,Sean Elliott,1996-97,November,San Antonio Spurs,Portland Trail Blazers,9,0,1,0,1,1,0
156,137,Cory Alexander,1996-97,November,San Antonio Spurs,Portland Trail Blazers,0,1,1,0,0,0,0
157,121,Mitchell Butler,1996-97,November,Portland Trail Blazers,San Antonio Spurs,5,0,1,0,0,0,0
158,152,Randolph Childress,1996-97,November,Portland Trail Blazers,San Antonio Spurs,3,1,0,0,0,0,0
159,155,Sean Elliott,1996-97,November,San Antonio Spurs,Portland Trail Blazers,9,0,1,0,1,1,1
160,159,Sean Elliott,1996-97,November,San Antonio Spurs,Portland Trail Blazers,9,0,1,0,1,2,1
162,153,Dominique Wilkins,1996-97,November,San Antonio Spurs,Portland Trail Blazers,9,0,4,0,0,0,0
164,162,Dominique Wilkins,1996-97,November,San Antonio Spurs,Portland Trail Blazers,9,0,5,0,0,0,0
165,164,Dominique Wilkins,1996-97,November,San Antonio Spurs,Portland Trail Blazers,11,0,5,0,0,0,0
167,149,Vernon Maxwell,1996-97,November,San Antonio Spurs,Portland Trail Blazers,0,0,2,0,1,0,0
169,145,Greg Anderson,1996-97,November,San Antonio Spurs,Portland Trail Blazers,0,0,1,1,0,0,1
171,77,Clifford Robinson,1996-97,November,Portland Trail Blazers,San Antonio Spurs,2,0,4,0,1,2,2
172,160,Sean Elliott,1996-97,November,San Antonio Spurs,Portland Trail Blazers,9,0,1,0,1,2,2
173,68,Rasheed Wallace,1996-97,November,Portland Trail Blazers,San Antonio Spurs,3,0,0,1,0,2,1
174,173,Rasheed Wallace,1996-97,November,Portland Trail Blazers,San Antonio Spurs,4,0,0,1,0,2,1
176,92,Vinny Del Negro,1996-97,November,San Antonio Spurs,Portland Trail Blazers,9,3,1,0,0,0,1
177,154,Isaiah Rider,1996-97,November,Portland Trail Blazers,San Antonio Spurs,10,2,4,0,0,1,2
178,98,Will Perdue,1996-97,November,San Antonio Spurs,Portland Trail Blazers,2,1,3,0,0,1,2
179,177,Isaiah Rider,1996-97,November,Portland Trail Blazers,San Antonio Spurs,13,2,4,0,0,1,2
180,171,Clifford Robinson,1996-97,November,Portland Trail Blazers,San Antonio Spurs,2,1,4,0,1,2,2
182,165,Dominique Wilkins,1996-97,November,San Antonio Spurs,Portland Trail Blazers,11,0,6,0,0,0,0
184,178,Will Perdue,1996-97,November,San Antonio Spurs,Portland Trail Blazers,2,1,4,0,0,1,2
186,182,Dominique Wilkins,1996-97,November,San Antonio Spurs,Portland Trail Blazers,11,0,7,0,0,0,0
187,186,Dominique Wilkins,1996-97,November,San Antonio Spurs,Portland Trail Blazers,13,0,7,0,0,0,0
189,174,Rasheed Wallace,1996-97,November,Portland Trail Blazers,San Antonio Spurs,4,0,1,1,0,2,1
190,95,Avery Johnson,1996-97,November,San Antonio Spurs,Portland Trail Blazers,8,3,0,0,2,1,1
191,189,Rasheed Wallace,1996-97,November,Portland Trail Blazers,San Antonio Spurs,5,0,1,1,0,2,1
193,190,Avery Johnson,1996-97,November,San Antonio Spurs,Portland Trail Blazers,8,3,1,0,2,1,1
195,144,Chris Dudley,1996-97,November,Portland Trail Blazers,San Antonio Spurs,0,0,3,2,0,0,0
197,187,Dominique Wilkins,1996-97,November,San Antonio Spurs,Portland Trail Blazers,13,0,8,0,0,0,0
200,191,Rasheed Wallace,1996-97,November,Portland Trail Blazers,San Antonio Spurs,5,0,2,1,0,2,1
201,71,Kenny Anderson,1996-97,November,Portland Trail Blazers,San Antonio Spurs,11,3,0,0,1,0,1
202,200,Rasheed Wallace,1996-97,November,Portland Trail Blazers,San Antonio Spurs,5,1,2,1,0,2,1
203,169,Greg Anderson,1996-97,November,San Antonio Spurs,Portland Trail Blazers,0,0,1,1,0,0,2
204,201,Kenny Anderson,1996-97,November,Portland Trail Blazers,San Antonio Spurs,12,3,0,0,1,0,1
206,195,Chris Dudley,1996-97,November,Portland Trail Blazers,San Antonio Spurs,0,0,4,2,0,0,0
208,179,Isaiah Rider,1996-97,November,Portland Trail Blazers,San Antonio Spurs,13,2,5,0,0,1,2
209,106,Arvydas Sabonis,1996-97,November,Portland Trail Blazers,San Antonio Spurs,12,2,2,1,0,1,0
210,204,Kenny Anderson,1996-97,November,Portland Trail Blazers,San Antonio Spurs,12,4,0,0,1,0,1
211,172,Sean Elliott,1996-97,November,San Antonio Spurs,Portland Trail Blazers,11,0,1,0,1,2,2
212,176,Vinny Del Negro,1996-97,November,San Antonio Spurs,Portland Trail Blazers,9,4,1,0,0,0,1
213,180,Clifford Robinson,1996-97,November,Portland Trail Blazers,San Antonio Spurs,4,1,4,0,1,2,2
214,210,Kenny Anderson,1996-97,November,Portland Trail Blazers,San Antonio Spurs,12,5,0,0,1,0,1
216,214,Kenny Anderson,1996-97,November,Portland Trail Blazers,San Antonio Spurs,12,5,1,0,1,0,1
218,184,Will Perdue,1996-97,November,San Antonio Spurs,Portland Trail Blazers,2,1,5,0,0,1,2
219,211,Sean Elliott,1996-97,November,San Antonio Spurs,Portland Trail Blazers,13,0,1,0,1,2,2
220,212,Vinny Del Negro,1996-97,November,San Antonio Spurs,Portland Trail Blazers,9,5,1,0,0,0,1
221,208,Isaiah Rider,1996-97,November,Portland Trail Blazers,San Antonio Spurs,13,2,5,0,0,1,3
222,219,Sean Elliott,1996-97,November,San Antonio Spurs,Portland Trail Blazers,14,0,1,0,1,2,2
223,193,Avery Johnson,1996-97,November,San Antonio Spurs,Portland Trail Blazers,8,3,1,0,2,1,2
226,209,Arvydas Sabonis,1996-97,November,Portland Trail Blazers,San Antonio Spurs,12,2,3,1,0,1,0
228,222,Sean Elliott,1996-97,November,Portland Trail Blazers,San Antonio Spurs,14,0,1,1,1,2,2
229,216,Kenny Anderson,1996-97,November,Portland Trail Blazers,San Antonio Spurs,12,5,2,0,1,0,1
231,226,Arvydas Sabonis,1996-97,November,Portland Trail Blazers,San Antonio Spurs,12,2,4,1,0,1,0
232,231,Arvydas Sabonis,1996-97,November,Portland Trail Blazers,San Antonio Spurs,14,2,4,1,0,1,0
233,223,Avery Johnson,1996-97,November,San Antonio Spurs,Portland Trail Blazers,10,3,1,0,2,1,2
234,202,Rasheed Wallace,1996-97,November,Portland Trail Blazers,San Antonio Spurs,7,1,2,1,0,2,1
235,213,Clifford Robinson,1996-97,November,Portland Trail Blazers,San Antonio Spurs,4,2,4,0,1,2,2
237,229,Kenny Anderson,1996-97,November,Portland Trail Blazers,San Antonio Spurs,12,5,3,0,1,0,1
238,237,Kenny Anderson,1996-97,November,Portland Trail Blazers,San Antonio Spurs,12,5,3,0,1,1,1
240,228,Sean Elliott,1996-97,November,San Antonio Spurs,Portland Trail Blazers,14,0,2,1,1,2,2
242,232,Arvydas Sabonis,1996-97,November,Portland Trail Blazers,San Antonio Spurs,14,2,5,1,0,1,0
243,242,Arvydas Sabonis,1996-97,November,Portland Trail Blazers,San Antonio Spurs,16,2,5,1,0,1,0
244,221,Isaiah Rider,1996-97,November,Portland Trail Blazers,San Antonio Spurs,13,3,5,0,0,1,3
246,238,Kenny Anderson,1996-97,November,Portland Trail Blazers,San Antonio Spurs,12,5,4,0,1,1,1
247,233,Avery Johnson,1996-97,November,San Antonio Spurs,Portland Trail Blazers,10,3,1,0,2,1,3
248,244,Isaiah Rider,1996-97,November,Portland Trail Blazers,San Antonio Spurs,14,3,5,0,0,1,3
250,197,Dominique Wilkins,1996-97,November,San Antonio Spurs,Portland Trail Blazers,13,0,9,0,0,0,0
251,247,Avery Johnson,1996-97,November,San Antonio Spurs,Portland Trail Blazers,12,3,1,0,2,1,3
252,218,Will Perdue,1996-97,November,San Antonio Spurs,Portland Trail Blazers,2,1,5,0,0,1,3
254,243,Arvydas Sabonis,1996-97,November,Portland Trail Blazers,San Antonio Spurs,17,2,5,1,0,1,0
255,240,Sean Elliott,1996-97,November,San Antonio Spurs,Portland Trail Blazers,16,0,2,1,1,2,2
256,220,Vinny Del Negro,1996-97,November,San Antonio Spurs,Portland Trail Blazers,9,6,1,0,0,0,1
257,248,Isaiah Rider,1996-97,November,Portland Trail Blazers,San Antonio Spurs,17,3,5,0,0,1,3
258,254,Arvydas Sabonis,1996-97,November,Portland Trail Blazers,San Antonio Spurs,17,3,5,1,0,1,0
259,255,Sean Elliott,1996-97,November,San Antonio Spurs,Portland Trail Blazers,18,0,2,1,1,2,2
260,203,Greg Anderson,1996-97,November,San Antonio Spurs,Portland Trail Blazers,0,0,1,1,0,0,3
263,246,Kenny Anderson,1996-97,November,Portland Trail Blazers,San Antonio Spurs,12,5,5,0,1,1,1
264,263,Kenny Anderson,1996-97,November,Portland Trail Blazers,San Antonio Spurs,14,5,5,0,1,1,1
265,260,Greg Anderson,1996-97,November,San Antonio Spurs,Portland Trail Blazers,0,0,1,1,0,0,4
266,264,Kenny Anderson,1996-97,November,Portland Trail Blazers,San Antonio Spurs,15,5,5,0,1,1,1
268,234,Rasheed Wallace,1996-97,November,Portland Trail Blazers,San Antonio Spurs,7,1,3,1,0,2,1
269,258,Arvydas Sabonis,1996-97,November,Portland Trail Blazers,San Antonio Spurs,17,3,5,1,0,2,0
270,250,Dominique Wilkins,1996-97,November,San Antonio Spurs,Portland Trail Blazers,13,0,9,0,0,1,0
271,269,Arvydas Sabonis,1996-97,November,San Antonio Spurs,Portland Trail Blazers,17,3,5,1,1,2,0
273,268,Rasheed Wallace,1996-97,November,Portland Trail Blazers,San Antonio Spurs,7,1,4,1,0,2,1
275,270,Dominique Wilkins,1996-97,November,San Antonio Spurs,Portland Trail Blazers,13,0,10,0,0,1,0
276,275,Dominique Wilkins,1996-97,November,San Antonio Spurs,Portland Trail Blazers,16,0,10,0,0,1,0
277,251,Avery Johnson,1996-97,November,San Antonio Spurs,Portland Trail Blazers,12,4,1,0,2,1,3
279,235,Clifford Robinson,1996-97,November,Portland Trail Blazers,San Antonio Spurs,4,2,5,0,1,2,2
280,279,Clifford Robinson,1996-97,November,Portland Trail Blazers,San Antonio Spurs,6,2,5,0,1,2,2
281,259,Sean Elliott,1996-97,November,San Antonio Spurs,Portland Trail Blazers,20,0,2,1,1,2,2
282,256,Vinny Del Negro,1996-97,November,San Antonio Spurs,Portland Trail Blazers,9,7,1,0,0,0,1
283,276,Dominique Wilkins,1996-97,November,San Antonio Spurs,Portland Trail Blazers,16,0,10,0,0,1,1
286,266,Kenny Anderson,1996-97,November,Portland Trail Blazers,San Antonio Spurs,15,5,6,0,1,1,1
287,286,Kenny Anderson,1996-97,November,Portland Trail Blazers,San Antonio Spurs,17,5,6,0,1,1,1
288,281,Sean Elliott,1996-97,November,San Antonio Spurs,Portland Trail Blazers,20,0,2,1,1,3,2
290,273,Rasheed Wallace,1996-97,November,Portland Trail Blazers,San Antonio Spurs,7,1,5,1,0,2,1
291,283,Dominique Wilkins,1996-97,November,San Antonio Spurs,Portland Trail Blazers,16,0,10,0,0,1,2
293,290,Rasheed Wallace,1996-97,November,Portland Trail Blazers,San Antonio Spurs,8,1,5,1,0,2,1
295,288,Sean Elliott,1996-97,November,San Antonio Spurs,Portland Trail Blazers,20,0,2,1,1,3,3
296,271,Arvydas Sabonis,1996-97,November,Portland Trail Blazers,San Antonio Spurs,18,3,5,1,1,2,0
297,296,Arvydas Sabonis,1996-97,November,Portland Trail Blazers,San Antonio Spurs,19,3,5,1,1,2,0
298,287,Kenny Anderson,1996-97,November,Portland Trail Blazers,San Antonio Spurs,17,5,6,0,1,1,2
299,295,Sean Elliott,1996-97,November,San Antonio Spurs,Portland Trail Blazers,22,0,2,1,1,3,3
300,282,Vinny Del Negro,1996-97,November,San Antonio Spurs,Portland Trail Blazers,9,8,1,0,0,0,1
301,297,Arvydas Sabonis,1996-97,November,Portland Trail Blazers,San Antonio Spurs,21,3,5,1,1,2,0
302,298,Kenny Anderson,1996-97,November,Portland Trail Blazers,San Antonio Spurs,17,6,6,0,1,1,2
303,280,Clifford Robinson,1996-97,November,Portland Trail Blazers,San Antonio Spurs,6,2,5,0,1,2,3
304,299,Sean Elliott,1996-97,November,San Antonio Spurs,Portland Trail Blazers,23,0,2,1,1,3,3
305,304,Sean Elliott,1996-97,November,San Antonio Spurs,Portland Trail Blazers,24,0,2,1,1,3,3
306,291,Dominique Wilkins,1996-97,November,San Antonio Spurs,Portland Trail Blazers,19,0,10,0,0,1,2
307,140,Monty Williams,1996-97,November,San Antonio Spurs,Portland Trail Blazers,4,1,4,0,0,0,2
309,300,Vinny Del Negro,1996-97,November,San Antonio Spurs,Portland Trail Blazers,11,8,1,0,0,0,1
310,293,Rasheed Wallace,1996-97,November,Portland Trail Blazers,San Antonio Spurs,8,1,5,1,0,3,1
311,306,Dominique Wilkins,1996-97,November,Portland Trail Blazers,San Antonio Spurs,19,0,10,0,1,1,2
312,257,Isaiah Rider,1996-97,November,Portland Trail Blazers,San Antonio Spurs,17,3,5,0,0,1,4
314,311,Dominique Wilkins,1996-97,November,San Antonio Spurs,Portland Trail Blazers,20,0,10,0,1,1,2
315,310,Rasheed Wallace,1996-97,November,Portland Trail Blazers,San Antonio Spurs,10,1,5,1,0,3,1
316,128,Aaron McKie,1996-97,November,Portland Trail Blazers,San Antonio Spurs,0,1,1,0,0,1,1
317,315,Rasheed Wallace,1996-97,November,Portland Trail Blazers,San Antonio Spurs,10,1,5,1,0,3,2
318,314,Dominique Wilkins,1996-97,November,San Antonio Spurs,Portland Trail Blazers,21,0,10,0,1,1,2
319,318,Dominique Wilkins,1996-97,November,San Antonio Spurs,Portland Trail Blazers,22,0,10,0,1,1,2
320,303,Clifford Robinson,1996-97,November,Portland Trail Blazers,San Antonio Spurs,9,2,5,0,1,2,3
321,206,Chris Dudley,1996-97,November,Portland Trail Blazers,San Antonio Spurs,0,1,4,2,0,0,0
323,147,Gary Trent,1996-97,November,Portland Trail Blazers,San Antonio Spurs,1,1,5,0,0,1,0
324,319,Dominique Wilkins,1996-97,November,San Antonio Spurs,Portland Trail Blazers,22,0,10,0,1,1,3
325,323,Gary Trent,1996-97,November,Portland Trail Blazers,San Antonio Spurs,2,1,5,0,0,1,0
326,325,Gary Trent,1996-97,November,Portland Trail Blazers,San Antonio Spurs,3,1,5,0,0,1,0
327,307,Monty Williams,1996-97,November,San Antonio Spurs,Portland Trail Blazers,6,1,4,0,0,0,2
328,305,Sean Elliott,1996-97,November,San Antonio Spurs,Portland Trail Blazers,24,1,2,1,1,3,3
330,321,Chris Dudley,1996-97,November,Portland Trail Blazers,San Antonio Spurs,0,1,5,2,0,0,0
331,326,Gary Trent,1996-97,November,Portland Trail Blazers,San Antonio Spurs,5,1,5,0,0,1,0
332,316,Aaron McKie,1996-97,November,Portland Trail Blazers,San Antonio Spurs,0,2,1,0,0,1,1
333,332,Aaron McKie,1996-97,November,Portland Trail Blazers,San Antonio Spurs,0,2,1,0,0,1,2
335,328,Sean Elliott,1996-97,November,San Antonio Spurs,Portland Trail Blazers,25,1,2,1,1,3,3
337,330,Chris Dudley,1996-97,November,Portland Trail Blazers,San Antonio Spurs,0,1,6,2,0,0,0
339,333,Aaron McKie,1996-97,November,Portland Trail Blazers,San Antonio Spurs,0,2,2,0,0,1,2
340,339,Aaron McKie,1996-97,November,Portland Trail Blazers,San Antonio Spurs,2,2,2,0,0,1,2
341,337,Chris Dudley,1996-97,November,Portland Trail Blazers,San Antonio Spurs,0,1,6,2,0,0,1
342,167,Vernon Maxwell,1996-97,November,San Antonio Spurs,Portland Trail Blazers,3,0,2,0,1,0,0
343,277,Avery Johnson,1996-97,November,San Antonio Spurs,Portland Trail Blazers,12,5,1,0,2,1,3
344,335,Sean Elliott,1996-97,November,San Antonio Spurs,Portland Trail Blazers,25,1,2,1,1,3,4
345,340,Aaron McKie,1996-97,November,Portland Trail Blazers,San Antonio Spurs,5,2,2,0,0,1,2
346,302,Kenny Anderson,1996-97,November,Portland Trail Blazers,San Antonio Spurs,17,7,6,0,1,1,2
347,324,Dominique Wilkins,1996-97,November,San Antonio Spurs,Portland Trail Blazers,23,0,10,0,1,1,3
348,343,Avery Johnson,1996-97,November,San Antonio Spurs,Portland Trail Blazers,12,5,1,0,2,2,3
349,320,Clifford Robinson,1996-97,November,San Antonio Spurs,Portland Trail Blazers,9,2,5,0,2,2,3
351,342,Vernon Maxwell,1996-97,November,San Antonio Spurs,Portland Trail Blazers,3,0,3,0,1,0,0
352,345,Aaron McKie,1996-97,November,Portland Trail Blazers,San Antonio Spurs,5,2,2,0,0,1,3
353,348,Avery Johnson,1996-97,November,San Antonio Spurs,Portland Trail Blazers,14,5,1,0,2,2,3
354,127,Carl Herrera,1996-97,November,San Antonio Spurs,Portland Trail Blazers,0,0,0,0,0,0,2
355,341,Chris Dudley,1996-97,November,Portland Trail Blazers,San Antonio Spurs,1,1,6,2,0,0,1
357,331,Gary Trent,1996-97,November,Portland Trail Blazers,San Antonio Spurs,5,1,6,0,0,1,0
358,357,Gary Trent,1996-97,November,Portland Trail Blazers,San Antonio Spurs,7,1,6,0,0,1,0
359,351,Vernon Maxwell,1996-97,November,San Antonio Spurs,Portland Trail Blazers,5,0,3,0,1,0,0
360,353,Avery Johnson,1996-97,November,San Antonio Spurs,Portland Trail Blazers,14,6,1,0,2,2,3
362,347,Dominique Wilkins,1996-97,November,San Antonio Spurs,Portland Trail Blazers,23,0,11,0,1,1,3
364,352,Aaron McKie,1996-97,November,Portland Trail Blazers,San Antonio Spurs,5,2,3,0,0,1,3
365,327,Monty Williams,1996-97,November,San Antonio Spurs,Portland Trail Blazers,6,1,4,0,0,0,3
366,346,Kenny Anderson,1996-97,November,Portland Trail Blazers,San Antonio Spurs,19,7,6,0,1,1,2
367,362,Dominique Wilkins,1996-97,November,San Antonio Spurs,Portland Trail Blazers,26,0,11,0,1,1,3
368,360,Avery Johnson,1996-97,November,San Antonio Spurs,Portland Trail Blazers,14,7,1,0,2,2,3
370,358,Gary Trent,1996-97,November,Portland Trail Blazers,San Antonio Spurs,7,1,7,0,0,1,0
371,370,Gary Trent,1996-97,November,Portland Trail Blazers,San Antonio Spurs,9,1,7,0,0,1,0
373,344,Sean Elliott,1996-97,November,San Antonio Spurs,Portland Trail Blazers,25,1,3,1,1,3,4
375,355,Chris Dudley,1996-97,November,Portland Trail Blazers,San Antonio Spurs,1,1,7,2,0,0,1
376,366,Kenny Anderson,1996-97,November,Portland Trail Blazers,San Antonio Spurs,19,7,6,0,1,2,2
377,367,Dominique Wilkins,1996-97,November,Portland Trail Blazers,San Antonio Spurs,26,0,11,0,2,1,3
378,377,Dominique Wilkins,1996-97,November,San Antonio Spurs,Portland Trail Blazers,28,0,11,0,2,1,3
379,368,Avery Johnson,1996-97,November,San Antonio Spurs,Portland Trail Blazers,14,8,1,0,2,2,3
381,375,Chris Dudley,1996-97,November,Portland Trail Blazers,San Antonio Spurs,1,1,8,2,0,0,1
382,371,Gary Trent,1996-97,November,Portland Trail Blazers,San Antonio Spurs,9,1,7,0,0,2,0
383,373,Sean Elliott,1996-97,November,Portland Trail Blazers,San Antonio Spurs,25,1,3,1,2,3,4
384,359,Vernon Maxwell,1996-97,November,San Antonio Spurs,Portland Trail Blazers,7,0,3,0,1,0,0
385,379,Avery Johnson,1996-97,November,San Antonio Spurs,Portland Trail Blazers,14,9,1,0,2,2,3
386,381,Chris Dudley,1996-97,November,Portland Trail Blazers,San Antonio Spurs,3,1,8,2,0,0,1
387,385,Avery Johnson,1996-97,November,San Antonio Spurs,Portland Trail Blazers,14,9,1,0,2,3,3
388,386,Chris Dudley,1996-97,November,San Antonio Spurs,Portland Trail Blazers,3,1,8,2,1,0,1
389,349,Clifford Robinson,1996-97,November,Portland Trail Blazers,San Antonio Spurs,11,2,5,0,2,2,3
390,301,Arvydas Sabonis,1996-97,November,Portland Trail Blazers,San Antonio Spurs,21,4,5,1,1,2,0
391,378,Dominique Wilkins,1996-97,November,San Antonio Spurs,Portland Trail Blazers,30,0,11,0,2,1,3
392,387,Avery Johnson,1996-97,November,San Antonio Spurs,Portland Trail Blazers,14,10,1,0,2,3,3
393,252,Will Perdue,1996-97,November,San Antonio Spurs,Portland Trail Blazers,2,1,5,0,0,1,4
394,390,Arvydas Sabonis,1996-97,November,Portland Trail Blazers,San Antonio Spurs,22,4,5,1,1,2,0
395,394,Arvydas Sabonis,1996-97,November,Portland Trail Blazers,San Antonio Spurs,23,4,5,1,1,2,0
396,391,Dominique Wilkins,1996-97,November,San Antonio Spurs,Portland Trail Blazers,33,0,11,0,2,1,3
397,392,Avery Johnson,1996-97,November,San Antonio Spurs,Portland Trail Blazers,14,11,1,0,2,3,3
398,384,Vernon Maxwell,1996-97,November,San Antonio Spurs,Portland Trail Blazers,7,0,3,0,1,0,1
401,312,Isaiah Rider,1996-97,November,Portland Trail Blazers,San Antonio Spurs,17,3,5,0,0,1,5
402,383,Sean Elliott,1996-97,November,San Antonio Spurs,Portland Trail Blazers,26,1,3,1,2,3,4
403,402,Sean Elliott,1996-97,November,San Antonio Spurs,Portland Trail Blazers,27,1,3,1,2,3,4
404,397,Avery Johnson,1996-97,November,San Antonio Spurs,Portland Trail Blazers,14,11,1,0,2,3,4
405,376,Kenny Anderson,1996-97,November,Portland Trail Blazers,San Antonio Spurs,20,7,6,0,1,2,2
406,405,Kenny Anderson,1996-97,November,Portland Trail Blazers,San Antonio Spurs,21,7,6,0,1,2,2
408,388,Chris Dudley,1996-97,November,San Antonio Spurs,Portland Trail Blazers,3,1,8,3,1,0,1
410,403,Sean Elliott,1996-97,November,San Antonio Spurs,Portland Trail Blazers,27,1,4,1,2,3,4
412,410,Sean Elliott,1996-97,November,San Antonio Spurs,Portland Trail Blazers,27,1,4,1,2,3,5
413,389,Clifford Robinson,1996-97,November,Portland Trail Blazers,San Antonio Spurs,12,2,5,0,2,2,3
414,413,Clifford Robinson,1996-97,November,Portland Trail Blazers,San Antonio Spurs,13,2,5,0,2,2,3
415,406,Kenny Anderson,1996-97,November,Portland Trail Blazers,San Antonio Spurs,21,7,6,0,1,2,3
416,404,Avery Johnson,1996-97,November,San Antonio Spurs,Portland Trail Blazers,15,11,1,0,2,3,4
417,416,Avery Johnson,1996-97,November,San Antonio Spurs,Portland Trail Blazers,16,11,1,0,2,3,4
418,412,Sean Elliott,1996-97,November,San Antonio Spurs,Portland Trail Blazers,27,1,4,1,2,3,6
419,415,Kenny Anderson,1996-97,November,Portland Trail Blazers,San Antonio Spurs,22,7,6,0,1,2,3
420,419,Kenny Anderson,1996-97,November,Portland Trail Blazers,San Antonio Spurs,23,7,6,0,1,2,3
421,398,Vernon Maxwell,1996-97,November,San Antonio Spurs,Portland Trail Blazers,10,0,3,0,1,0,1
422,417,Avery Johnson,1996-97,November,San Antonio Spurs,Portland Trail Blazers,16,12,1,0,2,3,4
423,396,Dominique Wilkins,1996-97,November,San Antonio Spurs,Portland Trail Blazers,33,0,11,0,2,1,4
424,414,Clifford Robinson,1996-97,November,Portland Trail Blazers,San Antonio Spurs,14,2,5,0,2,2,3
426,365,Monty Williams,1996-97,November,San Antonio Spurs,Portland Trail Blazers,6,1,5,0,0,0,3
427,423,Dominique Wilkins,1996-97,November,San Antonio Spurs,Portland Trail Blazers,33,0,11,0,2,2,4
428,424,Clifford Robinson,1996-97,November,San Antonio Spurs,Portland Trail Blazers,14,2,5,0,3,2,3
429,427,Dominique Wilkins,1996-97,November,San Antonio Spurs,Portland Trail Blazers,33,0,11,0,2,2,5
430,428,Clifford Robinson,1996-97,November,Portland Trail Blazers,San Antonio Spurs,15,2,5,0,3,2,3
431,430,Clifford Robinson,1996-97,November,Portland Trail Blazers,San Antonio Spurs,16,2,5,0,3,2,3
432,422,Avery Johnson,1996-97,November,San Antonio Spurs,Portland Trail Blazers,18,12,1,0,2,3,4
433,432,Avery Johnson,1996-97,November,San Antonio Spurs,Portland Trail Blazers,18,12,1,0,2,3,5
434,420,Kenny Anderson,1996-97,November,Portland Trail Blazers,San Antonio Spurs,24,7,6,0,1,2,3
435,434,Kenny Anderson,1996-97,November,Portland Trail Blazers,San Antonio Spurs,25,7,6,0,1,2,3
436,426,Monty Williams,1996-97,November,San Antonio Spurs,Portland Trail Blazers,6,1,5,0,0,1,3
437,436,Monty Williams,1996-97,November,San Antonio Spurs,Portland Trail Blazers,6,1,5,0,0,1,4
438,431,Clifford Robinson,1996-97,November,Portland Trail Blazers,San Antonio Spurs,17,2,5,0,3,2,3
439,438,Clifford Robinson,1996-97,November,Portland Trail Blazers,San Antonio Spurs,18,2,5,0,3,2,3
440,433,Avery Johnson,1996-97,November,San Antonio Spurs,Portland Trail Blazers,18,12,1,0,2,4,5
441,439,Clifford Robinson,1996-97,November,San Antonio Spurs,Portland Trail Blazers,18,2,5,0,4,2,3
442,441,Clifford Robinson,1996-97,November,Portland Trail Blazers,San Antonio Spurs,20,2,5,0,4,2,3
443,435,Kenny Anderson,1996-97,November,Portland Trail Blazers,San Antonio Spurs,25,8,6,0,1,2,3
444,437,Monty Williams,1996-97,November,San Antonio Spurs,Portland Trail Blazers,8,1,5,0,0,1,4
445,309,Vinny Del Negro,1996-97,November,San Antonio Spurs,Portland Trail Blazers,11,9,1,0,0,0,1
