id,previous_id,player,season,month,team,opponent_team,points,assists,rebounds,blocks,steals,turnovers,personal fouls
2,0,Billy Owens,1996-97,November,Sacramento Kings,Indiana Pacers,0,0,1,0,0,0,0
3,0,Mahmoud Abdul-Rauf,1996-97,November,Sacramento Kings,Indiana Pacers,0,0,0,0,0,1,0
4,0,Erick Dampier,1996-97,November,Indiana Pacers,Sacramento Kings,2,0,0,0,0,0,0
5,0,Derrick McKey,1996-97,November,Indiana Pacers,Sacramento Kings,0,1,0,0,0,0,0
6,0,Olden Polynice,1996-97,November,Sacramento Kings,Indiana Pacers,0,0,0,0,0,1,0
7,0,Travis Best,1996-97,November,Indiana Pacers,Sacramento Kings,0,0,0,0,1,0,0
8,0,Reggie Miller,1996-97,November,Indiana Pacers,Sacramento Kings,2,0,0,0,0,0,0
9,7,Travis Best,1996-97,November,Indiana Pacers,Sacramento Kings,0,1,0,0,1,0,0
10,3,Mahmoud Abdul-Rauf,1996-97,November,Sacramento Kings,Indiana Pacers,0,0,0,0,0,1,1
12,6,Olden Polynice,1996-97,November,Sacramento Kings,Indiana Pacers,0,0,1,0,0,1,0
13,4,Erick Dampier,1996-97,November,Indiana Pacers,Sacramento Kings,2,0,0,0,0,0,1
15,0,Dale Davis,1996-97,November,Indiana Pacers,Sacramento Kings,0,0,0,1,0,0,0
16,0,Mitch Richmond,1996-97,November,Sacramento Kings,Indiana Pacers,0,0,1,0,0,0,0
17,16,Mitch Richmond,1996-97,November,Sacramento Kings,Indiana Pacers,2,0,1,0,0,0,0
19,12,Olden Polynice,1996-97,November,Sacramento Kings,Indiana Pacers,0,0,1,1,0,1,0
20,0,Corliss Williamson,1996-97,November,Sacramento Kings,Indiana Pacers,0,0,1,0,0,0,0
21,10,Mahmoud Abdul-Rauf,1996-97,November,Sacramento Kings,Indiana Pacers,2,0,0,0,0,1,1
22,19,Olden Polynice,1996-97,November,Sacramento Kings,Indiana Pacers,0,1,1,1,0,1,0
23,13,Erick Dampier,1996-97,November,Indiana Pacers,Sacramento Kings,2,0,0,0,0,0,2
24,23,Erick Dampier,1996-97,November,Indiana Pacers,Sacramento Kings,2,0,0,0,0,1,2
25,9,Travis Best,1996-97,November,Indiana Pacers,Sacramento Kings,0,1,0,0,1,0,1
27,24,Erick Dampier,1996-97,November,Indiana Pacers,Sacramento Kings,2,0,0,1,0,1,2
28,27,Erick Dampier,1996-97,November,Indiana Pacers,Sacramento Kings,2,0,1,1,0,1,2
29,25,Travis Best,1996-97,November,Indiana Pacers,Sacramento Kings,0,1,0,0,1,1,1
30,20,Corliss Williamson,1996-97,November,Sacramento Kings,Indiana Pacers,0,0,1,0,1,0,0
31,21,Mahmoud Abdul-Rauf,1996-97,November,Sacramento Kings,Indiana Pacers,5,0,0,0,0,1,1
32,30,Corliss Williamson,1996-97,November,Sacramento Kings,Indiana Pacers,0,1,1,0,1,0,0
34,15,Dale Davis,1996-97,November,Indiana Pacers,Sacramento Kings,0,0,1,1,0,0,0
35,32,Corliss Williamson,1996-97,November,Sacramento Kings,Indiana Pacers,0,1,1,0,1,0,1
36,8,Reggie Miller,1996-97,November,Indiana Pacers,Sacramento Kings,4,0,0,0,0,0,0
37,5,Derrick McKey,1996-97,November,Indiana Pacers,Sacramento Kings,0,1,0,0,0,0,1
39,36,Reggie Miller,1996-97,November,Indiana Pacers,Sacramento Kings,4,0,1,0,0,0,0
40,2,Billy Owens,1996-97,November,Sacramento Kings,Indiana Pacers,0,0,1,0,0,0,1
41,28,Erick Dampier,1996-97,November,Indiana Pacers,Sacramento Kings,3,0,1,1,0,1,2
42,41,Erick Dampier,1996-97,November,Indiana Pacers,Sacramento Kings,4,0,1,1,0,1,2
44,22,Olden Polynice,1996-97,November,Sacramento Kings,Indiana Pacers,0,1,2,1,0,1,0
46,34,Dale Davis,1996-97,November,Indiana Pacers,Sacramento Kings,0,0,2,1,0,0,0
48,46,Dale Davis,1996-97,November,Indiana Pacers,Sacramento Kings,0,0,3,1,0,0,0
50,35,Corliss Williamson,1996-97,November,Sacramento Kings,Indiana Pacers,0,1,1,0,1,0,2
51,39,Reggie Miller,1996-97,November,Indiana Pacers,Sacramento Kings,6,0,1,0,0,0,0
53,0,Antonio Davis,1996-97,November,Indiana Pacers,Sacramento Kings,0,0,1,0,0,0,0
54,48,Dale Davis,1996-97,November,Indiana Pacers,Sacramento Kings,2,0,3,1,0,0,0
55,29,Travis Best,1996-97,November,Indiana Pacers,Sacramento Kings,0,2,0,0,1,1,1
56,55,Travis Best,1996-97,November,Indiana Pacers,Sacramento Kings,0,2,0,0,1,1,2
58,51,Reggie Miller,1996-97,November,Indiana Pacers,Sacramento Kings,6,0,2,0,0,0,0
59,17,Mitch Richmond,1996-97,November,Sacramento Kings,Indiana Pacers,2,0,1,0,0,0,1
61,53,Antonio Davis,1996-97,November,Indiana Pacers,Sacramento Kings,1,0,1,0,0,0,0
62,44,Olden Polynice,1996-97,November,Sacramento Kings,Indiana Pacers,0,1,2,1,0,2,0
63,54,Dale Davis,1996-97,November,Indiana Pacers,Sacramento Kings,2,0,3,1,1,0,0
64,58,Reggie Miller,1996-97,November,Indiana Pacers,Sacramento Kings,9,0,2,0,0,0,0
65,63,Dale Davis,1996-97,November,Indiana Pacers,Sacramento Kings,2,1,3,1,1,0,0
66,0,Jerome Allen,1996-97,November,Indiana Pacers,Sacramento Kings,0,0,0,0,0,0,1
67,59,Mitch Richmond,1996-97,November,Sacramento Kings,Indiana Pacers,3,0,1,0,0,0,1
68,67,Mitch Richmond,1996-97,November,Sacramento Kings,Indiana Pacers,4,0,1,0,0,0,1
70,62,Olden Polynice,1996-97,November,Sacramento Kings,Indiana Pacers,0,1,2,2,0,2,0
71,31,Mahmoud Abdul-Rauf,1996-97,November,Sacramento Kings,Indiana Pacers,5,0,1,0,0,1,1
73,61,Antonio Davis,1996-97,November,Indiana Pacers,Sacramento Kings,1,0,2,0,0,0,0
75,70,Olden Polynice,1996-97,November,Sacramento Kings,Indiana Pacers,0,1,3,2,0,2,0
77,73,Antonio Davis,1996-97,November,Indiana Pacers,Sacramento Kings,1,0,3,0,0,0,0
79,66,Jerome Allen,1996-97,November,Indiana Pacers,Sacramento Kings,0,0,1,0,0,0,1
81,0,Michael Smith,1996-97,November,Sacramento Kings,Indiana Pacers,0,0,1,0,0,0,0
83,37,Derrick McKey,1996-97,November,Indiana Pacers,Sacramento Kings,0,1,1,0,0,0,1
84,40,Billy Owens,1996-97,November,Sacramento Kings,Indiana Pacers,0,0,1,0,0,0,2
85,84,Billy Owens,1996-97,November,Sacramento Kings,Indiana Pacers,0,0,1,0,0,0,2
86,64,Reggie Miller,1996-97,November,Indiana Pacers,Sacramento Kings,10,0,2,0,0,0,0
87,83,Derrick McKey,1996-97,November,Indiana Pacers,Sacramento Kings,1,1,1,0,0,0,1
88,87,Derrick McKey,1996-97,November,Indiana Pacers,Sacramento Kings,2,1,1,0,0,0,1
89,75,Olden Polynice,1996-97,November,Sacramento Kings,Indiana Pacers,2,1,3,2,0,2,0
90,71,Mahmoud Abdul-Rauf,1996-97,November,Sacramento Kings,Indiana Pacers,5,1,1,0,0,1,1
91,88,Derrick McKey,1996-97,November,Indiana Pacers,Sacramento Kings,2,1,1,0,0,1,1
92,85,Billy Owens,1996-97,November,Sacramento Kings,Indiana Pacers,2,0,1,0,0,0,2
93,65,Dale Davis,1996-97,November,Indiana Pacers,Sacramento Kings,2,1,3,1,1,0,1
94,93,Dale Davis,1996-97,November,Indiana Pacers,Sacramento Kings,2,1,3,1,1,1,1
95,92,Billy Owens,1996-97,November,Sacramento Kings,Indiana Pacers,4,0,1,0,0,0,2
97,81,Michael Smith,1996-97,November,Sacramento Kings,Indiana Pacers,0,0,2,0,0,0,0
98,91,Derrick McKey,1996-97,November,Indiana Pacers,Sacramento Kings,2,1,1,0,0,1,2
99,97,Michael Smith,1996-97,November,Sacramento Kings,Indiana Pacers,1,0,2,0,0,0,0
100,99,Michael Smith,1996-97,November,Sacramento Kings,Indiana Pacers,2,0,2,0,0,0,0
102,100,Michael Smith,1996-97,November,Sacramento Kings,Indiana Pacers,2,0,2,1,0,0,0
103,94,Dale Davis,1996-97,November,Indiana Pacers,Sacramento Kings,2,1,4,1,1,1,1
104,89,Olden Polynice,1996-97,November,Sacramento Kings,Indiana Pacers,2,1,3,2,0,2,1
107,90,Mahmoud Abdul-Rauf,1996-97,November,Sacramento Kings,Indiana Pacers,5,1,2,0,0,1,1
109,0,Duane Ferrell,1996-97,November,Indiana Pacers,Sacramento Kings,0,0,1,0,0,0,0
111,104,Olden Polynice,1996-97,November,Sacramento Kings,Indiana Pacers,2,1,4,2,0,2,1
113,77,Antonio Davis,1996-97,November,Indiana Pacers,Sacramento Kings,1,0,4,0,0,0,0
115,102,Michael Smith,1996-97,November,Sacramento Kings,Indiana Pacers,2,0,2,2,0,0,0
116,107,Mahmoud Abdul-Rauf,1996-97,November,Sacramento Kings,Indiana Pacers,5,1,3,0,0,1,1
117,0,Lionel Simmons,1996-97,November,Sacramento Kings,Indiana Pacers,2,0,0,0,0,0,0
118,95,Billy Owens,1996-97,November,Sacramento Kings,Indiana Pacers,4,1,1,0,0,0,2
119,79,Jerome Allen,1996-97,November,Indiana Pacers,Sacramento Kings,2,0,1,0,0,0,1
120,0,Vincent Askew,1996-97,November,Indiana Pacers,Sacramento Kings,0,0,0,0,0,0,1
121,116,Mahmoud Abdul-Rauf,1996-97,November,Sacramento Kings,Indiana Pacers,6,1,3,0,0,1,1
122,121,Mahmoud Abdul-Rauf,1996-97,November,Sacramento Kings,Indiana Pacers,7,1,3,0,0,1,1
123,119,Jerome Allen,1996-97,November,Indiana Pacers,Sacramento Kings,4,0,1,0,0,0,1
125,111,Olden Polynice,1996-97,November,Sacramento Kings,Indiana Pacers,2,1,4,2,0,2,2
127,113,Antonio Davis,1996-97,November,Indiana Pacers,Sacramento Kings,2,0,4,0,0,0,0
130,127,Antonio Davis,1996-97,November,Indiana Pacers,Sacramento Kings,2,0,5,0,0,0,0
131,109,Duane Ferrell,1996-97,November,Indiana Pacers,Sacramento Kings,2,0,1,0,0,0,0
132,120,Vincent Askew,1996-97,November,Indiana Pacers,Sacramento Kings,0,1,0,0,0,0,1
134,0,Jalen Rose,1996-97,November,Indiana Pacers,Sacramento Kings,0,0,1,0,0,0,0
135,134,Jalen Rose,1996-97,November,Indiana Pacers,Sacramento Kings,0,0,1,0,0,1,0
136,118,Billy Owens,1996-97,November,Sacramento Kings,Indiana Pacers,4,1,1,0,1,0,2
138,136,Billy Owens,1996-97,November,Sacramento Kings,Indiana Pacers,4,1,2,0,1,0,2
140,0,Tyus Edney,1996-97,November,Sacramento Kings,Indiana Pacers,0,0,1,0,0,0,0
142,117,Lionel Simmons,1996-97,November,Sacramento Kings,Indiana Pacers,4,0,0,0,0,0,0
143,140,Tyus Edney,1996-97,November,Sacramento Kings,Indiana Pacers,0,1,1,0,0,0,0
145,132,Vincent Askew,1996-97,November,Indiana Pacers,Sacramento Kings,0,1,1,0,0,0,1
146,0,Duane Causwell,1996-97,November,Sacramento Kings,Indiana Pacers,0,0,0,0,0,0,1
147,145,Vincent Askew,1996-97,November,Indiana Pacers,Sacramento Kings,1,1,1,0,0,0,1
149,142,Lionel Simmons,1996-97,November,Sacramento Kings,Indiana Pacers,4,0,1,0,0,0,0
151,130,Antonio Davis,1996-97,November,Indiana Pacers,Sacramento Kings,2,0,6,0,0,0,0
152,115,Michael Smith,1996-97,November,Sacramento Kings,Indiana Pacers,2,0,2,2,0,0,1
154,131,Duane Ferrell,1996-97,November,Indiana Pacers,Sacramento Kings,3,0,1,0,0,0,0
156,154,Duane Ferrell,1996-97,November,Indiana Pacers,Sacramento Kings,3,0,2,0,0,0,0
157,156,Duane Ferrell,1996-97,November,Indiana Pacers,Sacramento Kings,5,0,2,0,0,0,0
158,147,Vincent Askew,1996-97,November,Indiana Pacers,Sacramento Kings,1,2,1,0,0,0,1
159,157,Duane Ferrell,1996-97,November,Indiana Pacers,Sacramento Kings,5,0,2,0,0,0,1
162,42,Erick Dampier,1996-97,November,Indiana Pacers,Sacramento Kings,4,0,2,1,0,1,2
163,162,Erick Dampier,1996-97,November,Indiana Pacers,Sacramento Kings,6,0,2,1,0,1,2
164,135,Jalen Rose,1996-97,November,Indiana Pacers,Sacramento Kings,0,1,1,0,0,1,0
165,149,Lionel Simmons,1996-97,November,Sacramento Kings,Indiana Pacers,6,0,1,0,0,0,0
166,143,Tyus Edney,1996-97,November,Sacramento Kings,Indiana Pacers,0,2,1,0,0,0,0
168,165,Lionel Simmons,1996-97,November,Sacramento Kings,Indiana Pacers,6,0,2,0,0,0,0
169,68,Mitch Richmond,1996-97,November,Sacramento Kings,Indiana Pacers,4,0,1,0,0,1,1
170,158,Vincent Askew,1996-97,November,Indiana Pacers,Sacramento Kings,1,2,1,0,1,0,1
171,164,Jalen Rose,1996-97,November,Indiana Pacers,Sacramento Kings,2,1,1,0,0,1,0
172,86,Reggie Miller,1996-97,November,Indiana Pacers,Sacramento Kings,10,1,2,0,0,0,0
174,163,Erick Dampier,1996-97,November,Indiana Pacers,Sacramento Kings,6,0,3,1,0,1,2
176,166,Tyus Edney,1996-97,November,Sacramento Kings,Indiana Pacers,0,2,2,0,0,0,0
178,138,Billy Owens,1996-97,November,Sacramento Kings,Indiana Pacers,4,1,3,0,1,0,2
180,174,Erick Dampier,1996-97,November,Indiana Pacers,Sacramento Kings,6,0,4,1,0,1,2
181,169,Mitch Richmond,1996-97,November,Sacramento Kings,Indiana Pacers,4,0,1,0,0,1,2
183,170,Vincent Askew,1996-97,November,Indiana Pacers,Sacramento Kings,2,2,1,0,1,0,1
185,180,Erick Dampier,1996-97,November,Indiana Pacers,Sacramento Kings,6,0,5,1,0,1,2
186,159,Duane Ferrell,1996-97,November,Indiana Pacers,Sacramento Kings,7,0,2,0,0,0,1
187,185,Erick Dampier,1996-97,November,Indiana Pacers,Sacramento Kings,6,0,5,1,0,1,3
189,125,Olden Polynice,1996-97,November,Sacramento Kings,Indiana Pacers,3,1,4,2,0,2,2
191,178,Billy Owens,1996-97,November,Sacramento Kings,Indiana Pacers,4,1,4,0,1,0,2
192,152,Michael Smith,1996-97,November,Sacramento Kings,Indiana Pacers,4,0,2,2,0,0,1
193,181,Mitch Richmond,1996-97,November,Sacramento Kings,Indiana Pacers,4,1,1,0,0,1,2
194,56,Travis Best,1996-97,November,Indiana Pacers,Sacramento Kings,0,2,0,0,1,2,2
196,103,Dale Davis,1996-97,November,Indiana Pacers,Sacramento Kings,2,1,4,1,1,1,2
197,196,Dale Davis,1996-97,November,Indiana Pacers,Sacramento Kings,2,1,4,1,1,2,2
199,50,Corliss Williamson,1996-97,November,Sacramento Kings,Indiana Pacers,0,1,2,0,1,0,2
200,199,Corliss Williamson,1996-97,November,Sacramento Kings,Indiana Pacers,2,1,2,0,1,0,2
202,197,Dale Davis,1996-97,November,Indiana Pacers,Sacramento Kings,2,1,5,1,1,2,2
204,191,Billy Owens,1996-97,November,Sacramento Kings,Indiana Pacers,4,1,5,0,1,0,2
205,122,Mahmoud Abdul-Rauf,1996-97,November,Sacramento Kings,Indiana Pacers,7,1,3,0,0,2,1
206,186,Duane Ferrell,1996-97,November,Indiana Pacers,Sacramento Kings,7,0,2,0,1,0,1
207,202,Dale Davis,1996-97,November,Indiana Pacers,Sacramento Kings,4,1,5,1,1,2,2
208,206,Duane Ferrell,1996-97,November,Indiana Pacers,Sacramento Kings,7,1,2,0,1,0,1
210,193,Mitch Richmond,1996-97,November,Sacramento Kings,Indiana Pacers,4,1,2,0,0,1,2
212,208,Duane Ferrell,1996-97,November,Indiana Pacers,Sacramento Kings,7,1,3,0,1,0,1
213,194,Travis Best,1996-97,November,Indiana Pacers,Sacramento Kings,0,2,0,0,1,3,2
215,207,Dale Davis,1996-97,November,Indiana Pacers,Sacramento Kings,4,1,6,1,1,2,2
217,189,Olden Polynice,1996-97,November,Sacramento Kings,Indiana Pacers,3,1,5,2,0,2,2
218,210,Mitch Richmond,1996-97,November,Sacramento Kings,Indiana Pacers,6,1,2,0,0,1,2
220,215,Dale Davis,1996-97,November,Indiana Pacers,Sacramento Kings,4,1,7,1,1,2,2
222,212,Duane Ferrell,1996-97,November,Indiana Pacers,Sacramento Kings,7,1,3,0,1,0,2
224,220,Dale Davis,1996-97,November,Indiana Pacers,Sacramento Kings,4,1,7,2,1,2,2
225,224,Dale Davis,1996-97,November,Indiana Pacers,Sacramento Kings,4,1,7,2,1,2,3
226,225,Dale Davis,1996-97,November,Indiana Pacers,Sacramento Kings,4,1,7,2,1,3,3
227,205,Mahmoud Abdul-Rauf,1996-97,November,Sacramento Kings,Indiana Pacers,10,1,3,0,0,2,1
228,217,Olden Polynice,1996-97,November,Sacramento Kings,Indiana Pacers,3,2,5,2,0,2,2
229,172,Reggie Miller,1996-97,November,Indiana Pacers,Sacramento Kings,10,1,2,0,0,1,0
230,218,Mitch Richmond,1996-97,November,Sacramento Kings,Indiana Pacers,6,1,2,0,1,1,2
231,230,Mitch Richmond,1996-97,November,Sacramento Kings,Indiana Pacers,6,1,2,0,1,2,2
232,213,Travis Best,1996-97,November,Indiana Pacers,Sacramento Kings,0,2,0,0,2,3,2
234,183,Vincent Askew,1996-97,November,Indiana Pacers,Sacramento Kings,2,2,1,0,1,0,2
235,234,Vincent Askew,1996-97,November,Indiana Pacers,Sacramento Kings,2,2,1,0,1,0,2
237,228,Olden Polynice,1996-97,November,Sacramento Kings,Indiana Pacers,4,2,5,2,0,2,2
239,222,Duane Ferrell,1996-97,November,Indiana Pacers,Sacramento Kings,7,1,4,0,1,0,2
241,204,Billy Owens,1996-97,November,Sacramento Kings,Indiana Pacers,4,1,6,0,1,0,2
242,241,Billy Owens,1996-97,November,Sacramento Kings,Indiana Pacers,4,1,6,0,1,1,2
243,239,Duane Ferrell,1996-97,November,Indiana Pacers,Sacramento Kings,7,1,4,0,2,0,2
244,243,Duane Ferrell,1996-97,November,Indiana Pacers,Sacramento Kings,9,1,4,0,2,0,2
246,242,Billy Owens,1996-97,November,Sacramento Kings,Indiana Pacers,4,1,7,0,1,1,2
247,246,Billy Owens,1996-97,November,Sacramento Kings,Indiana Pacers,6,1,7,0,1,1,2
248,232,Travis Best,1996-97,November,Indiana Pacers,Sacramento Kings,2,2,0,0,2,3,2
249,229,Reggie Miller,1996-97,November,Indiana Pacers,Sacramento Kings,10,2,2,0,0,1,0
250,247,Billy Owens,1996-97,November,Sacramento Kings,Indiana Pacers,6,1,7,0,1,2,2
252,187,Erick Dampier,1996-97,November,Indiana Pacers,Sacramento Kings,6,0,5,2,0,1,3
253,248,Travis Best,1996-97,November,Indiana Pacers,Sacramento Kings,4,2,0,0,2,3,2
254,252,Erick Dampier,1996-97,November,Indiana Pacers,Sacramento Kings,6,1,5,2,0,1,3
256,237,Olden Polynice,1996-97,November,Sacramento Kings,Indiana Pacers,6,2,5,2,0,2,2
258,250,Billy Owens,1996-97,November,Sacramento Kings,Indiana Pacers,6,1,7,1,1,2,2
259,98,Derrick McKey,1996-97,November,Indiana Pacers,Sacramento Kings,2,1,2,0,0,1,2
260,227,Mahmoud Abdul-Rauf,1996-97,November,Sacramento Kings,Indiana Pacers,12,1,3,0,0,2,1
261,231,Mitch Richmond,1996-97,November,Sacramento Kings,Indiana Pacers,6,2,2,0,1,2,2
263,226,Dale Davis,1996-97,November,Indiana Pacers,Sacramento Kings,4,1,8,2,1,3,3
264,249,Reggie Miller,1996-97,November,Indiana Pacers,Sacramento Kings,13,2,2,0,0,1,0
265,263,Dale Davis,1996-97,November,Indiana Pacers,Sacramento Kings,4,2,8,2,1,3,3
266,200,Corliss Williamson,1996-97,November,Sacramento Kings,Indiana Pacers,4,1,2,0,1,0,2
267,260,Mahmoud Abdul-Rauf,1996-97,November,Sacramento Kings,Indiana Pacers,12,2,3,0,0,2,1
268,264,Reggie Miller,1996-97,November,Indiana Pacers,Sacramento Kings,15,2,2,0,0,1,0
270,268,Reggie Miller,1996-97,November,Indiana Pacers,Sacramento Kings,15,2,3,0,0,1,0
271,253,Travis Best,1996-97,November,Indiana Pacers,Sacramento Kings,6,2,0,0,2,3,2
273,254,Erick Dampier,1996-97,November,Indiana Pacers,Sacramento Kings,6,1,6,2,0,1,3
275,259,Derrick McKey,1996-97,November,Indiana Pacers,Sacramento Kings,2,1,3,0,0,1,2
276,151,Antonio Davis,1996-97,November,Indiana Pacers,Sacramento Kings,4,0,6,0,0,0,0
277,275,Derrick McKey,1996-97,November,Indiana Pacers,Sacramento Kings,2,2,3,0,0,1,2
278,276,Antonio Davis,1996-97,November,Indiana Pacers,Sacramento Kings,4,0,6,0,0,0,1
280,256,Olden Polynice,1996-97,November,Sacramento Kings,Indiana Pacers,7,2,5,2,0,2,2
281,280,Olden Polynice,1996-97,November,Sacramento Kings,Indiana Pacers,7,2,5,2,0,2,3
282,277,Derrick McKey,1996-97,November,Indiana Pacers,Sacramento Kings,2,2,3,0,0,2,2
283,258,Billy Owens,1996-97,November,Sacramento Kings,Indiana Pacers,6,1,7,1,2,2,2
285,266,Corliss Williamson,1996-97,November,Sacramento Kings,Indiana Pacers,4,1,3,0,1,0,2
286,285,Corliss Williamson,1996-97,November,Sacramento Kings,Indiana Pacers,6,1,3,0,1,0,2
287,271,Travis Best,1996-97,November,Indiana Pacers,Sacramento Kings,8,2,0,0,2,3,2
288,270,Reggie Miller,1996-97,November,Indiana Pacers,Sacramento Kings,15,3,3,0,0,1,0
289,286,Corliss Williamson,1996-97,November,Sacramento Kings,Indiana Pacers,6,1,3,0,1,1,2
290,287,Travis Best,1996-97,November,Indiana Pacers,Sacramento Kings,8,2,0,0,3,3,2
292,290,Travis Best,1996-97,November,Indiana Pacers,Sacramento Kings,8,2,1,0,3,3,2
293,265,Dale Davis,1996-97,November,Indiana Pacers,Sacramento Kings,6,2,8,2,1,3,3
294,292,Travis Best,1996-97,November,Indiana Pacers,Sacramento Kings,8,3,1,0,3,3,2
295,267,Mahmoud Abdul-Rauf,1996-97,November,Sacramento Kings,Indiana Pacers,12,2,3,0,0,3,1
296,294,Travis Best,1996-97,November,Indiana Pacers,Sacramento Kings,10,3,1,0,3,3,2
298,296,Travis Best,1996-97,November,Indiana Pacers,Sacramento Kings,10,3,2,0,3,3,2
299,288,Reggie Miller,1996-97,November,Indiana Pacers,Sacramento Kings,17,3,3,0,0,1,0
300,298,Travis Best,1996-97,November,Indiana Pacers,Sacramento Kings,10,4,2,0,3,3,2
301,261,Mitch Richmond,1996-97,November,Sacramento Kings,Indiana Pacers,9,2,2,0,1,2,2
302,281,Olden Polynice,1996-97,November,Sacramento Kings,Indiana Pacers,7,3,5,2,0,2,3
303,282,Derrick McKey,1996-97,November,Indiana Pacers,Sacramento Kings,4,2,3,0,0,2,2
304,278,Antonio Davis,1996-97,November,Indiana Pacers,Sacramento Kings,4,1,6,0,0,0,1
305,289,Corliss Williamson,1996-97,November,Sacramento Kings,Indiana Pacers,8,1,3,0,1,1,2
306,283,Billy Owens,1996-97,November,Sacramento Kings,Indiana Pacers,6,2,7,1,2,2,2
307,303,Derrick McKey,1996-97,November,Indiana Pacers,Sacramento Kings,6,2,3,0,0,2,2
309,307,Derrick McKey,1996-97,November,Indiana Pacers,Sacramento Kings,6,2,4,0,0,2,2
310,309,Derrick McKey,1996-97,November,Indiana Pacers,Sacramento Kings,6,2,4,0,0,3,2
311,306,Billy Owens,1996-97,November,Sacramento Kings,Indiana Pacers,6,2,7,1,3,2,2
312,311,Billy Owens,1996-97,November,Sacramento Kings,Indiana Pacers,8,2,7,1,3,2,2
313,295,Mahmoud Abdul-Rauf,1996-97,November,Sacramento Kings,Indiana Pacers,12,3,3,0,0,3,1
314,305,Corliss Williamson,1996-97,November,Sacramento Kings,Indiana Pacers,8,1,3,0,1,1,3
316,293,Dale Davis,1996-97,November,Indiana Pacers,Sacramento Kings,6,2,9,2,1,3,3
317,316,Dale Davis,1996-97,November,Indiana Pacers,Sacramento Kings,8,2,9,2,1,3,3
318,176,Tyus Edney,1996-97,November,Sacramento Kings,Indiana Pacers,2,2,2,0,0,0,0
320,318,Tyus Edney,1996-97,November,Sacramento Kings,Indiana Pacers,2,2,3,0,0,0,0
321,320,Tyus Edney,1996-97,November,Sacramento Kings,Indiana Pacers,2,2,3,0,0,1,0
322,317,Dale Davis,1996-97,November,Indiana Pacers,Sacramento Kings,8,2,9,2,2,3,3
324,304,Antonio Davis,1996-97,November,Indiana Pacers,Sacramento Kings,4,1,7,0,0,0,1
326,324,Antonio Davis,1996-97,November,Indiana Pacers,Sacramento Kings,4,1,8,0,0,0,1
328,302,Olden Polynice,1996-97,November,Sacramento Kings,Indiana Pacers,7,3,6,2,0,2,3
330,322,Dale Davis,1996-97,November,Indiana Pacers,Sacramento Kings,8,2,10,2,2,3,3
331,171,Jalen Rose,1996-97,November,Indiana Pacers,Sacramento Kings,2,1,1,0,0,2,0
333,321,Tyus Edney,1996-97,November,Sacramento Kings,Indiana Pacers,2,2,4,0,0,1,0
334,326,Antonio Davis,1996-97,November,Indiana Pacers,Sacramento Kings,4,1,8,0,0,0,2
335,301,Mitch Richmond,1996-97,November,Sacramento Kings,Indiana Pacers,11,2,2,0,1,2,2
336,312,Billy Owens,1996-97,November,Sacramento Kings,Indiana Pacers,8,3,7,1,3,2,2
337,235,Vincent Askew,1996-97,November,Indiana Pacers,Sacramento Kings,2,2,1,0,1,1,2
338,335,Mitch Richmond,1996-97,November,Sacramento Kings,Indiana Pacers,11,2,2,0,2,2,2
340,244,Duane Ferrell,1996-97,November,Indiana Pacers,Sacramento Kings,9,1,5,0,2,0,2
341,192,Michael Smith,1996-97,November,Sacramento Kings,Indiana Pacers,4,0,2,2,0,0,2
342,334,Antonio Davis,1996-97,November,Indiana Pacers,Sacramento Kings,6,1,8,0,0,0,2
343,340,Duane Ferrell,1996-97,November,Indiana Pacers,Sacramento Kings,9,2,5,0,2,0,2
344,328,Olden Polynice,1996-97,November,Sacramento Kings,Indiana Pacers,9,3,6,2,0,2,3
345,336,Billy Owens,1996-97,November,Sacramento Kings,Indiana Pacers,8,4,7,1,3,2,2
346,331,Jalen Rose,1996-97,November,Indiana Pacers,Sacramento Kings,4,1,1,0,0,2,0
348,310,Derrick McKey,1996-97,November,Indiana Pacers,Sacramento Kings,6,2,5,0,0,3,2
349,344,Olden Polynice,1996-97,November,Sacramento Kings,Indiana Pacers,9,3,6,2,0,2,4
350,346,Jalen Rose,1996-97,November,Indiana Pacers,Sacramento Kings,5,1,1,0,0,2,0
351,350,Jalen Rose,1996-97,November,Indiana Pacers,Sacramento Kings,6,1,1,0,0,2,0
353,341,Michael Smith,1996-97,November,Sacramento Kings,Indiana Pacers,4,0,3,2,0,0,2
355,348,Derrick McKey,1996-97,November,Indiana Pacers,Sacramento Kings,6,2,6,0,0,3,2
356,351,Jalen Rose,1996-97,November,Indiana Pacers,Sacramento Kings,8,1,1,0,0,2,0
357,345,Billy Owens,1996-97,November,Sacramento Kings,Indiana Pacers,10,4,7,1,3,2,2
358,349,Olden Polynice,1996-97,November,Sacramento Kings,Indiana Pacers,9,4,6,2,0,2,4
359,353,Michael Smith,1996-97,November,Sacramento Kings,Indiana Pacers,4,0,3,2,0,0,3
361,342,Antonio Davis,1996-97,November,Indiana Pacers,Sacramento Kings,7,1,8,0,0,0,2
362,359,Michael Smith,1996-97,November,Sacramento Kings,Indiana Pacers,4,0,3,2,0,1,3
363,361,Antonio Davis,1996-97,November,Indiana Pacers,Sacramento Kings,7,1,8,0,1,0,2
364,343,Duane Ferrell,1996-97,November,Indiana Pacers,Sacramento Kings,11,2,5,0,2,0,2
365,337,Vincent Askew,1996-97,November,Indiana Pacers,Sacramento Kings,2,3,1,0,1,1,2
366,338,Mitch Richmond,1996-97,November,Sacramento Kings,Indiana Pacers,14,2,2,0,2,2,2
367,146,Duane Causwell,1996-97,November,Sacramento Kings,Indiana Pacers,0,1,0,0,0,0,1
368,365,Vincent Askew,1996-97,November,Indiana Pacers,Sacramento Kings,5,3,1,0,1,1,2
369,356,Jalen Rose,1996-97,November,Indiana Pacers,Sacramento Kings,8,2,1,0,0,2,0
371,362,Michael Smith,1996-97,November,Sacramento Kings,Indiana Pacers,4,0,4,2,0,1,3
372,363,Antonio Davis,1996-97,November,Indiana Pacers,Sacramento Kings,7,1,8,0,1,0,3
373,371,Michael Smith,1996-97,November,Sacramento Kings,Indiana Pacers,5,0,4,2,0,1,3
375,273,Erick Dampier,1996-97,November,Indiana Pacers,Sacramento Kings,6,1,7,2,0,1,3
376,357,Billy Owens,1996-97,November,Sacramento Kings,Indiana Pacers,10,4,7,1,3,2,3
377,369,Jalen Rose,1996-97,November,Indiana Pacers,Sacramento Kings,9,2,1,0,0,2,0
378,377,Jalen Rose,1996-97,November,Indiana Pacers,Sacramento Kings,10,2,1,0,0,2,0
379,378,Jalen Rose,1996-97,November,Indiana Pacers,Sacramento Kings,10,2,1,0,0,2,1
381,376,Billy Owens,1996-97,November,Sacramento Kings,Indiana Pacers,11,4,7,1,3,2,3
383,367,Duane Causwell,1996-97,November,Sacramento Kings,Indiana Pacers,0,1,0,1,0,0,1
384,366,Mitch Richmond,1996-97,November,Sacramento Kings,Indiana Pacers,14,2,3,0,2,2,2
385,368,Vincent Askew,1996-97,November,Indiana Pacers,Sacramento Kings,5,3,1,0,1,1,3
386,373,Michael Smith,1996-97,November,Sacramento Kings,Indiana Pacers,6,0,4,2,0,1,3
387,386,Michael Smith,1996-97,November,Sacramento Kings,Indiana Pacers,7,0,4,2,0,1,3
389,330,Dale Davis,1996-97,November,Indiana Pacers,Sacramento Kings,8,2,11,2,2,3,3
391,383,Duane Causwell,1996-97,November,Sacramento Kings,Indiana Pacers,0,1,0,1,0,0,2
392,385,Vincent Askew,1996-97,November,Indiana Pacers,Sacramento Kings,6,3,1,0,1,1,3
393,392,Vincent Askew,1996-97,November,Indiana Pacers,Sacramento Kings,7,3,1,0,1,1,3
394,391,Duane Causwell,1996-97,November,Sacramento Kings,Indiana Pacers,0,1,0,1,0,0,3
395,394,Duane Causwell,1996-97,November,Sacramento Kings,Indiana Pacers,0,1,0,1,0,1,3
397,395,Duane Causwell,1996-97,November,Sacramento Kings,Indiana Pacers,0,1,1,1,0,1,3
398,300,Travis Best,1996-97,November,Indiana Pacers,Sacramento Kings,10,4,2,0,3,3,3
399,168,Lionel Simmons,1996-97,November,Sacramento Kings,Indiana Pacers,7,0,2,0,0,0,0
401,384,Mitch Richmond,1996-97,November,Sacramento Kings,Indiana Pacers,16,2,3,0,2,2,2
402,364,Duane Ferrell,1996-97,November,Indiana Pacers,Sacramento Kings,13,2,5,0,2,0,2
403,299,Reggie Miller,1996-97,November,Indiana Pacers,Sacramento Kings,17,4,3,0,0,1,0
404,401,Mitch Richmond,1996-97,November,Sacramento Kings,Indiana Pacers,18,2,3,0,2,2,2
405,403,Reggie Miller,1996-97,November,Indiana Pacers,Sacramento Kings,19,4,3,0,0,1,0
407,393,Vincent Askew,1996-97,November,Indiana Pacers,Sacramento Kings,7,3,2,0,1,1,3
409,399,Lionel Simmons,1996-97,November,Sacramento Kings,Indiana Pacers,7,0,3,0,0,0,0
410,387,Michael Smith,1996-97,November,Sacramento Kings,Indiana Pacers,9,0,4,2,0,1,3
411,404,Mitch Richmond,1996-97,November,Sacramento Kings,Indiana Pacers,18,3,3,0,2,2,2
412,397,Duane Causwell,1996-97,November,Sacramento Kings,Indiana Pacers,0,1,1,1,0,1,4
413,402,Duane Ferrell,1996-97,November,Indiana Pacers,Sacramento Kings,14,2,5,0,2,0,2
414,413,Duane Ferrell,1996-97,November,Indiana Pacers,Sacramento Kings,15,2,5,0,2,0,2
416,389,Dale Davis,1996-97,November,Indiana Pacers,Sacramento Kings,8,2,12,2,2,3,3
417,398,Travis Best,1996-97,November,Indiana Pacers,Sacramento Kings,12,4,2,0,3,3,3
419,405,Reggie Miller,1996-97,November,Indiana Pacers,Sacramento Kings,19,4,4,0,0,1,0
420,412,Duane Causwell,1996-97,November,Sacramento Kings,Indiana Pacers,0,1,1,1,0,1,5
421,416,Dale Davis,1996-97,November,Indiana Pacers,Sacramento Kings,9,2,12,2,2,3,3
422,421,Dale Davis,1996-97,November,Indiana Pacers,Sacramento Kings,10,2,12,2,2,3,3
424,420,Duane Causwell,1996-97,November,Sacramento Kings,Indiana Pacers,0,1,2,1,0,1,5
425,407,Vincent Askew,1996-97,November,Indiana Pacers,Sacramento Kings,7,3,2,0,1,1,4
426,314,Corliss Williamson,1996-97,November,Sacramento Kings,Indiana Pacers,9,1,3,0,1,1,3
427,426,Corliss Williamson,1996-97,November,Sacramento Kings,Indiana Pacers,10,1,3,0,1,1,3
429,0,Kevin Gamble,1996-97,November,Sacramento Kings,Indiana Pacers,0,0,1,0,0,0,0
430,429,Kevin Gamble,1996-97,November,Sacramento Kings,Indiana Pacers,2,0,1,0,0,0,0
431,0,Lloyd Daniels,1996-97,November,Sacramento Kings,Indiana Pacers,0,1,0,0,0,0,0
433,375,Erick Dampier,1996-97,November,Indiana Pacers,Sacramento Kings,6,1,8,2,0,1,3
434,424,Duane Causwell,1996-97,November,Sacramento Kings,Indiana Pacers,0,1,2,1,0,1,6
436,433,Erick Dampier,1996-97,November,Indiana Pacers,Sacramento Kings,7,1,8,2,0,1,3
437,431,Lloyd Daniels,1996-97,November,Sacramento Kings,Indiana Pacers,3,1,0,0,0,0,0
438,333,Tyus Edney,1996-97,November,Sacramento Kings,Indiana Pacers,2,3,4,0,0,1,0
439,430,Kevin Gamble,1996-97,November,Sacramento Kings,Indiana Pacers,2,0,1,0,0,0,1
442,427,Corliss Williamson,1996-97,November,Sacramento Kings,Indiana Pacers,10,1,4,0,1,1,3
444,379,Jalen Rose,1996-97,November,Indiana Pacers,Sacramento Kings,10,2,1,1,0,2,1
446,436,Erick Dampier,1996-97,November,Indiana Pacers,Sacramento Kings,7,1,9,2,0,1,3
448,439,Kevin Gamble,1996-97,November,Sacramento Kings,Indiana Pacers,2,0,1,1,0,0,1
449,0,Bobby Hurley,1996-97,November,Sacramento Kings,Indiana Pacers,0,0,1,0,0,0,0
451,444,Jalen Rose,1996-97,November,Indiana Pacers,Sacramento Kings,10,2,1,2,0,2,1
452,425,Vincent Askew,1996-97,November,Indiana Pacers,Sacramento Kings,7,3,3,0,1,1,4
453,446,Erick Dampier,1996-97,November,Indiana Pacers,Sacramento Kings,9,1,9,2,0,1,3
454,452,Vincent Askew,1996-97,November,Indiana Pacers,Sacramento Kings,7,4,3,0,1,1,4
456,453,Erick Dampier,1996-97,November,Indiana Pacers,Sacramento Kings,9,1,10,2,0,1,3
457,123,Jerome Allen,1996-97,November,Indiana Pacers,Sacramento Kings,6,0,1,0,0,0,1
458,451,Jalen Rose,1996-97,November,Indiana Pacers,Sacramento Kings,10,3,1,2,0,2,1
460,0,Fred Hoiberg,1996-97,November,Indiana Pacers,Sacramento Kings,0,0,1,0,0,0,0
