id,previous_id,player,season,month,team,opponent_team,points,assists,rebounds,blocks,steals,turnovers,personal fouls
2,0,Shawn Bradley,1996-97,November,New Jersey Nets,Golden State Warriors,0,0,0,1,0,0,0
3,0,Jayson Williams,1996-97,November,New Jersey Nets,Golden State Warriors,0,0,1,0,0,0,0
4,2,Shawn Bradley,1996-97,November,New Jersey Nets,Golden State Warriors,2,0,0,1,0,0,0
5,0,Kerry Kittles,1996-97,November,New Jersey Nets,Golden State Warriors,0,1,0,0,0,0,0
7,0,Robert Pack,1996-97,November,New Jersey Nets,Golden State Warriors,0,0,1,0,0,0,0
9,0,Joe Smith,1996-97,November,Golden State Warriors,New Jersey Nets,0,0,1,0,0,0,0
10,0,Chris Mullin,1996-97,November,Golden State Warriors,New Jersey Nets,2,0,0,0,0,0,0
11,0,Felton Spencer,1996-97,November,Golden State Warriors,New Jersey Nets,0,1,0,0,0,0,0
12,7,Robert Pack,1996-97,November,New Jersey Nets,Golden State Warriors,2,0,1,0,0,0,0
13,4,Shawn Bradley,1996-97,November,New Jersey Nets,Golden State Warriors,2,1,0,1,0,0,0
14,0,Mark Price,1996-97,November,Golden State Warriors,New Jersey Nets,2,0,0,0,0,0,0
16,10,Chris Mullin,1996-97,November,Golden State Warriors,New Jersey Nets,2,0,1,0,0,0,0
17,9,Joe Smith,1996-97,November,Golden State Warriors,New Jersey Nets,2,0,1,0,0,0,0
18,16,Chris Mullin,1996-97,November,Golden State Warriors,New Jersey Nets,2,1,1,0,0,0,0
19,0,Latrell Sprewell,1996-97,November,Golden State Warriors,New Jersey Nets,0,0,0,0,0,0,1
21,14,Mark Price,1996-97,November,Golden State Warriors,New Jersey Nets,2,0,1,0,0,0,0
22,21,Mark Price,1996-97,November,Golden State Warriors,New Jersey Nets,4,0,1,0,0,0,0
23,18,Chris Mullin,1996-97,November,Golden State Warriors,New Jersey Nets,2,2,1,0,0,0,0
24,11,Felton Spencer,1996-97,November,Golden State Warriors,New Jersey Nets,0,1,0,0,0,0,1
25,13,Shawn Bradley,1996-97,November,New Jersey Nets,Golden State Warriors,3,1,0,1,0,0,0
26,25,Shawn Bradley,1996-97,November,New Jersey Nets,Golden State Warriors,4,1,0,1,0,0,0
27,26,Shawn Bradley,1996-97,November,New Jersey Nets,Golden State Warriors,4,1,0,1,0,0,1
28,19,Latrell Sprewell,1996-97,November,Golden State Warriors,New Jersey Nets,1,0,0,0,0,0,1
29,28,Latrell Sprewell,1996-97,November,Golden State Warriors,New Jersey Nets,2,0,0,0,0,0,1
30,27,Shawn Bradley,1996-97,November,New Jersey Nets,Golden State Warriors,6,1,0,1,0,0,1
31,12,Robert Pack,1996-97,November,New Jersey Nets,Golden State Warriors,2,1,1,0,0,0,0
32,23,Chris Mullin,1996-97,November,Golden State Warriors,New Jersey Nets,4,2,1,0,0,0,0
33,22,Mark Price,1996-97,November,Golden State Warriors,New Jersey Nets,4,1,1,0,0,0,0
35,0,Kendall Gill,1996-97,November,New Jersey Nets,Golden State Warriors,0,0,1,0,0,0,0
37,24,Felton Spencer,1996-97,November,Golden State Warriors,New Jersey Nets,0,1,1,0,0,0,1
38,37,Felton Spencer,1996-97,November,Golden State Warriors,New Jersey Nets,0,1,1,0,0,1,1
39,30,Shawn Bradley,1996-97,November,New Jersey Nets,Golden State Warriors,6,1,0,1,1,0,1
40,39,Shawn Bradley,1996-97,November,New Jersey Nets,Golden State Warriors,8,1,0,1,1,0,1
41,38,Felton Spencer,1996-97,November,Golden State Warriors,New Jersey Nets,0,1,1,0,0,1,2
42,40,Shawn Bradley,1996-97,November,New Jersey Nets,Golden State Warriors,9,1,0,1,1,0,1
43,42,Shawn Bradley,1996-97,November,New Jersey Nets,Golden State Warriors,9,1,0,1,1,0,2
44,17,Joe Smith,1996-97,November,Golden State Warriors,New Jersey Nets,3,0,1,0,0,0,0
46,35,Kendall Gill,1996-97,November,New Jersey Nets,Golden State Warriors,0,0,2,0,0,0,0
48,43,Shawn Bradley,1996-97,November,New Jersey Nets,Golden State Warriors,9,1,1,1,1,0,2
50,48,Shawn Bradley,1996-97,November,New Jersey Nets,Golden State Warriors,9,1,2,1,1,0,2
51,0,Todd Fuller,1996-97,November,Golden State Warriors,New Jersey Nets,0,0,0,0,0,0,1
52,5,Kerry Kittles,1996-97,November,New Jersey Nets,Golden State Warriors,0,1,0,0,0,1,0
53,32,Chris Mullin,1996-97,November,Golden State Warriors,New Jersey Nets,4,2,1,0,1,0,0
55,29,Latrell Sprewell,1996-97,November,Golden State Warriors,New Jersey Nets,2,0,1,0,0,0,1
56,55,Latrell Sprewell,1996-97,November,Golden State Warriors,New Jersey Nets,4,0,1,0,0,0,1
57,3,Jayson Williams,1996-97,November,New Jersey Nets,Golden State Warriors,2,0,1,0,0,0,0
58,31,Robert Pack,1996-97,November,New Jersey Nets,Golden State Warriors,2,2,1,0,0,0,0
60,50,Shawn Bradley,1996-97,November,New Jersey Nets,Golden State Warriors,9,1,2,2,1,0,2
61,51,Todd Fuller,1996-97,November,Golden State Warriors,New Jersey Nets,2,0,0,0,0,0,1
62,33,Mark Price,1996-97,November,Golden State Warriors,New Jersey Nets,4,2,1,0,0,0,0
63,62,Mark Price,1996-97,November,Golden State Warriors,New Jersey Nets,4,2,1,0,0,0,1
64,58,Robert Pack,1996-97,November,New Jersey Nets,Golden State Warriors,3,2,1,0,0,0,0
65,64,Robert Pack,1996-97,November,New Jersey Nets,Golden State Warriors,4,2,1,0,0,0,0
66,44,Joe Smith,1996-97,November,Golden State Warriors,New Jersey Nets,3,0,1,0,0,1,0
67,65,Robert Pack,1996-97,November,New Jersey Nets,Golden State Warriors,4,2,1,0,1,0,0
68,67,Robert Pack,1996-97,November,New Jersey Nets,Golden State Warriors,6,2,1,0,1,0,0
69,46,Kendall Gill,1996-97,November,New Jersey Nets,Golden State Warriors,0,1,2,0,0,0,0
70,56,Latrell Sprewell,1996-97,November,Golden State Warriors,New Jersey Nets,7,0,1,0,0,0,1
71,63,Mark Price,1996-97,November,Golden State Warriors,New Jersey Nets,4,3,1,0,0,0,1
73,57,Jayson Williams,1996-97,November,New Jersey Nets,Golden State Warriors,2,0,2,0,0,0,0
74,73,Jayson Williams,1996-97,November,New Jersey Nets,Golden State Warriors,4,0,2,0,0,0,0
75,53,Chris Mullin,1996-97,November,Golden State Warriors,New Jersey Nets,4,2,1,0,1,0,1
76,74,Jayson Williams,1996-97,November,New Jersey Nets,Golden State Warriors,5,0,2,0,0,0,0
77,69,Kendall Gill,1996-97,November,New Jersey Nets,Golden State Warriors,0,1,2,0,0,0,1
78,70,Latrell Sprewell,1996-97,November,Golden State Warriors,New Jersey Nets,8,0,1,0,0,0,1
79,78,Latrell Sprewell,1996-97,November,Golden State Warriors,New Jersey Nets,9,0,1,0,0,0,1
80,79,Latrell Sprewell,1996-97,November,Golden State Warriors,New Jersey Nets,10,0,1,0,0,0,1
82,60,Shawn Bradley,1996-97,November,New Jersey Nets,Golden State Warriors,9,1,3,2,1,0,2
83,82,Shawn Bradley,1996-97,November,New Jersey Nets,Golden State Warriors,11,1,3,2,1,0,2
84,61,Todd Fuller,1996-97,November,Golden State Warriors,New Jersey Nets,2,0,0,0,0,1,1
85,84,Todd Fuller,1996-97,November,Golden State Warriors,New Jersey Nets,2,0,0,0,0,1,2
86,76,Jayson Williams,1996-97,November,New Jersey Nets,Golden State Warriors,6,0,2,0,0,0,0
87,86,Jayson Williams,1996-97,November,New Jersey Nets,Golden State Warriors,7,0,2,0,0,0,0
88,71,Mark Price,1996-97,November,Golden State Warriors,New Jersey Nets,7,3,1,0,0,0,1
89,80,Latrell Sprewell,1996-97,November,Golden State Warriors,New Jersey Nets,10,1,1,0,0,0,1
91,89,Latrell Sprewell,1996-97,November,Golden State Warriors,New Jersey Nets,10,1,2,0,0,0,1
93,0,Andrew DeClercq,1996-97,November,Golden State Warriors,New Jersey Nets,0,0,1,0,0,0,0
95,68,Robert Pack,1996-97,November,New Jersey Nets,Golden State Warriors,6,2,1,1,1,0,0
96,77,Kendall Gill,1996-97,November,New Jersey Nets,Golden State Warriors,0,1,3,0,0,0,1
97,0,Tony Massenburg,1996-97,November,New Jersey Nets,Golden State Warriors,2,0,0,0,0,0,0
99,87,Jayson Williams,1996-97,November,New Jersey Nets,Golden State Warriors,7,0,3,0,0,0,0
100,99,Jayson Williams,1996-97,November,New Jersey Nets,Golden State Warriors,9,0,3,0,0,0,0
101,95,Robert Pack,1996-97,November,New Jersey Nets,Golden State Warriors,6,3,1,1,1,0,0
103,97,Tony Massenburg,1996-97,November,New Jersey Nets,Golden State Warriors,2,0,0,1,0,0,0
104,66,Joe Smith,1996-97,November,Golden State Warriors,New Jersey Nets,3,0,2,0,0,1,0
105,75,Chris Mullin,1996-97,November,Golden State Warriors,New Jersey Nets,6,2,1,0,1,0,1
106,104,Joe Smith,1996-97,November,Golden State Warriors,New Jersey Nets,3,1,2,0,0,1,0
107,100,Jayson Williams,1996-97,November,New Jersey Nets,Golden State Warriors,9,0,3,0,0,0,1
108,105,Chris Mullin,1996-97,November,Golden State Warriors,New Jersey Nets,7,2,1,0,1,0,1
110,96,Kendall Gill,1996-97,November,New Jersey Nets,Golden State Warriors,0,1,4,0,0,0,1
112,103,Tony Massenburg,1996-97,November,New Jersey Nets,Golden State Warriors,2,0,1,1,0,0,0
113,112,Tony Massenburg,1996-97,November,New Jersey Nets,Golden State Warriors,4,0,1,1,0,0,0
115,107,Jayson Williams,1996-97,November,New Jersey Nets,Golden State Warriors,9,0,4,0,0,0,1
116,93,Andrew DeClercq,1996-97,November,Golden State Warriors,New Jersey Nets,0,0,1,0,0,0,1
117,52,Kerry Kittles,1996-97,November,New Jersey Nets,Golden State Warriors,1,1,0,0,0,1,0
118,117,Kerry Kittles,1996-97,November,New Jersey Nets,Golden State Warriors,2,1,0,0,0,1,0
119,110,Kendall Gill,1996-97,November,New Jersey Nets,Golden State Warriors,0,1,4,0,0,0,2
120,91,Latrell Sprewell,1996-97,November,Golden State Warriors,New Jersey Nets,11,1,2,0,0,0,1
121,120,Latrell Sprewell,1996-97,November,Golden State Warriors,New Jersey Nets,12,1,2,0,0,0,1
123,115,Jayson Williams,1996-97,November,New Jersey Nets,Golden State Warriors,9,0,5,0,0,0,1
125,123,Jayson Williams,1996-97,November,New Jersey Nets,Golden State Warriors,9,0,6,0,0,0,1
126,119,Kendall Gill,1996-97,November,New Jersey Nets,Golden State Warriors,2,1,4,0,0,0,2
127,101,Robert Pack,1996-97,November,New Jersey Nets,Golden State Warriors,6,4,1,1,1,0,0
128,0,Ray Owes,1996-97,November,Golden State Warriors,New Jersey Nets,2,0,0,0,0,0,0
129,0,B.J. Armstrong,1996-97,November,Golden State Warriors,New Jersey Nets,0,1,0,0,0,0,0
131,0,Donyell Marshall,1996-97,November,Golden State Warriors,New Jersey Nets,0,0,1,0,0,0,0
132,118,Kerry Kittles,1996-97,November,New Jersey Nets,Golden State Warriors,2,1,0,0,0,1,1
133,121,Latrell Sprewell,1996-97,November,Golden State Warriors,New Jersey Nets,13,1,2,0,0,0,1
134,133,Latrell Sprewell,1996-97,November,Golden State Warriors,New Jersey Nets,14,1,2,0,0,0,1
135,134,Latrell Sprewell,1996-97,November,Golden State Warriors,New Jersey Nets,15,1,2,0,0,0,1
137,125,Jayson Williams,1996-97,November,New Jersey Nets,Golden State Warriors,9,0,6,0,0,0,2
138,116,Andrew DeClercq,1996-97,November,Golden State Warriors,New Jersey Nets,1,0,1,0,0,0,1
140,131,Donyell Marshall,1996-97,November,Golden State Warriors,New Jersey Nets,0,0,2,0,0,0,0
142,138,Andrew DeClercq,1996-97,November,Golden State Warriors,New Jersey Nets,1,0,2,0,0,0,1
144,129,B.J. Armstrong,1996-97,November,Golden State Warriors,New Jersey Nets,2,1,0,0,0,0,0
145,126,Kendall Gill,1996-97,November,New Jersey Nets,Golden State Warriors,4,1,4,0,0,0,2
147,113,Tony Massenburg,1996-97,November,New Jersey Nets,Golden State Warriors,4,0,2,1,0,0,0
148,147,Tony Massenburg,1996-97,November,New Jersey Nets,Golden State Warriors,6,0,2,1,0,0,0
149,142,Andrew DeClercq,1996-97,November,Golden State Warriors,New Jersey Nets,1,0,2,0,0,0,2
150,148,Tony Massenburg,1996-97,November,New Jersey Nets,Golden State Warriors,7,0,2,1,0,0,0
152,145,Kendall Gill,1996-97,November,New Jersey Nets,Golden State Warriors,4,1,5,0,0,0,2
153,137,Jayson Williams,1996-97,November,New Jersey Nets,Golden State Warriors,9,0,6,0,0,1,2
155,128,Ray Owes,1996-97,November,Golden State Warriors,New Jersey Nets,2,0,1,0,0,0,0
156,155,Ray Owes,1996-97,November,Golden State Warriors,New Jersey Nets,4,0,1,0,0,0,0
158,156,Ray Owes,1996-97,November,Golden State Warriors,New Jersey Nets,4,0,2,0,0,0,0
159,127,Robert Pack,1996-97,November,New Jersey Nets,Golden State Warriors,6,4,1,1,1,0,1
160,158,Ray Owes,1996-97,November,Golden State Warriors,New Jersey Nets,6,0,2,0,0,0,0
161,144,B.J. Armstrong,1996-97,November,Golden State Warriors,New Jersey Nets,2,2,0,0,0,0,0
163,106,Joe Smith,1996-97,November,Golden State Warriors,New Jersey Nets,3,1,2,0,0,1,1
164,159,Robert Pack,1996-97,November,New Jersey Nets,Golden State Warriors,7,4,1,1,1,0,1
165,164,Robert Pack,1996-97,November,New Jersey Nets,Golden State Warriors,8,4,1,1,1,0,1
168,140,Donyell Marshall,1996-97,November,Golden State Warriors,New Jersey Nets,0,0,3,0,0,0,0
169,163,Joe Smith,1996-97,November,Golden State Warriors,New Jersey Nets,5,1,2,0,0,1,1
170,161,B.J. Armstrong,1996-97,November,Golden State Warriors,New Jersey Nets,2,3,0,0,0,0,0
171,0,Reggie Williams,1996-97,November,New Jersey Nets,Golden State Warriors,3,0,0,0,0,0,0
172,165,Robert Pack,1996-97,November,New Jersey Nets,Golden State Warriors,8,5,1,1,1,0,1
173,150,Tony Massenburg,1996-97,November,New Jersey Nets,Golden State Warriors,7,0,2,1,0,0,1
176,160,Ray Owes,1996-97,November,Golden State Warriors,New Jersey Nets,6,0,3,0,0,0,0
178,176,Ray Owes,1996-97,November,Golden State Warriors,New Jersey Nets,6,0,4,0,0,0,0
180,153,Jayson Williams,1996-97,November,New Jersey Nets,Golden State Warriors,9,0,7,0,0,1,2
182,178,Ray Owes,1996-97,November,Golden State Warriors,New Jersey Nets,6,0,5,0,0,0,0
183,108,Chris Mullin,1996-97,November,Golden State Warriors,New Jersey Nets,10,2,1,0,1,0,1
184,170,B.J. Armstrong,1996-97,November,Golden State Warriors,New Jersey Nets,2,4,0,0,0,0,0
185,168,Donyell Marshall,1996-97,November,Golden State Warriors,New Jersey Nets,0,0,3,0,0,0,1
186,83,Shawn Bradley,1996-97,November,New Jersey Nets,Golden State Warriors,12,1,3,2,1,0,2
187,186,Shawn Bradley,1996-97,November,New Jersey Nets,Golden State Warriors,13,1,3,2,1,0,2
189,187,Shawn Bradley,1996-97,November,New Jersey Nets,Golden State Warriors,13,1,4,2,1,0,2
190,0,Khalid Reeves,1996-97,November,New Jersey Nets,Golden State Warriors,0,0,0,0,0,1,0
192,180,Jayson Williams,1996-97,November,New Jersey Nets,Golden State Warriors,9,0,8,0,0,1,2
193,192,Jayson Williams,1996-97,November,New Jersey Nets,Golden State Warriors,11,0,8,0,0,1,2
194,190,Khalid Reeves,1996-97,November,New Jersey Nets,Golden State Warriors,0,1,0,0,0,1,0
195,169,Joe Smith,1996-97,November,Golden State Warriors,New Jersey Nets,7,1,2,0,0,1,1
196,184,B.J. Armstrong,1996-97,November,Golden State Warriors,New Jersey Nets,2,5,0,0,0,0,0
197,189,Shawn Bradley,1996-97,November,New Jersey Nets,Golden State Warriors,15,1,4,2,1,0,2
198,132,Kerry Kittles,1996-97,November,New Jersey Nets,Golden State Warriors,2,2,0,0,0,1,1
199,182,Ray Owes,1996-97,November,Golden State Warriors,New Jersey Nets,8,0,5,0,0,0,0
200,185,Donyell Marshall,1996-97,November,Golden State Warriors,New Jersey Nets,0,1,3,0,0,0,1
201,198,Kerry Kittles,1996-97,November,New Jersey Nets,Golden State Warriors,4,2,0,0,0,1,1
202,194,Khalid Reeves,1996-97,November,New Jersey Nets,Golden State Warriors,0,2,0,0,0,1,0
204,195,Joe Smith,1996-97,November,Golden State Warriors,New Jersey Nets,7,1,3,0,0,1,1
206,204,Joe Smith,1996-97,November,Golden State Warriors,New Jersey Nets,7,1,4,0,0,1,1
207,197,Shawn Bradley,1996-97,November,New Jersey Nets,Golden State Warriors,15,1,4,2,1,0,3
208,206,Joe Smith,1996-97,November,Golden State Warriors,New Jersey Nets,8,1,4,0,0,1,1
209,208,Joe Smith,1996-97,November,Golden State Warriors,New Jersey Nets,9,1,4,0,0,1,1
211,135,Latrell Sprewell,1996-97,November,Golden State Warriors,New Jersey Nets,15,1,3,0,0,0,1
212,211,Latrell Sprewell,1996-97,November,Golden State Warriors,New Jersey Nets,17,1,3,0,0,0,1
213,183,Chris Mullin,1996-97,November,Golden State Warriors,New Jersey Nets,10,3,1,0,1,0,1
214,201,Kerry Kittles,1996-97,November,New Jersey Nets,Golden State Warriors,4,2,0,0,0,1,2
215,212,Latrell Sprewell,1996-97,November,Golden State Warriors,New Jersey Nets,18,1,3,0,0,0,1
217,193,Jayson Williams,1996-97,November,New Jersey Nets,Golden State Warriors,13,0,8,0,0,1,2
218,152,Kendall Gill,1996-97,November,New Jersey Nets,Golden State Warriors,4,2,5,0,0,0,2
219,88,Mark Price,1996-97,November,Golden State Warriors,New Jersey Nets,10,3,1,0,0,0,1
220,215,Latrell Sprewell,1996-97,November,Golden State Warriors,New Jersey Nets,18,2,3,0,0,0,1
221,173,Tony Massenburg,1996-97,November,New Jersey Nets,Golden State Warriors,9,0,2,1,0,0,1
222,202,Khalid Reeves,1996-97,November,New Jersey Nets,Golden State Warriors,0,3,0,0,0,1,0
223,221,Tony Massenburg,1996-97,November,New Jersey Nets,Golden State Warriors,9,0,2,1,0,0,2
224,209,Joe Smith,1996-97,November,Golden State Warriors,New Jersey Nets,10,1,4,0,0,1,1
225,224,Joe Smith,1996-97,November,Golden State Warriors,New Jersey Nets,11,1,4,0,0,1,1
227,219,Mark Price,1996-97,November,Golden State Warriors,New Jersey Nets,10,3,2,0,0,0,1
229,41,Felton Spencer,1996-97,November,Golden State Warriors,New Jersey Nets,0,1,1,0,0,1,3
231,199,Ray Owes,1996-97,November,Golden State Warriors,New Jersey Nets,8,0,6,0,0,0,0
232,227,Mark Price,1996-97,November,Golden State Warriors,New Jersey Nets,12,3,2,0,0,0,1
233,213,Chris Mullin,1996-97,November,Golden State Warriors,New Jersey Nets,10,4,1,0,1,0,1
234,218,Kendall Gill,1996-97,November,New Jersey Nets,Golden State Warriors,6,2,5,0,0,0,2
235,172,Robert Pack,1996-97,November,New Jersey Nets,Golden State Warriors,8,6,1,1,1,0,1
237,235,Robert Pack,1996-97,November,New Jersey Nets,Golden State Warriors,8,6,2,1,1,0,1
239,217,Jayson Williams,1996-97,November,New Jersey Nets,Golden State Warriors,13,0,8,0,0,1,3
240,232,Mark Price,1996-97,November,Golden State Warriors,New Jersey Nets,13,3,2,0,0,0,1
241,240,Mark Price,1996-97,November,Golden State Warriors,New Jersey Nets,14,3,2,0,0,0,1
242,237,Robert Pack,1996-97,November,New Jersey Nets,Golden State Warriors,10,6,2,1,1,0,1
243,225,Joe Smith,1996-97,November,Golden State Warriors,New Jersey Nets,13,1,4,0,0,1,1
244,220,Latrell Sprewell,1996-97,November,Golden State Warriors,New Jersey Nets,18,3,3,0,0,0,1
246,234,Kendall Gill,1996-97,November,New Jersey Nets,Golden State Warriors,6,2,6,0,0,0,2
248,223,Tony Massenburg,1996-97,November,New Jersey Nets,Golden State Warriors,9,0,3,1,0,0,2
249,231,Ray Owes,1996-97,November,Golden State Warriors,New Jersey Nets,8,0,6,0,0,0,1
250,248,Tony Massenburg,1996-97,November,New Jersey Nets,Golden State Warriors,10,0,3,1,0,0,2
251,250,Tony Massenburg,1996-97,November,New Jersey Nets,Golden State Warriors,11,0,3,1,0,0,2
252,241,Mark Price,1996-97,November,Golden State Warriors,New Jersey Nets,14,3,2,0,0,1,1
253,242,Robert Pack,1996-97,November,New Jersey Nets,Golden State Warriors,10,6,2,1,2,0,1
255,244,Latrell Sprewell,1996-97,November,Golden State Warriors,New Jersey Nets,18,3,4,0,0,0,1
256,233,Chris Mullin,1996-97,November,Golden State Warriors,New Jersey Nets,12,4,1,0,1,0,1
257,252,Mark Price,1996-97,November,Golden State Warriors,New Jersey Nets,14,4,2,0,0,1,1
258,257,Mark Price,1996-97,November,Golden State Warriors,New Jersey Nets,14,4,2,0,0,1,2
259,253,Robert Pack,1996-97,November,New Jersey Nets,Golden State Warriors,11,6,2,1,2,0,1
260,259,Robert Pack,1996-97,November,New Jersey Nets,Golden State Warriors,12,6,2,1,2,0,1
261,249,Ray Owes,1996-97,November,Golden State Warriors,New Jersey Nets,10,0,6,0,0,0,1
263,255,Latrell Sprewell,1996-97,November,Golden State Warriors,New Jersey Nets,18,3,5,0,0,0,1
265,246,Kendall Gill,1996-97,November,New Jersey Nets,Golden State Warriors,6,2,7,0,0,0,2
267,239,Jayson Williams,1996-97,November,New Jersey Nets,Golden State Warriors,13,0,9,0,0,1,3
268,229,Felton Spencer,1996-97,November,Golden State Warriors,New Jersey Nets,0,1,1,0,0,1,4
270,267,Jayson Williams,1996-97,November,New Jersey Nets,Golden State Warriors,14,0,9,0,0,1,3
272,207,Shawn Bradley,1996-97,November,New Jersey Nets,Golden State Warriors,15,1,5,2,1,0,3
274,270,Jayson Williams,1996-97,November,New Jersey Nets,Golden State Warriors,14,0,10,0,0,1,3
275,274,Jayson Williams,1996-97,November,New Jersey Nets,Golden State Warriors,16,0,10,0,0,1,3
277,272,Shawn Bradley,1996-97,November,New Jersey Nets,Golden State Warriors,15,1,6,2,1,0,3
278,265,Kendall Gill,1996-97,November,New Jersey Nets,Golden State Warriors,8,2,7,0,0,0,2
280,277,Shawn Bradley,1996-97,November,New Jersey Nets,Golden State Warriors,15,1,6,3,1,0,3
281,280,Shawn Bradley,1996-97,November,New Jersey Nets,Golden State Warriors,15,1,7,3,1,0,3
282,281,Shawn Bradley,1996-97,November,New Jersey Nets,Golden State Warriors,17,1,7,3,1,0,3
283,278,Kendall Gill,1996-97,November,New Jersey Nets,Golden State Warriors,8,3,7,0,0,0,2
284,149,Andrew DeClercq,1996-97,November,Golden State Warriors,New Jersey Nets,3,0,2,0,0,0,2
285,258,Mark Price,1996-97,November,Golden State Warriors,New Jersey Nets,14,5,2,0,0,1,2
286,285,Mark Price,1996-97,November,Golden State Warriors,New Jersey Nets,14,5,2,0,0,1,3
287,214,Kerry Kittles,1996-97,November,New Jersey Nets,Golden State Warriors,6,2,0,0,0,1,2
288,283,Kendall Gill,1996-97,November,New Jersey Nets,Golden State Warriors,8,4,7,0,0,0,2
290,275,Jayson Williams,1996-97,November,New Jersey Nets,Golden State Warriors,16,0,11,0,0,1,3
292,256,Chris Mullin,1996-97,November,Golden State Warriors,New Jersey Nets,12,4,2,0,1,0,1
293,263,Latrell Sprewell,1996-97,November,Golden State Warriors,New Jersey Nets,20,3,5,0,0,0,1
294,243,Joe Smith,1996-97,November,Golden State Warriors,New Jersey Nets,13,1,4,0,0,1,2
295,290,Jayson Williams,1996-97,November,New Jersey Nets,Golden State Warriors,17,0,11,0,0,1,3
296,295,Jayson Williams,1996-97,November,New Jersey Nets,Golden State Warriors,18,0,11,0,0,1,3
298,287,Kerry Kittles,1996-97,November,New Jersey Nets,Golden State Warriors,9,2,0,0,0,1,2
299,260,Robert Pack,1996-97,November,New Jersey Nets,Golden State Warriors,12,7,2,1,2,0,1
301,284,Andrew DeClercq,1996-97,November,Golden State Warriors,New Jersey Nets,3,0,3,0,0,0,2
303,282,Shawn Bradley,1996-97,November,New Jersey Nets,Golden State Warriors,17,1,8,3,1,0,3
304,301,Andrew DeClercq,1996-97,November,Golden State Warriors,New Jersey Nets,3,0,3,0,0,0,3
306,294,Joe Smith,1996-97,November,Golden State Warriors,New Jersey Nets,13,1,5,0,0,1,2
307,292,Chris Mullin,1996-97,November,Golden State Warriors,New Jersey Nets,12,4,2,0,1,1,1
308,299,Robert Pack,1996-97,November,New Jersey Nets,Golden State Warriors,12,7,2,1,3,0,1
309,288,Kendall Gill,1996-97,November,New Jersey Nets,Golden State Warriors,10,4,7,0,0,0,2
310,308,Robert Pack,1996-97,November,New Jersey Nets,Golden State Warriors,12,8,2,1,3,0,1
311,296,Jayson Williams,1996-97,November,New Jersey Nets,Golden State Warriors,18,0,11,0,0,1,4
313,304,Andrew DeClercq,1996-97,November,Golden State Warriors,New Jersey Nets,4,0,3,0,0,0,3
314,310,Robert Pack,1996-97,November,New Jersey Nets,Golden State Warriors,14,8,2,1,3,0,1
315,306,Joe Smith,1996-97,November,Golden State Warriors,New Jersey Nets,15,1,5,0,0,1,2
316,298,Kerry Kittles,1996-97,November,New Jersey Nets,Golden State Warriors,12,2,0,0,0,1,2
317,309,Kendall Gill,1996-97,November,New Jersey Nets,Golden State Warriors,10,5,7,0,0,0,2
319,303,Shawn Bradley,1996-97,November,New Jersey Nets,Golden State Warriors,17,1,9,3,1,0,3
321,313,Andrew DeClercq,1996-97,November,Golden State Warriors,New Jersey Nets,4,0,4,0,0,0,3
323,316,Kerry Kittles,1996-97,November,New Jersey Nets,Golden State Warriors,15,2,0,0,0,1,2
324,314,Robert Pack,1996-97,November,New Jersey Nets,Golden State Warriors,14,9,2,1,3,0,1
325,286,Mark Price,1996-97,November,Golden State Warriors,New Jersey Nets,16,5,2,0,0,1,3
326,307,Chris Mullin,1996-97,November,Golden State Warriors,New Jersey Nets,12,5,2,0,1,1,1
327,315,Joe Smith,1996-97,November,Golden State Warriors,New Jersey Nets,15,1,5,0,0,1,3
330,261,Ray Owes,1996-97,November,Golden State Warriors,New Jersey Nets,10,0,7,0,0,0,1
331,330,Ray Owes,1996-97,November,Golden State Warriors,New Jersey Nets,12,0,7,0,0,0,1
333,326,Chris Mullin,1996-97,November,Golden State Warriors,New Jersey Nets,12,5,3,0,1,1,1
334,324,Robert Pack,1996-97,November,New Jersey Nets,Golden State Warriors,14,9,2,1,3,0,2
335,325,Mark Price,1996-97,November,Golden State Warriors,New Jersey Nets,17,5,2,0,0,1,3
336,335,Mark Price,1996-97,November,Golden State Warriors,New Jersey Nets,18,5,2,0,0,1,3
337,333,Chris Mullin,1996-97,November,Golden State Warriors,New Jersey Nets,12,5,3,0,1,1,2
338,323,Kerry Kittles,1996-97,November,New Jersey Nets,Golden State Warriors,16,2,0,0,0,1,2
340,331,Ray Owes,1996-97,November,Golden State Warriors,New Jersey Nets,12,0,8,0,0,0,1
342,311,Jayson Williams,1996-97,November,New Jersey Nets,Golden State Warriors,18,0,12,0,0,1,4
343,338,Kerry Kittles,1996-97,November,New Jersey Nets,Golden State Warriors,16,2,0,0,0,1,3
344,343,Kerry Kittles,1996-97,November,New Jersey Nets,Golden State Warriors,16,2,0,0,0,2,3
346,340,Ray Owes,1996-97,November,Golden State Warriors,New Jersey Nets,12,0,9,0,0,0,1
347,327,Joe Smith,1996-97,November,Golden State Warriors,New Jersey Nets,17,1,5,0,0,1,3
348,336,Mark Price,1996-97,November,Golden State Warriors,New Jersey Nets,18,6,2,0,0,1,3
350,348,Mark Price,1996-97,November,Golden State Warriors,New Jersey Nets,18,6,3,0,0,1,3
351,342,Jayson Williams,1996-97,November,New Jersey Nets,Golden State Warriors,18,0,12,0,0,1,5
353,347,Joe Smith,1996-97,November,Golden State Warriors,New Jersey Nets,17,1,6,0,0,1,3
354,317,Kendall Gill,1996-97,November,New Jersey Nets,Golden State Warriors,10,5,7,0,0,0,3
356,344,Kerry Kittles,1996-97,November,New Jersey Nets,Golden State Warriors,16,2,1,0,0,2,3
357,293,Latrell Sprewell,1996-97,November,Golden State Warriors,New Jersey Nets,20,3,5,0,0,0,2
358,354,Kendall Gill,1996-97,November,New Jersey Nets,Golden State Warriors,11,5,7,0,0,0,3
359,358,Kendall Gill,1996-97,November,New Jersey Nets,Golden State Warriors,12,5,7,0,0,0,3
360,251,Tony Massenburg,1996-97,November,New Jersey Nets,Golden State Warriors,11,0,3,1,0,0,3
361,346,Ray Owes,1996-97,November,Golden State Warriors,New Jersey Nets,13,0,9,0,0,0,1
362,361,Ray Owes,1996-97,November,Golden State Warriors,New Jersey Nets,14,0,9,0,0,0,1
363,356,Kerry Kittles,1996-97,November,New Jersey Nets,Golden State Warriors,18,2,1,0,0,2,3
365,362,Ray Owes,1996-97,November,Golden State Warriors,New Jersey Nets,14,0,10,0,0,0,1
366,350,Mark Price,1996-97,November,Golden State Warriors,New Jersey Nets,20,6,3,0,0,1,3
367,353,Joe Smith,1996-97,November,Golden State Warriors,New Jersey Nets,17,1,6,0,0,1,4
368,334,Robert Pack,1996-97,November,New Jersey Nets,Golden State Warriors,15,9,2,1,3,0,2
369,368,Robert Pack,1996-97,November,New Jersey Nets,Golden State Warriors,16,9,2,1,3,0,2
370,365,Ray Owes,1996-97,November,Golden State Warriors,New Jersey Nets,14,0,10,0,0,1,1
371,369,Robert Pack,1996-97,November,New Jersey Nets,Golden State Warriors,16,9,2,1,4,0,2
372,371,Robert Pack,1996-97,November,New Jersey Nets,Golden State Warriors,16,9,2,1,4,1,2
373,366,Mark Price,1996-97,November,Golden State Warriors,New Jersey Nets,20,6,3,0,1,1,3
374,372,Robert Pack,1996-97,November,New Jersey Nets,Golden State Warriors,16,9,2,1,4,1,3
375,373,Mark Price,1996-97,November,Golden State Warriors,New Jersey Nets,21,6,3,0,1,1,3
377,359,Kendall Gill,1996-97,November,New Jersey Nets,Golden State Warriors,12,5,8,0,0,0,3
378,370,Ray Owes,1996-97,November,Golden State Warriors,New Jersey Nets,14,0,10,0,0,1,2
379,377,Kendall Gill,1996-97,November,New Jersey Nets,Golden State Warriors,13,5,8,0,0,0,3
380,379,Kendall Gill,1996-97,November,New Jersey Nets,Golden State Warriors,14,5,8,0,0,0,3
381,360,Tony Massenburg,1996-97,November,New Jersey Nets,Golden State Warriors,11,0,3,1,0,0,4
385,378,Ray Owes,1996-97,November,Golden State Warriors,New Jersey Nets,14,0,11,0,0,1,2
387,0,Adrian Caldwell,1996-97,November,New Jersey Nets,Golden State Warriors,0,0,1,0,0,0,0
388,363,Kerry Kittles,1996-97,November,New Jersey Nets,Golden State Warriors,20,2,1,0,0,2,3
389,196,B.J. Armstrong,1996-97,November,Golden State Warriors,New Jersey Nets,2,5,0,0,0,0,1
391,200,Donyell Marshall,1996-97,November,Golden State Warriors,New Jersey Nets,0,1,4,0,0,0,1
393,171,Reggie Williams,1996-97,November,New Jersey Nets,Golden State Warriors,3,0,1,0,0,0,0
394,389,B.J. Armstrong,1996-97,November,Golden State Warriors,New Jersey Nets,2,5,0,0,0,0,2
395,388,Kerry Kittles,1996-97,November,New Jersey Nets,Golden State Warriors,21,2,1,0,0,2,3
396,395,Kerry Kittles,1996-97,November,New Jersey Nets,Golden State Warriors,22,2,1,0,0,2,3
397,394,B.J. Armstrong,1996-97,November,Golden State Warriors,New Jersey Nets,5,5,0,0,0,0,2
398,357,Latrell Sprewell,1996-97,November,Golden State Warriors,New Jersey Nets,20,4,5,0,0,0,2
400,391,Donyell Marshall,1996-97,November,Golden State Warriors,New Jersey Nets,0,1,5,0,0,0,1
401,385,Ray Owes,1996-97,November,Golden State Warriors,New Jersey Nets,16,0,11,0,0,1,2
402,398,Latrell Sprewell,1996-97,November,Golden State Warriors,New Jersey Nets,20,5,5,0,0,0,2
403,401,Ray Owes,1996-97,November,Golden State Warriors,New Jersey Nets,18,0,11,0,0,1,2
404,402,Latrell Sprewell,1996-97,November,Golden State Warriors,New Jersey Nets,20,6,5,0,0,0,2
406,380,Kendall Gill,1996-97,November,New Jersey Nets,Golden State Warriors,14,5,9,0,0,0,3
408,397,B.J. Armstrong,1996-97,November,Golden State Warriors,New Jersey Nets,5,5,1,0,0,0,2
409,408,B.J. Armstrong,1996-97,November,Golden State Warriors,New Jersey Nets,7,5,1,0,0,0,2
411,406,Kendall Gill,1996-97,November,New Jersey Nets,Golden State Warriors,14,5,10,0,0,0,3
413,319,Shawn Bradley,1996-97,November,New Jersey Nets,Golden State Warriors,17,1,10,3,1,0,3
414,413,Shawn Bradley,1996-97,November,New Jersey Nets,Golden State Warriors,19,1,10,3,1,0,3
415,404,Latrell Sprewell,1996-97,November,Golden State Warriors,New Jersey Nets,20,6,5,0,0,1,2
416,396,Kerry Kittles,1996-97,November,New Jersey Nets,Golden State Warriors,22,2,1,0,1,2,3
417,400,Donyell Marshall,1996-97,November,Golden State Warriors,New Jersey Nets,0,1,5,0,0,0,2
418,416,Kerry Kittles,1996-97,November,New Jersey Nets,Golden State Warriors,23,2,1,0,1,2,3
420,417,Donyell Marshall,1996-97,November,Golden State Warriors,New Jersey Nets,0,1,6,0,0,0,2
421,367,Joe Smith,1996-97,November,Golden State Warriors,New Jersey Nets,20,1,6,0,0,1,4
422,415,Latrell Sprewell,1996-97,November,Golden State Warriors,New Jersey Nets,20,7,5,0,0,1,2
424,420,Donyell Marshall,1996-97,November,Golden State Warriors,New Jersey Nets,0,1,7,0,0,0,2
426,351,Jayson Williams,1996-97,November,New Jersey Nets,Golden State Warriors,18,0,13,0,0,1,5
427,424,Donyell Marshall,1996-97,November,Golden State Warriors,New Jersey Nets,0,1,7,0,0,0,3
428,374,Robert Pack,1996-97,November,New Jersey Nets,Golden State Warriors,18,9,2,1,4,1,3
429,421,Joe Smith,1996-97,November,Golden State Warriors,New Jersey Nets,20,1,6,0,0,1,5
430,428,Robert Pack,1996-97,November,New Jersey Nets,Golden State Warriors,19,9,2,1,4,1,3
431,414,Shawn Bradley,1996-97,November,New Jersey Nets,Golden State Warriors,19,1,10,3,1,0,4
432,411,Kendall Gill,1996-97,November,New Jersey Nets,Golden State Warriors,14,5,10,0,0,0,4
434,431,Shawn Bradley,1996-97,November,New Jersey Nets,Golden State Warriors,19,1,10,4,1,0,4
435,427,Donyell Marshall,1996-97,November,Golden State Warriors,New Jersey Nets,0,1,8,0,0,0,3
436,429,Joe Smith,1996-97,November,Golden State Warriors,New Jersey Nets,22,1,6,0,0,1,5
437,435,Donyell Marshall,1996-97,November,Golden State Warriors,New Jersey Nets,0,2,8,0,0,0,3
438,434,Shawn Bradley,1996-97,November,New Jersey Nets,Golden State Warriors,19,1,10,4,1,0,5
440,438,Shawn Bradley,1996-97,November,New Jersey Nets,Golden State Warriors,19,1,11,4,1,0,5
441,437,Donyell Marshall,1996-97,November,Golden State Warriors,New Jersey Nets,0,2,8,0,0,0,4
442,418,Kerry Kittles,1996-97,November,New Jersey Nets,Golden State Warriors,24,2,1,0,1,2,3
443,442,Kerry Kittles,1996-97,November,New Jersey Nets,Golden State Warriors,25,2,1,0,1,2,3
445,441,Donyell Marshall,1996-97,November,Golden State Warriors,New Jersey Nets,0,2,9,0,0,0,4
446,445,Donyell Marshall,1996-97,November,Golden State Warriors,New Jersey Nets,2,2,9,0,0,0,4
448,440,Shawn Bradley,1996-97,November,New Jersey Nets,Golden State Warriors,19,1,12,4,1,0,5
450,426,Jayson Williams,1996-97,November,New Jersey Nets,Golden State Warriors,18,0,14,0,0,1,5
451,450,Jayson Williams,1996-97,November,New Jersey Nets,Golden State Warriors,18,0,14,0,0,2,5
454,446,Donyell Marshall,1996-97,November,Golden State Warriors,New Jersey Nets,2,2,10,0,0,0,4
455,337,Chris Mullin,1996-97,November,Golden State Warriors,New Jersey Nets,14,5,3,0,1,1,2
456,409,B.J. Armstrong,1996-97,November,Golden State Warriors,New Jersey Nets,7,6,1,0,0,0,2
458,454,Donyell Marshall,1996-97,November,Golden State Warriors,New Jersey Nets,2,2,10,1,0,0,4
459,321,Andrew DeClercq,1996-97,November,Golden State Warriors,New Jersey Nets,4,0,5,0,0,0,3
461,430,Robert Pack,1996-97,November,New Jersey Nets,Golden State Warriors,21,9,2,1,4,1,3
462,436,Joe Smith,1996-97,November,Golden State Warriors,New Jersey Nets,24,1,6,0,0,1,5
464,462,Joe Smith,1996-97,November,Golden State Warriors,New Jersey Nets,24,1,6,1,0,1,5
465,375,Mark Price,1996-97,November,Golden State Warriors,New Jersey Nets,21,6,3,0,1,2,3
466,448,Shawn Bradley,1996-97,November,New Jersey Nets,Golden State Warriors,19,1,12,4,2,0,5
467,432,Kendall Gill,1996-97,November,New Jersey Nets,Golden State Warriors,16,5,10,0,0,0,4
468,443,Kerry Kittles,1996-97,November,New Jersey Nets,Golden State Warriors,25,3,1,0,1,2,3
469,467,Kendall Gill,1996-97,November,New Jersey Nets,Golden State Warriors,16,5,10,0,0,0,5
470,466,Shawn Bradley,1996-97,November,New Jersey Nets,Golden State Warriors,19,1,12,4,2,0,6
471,464,Joe Smith,1996-97,November,Golden State Warriors,New Jersey Nets,25,1,6,1,0,1,5
472,471,Joe Smith,1996-97,November,Golden State Warriors,New Jersey Nets,26,1,6,1,0,1,5
473,381,Tony Massenburg,1996-97,November,New Jersey Nets,Golden State Warriors,11,0,3,1,0,1,4
474,455,Chris Mullin,1996-97,November,Golden State Warriors,New Jersey Nets,14,5,3,0,1,2,2
475,469,Kendall Gill,1996-97,November,New Jersey Nets,Golden State Warriors,16,5,10,0,1,0,5
477,422,Latrell Sprewell,1996-97,November,Golden State Warriors,New Jersey Nets,20,7,5,1,0,1,2
478,477,Latrell Sprewell,1996-97,November,Golden State Warriors,New Jersey Nets,20,7,6,1,0,1,2
479,475,Kendall Gill,1996-97,November,New Jersey Nets,Golden State Warriors,16,5,10,0,1,0,6
480,478,Latrell Sprewell,1996-97,November,Golden State Warriors,New Jersey Nets,21,7,6,1,0,1,2
481,480,Latrell Sprewell,1996-97,November,Golden State Warriors,New Jersey Nets,22,7,6,1,0,1,2
482,461,Robert Pack,1996-97,November,New Jersey Nets,Golden State Warriors,21,9,2,1,4,2,3
484,472,Joe Smith,1996-97,November,Golden State Warriors,New Jersey Nets,26,1,7,1,0,1,5
485,484,Joe Smith,1996-97,November,Golden State Warriors,New Jersey Nets,28,1,7,1,0,1,5
486,465,Mark Price,1996-97,November,Golden State Warriors,New Jersey Nets,21,6,3,0,1,2,4
488,482,Robert Pack,1996-97,November,New Jersey Nets,Golden State Warriors,22,9,2,1,4,2,3
489,468,Kerry Kittles,1996-97,November,New Jersey Nets,Golden State Warriors,25,3,1,0,1,2,4
491,481,Latrell Sprewell,1996-97,November,Golden State Warriors,New Jersey Nets,23,7,6,1,0,1,2
492,488,Robert Pack,1996-97,November,New Jersey Nets,Golden State Warriors,25,9,2,1,4,2,3
493,473,Tony Massenburg,1996-97,November,New Jersey Nets,Golden State Warriors,11,1,3,1,0,1,4
494,489,Kerry Kittles,1996-97,November,New Jersey Nets,Golden State Warriors,25,3,1,0,1,2,5
495,491,Latrell Sprewell,1996-97,November,Golden State Warriors,New Jersey Nets,24,7,6,1,0,1,2
496,495,Latrell Sprewell,1996-97,November,Golden State Warriors,New Jersey Nets,25,7,6,1,0,1,2
498,451,Jayson Williams,1996-97,November,New Jersey Nets,Golden State Warriors,18,0,15,0,0,2,5
499,403,Ray Owes,1996-97,November,Golden State Warriors,New Jersey Nets,18,0,11,0,0,1,3
501,498,Jayson Williams,1996-97,November,New Jersey Nets,Golden State Warriors,19,0,15,0,0,2,5
502,494,Kerry Kittles,1996-97,November,New Jersey Nets,Golden State Warriors,25,3,1,0,1,2,6
504,496,Latrell Sprewell,1996-97,November,Golden State Warriors,New Jersey Nets,26,7,6,1,0,1,2
506,504,Latrell Sprewell,1996-97,November,Golden State Warriors,New Jersey Nets,26,7,7,1,0,1,2
507,393,Reggie Williams,1996-97,November,New Jersey Nets,Golden State Warriors,3,0,1,0,0,0,1
508,485,Joe Smith,1996-97,November,Golden State Warriors,New Jersey Nets,29,1,7,1,0,1,5
509,508,Joe Smith,1996-97,November,Golden State Warriors,New Jersey Nets,30,1,7,1,0,1,5
511,509,Joe Smith,1996-97,November,Golden State Warriors,New Jersey Nets,30,1,8,1,0,1,5
