id,previous_id,player,season,month,team,opponent_team,points,assists,rebounds,blocks,steals,turnovers,personal fouls
2,0,Anthony Mason,1996-97,November,Charlotte Hornets,Milwaukee Bucks,0,0,0,0,0,1,0
3,0,Vin Baker,1996-97,November,Milwaukee Bucks,Charlotte Hornets,0,0,0,0,1,0,0
5,0,Vlade Divac,1996-97,November,Charlotte Hornets,Milwaukee Bucks,0,0,1,0,0,0,0
7,0,Glenn Robinson,1996-97,November,Milwaukee Bucks,Charlotte Hornets,0,0,1,0,0,0,0
9,5,Vlade Divac,1996-97,November,Charlotte Hornets,Milwaukee Bucks,0,0,2,0,0,0,0
11,0,Sherman Douglas,1996-97,November,Milwaukee Bucks,Charlotte Hornets,2,0,0,0,0,0,0
12,9,Vlade Divac,1996-97,November,Charlotte Hornets,Milwaukee Bucks,0,0,2,0,0,1,0
14,12,Vlade Divac,1996-97,November,Charlotte Hornets,Milwaukee Bucks,0,0,3,0,0,1,0
15,0,Dell Curry,1996-97,November,Charlotte Hornets,Milwaukee Bucks,2,0,0,0,0,0,0
16,2,Anthony Mason,1996-97,November,Charlotte Hornets,Milwaukee Bucks,0,1,0,0,0,1,0
17,0,Andrew Lang,1996-97,November,Milwaukee Bucks,Charlotte Hornets,2,0,0,0,0,0,0
18,3,Vin Baker,1996-97,November,Milwaukee Bucks,Charlotte Hornets,0,1,0,0,1,0,0
20,7,Glenn Robinson,1996-97,November,Milwaukee Bucks,Charlotte Hornets,0,0,2,0,0,0,0
21,11,Sherman Douglas,1996-97,November,Milwaukee Bucks,Charlotte Hornets,4,0,0,0,0,0,0
23,14,Vlade Divac,1996-97,November,Charlotte Hornets,Milwaukee Bucks,0,0,4,0,0,1,0
24,20,Glenn Robinson,1996-97,November,Milwaukee Bucks,Charlotte Hornets,0,0,2,0,0,0,1
26,18,Vin Baker,1996-97,November,Milwaukee Bucks,Charlotte Hornets,0,1,1,0,1,0,0
27,26,Vin Baker,1996-97,November,Milwaukee Bucks,Charlotte Hornets,2,1,1,0,1,0,0
28,24,Glenn Robinson,1996-97,November,Milwaukee Bucks,Charlotte Hornets,0,1,2,0,0,0,1
29,0,Glen Rice,1996-97,November,Charlotte Hornets,Milwaukee Bucks,2,0,0,0,0,0,0
30,28,Glenn Robinson,1996-97,November,Milwaukee Bucks,Charlotte Hornets,2,1,2,0,0,0,1
31,29,Glen Rice,1996-97,November,Charlotte Hornets,Milwaukee Bucks,2,0,0,0,0,0,1
32,30,Glenn Robinson,1996-97,November,Milwaukee Bucks,Charlotte Hornets,3,1,2,0,0,0,1
33,15,Dell Curry,1996-97,November,Charlotte Hornets,Milwaukee Bucks,2,0,0,0,0,1,0
35,23,Vlade Divac,1996-97,November,Charlotte Hornets,Milwaukee Bucks,0,0,4,1,0,1,0
36,16,Anthony Mason,1996-97,November,Charlotte Hornets,Milwaukee Bucks,0,1,1,0,0,1,0
37,21,Sherman Douglas,1996-97,November,Milwaukee Bucks,Charlotte Hornets,4,0,0,0,0,0,1
38,31,Glen Rice,1996-97,November,Charlotte Hornets,Milwaukee Bucks,2,0,0,0,0,1,1
39,17,Andrew Lang,1996-97,November,Milwaukee Bucks,Charlotte Hornets,2,0,0,0,1,0,0
40,27,Vin Baker,1996-97,November,Milwaukee Bucks,Charlotte Hornets,4,1,1,0,1,0,0
41,0,Ray Allen,1996-97,November,Milwaukee Bucks,Charlotte Hornets,0,1,0,0,0,0,0
42,0,Muggsy Bogues,1996-97,November,Charlotte Hornets,Milwaukee Bucks,2,0,0,0,0,0,0
43,36,Anthony Mason,1996-97,November,Charlotte Hornets,Milwaukee Bucks,0,2,1,0,0,1,0
44,37,Sherman Douglas,1996-97,November,Milwaukee Bucks,Charlotte Hornets,6,0,0,0,0,0,1
45,33,Dell Curry,1996-97,November,Charlotte Hornets,Milwaukee Bucks,4,0,0,0,0,1,0
46,35,Vlade Divac,1996-97,November,Charlotte Hornets,Milwaukee Bucks,0,1,4,1,0,1,0
48,43,Anthony Mason,1996-97,November,Charlotte Hornets,Milwaukee Bucks,0,2,2,0,0,1,0
49,46,Vlade Divac,1996-97,November,Charlotte Hornets,Milwaukee Bucks,0,1,4,1,0,2,0
50,39,Andrew Lang,1996-97,November,Milwaukee Bucks,Charlotte Hornets,2,0,0,0,2,0,0
51,32,Glenn Robinson,1996-97,November,Milwaukee Bucks,Charlotte Hornets,6,1,2,0,0,0,1
52,44,Sherman Douglas,1996-97,November,Milwaukee Bucks,Charlotte Hornets,6,1,0,0,0,0,1
54,40,Vin Baker,1996-97,November,Milwaukee Bucks,Charlotte Hornets,4,1,2,0,1,0,0
55,41,Ray Allen,1996-97,November,Milwaukee Bucks,Charlotte Hornets,2,1,0,0,0,0,0
56,0,Matt Geiger,1996-97,November,Charlotte Hornets,Milwaukee Bucks,0,0,0,0,0,0,1
57,55,Ray Allen,1996-97,November,Milwaukee Bucks,Charlotte Hornets,3,1,0,0,0,0,0
58,54,Vin Baker,1996-97,November,Milwaukee Bucks,Charlotte Hornets,4,1,2,0,1,0,1
59,48,Anthony Mason,1996-97,November,Charlotte Hornets,Milwaukee Bucks,1,2,2,0,0,1,0
60,59,Anthony Mason,1996-97,November,Charlotte Hornets,Milwaukee Bucks,2,2,2,0,0,1,0
62,58,Vin Baker,1996-97,November,Milwaukee Bucks,Charlotte Hornets,4,1,3,0,1,0,1
63,0,Scott Burrell,1996-97,November,Charlotte Hornets,Milwaukee Bucks,0,0,0,0,0,0,1
64,50,Andrew Lang,1996-97,November,Milwaukee Bucks,Charlotte Hornets,4,0,0,0,2,0,0
65,57,Ray Allen,1996-97,November,Milwaukee Bucks,Charlotte Hornets,3,2,0,0,0,0,0
66,45,Dell Curry,1996-97,November,Charlotte Hornets,Milwaukee Bucks,6,0,0,0,0,1,0
67,56,Matt Geiger,1996-97,November,Charlotte Hornets,Milwaukee Bucks,0,1,0,0,0,0,1
69,67,Matt Geiger,1996-97,November,Charlotte Hornets,Milwaukee Bucks,0,1,1,0,0,0,1
70,42,Muggsy Bogues,1996-97,November,Charlotte Hornets,Milwaukee Bucks,2,0,0,0,0,1,0
71,51,Glenn Robinson,1996-97,November,Milwaukee Bucks,Charlotte Hornets,8,1,2,0,0,0,1
72,62,Vin Baker,1996-97,November,Milwaukee Bucks,Charlotte Hornets,4,2,3,0,1,0,1
73,70,Muggsy Bogues,1996-97,November,Charlotte Hornets,Milwaukee Bucks,4,0,0,0,0,1,0
74,60,Anthony Mason,1996-97,November,Charlotte Hornets,Milwaukee Bucks,2,3,2,0,0,1,0
76,69,Matt Geiger,1996-97,November,Charlotte Hornets,Milwaukee Bucks,0,1,2,0,0,0,1
77,73,Muggsy Bogues,1996-97,November,Charlotte Hornets,Milwaukee Bucks,4,0,0,0,0,2,0
78,52,Sherman Douglas,1996-97,November,Milwaukee Bucks,Charlotte Hornets,6,1,0,0,1,0,1
79,71,Glenn Robinson,1996-97,November,Milwaukee Bucks,Charlotte Hornets,10,1,2,0,0,0,1
80,65,Ray Allen,1996-97,November,Milwaukee Bucks,Charlotte Hornets,3,3,0,0,0,0,0
82,74,Anthony Mason,1996-97,November,Charlotte Hornets,Milwaukee Bucks,2,3,3,0,0,1,0
83,64,Andrew Lang,1996-97,November,Milwaukee Bucks,Charlotte Hornets,4,0,0,0,2,0,1
84,82,Anthony Mason,1996-97,November,Charlotte Hornets,Milwaukee Bucks,3,3,3,0,0,1,0
85,84,Anthony Mason,1996-97,November,Charlotte Hornets,Milwaukee Bucks,4,3,3,0,0,1,0
86,0,Armen Gilliam,1996-97,November,Milwaukee Bucks,Charlotte Hornets,0,0,0,0,0,1,0
88,78,Sherman Douglas,1996-97,November,Milwaukee Bucks,Charlotte Hornets,6,1,1,0,1,0,1
89,76,Matt Geiger,1996-97,November,Charlotte Hornets,Milwaukee Bucks,0,1,2,0,0,0,2
91,79,Glenn Robinson,1996-97,November,Milwaukee Bucks,Charlotte Hornets,11,1,2,0,0,0,1
93,91,Glenn Robinson,1996-97,November,Milwaukee Bucks,Charlotte Hornets,11,1,2,1,0,0,1
94,72,Vin Baker,1996-97,November,Milwaukee Bucks,Charlotte Hornets,4,2,4,0,1,0,1
97,93,Glenn Robinson,1996-97,November,Milwaukee Bucks,Charlotte Hornets,11,1,3,1,0,0,1
99,85,Anthony Mason,1996-97,November,Charlotte Hornets,Milwaukee Bucks,4,3,4,0,0,1,0
101,86,Armen Gilliam,1996-97,November,Milwaukee Bucks,Charlotte Hornets,0,0,1,0,0,1,0
102,88,Sherman Douglas,1996-97,November,Milwaukee Bucks,Charlotte Hornets,6,1,1,0,1,1,1
103,99,Anthony Mason,1996-97,November,Charlotte Hornets,Milwaukee Bucks,4,3,4,0,1,1,0
104,102,Sherman Douglas,1996-97,November,Milwaukee Bucks,Charlotte Hornets,6,1,1,0,1,1,2
105,63,Scott Burrell,1996-97,November,Charlotte Hornets,Milwaukee Bucks,3,0,0,0,0,0,1
106,0,Anthony Goldwire,1996-97,November,Charlotte Hornets,Milwaukee Bucks,0,1,0,0,0,0,0
108,103,Anthony Mason,1996-97,November,Charlotte Hornets,Milwaukee Bucks,4,3,5,0,1,1,0
109,106,Anthony Goldwire,1996-97,November,Charlotte Hornets,Milwaukee Bucks,0,1,0,0,0,1,0
110,0,Johnny Newman,1996-97,November,Milwaukee Bucks,Charlotte Hornets,2,0,0,0,0,0,0
111,105,Scott Burrell,1996-97,November,Charlotte Hornets,Milwaukee Bucks,3,0,0,0,0,0,2
112,110,Johnny Newman,1996-97,November,Milwaukee Bucks,Charlotte Hornets,3,0,0,0,0,0,0
113,89,Matt Geiger,1996-97,November,Charlotte Hornets,Milwaukee Bucks,0,1,2,0,0,0,3
114,113,Matt Geiger,1996-97,November,Charlotte Hornets,Milwaukee Bucks,0,1,2,0,0,1,3
115,49,Vlade Divac,1996-97,November,Charlotte Hornets,Milwaukee Bucks,0,1,4,1,0,2,1
116,101,Armen Gilliam,1996-97,November,Milwaukee Bucks,Charlotte Hornets,1,0,1,0,0,1,0
117,116,Armen Gilliam,1996-97,November,Milwaukee Bucks,Charlotte Hornets,2,0,1,0,0,1,0
119,83,Andrew Lang,1996-97,November,Milwaukee Bucks,Charlotte Hornets,4,0,1,0,2,0,1
120,117,Armen Gilliam,1996-97,November,Milwaukee Bucks,Charlotte Hornets,4,0,1,0,0,1,0
121,111,Scott Burrell,1996-97,November,Charlotte Hornets,Milwaukee Bucks,5,0,0,0,0,0,2
122,109,Anthony Goldwire,1996-97,November,Charlotte Hornets,Milwaukee Bucks,0,2,0,0,0,1,0
123,80,Ray Allen,1996-97,November,Milwaukee Bucks,Charlotte Hornets,3,3,0,0,0,0,1
124,121,Scott Burrell,1996-97,November,Charlotte Hornets,Milwaukee Bucks,6,0,0,0,0,0,2
126,124,Scott Burrell,1996-97,November,Charlotte Hornets,Milwaukee Bucks,6,0,1,0,0,0,2
127,115,Vlade Divac,1996-97,November,Charlotte Hornets,Milwaukee Bucks,2,1,4,1,0,2,1
128,122,Anthony Goldwire,1996-97,November,Charlotte Hornets,Milwaukee Bucks,0,3,0,0,0,1,0
129,119,Andrew Lang,1996-97,November,Milwaukee Bucks,Charlotte Hornets,4,0,1,0,2,1,1
130,112,Johnny Newman,1996-97,November,Milwaukee Bucks,Charlotte Hornets,3,0,0,0,0,0,1
131,130,Johnny Newman,1996-97,November,Milwaukee Bucks,Charlotte Hornets,3,0,0,0,0,0,2
132,38,Glen Rice,1996-97,November,Charlotte Hornets,Milwaukee Bucks,2,0,0,0,0,2,1
133,0,Elliot Perry,1996-97,November,Milwaukee Bucks,Charlotte Hornets,0,0,0,0,1,0,0
134,133,Elliot Perry,1996-97,November,Milwaukee Bucks,Charlotte Hornets,0,0,0,0,1,1,0
135,128,Anthony Goldwire,1996-97,November,Charlotte Hornets,Milwaukee Bucks,0,3,0,0,1,1,0
136,132,Glen Rice,1996-97,November,Charlotte Hornets,Milwaukee Bucks,4,0,0,0,0,2,1
137,135,Anthony Goldwire,1996-97,November,Charlotte Hornets,Milwaukee Bucks,0,4,0,0,1,1,0
139,129,Andrew Lang,1996-97,November,Milwaukee Bucks,Charlotte Hornets,4,0,2,0,2,1,1
140,139,Andrew Lang,1996-97,November,Milwaukee Bucks,Charlotte Hornets,4,0,2,0,2,2,1
141,127,Vlade Divac,1996-97,November,Charlotte Hornets,Milwaukee Bucks,4,1,4,1,0,2,1
142,126,Scott Burrell,1996-97,November,Charlotte Hornets,Milwaukee Bucks,6,0,1,0,0,0,3
144,141,Vlade Divac,1996-97,November,Charlotte Hornets,Milwaukee Bucks,4,1,5,1,0,2,1
147,136,Glen Rice,1996-97,November,Charlotte Hornets,Milwaukee Bucks,4,0,1,0,0,2,1
148,97,Glenn Robinson,1996-97,November,Milwaukee Bucks,Charlotte Hornets,11,1,3,1,0,0,2
149,114,Matt Geiger,1996-97,November,Charlotte Hornets,Milwaukee Bucks,1,1,2,0,0,1,3
150,149,Matt Geiger,1996-97,November,Charlotte Hornets,Milwaukee Bucks,2,1,2,0,0,1,3
151,147,Glen Rice,1996-97,November,Charlotte Hornets,Milwaukee Bucks,4,0,1,0,0,2,2
154,150,Matt Geiger,1996-97,November,Charlotte Hornets,Milwaukee Bucks,2,1,3,0,0,1,3
156,148,Glenn Robinson,1996-97,November,Milwaukee Bucks,Charlotte Hornets,11,1,4,1,0,0,2
158,144,Vlade Divac,1996-97,November,Charlotte Hornets,Milwaukee Bucks,4,1,6,1,0,2,1
159,151,Glen Rice,1996-97,November,Charlotte Hornets,Milwaukee Bucks,6,0,1,0,0,2,2
160,158,Vlade Divac,1996-97,November,Charlotte Hornets,Milwaukee Bucks,4,2,6,1,0,2,1
161,154,Matt Geiger,1996-97,November,Charlotte Hornets,Milwaukee Bucks,2,1,3,0,0,1,4
163,94,Vin Baker,1996-97,November,Milwaukee Bucks,Charlotte Hornets,5,2,4,0,1,0,1
164,159,Glen Rice,1996-97,November,Charlotte Hornets,Milwaukee Bucks,8,0,1,0,0,2,2
166,142,Scott Burrell,1996-97,November,Charlotte Hornets,Milwaukee Bucks,6,0,2,0,0,0,3
168,163,Vin Baker,1996-97,November,Milwaukee Bucks,Charlotte Hornets,5,2,5,0,1,0,1
170,168,Vin Baker,1996-97,November,Milwaukee Bucks,Charlotte Hornets,5,2,6,0,1,0,1
172,108,Anthony Mason,1996-97,November,Charlotte Hornets,Milwaukee Bucks,4,3,6,0,1,1,0
173,137,Anthony Goldwire,1996-97,November,Charlotte Hornets,Milwaukee Bucks,2,4,0,0,1,1,0
175,166,Scott Burrell,1996-97,November,Charlotte Hornets,Milwaukee Bucks,6,0,3,0,0,0,3
176,164,Glen Rice,1996-97,November,Charlotte Hornets,Milwaukee Bucks,8,0,1,0,0,3,2
177,104,Sherman Douglas,1996-97,November,Milwaukee Bucks,Charlotte Hornets,6,1,1,0,2,1,2
178,156,Glenn Robinson,1996-97,November,Milwaukee Bucks,Charlotte Hornets,13,1,4,1,0,0,2
179,131,Johnny Newman,1996-97,November,Milwaukee Bucks,Charlotte Hornets,3,1,0,0,0,0,2
181,172,Anthony Mason,1996-97,November,Charlotte Hornets,Milwaukee Bucks,4,3,6,0,1,2,0
182,177,Sherman Douglas,1996-97,November,Milwaukee Bucks,Charlotte Hornets,8,1,1,0,2,1,2
183,173,Anthony Goldwire,1996-97,November,Charlotte Hornets,Milwaukee Bucks,5,4,0,0,1,1,0
184,181,Anthony Mason,1996-97,November,Charlotte Hornets,Milwaukee Bucks,4,3,6,0,1,2,0
185,178,Glenn Robinson,1996-97,November,Milwaukee Bucks,Charlotte Hornets,14,1,4,1,0,0,2
186,185,Glenn Robinson,1996-97,November,Milwaukee Bucks,Charlotte Hornets,14,1,4,1,0,1,2
187,184,Anthony Mason,1996-97,November,Charlotte Hornets,Milwaukee Bucks,4,3,6,0,2,2,0
188,175,Scott Burrell,1996-97,November,Charlotte Hornets,Milwaukee Bucks,8,0,3,0,0,0,3
189,187,Anthony Mason,1996-97,November,Charlotte Hornets,Milwaukee Bucks,4,4,6,0,2,2,0
191,160,Vlade Divac,1996-97,November,Charlotte Hornets,Milwaukee Bucks,4,2,7,1,0,2,1
193,191,Vlade Divac,1996-97,November,Charlotte Hornets,Milwaukee Bucks,4,2,8,1,0,2,1
194,193,Vlade Divac,1996-97,November,Charlotte Hornets,Milwaukee Bucks,6,2,8,1,0,2,1
195,189,Anthony Mason,1996-97,November,Charlotte Hornets,Milwaukee Bucks,4,5,6,0,2,2,0
196,182,Sherman Douglas,1996-97,November,Milwaukee Bucks,Charlotte Hornets,8,1,1,0,2,2,2
197,188,Scott Burrell,1996-97,November,Charlotte Hornets,Milwaukee Bucks,8,0,3,0,1,0,3
198,176,Glen Rice,1996-97,November,Charlotte Hornets,Milwaukee Bucks,10,0,1,0,0,3,2
199,77,Muggsy Bogues,1996-97,November,Charlotte Hornets,Milwaukee Bucks,4,1,0,0,0,2,0
200,195,Anthony Mason,1996-97,November,Charlotte Hornets,Milwaukee Bucks,4,5,6,0,2,2,1
201,140,Andrew Lang,1996-97,November,Milwaukee Bucks,Charlotte Hornets,5,0,2,0,2,2,1
202,201,Andrew Lang,1996-97,November,Milwaukee Bucks,Charlotte Hornets,6,0,2,0,2,2,1
203,66,Dell Curry,1996-97,November,Charlotte Hornets,Milwaukee Bucks,9,0,0,0,0,1,0
204,179,Johnny Newman,1996-97,November,Milwaukee Bucks,Charlotte Hornets,5,1,0,0,0,0,2
206,186,Glenn Robinson,1996-97,November,Milwaukee Bucks,Charlotte Hornets,14,1,4,1,0,1,3
208,123,Ray Allen,1996-97,November,Milwaukee Bucks,Charlotte Hornets,3,3,1,0,0,0,1
209,208,Ray Allen,1996-97,November,Milwaukee Bucks,Charlotte Hornets,3,3,1,0,0,1,1
211,196,Sherman Douglas,1996-97,November,Milwaukee Bucks,Charlotte Hornets,8,1,2,0,2,2,2
212,170,Vin Baker,1996-97,November,Milwaukee Bucks,Charlotte Hornets,7,2,6,0,1,0,1
214,212,Vin Baker,1996-97,November,Milwaukee Bucks,Charlotte Hornets,7,2,7,0,1,0,1
215,214,Vin Baker,1996-97,November,Milwaukee Bucks,Charlotte Hornets,9,2,7,0,1,0,1
216,211,Sherman Douglas,1996-97,November,Milwaukee Bucks,Charlotte Hornets,8,2,2,0,2,2,2
217,198,Glen Rice,1996-97,November,Charlotte Hornets,Milwaukee Bucks,10,0,1,0,0,4,2
218,206,Glenn Robinson,1996-97,November,Milwaukee Bucks,Charlotte Hornets,14,1,4,1,1,1,3
219,209,Ray Allen,1996-97,November,Milwaukee Bucks,Charlotte Hornets,6,3,1,0,0,1,1
220,216,Sherman Douglas,1996-97,November,Milwaukee Bucks,Charlotte Hornets,8,3,2,0,2,2,2
221,203,Dell Curry,1996-97,November,Charlotte Hornets,Milwaukee Bucks,11,0,0,0,0,1,0
222,199,Muggsy Bogues,1996-97,November,Charlotte Hornets,Milwaukee Bucks,4,2,0,0,0,2,0
223,215,Vin Baker,1996-97,November,Milwaukee Bucks,Charlotte Hornets,9,2,7,0,1,1,1
224,200,Anthony Mason,1996-97,November,Charlotte Hornets,Milwaukee Bucks,6,5,6,0,2,2,1
226,221,Dell Curry,1996-97,November,Charlotte Hornets,Milwaukee Bucks,11,0,0,1,0,1,0
227,202,Andrew Lang,1996-97,November,Milwaukee Bucks,Charlotte Hornets,6,0,3,0,2,2,1
228,227,Andrew Lang,1996-97,November,Milwaukee Bucks,Charlotte Hornets,8,0,3,0,2,2,1
230,219,Ray Allen,1996-97,November,Milwaukee Bucks,Charlotte Hornets,6,3,2,0,0,1,1
231,230,Ray Allen,1996-97,November,Milwaukee Bucks,Charlotte Hornets,8,3,2,0,0,1,1
233,223,Vin Baker,1996-97,November,Milwaukee Bucks,Charlotte Hornets,9,2,8,0,1,1,1
234,226,Dell Curry,1996-97,November,Charlotte Hornets,Milwaukee Bucks,11,0,0,1,0,1,1
236,218,Glenn Robinson,1996-97,November,Milwaukee Bucks,Charlotte Hornets,15,1,4,1,1,1,3
238,233,Vin Baker,1996-97,November,Milwaukee Bucks,Charlotte Hornets,9,2,9,0,1,1,1
239,231,Ray Allen,1996-97,November,Milwaukee Bucks,Charlotte Hornets,10,3,2,0,0,1,1
240,220,Sherman Douglas,1996-97,November,Milwaukee Bucks,Charlotte Hornets,8,4,2,0,2,2,2
241,222,Muggsy Bogues,1996-97,November,Charlotte Hornets,Milwaukee Bucks,6,2,0,0,0,2,0
242,224,Anthony Mason,1996-97,November,Charlotte Hornets,Milwaukee Bucks,6,6,6,0,2,2,1
244,234,Dell Curry,1996-97,November,Charlotte Hornets,Milwaukee Bucks,11,0,1,1,0,1,1
245,244,Dell Curry,1996-97,November,Charlotte Hornets,Milwaukee Bucks,14,0,1,1,0,1,1
246,241,Muggsy Bogues,1996-97,November,Charlotte Hornets,Milwaukee Bucks,6,3,0,0,0,2,0
247,239,Ray Allen,1996-97,November,Milwaukee Bucks,Charlotte Hornets,10,3,2,0,0,2,1
248,238,Vin Baker,1996-97,November,Milwaukee Bucks,Charlotte Hornets,9,2,9,0,1,1,2
249,242,Anthony Mason,1996-97,November,Charlotte Hornets,Milwaukee Bucks,7,6,6,0,2,2,1
250,249,Anthony Mason,1996-97,November,Charlotte Hornets,Milwaukee Bucks,8,6,6,0,2,2,1
251,228,Andrew Lang,1996-97,November,Milwaukee Bucks,Charlotte Hornets,8,0,3,0,2,3,1
252,250,Anthony Mason,1996-97,November,Charlotte Hornets,Milwaukee Bucks,10,6,6,0,2,2,1
253,248,Vin Baker,1996-97,November,Milwaukee Bucks,Charlotte Hornets,11,2,9,0,1,1,2
254,253,Vin Baker,1996-97,November,Milwaukee Bucks,Charlotte Hornets,11,2,9,0,1,1,3
256,240,Sherman Douglas,1996-97,November,Milwaukee Bucks,Charlotte Hornets,8,4,2,1,2,2,2
257,246,Muggsy Bogues,1996-97,November,Charlotte Hornets,Milwaukee Bucks,6,3,1,0,0,2,0
259,256,Sherman Douglas,1996-97,November,Milwaukee Bucks,Charlotte Hornets,8,4,2,2,2,2,2
260,194,Vlade Divac,1996-97,November,Charlotte Hornets,Milwaukee Bucks,6,2,9,1,0,2,1
262,259,Sherman Douglas,1996-97,November,Milwaukee Bucks,Charlotte Hornets,8,4,3,2,2,2,2
264,260,Vlade Divac,1996-97,November,Charlotte Hornets,Milwaukee Bucks,6,2,10,1,0,2,1
265,245,Dell Curry,1996-97,November,Charlotte Hornets,Milwaukee Bucks,17,0,1,1,0,1,1
266,257,Muggsy Bogues,1996-97,November,Charlotte Hornets,Milwaukee Bucks,6,4,1,0,0,2,0
267,120,Armen Gilliam,1996-97,November,Milwaukee Bucks,Charlotte Hornets,4,0,1,0,0,2,0
268,264,Vlade Divac,1996-97,November,Charlotte Hornets,Milwaukee Bucks,6,2,10,1,1,2,1
270,267,Armen Gilliam,1996-97,November,Milwaukee Bucks,Charlotte Hornets,4,0,2,0,0,2,0
271,262,Sherman Douglas,1996-97,November,Milwaukee Bucks,Charlotte Hornets,8,4,3,2,2,3,2
272,266,Muggsy Bogues,1996-97,November,Charlotte Hornets,Milwaukee Bucks,6,4,1,0,1,2,0
273,252,Anthony Mason,1996-97,November,Charlotte Hornets,Milwaukee Bucks,10,6,6,0,2,3,1
274,254,Vin Baker,1996-97,November,Milwaukee Bucks,Charlotte Hornets,11,2,9,0,1,1,4
275,274,Vin Baker,1996-97,November,Milwaukee Bucks,Charlotte Hornets,11,2,9,0,1,2,4
276,217,Glen Rice,1996-97,November,Charlotte Hornets,Milwaukee Bucks,13,0,1,0,0,4,2
277,272,Muggsy Bogues,1996-97,November,Charlotte Hornets,Milwaukee Bucks,6,5,1,0,1,2,0
278,270,Armen Gilliam,1996-97,November,Milwaukee Bucks,Charlotte Hornets,4,0,2,0,0,2,1
279,278,Armen Gilliam,1996-97,November,Milwaukee Bucks,Charlotte Hornets,4,0,2,0,0,3,1
280,277,Muggsy Bogues,1996-97,November,Charlotte Hornets,Milwaukee Bucks,8,5,1,0,1,2,0
281,273,Anthony Mason,1996-97,November,Charlotte Hornets,Milwaukee Bucks,10,7,6,0,2,3,1
283,276,Glen Rice,1996-97,November,Charlotte Hornets,Milwaukee Bucks,13,0,1,1,0,4,2
284,281,Anthony Mason,1996-97,November,Charlotte Hornets,Milwaukee Bucks,10,7,7,0,2,3,1
286,236,Glenn Robinson,1996-97,November,Milwaukee Bucks,Charlotte Hornets,15,1,5,1,1,1,3
287,286,Glenn Robinson,1996-97,November,Milwaukee Bucks,Charlotte Hornets,18,1,5,1,1,1,3
288,251,Andrew Lang,1996-97,November,Milwaukee Bucks,Charlotte Hornets,8,1,3,0,2,3,1
289,265,Dell Curry,1996-97,November,Charlotte Hornets,Milwaukee Bucks,20,0,1,1,0,1,1
290,280,Muggsy Bogues,1996-97,November,Charlotte Hornets,Milwaukee Bucks,8,6,1,0,1,2,0
291,204,Johnny Newman,1996-97,November,Milwaukee Bucks,Charlotte Hornets,7,1,0,0,0,0,2
292,290,Muggsy Bogues,1996-97,November,Charlotte Hornets,Milwaukee Bucks,10,6,1,0,1,2,0
293,284,Anthony Mason,1996-97,November,Charlotte Hornets,Milwaukee Bucks,10,8,7,0,2,3,1
294,289,Dell Curry,1996-97,November,Charlotte Hornets,Milwaukee Bucks,20,0,1,1,0,1,2
295,287,Glenn Robinson,1996-97,November,Milwaukee Bucks,Charlotte Hornets,19,1,5,1,1,1,3
296,295,Glenn Robinson,1996-97,November,Milwaukee Bucks,Charlotte Hornets,20,1,5,1,1,1,3
298,294,Dell Curry,1996-97,November,Charlotte Hornets,Milwaukee Bucks,20,0,2,1,0,1,2
299,298,Dell Curry,1996-97,November,Charlotte Hornets,Milwaukee Bucks,22,0,2,1,0,1,2
301,275,Vin Baker,1996-97,November,Milwaukee Bucks,Charlotte Hornets,11,2,10,0,1,2,4
302,296,Glenn Robinson,1996-97,November,Milwaukee Bucks,Charlotte Hornets,23,1,5,1,1,1,3
303,279,Armen Gilliam,1996-97,November,Milwaukee Bucks,Charlotte Hornets,4,1,2,0,0,3,1
305,301,Vin Baker,1996-97,November,Milwaukee Bucks,Charlotte Hornets,11,2,11,0,1,2,4
306,302,Glenn Robinson,1996-97,November,Milwaukee Bucks,Charlotte Hornets,23,1,5,1,1,2,3
308,303,Armen Gilliam,1996-97,November,Milwaukee Bucks,Charlotte Hornets,4,1,3,0,0,3,1
309,306,Glenn Robinson,1996-97,November,Milwaukee Bucks,Charlotte Hornets,25,1,5,1,1,2,3
310,134,Elliot Perry,1996-97,November,Milwaukee Bucks,Charlotte Hornets,0,1,0,0,1,1,0
311,293,Anthony Mason,1996-97,November,Charlotte Hornets,Milwaukee Bucks,12,8,7,0,2,3,1
312,292,Muggsy Bogues,1996-97,November,Charlotte Hornets,Milwaukee Bucks,10,7,1,0,1,2,0
314,311,Anthony Mason,1996-97,November,Charlotte Hornets,Milwaukee Bucks,12,8,8,0,2,3,1
315,283,Glen Rice,1996-97,November,Charlotte Hornets,Milwaukee Bucks,13,0,1,1,0,5,2
316,309,Glenn Robinson,1996-97,November,Milwaukee Bucks,Charlotte Hornets,27,1,5,1,1,2,3
318,316,Glenn Robinson,1996-97,November,Milwaukee Bucks,Charlotte Hornets,27,1,5,1,1,3,3
319,314,Anthony Mason,1996-97,November,Charlotte Hornets,Milwaukee Bucks,14,8,8,0,2,3,1
321,315,Glen Rice,1996-97,November,Charlotte Hornets,Milwaukee Bucks,13,0,2,1,0,5,2
322,291,Johnny Newman,1996-97,November,Milwaukee Bucks,Charlotte Hornets,7,1,0,0,0,0,3
323,308,Armen Gilliam,1996-97,November,Milwaukee Bucks,Charlotte Hornets,4,1,3,0,0,3,2
324,318,Glenn Robinson,1996-97,November,Milwaukee Bucks,Charlotte Hornets,27,1,5,1,1,3,4
325,321,Glen Rice,1996-97,November,Charlotte Hornets,Milwaukee Bucks,14,0,2,1,0,5,2
326,325,Glen Rice,1996-97,November,Charlotte Hornets,Milwaukee Bucks,15,0,2,1,0,5,2
327,305,Vin Baker,1996-97,November,Milwaukee Bucks,Charlotte Hornets,11,2,11,0,1,3,4
328,319,Anthony Mason,1996-97,November,Charlotte Hornets,Milwaukee Bucks,14,8,8,0,3,3,1
329,326,Glen Rice,1996-97,November,Charlotte Hornets,Milwaukee Bucks,18,0,2,1,0,5,2
330,328,Anthony Mason,1996-97,November,Charlotte Hornets,Milwaukee Bucks,14,9,8,0,3,3,1
332,268,Vlade Divac,1996-97,November,Charlotte Hornets,Milwaukee Bucks,6,2,11,1,1,2,1
333,329,Glen Rice,1996-97,November,Charlotte Hornets,Milwaukee Bucks,20,0,2,1,0,5,2
334,312,Muggsy Bogues,1996-97,November,Charlotte Hornets,Milwaukee Bucks,10,8,1,0,1,2,0
335,322,Johnny Newman,1996-97,November,Milwaukee Bucks,Charlotte Hornets,9,1,0,0,0,0,3
336,271,Sherman Douglas,1996-97,November,Milwaukee Bucks,Charlotte Hornets,8,5,3,2,2,3,2
337,330,Anthony Mason,1996-97,November,Charlotte Hornets,Milwaukee Bucks,16,9,8,0,3,3,1
339,332,Vlade Divac,1996-97,November,Charlotte Hornets,Milwaukee Bucks,6,2,12,1,1,2,1
340,323,Armen Gilliam,1996-97,November,Milwaukee Bucks,Charlotte Hornets,4,1,3,0,0,3,3
341,333,Glen Rice,1996-97,November,Charlotte Hornets,Milwaukee Bucks,21,0,2,1,0,5,2
343,340,Armen Gilliam,1996-97,November,Milwaukee Bucks,Charlotte Hornets,4,1,4,0,0,3,3
344,335,Johnny Newman,1996-97,November,Milwaukee Bucks,Charlotte Hornets,12,1,0,0,0,0,3
345,336,Sherman Douglas,1996-97,November,Milwaukee Bucks,Charlotte Hornets,8,6,3,2,2,3,2
347,345,Sherman Douglas,1996-97,November,Milwaukee Bucks,Charlotte Hornets,8,6,4,2,2,3,2
348,299,Dell Curry,1996-97,November,Charlotte Hornets,Milwaukee Bucks,22,0,2,1,0,1,3
349,247,Ray Allen,1996-97,November,Milwaukee Bucks,Charlotte Hornets,13,3,2,0,0,2,1
350,347,Sherman Douglas,1996-97,November,Milwaukee Bucks,Charlotte Hornets,8,7,4,2,2,3,2
351,337,Anthony Mason,1996-97,November,Charlotte Hornets,Milwaukee Bucks,18,9,8,0,3,3,1
352,341,Glen Rice,1996-97,November,Charlotte Hornets,Milwaukee Bucks,21,0,2,1,0,5,3
353,334,Muggsy Bogues,1996-97,November,Charlotte Hornets,Milwaukee Bucks,10,8,1,0,1,2,1
355,351,Anthony Mason,1996-97,November,Charlotte Hornets,Milwaukee Bucks,18,9,9,0,3,3,1
356,355,Anthony Mason,1996-97,November,Charlotte Hornets,Milwaukee Bucks,18,9,9,0,3,4,1
358,327,Vin Baker,1996-97,November,Milwaukee Bucks,Charlotte Hornets,11,2,12,0,1,3,4
360,348,Dell Curry,1996-97,November,Charlotte Hornets,Milwaukee Bucks,22,0,3,1,0,1,3
362,339,Vlade Divac,1996-97,November,Charlotte Hornets,Milwaukee Bucks,6,2,13,1,1,2,1
364,358,Vin Baker,1996-97,November,Milwaukee Bucks,Charlotte Hornets,11,2,13,0,1,3,4
365,362,Vlade Divac,1996-97,November,Charlotte Hornets,Milwaukee Bucks,6,2,13,1,1,2,2
366,343,Armen Gilliam,1996-97,November,Milwaukee Bucks,Charlotte Hornets,5,1,4,0,0,3,3
367,366,Armen Gilliam,1996-97,November,Milwaukee Bucks,Charlotte Hornets,6,1,4,0,0,3,3
369,365,Vlade Divac,1996-97,November,Charlotte Hornets,Milwaukee Bucks,6,2,14,1,1,2,2
370,352,Glen Rice,1996-97,November,Charlotte Hornets,Milwaukee Bucks,23,0,2,1,0,5,3
371,353,Muggsy Bogues,1996-97,November,Charlotte Hornets,Milwaukee Bucks,10,9,1,0,1,2,1
372,356,Anthony Mason,1996-97,November,Charlotte Hornets,Milwaukee Bucks,18,9,9,0,3,4,2
373,349,Ray Allen,1996-97,November,Milwaukee Bucks,Charlotte Hornets,14,3,2,0,0,2,1
374,373,Ray Allen,1996-97,November,Milwaukee Bucks,Charlotte Hornets,15,3,2,0,0,2,1
