id,previous_id,player,season,month,team,opponent_team,points,assists,rebounds,blocks,steals,turnovers,personal fouls
2,0,Bryon Russell,1996-97,December,Utah Jazz,Seattle SuperSonics,0,0,1,0,0,0,0
3,0,Gary Payton,1996-97,December,Seattle SuperSonics,Utah Jazz,0,0,0,0,0,0,1
4,0,Karl Malone,1996-97,December,Utah Jazz,Seattle SuperSonics,2,0,0,0,0,0,0
5,0,Jeff Hornacek,1996-97,December,Utah Jazz,Seattle SuperSonics,0,1,0,0,0,0,0
6,0,Jim McIlvaine,1996-97,December,Seattle SuperSonics,Utah Jazz,0,0,0,0,0,0,1
7,6,Jim McIlvaine,1996-97,December,Seattle SuperSonics,Utah Jazz,0,0,0,0,0,1,1
9,0,Shawn Kemp,1996-97,December,Seattle SuperSonics,Utah Jazz,0,0,1,0,0,0,0
11,0,Greg Ostertag,1996-97,December,Utah Jazz,Seattle SuperSonics,0,0,1,0,0,0,0
13,9,Shawn Kemp,1996-97,December,Seattle SuperSonics,Utah Jazz,0,0,2,0,0,0,0
14,0,Detlef Schrempf,1996-97,December,Seattle SuperSonics,Utah Jazz,0,0,0,0,0,1,0
15,2,Bryon Russell,1996-97,December,Utah Jazz,Seattle SuperSonics,0,0,1,0,1,0,0
16,4,Karl Malone,1996-97,December,Utah Jazz,Seattle SuperSonics,4,0,0,0,0,0,0
18,16,Karl Malone,1996-97,December,Utah Jazz,Seattle SuperSonics,4,0,1,0,0,0,0
20,7,Jim McIlvaine,1996-97,December,Seattle SuperSonics,Utah Jazz,0,0,0,1,0,1,1
21,11,Greg Ostertag,1996-97,December,Utah Jazz,Seattle SuperSonics,0,0,2,0,0,0,0
22,21,Greg Ostertag,1996-97,December,Utah Jazz,Seattle SuperSonics,2,0,2,0,0,0,0
24,3,Gary Payton,1996-97,December,Seattle SuperSonics,Utah Jazz,0,0,1,0,0,0,1
25,24,Gary Payton,1996-97,December,Seattle SuperSonics,Utah Jazz,2,0,1,0,0,0,1
27,13,Shawn Kemp,1996-97,December,Seattle SuperSonics,Utah Jazz,0,0,3,0,0,0,0
28,18,Karl Malone,1996-97,December,Utah Jazz,Seattle SuperSonics,4,0,1,0,0,0,1
30,20,Jim McIlvaine,1996-97,December,Seattle SuperSonics,Utah Jazz,0,0,1,1,0,1,1
32,0,Hersey Hawkins,1996-97,December,Seattle SuperSonics,Utah Jazz,0,0,1,0,0,0,0
34,28,Karl Malone,1996-97,December,Utah Jazz,Seattle SuperSonics,4,0,2,0,0,0,1
36,34,Karl Malone,1996-97,December,Utah Jazz,Seattle SuperSonics,4,0,3,0,0,0,1
37,27,Shawn Kemp,1996-97,December,Seattle SuperSonics,Utah Jazz,0,0,3,0,0,0,1
38,36,Karl Malone,1996-97,December,Utah Jazz,Seattle SuperSonics,5,0,3,0,0,0,1
39,38,Karl Malone,1996-97,December,Utah Jazz,Seattle SuperSonics,6,0,3,0,0,0,1
40,37,Shawn Kemp,1996-97,December,Seattle SuperSonics,Utah Jazz,2,0,3,0,0,0,1
41,14,Detlef Schrempf,1996-97,December,Seattle SuperSonics,Utah Jazz,0,1,0,0,0,1,0
43,25,Gary Payton,1996-97,December,Seattle SuperSonics,Utah Jazz,2,0,2,0,0,0,1
45,40,Shawn Kemp,1996-97,December,Seattle SuperSonics,Utah Jazz,2,0,4,0,0,0,1
46,45,Shawn Kemp,1996-97,December,Seattle SuperSonics,Utah Jazz,4,0,4,0,0,0,1
48,46,Shawn Kemp,1996-97,December,Seattle SuperSonics,Utah Jazz,4,0,4,1,0,0,1
49,41,Detlef Schrempf,1996-97,December,Seattle SuperSonics,Utah Jazz,0,1,1,0,0,1,0
50,30,Jim McIlvaine,1996-97,December,Seattle SuperSonics,Utah Jazz,2,0,1,1,0,1,1
51,43,Gary Payton,1996-97,December,Seattle SuperSonics,Utah Jazz,2,1,2,0,0,0,1
53,49,Detlef Schrempf,1996-97,December,Seattle SuperSonics,Utah Jazz,0,1,2,0,0,1,0
55,39,Karl Malone,1996-97,December,Utah Jazz,Seattle SuperSonics,6,0,4,0,0,0,1
56,55,Karl Malone,1996-97,December,Utah Jazz,Seattle SuperSonics,8,0,4,0,0,0,1
57,0,John Stockton,1996-97,December,Utah Jazz,Seattle SuperSonics,0,1,0,0,0,0,0
58,5,Jeff Hornacek,1996-97,December,Utah Jazz,Seattle SuperSonics,0,1,0,0,0,0,1
61,56,Karl Malone,1996-97,December,Utah Jazz,Seattle SuperSonics,8,0,5,0,0,0,1
62,22,Greg Ostertag,1996-97,December,Utah Jazz,Seattle SuperSonics,4,0,2,0,0,0,0
63,58,Jeff Hornacek,1996-97,December,Utah Jazz,Seattle SuperSonics,0,2,0,0,0,0,1
64,50,Jim McIlvaine,1996-97,December,Seattle SuperSonics,Utah Jazz,2,0,1,1,0,1,2
65,64,Jim McIlvaine,1996-97,December,Seattle SuperSonics,Utah Jazz,2,0,1,1,0,2,2
67,62,Greg Ostertag,1996-97,December,Utah Jazz,Seattle SuperSonics,4,0,3,0,0,0,0
68,67,Greg Ostertag,1996-97,December,Utah Jazz,Seattle SuperSonics,6,0,3,0,0,0,0
69,15,Bryon Russell,1996-97,December,Utah Jazz,Seattle SuperSonics,0,0,1,0,1,0,1
70,53,Detlef Schrempf,1996-97,December,Seattle SuperSonics,Utah Jazz,1,1,2,0,0,1,0
71,70,Detlef Schrempf,1996-97,December,Seattle SuperSonics,Utah Jazz,2,1,2,0,0,1,0
73,71,Detlef Schrempf,1996-97,December,Seattle SuperSonics,Utah Jazz,2,1,2,1,0,1,0
75,32,Hersey Hawkins,1996-97,December,Seattle SuperSonics,Utah Jazz,0,0,2,0,0,0,0
77,69,Bryon Russell,1996-97,December,Utah Jazz,Seattle SuperSonics,0,0,2,0,1,0,1
78,0,Howard Eisley,1996-97,December,Utah Jazz,Seattle SuperSonics,2,0,0,0,0,0,0
79,61,Karl Malone,1996-97,December,Utah Jazz,Seattle SuperSonics,8,1,5,0,0,0,1
80,63,Jeff Hornacek,1996-97,December,Utah Jazz,Seattle SuperSonics,0,2,0,0,0,0,2
81,48,Shawn Kemp,1996-97,December,Seattle SuperSonics,Utah Jazz,6,0,4,1,0,0,1
83,75,Hersey Hawkins,1996-97,December,Seattle SuperSonics,Utah Jazz,0,0,3,0,0,0,0
85,79,Karl Malone,1996-97,December,Utah Jazz,Seattle SuperSonics,8,1,6,0,0,0,1
87,85,Karl Malone,1996-97,December,Utah Jazz,Seattle SuperSonics,8,1,7,0,0,0,1
88,87,Karl Malone,1996-97,December,Utah Jazz,Seattle SuperSonics,10,1,7,0,0,0,1
89,81,Shawn Kemp,1996-97,December,Seattle SuperSonics,Utah Jazz,8,0,4,1,0,0,1
90,68,Greg Ostertag,1996-97,December,Utah Jazz,Seattle SuperSonics,6,0,3,0,0,0,1
91,89,Shawn Kemp,1996-97,December,Seattle SuperSonics,Utah Jazz,9,0,4,1,0,0,1
92,88,Karl Malone,1996-97,December,Utah Jazz,Seattle SuperSonics,10,1,7,0,0,1,1
94,77,Bryon Russell,1996-97,December,Utah Jazz,Seattle SuperSonics,0,0,3,0,1,0,1
95,0,Shandon Anderson,1996-97,December,Utah Jazz,Seattle SuperSonics,0,0,0,0,0,0,1
96,95,Shandon Anderson,1996-97,December,Utah Jazz,Seattle SuperSonics,0,0,0,0,0,1,1
97,91,Shawn Kemp,1996-97,December,Seattle SuperSonics,Utah Jazz,9,0,4,1,0,1,1
99,0,Craig Ehlo,1996-97,December,Seattle SuperSonics,Utah Jazz,0,0,1,0,0,0,0
102,96,Shandon Anderson,1996-97,December,Utah Jazz,Seattle SuperSonics,0,0,1,0,0,1,1
104,0,Antoine Carr,1996-97,December,Utah Jazz,Seattle SuperSonics,0,0,0,0,0,1,0
105,97,Shawn Kemp,1996-97,December,Seattle SuperSonics,Utah Jazz,9,0,4,1,0,2,1
107,105,Shawn Kemp,1996-97,December,Seattle SuperSonics,Utah Jazz,9,0,5,1,0,2,1
108,92,Karl Malone,1996-97,December,Utah Jazz,Seattle SuperSonics,10,1,7,0,0,1,2
109,0,Sam Perkins,1996-97,December,Seattle SuperSonics,Utah Jazz,3,0,0,0,0,0,0
110,0,Eric Snow,1996-97,December,Seattle SuperSonics,Utah Jazz,0,1,0,0,0,0,0
111,108,Karl Malone,1996-97,December,Utah Jazz,Seattle SuperSonics,12,1,7,0,0,1,2
112,0,Chris Morris,1996-97,December,Utah Jazz,Seattle SuperSonics,0,1,0,0,0,0,0
113,107,Shawn Kemp,1996-97,December,Seattle SuperSonics,Utah Jazz,9,0,5,1,0,2,2
115,109,Sam Perkins,1996-97,December,Seattle SuperSonics,Utah Jazz,3,0,1,0,0,0,0
117,112,Chris Morris,1996-97,December,Utah Jazz,Seattle SuperSonics,0,1,1,0,0,0,0
119,73,Detlef Schrempf,1996-97,December,Seattle SuperSonics,Utah Jazz,2,1,3,1,0,1,0
121,99,Craig Ehlo,1996-97,December,Seattle SuperSonics,Utah Jazz,0,0,2,0,0,0,0
122,121,Craig Ehlo,1996-97,December,Seattle SuperSonics,Utah Jazz,2,0,2,0,0,0,0
123,117,Chris Morris,1996-97,December,Utah Jazz,Seattle SuperSonics,2,1,1,0,0,0,0
124,57,John Stockton,1996-97,December,Utah Jazz,Seattle SuperSonics,0,2,0,0,0,0,0
126,51,Gary Payton,1996-97,December,Seattle SuperSonics,Utah Jazz,2,1,3,0,0,0,1
127,126,Gary Payton,1996-97,December,Seattle SuperSonics,Utah Jazz,4,1,3,0,0,0,1
129,127,Gary Payton,1996-97,December,Seattle SuperSonics,Utah Jazz,4,1,4,0,0,0,1
130,0,Greg Foster,1996-97,December,Utah Jazz,Seattle SuperSonics,0,0,0,0,0,0,1
131,104,Antoine Carr,1996-97,December,Utah Jazz,Seattle SuperSonics,0,0,0,0,0,1,1
132,115,Sam Perkins,1996-97,December,Seattle SuperSonics,Utah Jazz,4,0,1,0,0,0,0
134,123,Chris Morris,1996-97,December,Utah Jazz,Seattle SuperSonics,2,1,2,0,0,0,0
135,0,Adam Keefe,1996-97,December,Utah Jazz,Seattle SuperSonics,2,0,0,0,0,0,0
136,131,Antoine Carr,1996-97,December,Utah Jazz,Seattle SuperSonics,0,1,0,0,0,1,1
137,110,Eric Snow,1996-97,December,Seattle SuperSonics,Utah Jazz,0,1,0,0,0,1,0
138,124,John Stockton,1996-97,December,Utah Jazz,Seattle SuperSonics,0,2,0,0,1,0,0
139,134,Chris Morris,1996-97,December,Utah Jazz,Seattle SuperSonics,5,1,2,0,0,0,0
140,102,Shandon Anderson,1996-97,December,Utah Jazz,Seattle SuperSonics,0,1,1,0,0,1,1
142,138,John Stockton,1996-97,December,Utah Jazz,Seattle SuperSonics,0,2,1,0,1,0,0
144,119,Detlef Schrempf,1996-97,December,Seattle SuperSonics,Utah Jazz,2,1,4,1,0,1,0
146,136,Antoine Carr,1996-97,December,Utah Jazz,Seattle SuperSonics,0,1,1,0,0,1,1
147,146,Antoine Carr,1996-97,December,Utah Jazz,Seattle SuperSonics,2,1,1,0,0,1,1
148,142,John Stockton,1996-97,December,Utah Jazz,Seattle SuperSonics,0,3,1,0,1,0,0
150,139,Chris Morris,1996-97,December,Utah Jazz,Seattle SuperSonics,5,1,3,0,0,0,0
151,148,John Stockton,1996-97,December,Utah Jazz,Seattle SuperSonics,3,3,1,0,1,0,0
152,132,Sam Perkins,1996-97,December,Seattle SuperSonics,Utah Jazz,6,0,1,0,0,0,0
153,140,Shandon Anderson,1996-97,December,Utah Jazz,Seattle SuperSonics,2,1,1,0,0,1,1
154,151,John Stockton,1996-97,December,Utah Jazz,Seattle SuperSonics,3,4,1,0,1,0,0
155,83,Hersey Hawkins,1996-97,December,Seattle SuperSonics,Utah Jazz,0,0,3,0,0,0,1
156,153,Shandon Anderson,1996-97,December,Utah Jazz,Seattle SuperSonics,3,1,1,0,0,1,1
157,144,Detlef Schrempf,1996-97,December,Seattle SuperSonics,Utah Jazz,2,1,4,1,0,2,0
158,154,John Stockton,1996-97,December,Utah Jazz,Seattle SuperSonics,3,4,1,0,2,0,0
159,135,Adam Keefe,1996-97,December,Utah Jazz,Seattle SuperSonics,4,0,0,0,0,0,0
160,156,Shandon Anderson,1996-97,December,Utah Jazz,Seattle SuperSonics,3,2,1,0,0,1,1
162,152,Sam Perkins,1996-97,December,Seattle SuperSonics,Utah Jazz,6,0,2,0,0,0,0
163,113,Shawn Kemp,1996-97,December,Seattle SuperSonics,Utah Jazz,11,0,5,1,0,2,2
164,157,Detlef Schrempf,1996-97,December,Seattle SuperSonics,Utah Jazz,2,2,4,1,0,2,0
165,150,Chris Morris,1996-97,December,Utah Jazz,Seattle SuperSonics,5,1,3,0,0,1,0
167,158,John Stockton,1996-97,December,Utah Jazz,Seattle SuperSonics,3,4,2,0,2,0,0
168,147,Antoine Carr,1996-97,December,Utah Jazz,Seattle SuperSonics,4,1,1,0,0,1,1
169,167,John Stockton,1996-97,December,Utah Jazz,Seattle SuperSonics,3,5,2,0,2,0,0
170,164,Detlef Schrempf,1996-97,December,Seattle SuperSonics,Utah Jazz,4,2,4,1,0,2,0
171,170,Detlef Schrempf,1996-97,December,Seattle SuperSonics,Utah Jazz,4,2,4,1,0,2,1
172,168,Antoine Carr,1996-97,December,Utah Jazz,Seattle SuperSonics,6,1,1,0,0,1,1
173,111,Karl Malone,1996-97,December,Utah Jazz,Seattle SuperSonics,12,2,7,0,0,1,2
175,173,Karl Malone,1996-97,December,Utah Jazz,Seattle SuperSonics,12,2,7,1,0,1,2
176,169,John Stockton,1996-97,December,Utah Jazz,Seattle SuperSonics,3,5,3,0,2,0,0
177,175,Karl Malone,1996-97,December,Utah Jazz,Seattle SuperSonics,14,2,7,1,0,1,2
178,129,Gary Payton,1996-97,December,Seattle SuperSonics,Utah Jazz,6,1,4,0,0,0,1
180,155,Hersey Hawkins,1996-97,December,Seattle SuperSonics,Utah Jazz,0,0,4,0,0,0,1
181,178,Gary Payton,1996-97,December,Seattle SuperSonics,Utah Jazz,6,1,4,0,0,1,1
182,159,Adam Keefe,1996-97,December,Utah Jazz,Seattle SuperSonics,4,0,0,0,1,0,0
184,163,Shawn Kemp,1996-97,December,Seattle SuperSonics,Utah Jazz,11,0,6,1,0,2,2
185,184,Shawn Kemp,1996-97,December,Seattle SuperSonics,Utah Jazz,13,0,6,1,0,2,2
186,171,Detlef Schrempf,1996-97,December,Seattle SuperSonics,Utah Jazz,4,3,4,1,0,2,1
187,165,Chris Morris,1996-97,December,Utah Jazz,Seattle SuperSonics,5,1,3,0,0,1,1
189,182,Adam Keefe,1996-97,December,Utah Jazz,Seattle SuperSonics,4,0,1,0,1,0,0
190,176,John Stockton,1996-97,December,Utah Jazz,Seattle SuperSonics,5,5,3,0,2,0,0
191,177,Karl Malone,1996-97,December,Utah Jazz,Seattle SuperSonics,14,3,7,1,0,1,2
192,185,Shawn Kemp,1996-97,December,Seattle SuperSonics,Utah Jazz,13,0,6,1,0,3,2
193,172,Antoine Carr,1996-97,December,Utah Jazz,Seattle SuperSonics,6,1,1,0,1,1,1
195,193,Antoine Carr,1996-97,December,Utah Jazz,Seattle SuperSonics,6,1,2,0,1,1,1
196,189,Adam Keefe,1996-97,December,Utah Jazz,Seattle SuperSonics,4,0,1,0,1,1,0
197,80,Jeff Hornacek,1996-97,December,Utah Jazz,Seattle SuperSonics,0,2,0,0,0,0,3
198,162,Sam Perkins,1996-97,December,Seattle SuperSonics,Utah Jazz,7,0,2,0,0,0,0
199,198,Sam Perkins,1996-97,December,Seattle SuperSonics,Utah Jazz,8,0,2,0,0,0,0
201,196,Adam Keefe,1996-97,December,Utah Jazz,Seattle SuperSonics,4,0,2,0,1,1,0
202,199,Sam Perkins,1996-97,December,Seattle SuperSonics,Utah Jazz,8,0,2,0,0,0,1
203,191,Karl Malone,1996-97,December,Utah Jazz,Seattle SuperSonics,16,3,7,1,0,1,2
204,202,Sam Perkins,1996-97,December,Seattle SuperSonics,Utah Jazz,11,0,2,0,0,0,1
205,192,Shawn Kemp,1996-97,December,Seattle SuperSonics,Utah Jazz,13,1,6,1,0,3,2
206,201,Adam Keefe,1996-97,December,Utah Jazz,Seattle SuperSonics,6,0,2,0,1,1,0
207,190,John Stockton,1996-97,December,Utah Jazz,Seattle SuperSonics,5,6,3,0,2,0,0
210,186,Detlef Schrempf,1996-97,December,Seattle SuperSonics,Utah Jazz,4,3,5,1,0,2,1
212,203,Karl Malone,1996-97,December,Utah Jazz,Seattle SuperSonics,16,3,8,1,0,1,2
214,205,Shawn Kemp,1996-97,December,Seattle SuperSonics,Utah Jazz,13,1,6,2,0,3,2
215,181,Gary Payton,1996-97,December,Seattle SuperSonics,Utah Jazz,6,1,5,0,0,1,1
216,90,Greg Ostertag,1996-97,December,Utah Jazz,Seattle SuperSonics,6,0,3,0,0,0,2
217,214,Shawn Kemp,1996-97,December,Seattle SuperSonics,Utah Jazz,14,1,6,2,0,3,2
219,216,Greg Ostertag,1996-97,December,Utah Jazz,Seattle SuperSonics,6,0,4,0,0,0,2
220,207,John Stockton,1996-97,December,Utah Jazz,Seattle SuperSonics,5,6,3,0,2,1,0
222,217,Shawn Kemp,1996-97,December,Seattle SuperSonics,Utah Jazz,14,1,7,2,0,3,2
224,180,Hersey Hawkins,1996-97,December,Seattle SuperSonics,Utah Jazz,0,0,5,0,0,0,1
225,224,Hersey Hawkins,1996-97,December,Seattle SuperSonics,Utah Jazz,0,0,5,0,0,1,1
226,212,Karl Malone,1996-97,December,Utah Jazz,Seattle SuperSonics,16,3,8,1,1,1,2
227,226,Karl Malone,1996-97,December,Utah Jazz,Seattle SuperSonics,18,3,8,1,1,1,2
228,94,Bryon Russell,1996-97,December,Utah Jazz,Seattle SuperSonics,0,1,3,0,1,0,1
229,65,Jim McIlvaine,1996-97,December,Seattle SuperSonics,Utah Jazz,4,0,1,1,0,2,2
230,222,Shawn Kemp,1996-97,December,Seattle SuperSonics,Utah Jazz,14,2,7,2,0,3,2
232,215,Gary Payton,1996-97,December,Seattle SuperSonics,Utah Jazz,8,1,5,0,0,1,1
233,227,Karl Malone,1996-97,December,Utah Jazz,Seattle SuperSonics,20,3,8,1,1,1,2
234,220,John Stockton,1996-97,December,Utah Jazz,Seattle SuperSonics,5,7,3,0,2,1,0
235,229,Jim McIlvaine,1996-97,December,Seattle SuperSonics,Utah Jazz,4,0,1,1,0,2,3
236,233,Karl Malone,1996-97,December,Utah Jazz,Seattle SuperSonics,21,3,8,1,1,1,2
237,230,Shawn Kemp,1996-97,December,Seattle SuperSonics,Utah Jazz,14,2,7,2,0,4,2
238,234,John Stockton,1996-97,December,Utah Jazz,Seattle SuperSonics,5,7,3,0,3,1,0
240,237,Shawn Kemp,1996-97,December,Seattle SuperSonics,Utah Jazz,14,2,8,2,0,4,2
241,238,John Stockton,1996-97,December,Utah Jazz,Seattle SuperSonics,5,7,3,0,3,1,1
242,232,Gary Payton,1996-97,December,Seattle SuperSonics,Utah Jazz,10,1,5,0,0,1,1
243,236,Karl Malone,1996-97,December,Utah Jazz,Seattle SuperSonics,21,3,8,1,1,2,2
244,240,Shawn Kemp,1996-97,December,Seattle SuperSonics,Utah Jazz,14,2,8,2,1,4,2
245,244,Shawn Kemp,1996-97,December,Seattle SuperSonics,Utah Jazz,14,2,8,2,1,5,2
246,197,Jeff Hornacek,1996-97,December,Utah Jazz,Seattle SuperSonics,0,2,0,0,1,0,3
247,228,Bryon Russell,1996-97,December,Utah Jazz,Seattle SuperSonics,3,1,3,0,1,0,1
248,241,John Stockton,1996-97,December,Utah Jazz,Seattle SuperSonics,5,8,3,0,3,1,1
249,242,Gary Payton,1996-97,December,Seattle SuperSonics,Utah Jazz,12,1,5,0,0,1,1
250,210,Detlef Schrempf,1996-97,December,Seattle SuperSonics,Utah Jazz,4,4,5,1,0,2,1
251,248,John Stockton,1996-97,December,Utah Jazz,Seattle SuperSonics,5,8,3,0,3,2,1
252,245,Shawn Kemp,1996-97,December,Seattle SuperSonics,Utah Jazz,16,2,8,2,1,5,2
253,249,Gary Payton,1996-97,December,Seattle SuperSonics,Utah Jazz,12,2,5,0,0,1,1
255,235,Jim McIlvaine,1996-97,December,Seattle SuperSonics,Utah Jazz,4,0,1,2,0,2,3
256,253,Gary Payton,1996-97,December,Seattle SuperSonics,Utah Jazz,12,2,6,0,0,1,1
257,250,Detlef Schrempf,1996-97,December,Seattle SuperSonics,Utah Jazz,4,4,5,1,0,3,1
258,247,Bryon Russell,1996-97,December,Utah Jazz,Seattle SuperSonics,3,1,3,0,2,0,1
259,219,Greg Ostertag,1996-97,December,Utah Jazz,Seattle SuperSonics,6,0,4,0,0,1,2
260,252,Shawn Kemp,1996-97,December,Seattle SuperSonics,Utah Jazz,18,2,8,2,1,5,2
261,243,Karl Malone,1996-97,December,Utah Jazz,Seattle SuperSonics,23,3,8,1,1,2,2
262,260,Shawn Kemp,1996-97,December,Seattle SuperSonics,Utah Jazz,18,2,8,2,1,6,2
263,246,Jeff Hornacek,1996-97,December,Utah Jazz,Seattle SuperSonics,0,2,0,0,2,0,3
265,262,Shawn Kemp,1996-97,December,Seattle SuperSonics,Utah Jazz,18,2,9,2,1,6,2
266,251,John Stockton,1996-97,December,Utah Jazz,Seattle SuperSonics,5,8,3,0,3,2,2
267,256,Gary Payton,1996-97,December,Seattle SuperSonics,Utah Jazz,13,2,6,0,0,1,1
268,267,Gary Payton,1996-97,December,Seattle SuperSonics,Utah Jazz,14,2,6,0,0,1,1
269,195,Antoine Carr,1996-97,December,Utah Jazz,Seattle SuperSonics,6,1,2,0,1,2,1
270,265,Shawn Kemp,1996-97,December,Seattle SuperSonics,Utah Jazz,18,2,9,2,2,6,2
271,258,Bryon Russell,1996-97,December,Utah Jazz,Seattle SuperSonics,3,1,3,0,2,0,2
272,270,Shawn Kemp,1996-97,December,Seattle SuperSonics,Utah Jazz,20,2,9,2,2,6,2
273,268,Gary Payton,1996-97,December,Seattle SuperSonics,Utah Jazz,14,3,6,0,0,1,1
274,263,Jeff Hornacek,1996-97,December,Utah Jazz,Seattle SuperSonics,2,2,0,0,2,0,3
275,269,Antoine Carr,1996-97,December,Utah Jazz,Seattle SuperSonics,6,1,2,0,1,2,2
276,272,Shawn Kemp,1996-97,December,Seattle SuperSonics,Utah Jazz,21,2,9,2,2,6,2
277,276,Shawn Kemp,1996-97,December,Seattle SuperSonics,Utah Jazz,22,2,9,2,2,6,2
279,257,Detlef Schrempf,1996-97,December,Seattle SuperSonics,Utah Jazz,4,4,6,1,0,3,1
280,204,Sam Perkins,1996-97,December,Seattle SuperSonics,Utah Jazz,13,0,2,0,0,0,1
282,78,Howard Eisley,1996-97,December,Utah Jazz,Seattle SuperSonics,2,0,1,0,0,0,0
283,122,Craig Ehlo,1996-97,December,Seattle SuperSonics,Utah Jazz,2,0,2,0,0,0,1
284,274,Jeff Hornacek,1996-97,December,Utah Jazz,Seattle SuperSonics,4,2,0,0,2,0,3
286,261,Karl Malone,1996-97,December,Utah Jazz,Seattle SuperSonics,23,3,9,1,1,2,2
287,283,Craig Ehlo,1996-97,December,Seattle SuperSonics,Utah Jazz,2,0,2,0,0,0,2
288,286,Karl Malone,1996-97,December,Utah Jazz,Seattle SuperSonics,25,3,9,1,1,2,2
289,273,Gary Payton,1996-97,December,Seattle SuperSonics,Utah Jazz,16,3,6,0,0,1,1
290,279,Detlef Schrempf,1996-97,December,Seattle SuperSonics,Utah Jazz,4,5,6,1,0,3,1
292,289,Gary Payton,1996-97,December,Seattle SuperSonics,Utah Jazz,16,3,7,0,0,1,1
293,284,Jeff Hornacek,1996-97,December,Utah Jazz,Seattle SuperSonics,4,2,0,0,2,0,4
295,290,Detlef Schrempf,1996-97,December,Seattle SuperSonics,Utah Jazz,5,5,6,1,0,3,1
296,287,Craig Ehlo,1996-97,December,Seattle SuperSonics,Utah Jazz,2,0,2,0,0,0,3
297,282,Howard Eisley,1996-97,December,Utah Jazz,Seattle SuperSonics,2,0,1,0,0,1,0
298,292,Gary Payton,1996-97,December,Seattle SuperSonics,Utah Jazz,16,3,7,0,1,1,1
300,277,Shawn Kemp,1996-97,December,Seattle SuperSonics,Utah Jazz,22,2,10,2,2,6,2
302,300,Shawn Kemp,1996-97,December,Seattle SuperSonics,Utah Jazz,22,2,11,2,2,6,2
303,160,Shandon Anderson,1996-97,December,Utah Jazz,Seattle SuperSonics,3,2,1,0,0,1,2
305,302,Shawn Kemp,1996-97,December,Seattle SuperSonics,Utah Jazz,23,2,11,2,2,6,2
306,271,Bryon Russell,1996-97,December,Utah Jazz,Seattle SuperSonics,6,1,3,0,2,0,2
307,297,Howard Eisley,1996-97,December,Utah Jazz,Seattle SuperSonics,2,1,1,0,0,1,0
309,306,Bryon Russell,1996-97,December,Utah Jazz,Seattle SuperSonics,6,1,4,0,2,0,2
311,288,Karl Malone,1996-97,December,Utah Jazz,Seattle SuperSonics,25,3,9,1,1,2,3
313,280,Sam Perkins,1996-97,December,Seattle SuperSonics,Utah Jazz,14,0,2,0,0,0,1
314,303,Shandon Anderson,1996-97,December,Utah Jazz,Seattle SuperSonics,5,2,1,0,0,1,2
315,266,John Stockton,1996-97,December,Utah Jazz,Seattle SuperSonics,5,9,3,0,3,2,2
316,275,Antoine Carr,1996-97,December,Utah Jazz,Seattle SuperSonics,6,1,2,0,1,2,3
317,313,Sam Perkins,1996-97,December,Seattle SuperSonics,Utah Jazz,17,0,2,0,0,0,1
318,225,Hersey Hawkins,1996-97,December,Seattle SuperSonics,Utah Jazz,0,1,5,0,0,1,1
319,187,Chris Morris,1996-97,December,Utah Jazz,Seattle SuperSonics,8,1,3,0,0,1,1
320,315,John Stockton,1996-97,December,Utah Jazz,Seattle SuperSonics,5,10,3,0,3,2,2
321,316,Antoine Carr,1996-97,December,Utah Jazz,Seattle SuperSonics,6,1,2,0,1,2,4
324,311,Karl Malone,1996-97,December,Utah Jazz,Seattle SuperSonics,25,3,10,1,1,2,3
325,314,Shandon Anderson,1996-97,December,Utah Jazz,Seattle SuperSonics,7,2,1,0,0,1,2
327,324,Karl Malone,1996-97,December,Utah Jazz,Seattle SuperSonics,25,3,11,1,1,2,3
328,317,Sam Perkins,1996-97,December,Seattle SuperSonics,Utah Jazz,17,0,2,0,0,0,2
330,0,Larry Stewart,1996-97,December,Seattle SuperSonics,Utah Jazz,0,0,1,0,0,0,0
332,318,Hersey Hawkins,1996-97,December,Seattle SuperSonics,Utah Jazz,0,1,6,0,0,1,1
333,332,Hersey Hawkins,1996-97,December,Seattle SuperSonics,Utah Jazz,2,1,6,0,0,1,1
334,298,Gary Payton,1996-97,December,Seattle SuperSonics,Utah Jazz,16,4,7,0,1,1,1
335,295,Detlef Schrempf,1996-97,December,Seattle SuperSonics,Utah Jazz,5,5,6,1,0,3,2
337,328,Sam Perkins,1996-97,December,Seattle SuperSonics,Utah Jazz,17,0,3,0,0,0,2
338,333,Hersey Hawkins,1996-97,December,Seattle SuperSonics,Utah Jazz,4,1,6,0,0,1,1
339,327,Karl Malone,1996-97,December,Utah Jazz,Seattle SuperSonics,27,3,11,1,1,2,3
340,320,John Stockton,1996-97,December,Utah Jazz,Seattle SuperSonics,5,11,3,0,3,2,2
341,325,Shandon Anderson,1996-97,December,Utah Jazz,Seattle SuperSonics,7,2,1,0,0,1,3
342,338,Hersey Hawkins,1996-97,December,Seattle SuperSonics,Utah Jazz,5,1,6,0,0,1,1
344,341,Shandon Anderson,1996-97,December,Utah Jazz,Seattle SuperSonics,7,2,2,0,0,1,3
345,334,Gary Payton,1996-97,December,Seattle SuperSonics,Utah Jazz,16,4,7,0,1,1,2
346,319,Chris Morris,1996-97,December,Utah Jazz,Seattle SuperSonics,9,1,3,0,0,1,1
347,346,Chris Morris,1996-97,December,Utah Jazz,Seattle SuperSonics,10,1,3,0,0,1,1
349,321,Antoine Carr,1996-97,December,Utah Jazz,Seattle SuperSonics,6,1,3,0,1,2,4
350,347,Chris Morris,1996-97,December,Utah Jazz,Seattle SuperSonics,12,1,3,0,0,1,1
351,340,John Stockton,1996-97,December,Utah Jazz,Seattle SuperSonics,5,12,3,0,3,2,2
352,330,Larry Stewart,1996-97,December,Seattle SuperSonics,Utah Jazz,0,0,1,0,0,1,0
353,335,Detlef Schrempf,1996-97,December,Seattle SuperSonics,Utah Jazz,5,5,6,1,0,3,3
354,349,Antoine Carr,1996-97,December,Utah Jazz,Seattle SuperSonics,8,1,3,0,1,2,4
356,354,Antoine Carr,1996-97,December,Utah Jazz,Seattle SuperSonics,8,1,4,0,1,2,4
357,305,Shawn Kemp,1996-97,December,Seattle SuperSonics,Utah Jazz,23,2,11,2,2,6,3
358,339,Karl Malone,1996-97,December,Utah Jazz,Seattle SuperSonics,28,3,11,1,1,2,3
360,353,Detlef Schrempf,1996-97,December,Seattle SuperSonics,Utah Jazz,5,5,7,1,0,3,3
361,342,Hersey Hawkins,1996-97,December,Seattle SuperSonics,Utah Jazz,7,1,6,0,0,1,1
362,360,Detlef Schrempf,1996-97,December,Seattle SuperSonics,Utah Jazz,5,6,7,1,0,3,3
364,344,Shandon Anderson,1996-97,December,Utah Jazz,Seattle SuperSonics,7,2,3,0,0,1,3
366,362,Detlef Schrempf,1996-97,December,Seattle SuperSonics,Utah Jazz,5,6,8,1,0,3,3
367,296,Craig Ehlo,1996-97,December,Seattle SuperSonics,Utah Jazz,5,0,2,0,0,0,3
368,357,Shawn Kemp,1996-97,December,Seattle SuperSonics,Utah Jazz,23,3,11,2,2,6,3
369,367,Craig Ehlo,1996-97,December,Seattle SuperSonics,Utah Jazz,5,0,2,0,0,0,4
370,356,Antoine Carr,1996-97,December,Utah Jazz,Seattle SuperSonics,9,1,4,0,1,2,4
371,370,Antoine Carr,1996-97,December,Utah Jazz,Seattle SuperSonics,10,1,4,0,1,2,4
372,371,Antoine Carr,1996-97,December,Utah Jazz,Seattle SuperSonics,10,1,4,0,1,2,5
373,368,Shawn Kemp,1996-97,December,Seattle SuperSonics,Utah Jazz,24,3,11,2,2,6,3
374,373,Shawn Kemp,1996-97,December,Seattle SuperSonics,Utah Jazz,25,3,11,2,2,6,3
375,364,Shandon Anderson,1996-97,December,Utah Jazz,Seattle SuperSonics,9,2,3,0,0,1,3
376,309,Bryon Russell,1996-97,December,Utah Jazz,Seattle SuperSonics,6,2,4,0,2,0,2
378,372,Antoine Carr,1996-97,December,Utah Jazz,Seattle SuperSonics,10,1,5,0,1,2,5
380,378,Antoine Carr,1996-97,December,Utah Jazz,Seattle SuperSonics,10,1,6,0,1,2,5
382,375,Shandon Anderson,1996-97,December,Utah Jazz,Seattle SuperSonics,9,2,4,0,0,1,3
384,374,Shawn Kemp,1996-97,December,Seattle SuperSonics,Utah Jazz,25,3,12,2,2,6,3
386,358,Karl Malone,1996-97,December,Utah Jazz,Seattle SuperSonics,28,3,12,1,1,2,3
388,366,Detlef Schrempf,1996-97,December,Seattle SuperSonics,Utah Jazz,5,6,8,1,0,3,4
389,380,Antoine Carr,1996-97,December,Utah Jazz,Seattle SuperSonics,11,1,6,0,1,2,5
390,389,Antoine Carr,1996-97,December,Utah Jazz,Seattle SuperSonics,12,1,6,0,1,2,5
391,384,Shawn Kemp,1996-97,December,Seattle SuperSonics,Utah Jazz,27,3,12,2,2,6,3
392,390,Antoine Carr,1996-97,December,Utah Jazz,Seattle SuperSonics,12,1,6,0,1,3,5
393,361,Hersey Hawkins,1996-97,December,Seattle SuperSonics,Utah Jazz,9,1,6,0,0,1,1
394,337,Sam Perkins,1996-97,December,Seattle SuperSonics,Utah Jazz,17,1,3,0,0,0,2
395,394,Sam Perkins,1996-97,December,Seattle SuperSonics,Utah Jazz,17,1,3,0,0,0,3
397,351,John Stockton,1996-97,December,Utah Jazz,Seattle SuperSonics,6,12,3,0,3,2,2
398,391,Shawn Kemp,1996-97,December,Seattle SuperSonics,Utah Jazz,29,3,12,2,2,6,3
399,388,Detlef Schrempf,1996-97,December,Seattle SuperSonics,Utah Jazz,5,7,8,1,0,3,4
400,345,Gary Payton,1996-97,December,Seattle SuperSonics,Utah Jazz,16,4,7,0,1,1,3
401,382,Shandon Anderson,1996-97,December,Utah Jazz,Seattle SuperSonics,10,2,4,0,0,1,3
402,401,Shandon Anderson,1996-97,December,Utah Jazz,Seattle SuperSonics,11,2,4,0,0,1,3
404,386,Karl Malone,1996-97,December,Utah Jazz,Seattle SuperSonics,28,3,13,1,1,2,3
405,393,Hersey Hawkins,1996-97,December,Seattle SuperSonics,Utah Jazz,9,1,6,0,0,1,2
406,404,Karl Malone,1996-97,December,Utah Jazz,Seattle SuperSonics,29,3,13,1,1,2,3
407,406,Karl Malone,1996-97,December,Utah Jazz,Seattle SuperSonics,30,3,13,1,1,2,3
408,405,Hersey Hawkins,1996-97,December,Seattle SuperSonics,Utah Jazz,12,1,6,0,0,1,2
409,399,Detlef Schrempf,1996-97,December,Seattle SuperSonics,Utah Jazz,5,8,8,1,0,3,4
410,409,Detlef Schrempf,1996-97,December,Seattle SuperSonics,Utah Jazz,5,8,8,1,0,3,5
411,392,Antoine Carr,1996-97,December,Utah Jazz,Seattle SuperSonics,13,1,6,0,1,3,5
413,410,Detlef Schrempf,1996-97,December,Seattle SuperSonics,Utah Jazz,5,8,9,1,0,3,5
415,413,Detlef Schrempf,1996-97,December,Seattle SuperSonics,Utah Jazz,5,8,10,1,0,3,5
416,400,Gary Payton,1996-97,December,Seattle SuperSonics,Utah Jazz,18,4,7,0,1,1,3
