id,previous_id,player,season,month,team,opponent_team,points,assists,rebounds,blocks,steals,turnovers,personal fouls
1,0,Arvydas Sabonis,1996-97,December,Portland Trail Blazers,Indiana Pacers,2,0,0,0,0,0,0
2,0,Isaiah Rider,1996-97,December,Portland Trail Blazers,Indiana Pacers,0,1,0,0,0,0,0
4,1,Arvydas Sabonis,1996-97,December,Portland Trail Blazers,Indiana Pacers,2,0,0,1,0,0,0
5,4,Arvydas Sabonis,1996-97,December,Portland Trail Blazers,Indiana Pacers,2,0,1,1,0,0,0
6,5,Arvydas Sabonis,1996-97,December,Portland Trail Blazers,Indiana Pacers,2,0,1,1,0,1,0
9,0,Travis Best,1996-97,December,Indiana Pacers,Portland Trail Blazers,0,0,1,0,0,0,0
10,0,Kenny Anderson,1996-97,December,Portland Trail Blazers,Indiana Pacers,0,0,0,0,0,0,1
11,0,Derrick McKey,1996-97,December,Indiana Pacers,Portland Trail Blazers,2,0,0,0,0,0,0
12,9,Travis Best,1996-97,December,Indiana Pacers,Portland Trail Blazers,0,1,1,0,0,0,0
13,0,Erick Dampier,1996-97,December,Indiana Pacers,Portland Trail Blazers,0,0,0,0,0,0,1
15,0,Dale Davis,1996-97,December,Indiana Pacers,Portland Trail Blazers,0,0,1,0,0,0,0
16,6,Arvydas Sabonis,1996-97,December,Portland Trail Blazers,Indiana Pacers,2,0,1,1,0,1,1
17,15,Dale Davis,1996-97,December,Indiana Pacers,Portland Trail Blazers,0,0,1,0,0,1,0
19,17,Dale Davis,1996-97,December,Indiana Pacers,Portland Trail Blazers,0,0,2,0,0,1,0
20,13,Erick Dampier,1996-97,December,Indiana Pacers,Portland Trail Blazers,2,0,0,0,0,0,1
21,0,Reggie Miller,1996-97,December,Indiana Pacers,Portland Trail Blazers,0,1,0,0,0,0,0
23,12,Travis Best,1996-97,December,Indiana Pacers,Portland Trail Blazers,0,1,2,0,0,0,0
24,20,Erick Dampier,1996-97,December,Indiana Pacers,Portland Trail Blazers,4,0,0,0,0,0,1
25,23,Travis Best,1996-97,December,Indiana Pacers,Portland Trail Blazers,0,2,2,0,0,0,0
26,16,Arvydas Sabonis,1996-97,December,Portland Trail Blazers,Indiana Pacers,2,0,1,1,0,2,1
27,24,Erick Dampier,1996-97,December,Indiana Pacers,Portland Trail Blazers,4,0,0,0,1,0,1
28,27,Erick Dampier,1996-97,December,Indiana Pacers,Portland Trail Blazers,6,0,0,0,1,0,1
29,0,Clifford Robinson,1996-97,December,Portland Trail Blazers,Indiana Pacers,2,0,0,0,0,0,0
30,10,Kenny Anderson,1996-97,December,Portland Trail Blazers,Indiana Pacers,0,1,0,0,0,0,1
32,0,Rasheed Wallace,1996-97,December,Portland Trail Blazers,Indiana Pacers,0,0,1,0,0,0,0
34,26,Arvydas Sabonis,1996-97,December,Portland Trail Blazers,Indiana Pacers,2,0,2,1,0,2,1
35,34,Arvydas Sabonis,1996-97,December,Portland Trail Blazers,Indiana Pacers,4,0,2,1,0,2,1
37,19,Dale Davis,1996-97,December,Indiana Pacers,Portland Trail Blazers,0,0,3,0,0,1,0
38,37,Dale Davis,1996-97,December,Indiana Pacers,Portland Trail Blazers,2,0,3,0,0,1,0
39,25,Travis Best,1996-97,December,Indiana Pacers,Portland Trail Blazers,0,2,2,0,0,0,1
41,28,Erick Dampier,1996-97,December,Indiana Pacers,Portland Trail Blazers,6,0,1,0,1,0,1
42,21,Reggie Miller,1996-97,December,Indiana Pacers,Portland Trail Blazers,3,1,0,0,0,0,0
43,39,Travis Best,1996-97,December,Indiana Pacers,Portland Trail Blazers,0,3,2,0,0,0,1
44,2,Isaiah Rider,1996-97,December,Portland Trail Blazers,Indiana Pacers,2,1,0,0,0,0,0
45,35,Arvydas Sabonis,1996-97,December,Portland Trail Blazers,Indiana Pacers,4,1,2,1,0,2,1
48,43,Travis Best,1996-97,December,Indiana Pacers,Portland Trail Blazers,0,3,3,0,0,0,1
49,11,Derrick McKey,1996-97,December,Indiana Pacers,Portland Trail Blazers,2,0,0,0,0,1,0
50,30,Kenny Anderson,1996-97,December,Portland Trail Blazers,Indiana Pacers,2,1,0,0,0,0,1
51,48,Travis Best,1996-97,December,Indiana Pacers,Portland Trail Blazers,2,3,3,0,0,0,1
52,49,Derrick McKey,1996-97,December,Indiana Pacers,Portland Trail Blazers,2,1,0,0,0,1,0
54,52,Derrick McKey,1996-97,December,Indiana Pacers,Portland Trail Blazers,2,1,1,0,0,1,0
55,41,Erick Dampier,1996-97,December,Indiana Pacers,Portland Trail Blazers,6,0,1,0,1,1,1
56,32,Rasheed Wallace,1996-97,December,Portland Trail Blazers,Indiana Pacers,0,0,1,0,1,0,0
58,54,Derrick McKey,1996-97,December,Indiana Pacers,Portland Trail Blazers,2,1,2,0,0,1,0
59,29,Clifford Robinson,1996-97,December,Portland Trail Blazers,Indiana Pacers,2,0,0,0,0,0,1
60,42,Reggie Miller,1996-97,December,Indiana Pacers,Portland Trail Blazers,6,1,0,0,0,0,0
61,51,Travis Best,1996-97,December,Indiana Pacers,Portland Trail Blazers,2,4,3,0,0,0,1
62,61,Travis Best,1996-97,December,Indiana Pacers,Portland Trail Blazers,2,4,3,0,0,0,2
63,0,Jerome Allen,1996-97,December,Indiana Pacers,Portland Trail Blazers,0,0,0,0,0,0,1
64,50,Kenny Anderson,1996-97,December,Portland Trail Blazers,Indiana Pacers,3,1,0,0,0,0,1
65,64,Kenny Anderson,1996-97,December,Portland Trail Blazers,Indiana Pacers,4,1,0,0,0,0,1
66,58,Derrick McKey,1996-97,December,Indiana Pacers,Portland Trail Blazers,4,1,2,0,0,1,0
67,60,Reggie Miller,1996-97,December,Indiana Pacers,Portland Trail Blazers,6,2,0,0,0,0,0
68,65,Kenny Anderson,1996-97,December,Portland Trail Blazers,Indiana Pacers,6,1,0,0,0,0,1
69,66,Derrick McKey,1996-97,December,Indiana Pacers,Portland Trail Blazers,6,1,2,0,0,1,0
71,0,Antonio Davis,1996-97,December,Indiana Pacers,Portland Trail Blazers,0,0,1,0,0,0,0
72,71,Antonio Davis,1996-97,December,Indiana Pacers,Portland Trail Blazers,2,0,1,0,0,0,0
73,67,Reggie Miller,1996-97,December,Indiana Pacers,Portland Trail Blazers,6,3,0,0,0,0,0
74,68,Kenny Anderson,1996-97,December,Portland Trail Blazers,Indiana Pacers,8,1,0,0,0,0,1
75,45,Arvydas Sabonis,1996-97,December,Portland Trail Blazers,Indiana Pacers,4,1,2,1,0,2,2
76,72,Antonio Davis,1996-97,December,Indiana Pacers,Portland Trail Blazers,3,0,1,0,0,0,0
77,76,Antonio Davis,1996-97,December,Indiana Pacers,Portland Trail Blazers,4,0,1,0,0,0,0
79,74,Kenny Anderson,1996-97,December,Portland Trail Blazers,Indiana Pacers,8,1,1,0,0,0,1
81,77,Antonio Davis,1996-97,December,Indiana Pacers,Portland Trail Blazers,4,0,1,1,0,0,0
82,44,Isaiah Rider,1996-97,December,Portland Trail Blazers,Indiana Pacers,2,1,1,0,0,0,0
84,81,Antonio Davis,1996-97,December,Indiana Pacers,Portland Trail Blazers,4,0,1,2,0,0,0
86,38,Dale Davis,1996-97,December,Indiana Pacers,Portland Trail Blazers,2,0,3,1,0,1,0
87,86,Dale Davis,1996-97,December,Indiana Pacers,Portland Trail Blazers,2,0,4,1,0,1,0
88,63,Jerome Allen,1996-97,December,Indiana Pacers,Portland Trail Blazers,2,0,0,0,0,0,1
89,87,Dale Davis,1996-97,December,Indiana Pacers,Portland Trail Blazers,2,1,4,1,0,1,0
91,0,Chris Dudley,1996-97,December,Portland Trail Blazers,Indiana Pacers,0,0,1,0,0,0,0
92,88,Jerome Allen,1996-97,December,Indiana Pacers,Portland Trail Blazers,2,0,0,0,0,0,2
94,79,Kenny Anderson,1996-97,December,Portland Trail Blazers,Indiana Pacers,9,1,1,0,0,0,1
96,84,Antonio Davis,1996-97,December,Indiana Pacers,Portland Trail Blazers,4,0,2,2,0,0,0
98,94,Kenny Anderson,1996-97,December,Portland Trail Blazers,Indiana Pacers,9,1,2,0,0,0,1
102,92,Jerome Allen,1996-97,December,Indiana Pacers,Portland Trail Blazers,5,0,0,0,0,0,2
103,0,Vincent Askew,1996-97,December,Indiana Pacers,Portland Trail Blazers,0,1,0,0,0,0,0
104,0,Gary Trent,1996-97,December,Portland Trail Blazers,Indiana Pacers,2,0,0,0,0,0,0
105,96,Antonio Davis,1996-97,December,Indiana Pacers,Portland Trail Blazers,6,0,2,2,0,0,0
106,102,Jerome Allen,1996-97,December,Indiana Pacers,Portland Trail Blazers,5,1,0,0,0,0,2
108,89,Dale Davis,1996-97,December,Indiana Pacers,Portland Trail Blazers,2,1,5,1,0,1,0
110,91,Chris Dudley,1996-97,December,Portland Trail Blazers,Indiana Pacers,0,0,1,1,0,0,0
111,104,Gary Trent,1996-97,December,Portland Trail Blazers,Indiana Pacers,2,0,1,0,0,0,0
114,0,Duane Ferrell,1996-97,December,Indiana Pacers,Portland Trail Blazers,0,0,1,0,0,0,0
115,103,Vincent Askew,1996-97,December,Indiana Pacers,Portland Trail Blazers,0,1,0,0,0,1,0
116,0,Aleksandar Djordjevic,1996-97,December,Portland Trail Blazers,Indiana Pacers,0,0,0,0,0,1,0
117,115,Vincent Askew,1996-97,December,Indiana Pacers,Portland Trail Blazers,0,1,0,0,1,1,0
118,111,Gary Trent,1996-97,December,Portland Trail Blazers,Indiana Pacers,2,0,1,0,0,0,1
119,117,Vincent Askew,1996-97,December,Indiana Pacers,Portland Trail Blazers,1,1,0,0,1,1,0
120,119,Vincent Askew,1996-97,December,Indiana Pacers,Portland Trail Blazers,2,1,0,0,1,1,0
121,118,Gary Trent,1996-97,December,Portland Trail Blazers,Indiana Pacers,4,0,1,0,0,0,1
122,116,Aleksandar Djordjevic,1996-97,December,Portland Trail Blazers,Indiana Pacers,0,1,0,0,0,1,0
124,121,Gary Trent,1996-97,December,Portland Trail Blazers,Indiana Pacers,4,0,2,0,0,0,1
125,122,Aleksandar Djordjevic,1996-97,December,Portland Trail Blazers,Indiana Pacers,0,1,0,0,0,2,0
127,0,Aaron McKie,1996-97,December,Portland Trail Blazers,Indiana Pacers,0,0,0,1,0,0,0
128,110,Chris Dudley,1996-97,December,Portland Trail Blazers,Indiana Pacers,0,0,2,1,0,0,0
129,114,Duane Ferrell,1996-97,December,Indiana Pacers,Portland Trail Blazers,0,0,1,0,0,0,1
130,127,Aaron McKie,1996-97,December,Portland Trail Blazers,Indiana Pacers,3,0,0,1,0,0,0
131,128,Chris Dudley,1996-97,December,Portland Trail Blazers,Indiana Pacers,0,1,2,1,0,0,0
132,0,Eddie Johnson,1996-97,December,Indiana Pacers,Portland Trail Blazers,3,0,0,0,0,0,0
133,0,Jalen Rose,1996-97,December,Indiana Pacers,Portland Trail Blazers,0,1,0,0,0,0,0
134,133,Jalen Rose,1996-97,December,Indiana Pacers,Portland Trail Blazers,0,1,0,0,0,0,1
135,59,Clifford Robinson,1996-97,December,Portland Trail Blazers,Indiana Pacers,2,0,0,0,0,1,1
136,108,Dale Davis,1996-97,December,Indiana Pacers,Portland Trail Blazers,2,1,5,1,1,1,0
137,55,Erick Dampier,1996-97,December,Indiana Pacers,Portland Trail Blazers,6,0,1,0,1,2,1
138,131,Chris Dudley,1996-97,December,Portland Trail Blazers,Indiana Pacers,0,1,2,1,1,0,0
139,135,Clifford Robinson,1996-97,December,Portland Trail Blazers,Indiana Pacers,4,0,0,0,0,1,1
140,130,Aaron McKie,1996-97,December,Portland Trail Blazers,Indiana Pacers,3,1,0,1,0,0,0
141,73,Reggie Miller,1996-97,December,Indiana Pacers,Portland Trail Blazers,8,3,0,0,0,0,0
143,136,Dale Davis,1996-97,December,Indiana Pacers,Portland Trail Blazers,2,1,6,1,1,1,0
144,140,Aaron McKie,1996-97,December,Portland Trail Blazers,Indiana Pacers,3,1,0,1,0,0,1
146,143,Dale Davis,1996-97,December,Indiana Pacers,Portland Trail Blazers,2,1,7,1,1,1,0
148,138,Chris Dudley,1996-97,December,Portland Trail Blazers,Indiana Pacers,0,1,2,2,1,0,0
149,129,Duane Ferrell,1996-97,December,Indiana Pacers,Portland Trail Blazers,0,0,2,0,0,0,1
150,149,Duane Ferrell,1996-97,December,Indiana Pacers,Portland Trail Blazers,2,0,2,0,0,0,1
152,124,Gary Trent,1996-97,December,Portland Trail Blazers,Indiana Pacers,4,0,3,0,0,0,1
153,152,Gary Trent,1996-97,December,Portland Trail Blazers,Indiana Pacers,6,0,3,0,0,0,1
154,146,Dale Davis,1996-97,December,Indiana Pacers,Portland Trail Blazers,4,1,7,1,1,1,0
155,141,Reggie Miller,1996-97,December,Indiana Pacers,Portland Trail Blazers,8,4,0,0,0,0,0
156,150,Duane Ferrell,1996-97,December,Indiana Pacers,Portland Trail Blazers,2,0,2,0,0,0,2
158,62,Travis Best,1996-97,December,Indiana Pacers,Portland Trail Blazers,2,4,4,0,0,0,2
159,155,Reggie Miller,1996-97,December,Indiana Pacers,Portland Trail Blazers,10,4,0,0,0,0,0
160,158,Travis Best,1996-97,December,Indiana Pacers,Portland Trail Blazers,2,5,4,0,0,0,2
161,154,Dale Davis,1996-97,December,Indiana Pacers,Portland Trail Blazers,4,1,7,1,1,1,1
163,139,Clifford Robinson,1996-97,December,Portland Trail Blazers,Indiana Pacers,4,0,1,0,0,1,1
164,69,Derrick McKey,1996-97,December,Indiana Pacers,Portland Trail Blazers,6,1,2,0,0,1,1
165,163,Clifford Robinson,1996-97,December,Portland Trail Blazers,Indiana Pacers,5,0,1,0,0,1,1
167,165,Clifford Robinson,1996-97,December,Portland Trail Blazers,Indiana Pacers,5,0,2,0,0,1,1
168,82,Isaiah Rider,1996-97,December,Portland Trail Blazers,Indiana Pacers,4,1,1,0,0,0,0
169,167,Clifford Robinson,1996-97,December,Portland Trail Blazers,Indiana Pacers,5,1,2,0,0,1,1
170,159,Reggie Miller,1996-97,December,Indiana Pacers,Portland Trail Blazers,13,4,0,0,0,0,0
172,137,Erick Dampier,1996-97,December,Indiana Pacers,Portland Trail Blazers,6,0,2,0,1,2,1
173,170,Reggie Miller,1996-97,December,Indiana Pacers,Portland Trail Blazers,13,4,0,0,0,1,0
175,148,Chris Dudley,1996-97,December,Portland Trail Blazers,Indiana Pacers,0,1,3,2,1,0,0
176,175,Chris Dudley,1996-97,December,Portland Trail Blazers,Indiana Pacers,2,1,3,2,1,0,0
178,176,Chris Dudley,1996-97,December,Portland Trail Blazers,Indiana Pacers,2,1,4,2,1,0,0
180,178,Chris Dudley,1996-97,December,Portland Trail Blazers,Indiana Pacers,2,1,5,2,1,0,0
181,180,Chris Dudley,1996-97,December,Portland Trail Blazers,Indiana Pacers,4,1,5,2,1,0,0
182,173,Reggie Miller,1996-97,December,Indiana Pacers,Portland Trail Blazers,15,4,0,0,0,1,0
183,182,Reggie Miller,1996-97,December,Indiana Pacers,Portland Trail Blazers,15,4,0,0,0,1,1
184,168,Isaiah Rider,1996-97,December,Portland Trail Blazers,Indiana Pacers,5,1,1,0,0,0,0
185,184,Isaiah Rider,1996-97,December,Portland Trail Blazers,Indiana Pacers,6,1,1,0,0,0,0
186,161,Dale Davis,1996-97,December,Indiana Pacers,Portland Trail Blazers,4,1,7,1,1,2,1
187,160,Travis Best,1996-97,December,Indiana Pacers,Portland Trail Blazers,2,5,4,0,0,0,3
188,98,Kenny Anderson,1996-97,December,Portland Trail Blazers,Indiana Pacers,10,1,2,0,0,0,1
189,188,Kenny Anderson,1996-97,December,Portland Trail Blazers,Indiana Pacers,11,1,2,0,0,0,1
190,185,Isaiah Rider,1996-97,December,Portland Trail Blazers,Indiana Pacers,6,1,1,0,0,0,1
191,164,Derrick McKey,1996-97,December,Indiana Pacers,Portland Trail Blazers,6,1,2,0,0,2,1
192,189,Kenny Anderson,1996-97,December,Portland Trail Blazers,Indiana Pacers,14,1,2,0,0,0,1
193,183,Reggie Miller,1996-97,December,Indiana Pacers,Portland Trail Blazers,18,4,0,0,0,1,1
195,75,Arvydas Sabonis,1996-97,December,Portland Trail Blazers,Indiana Pacers,4,1,3,1,0,2,2
197,190,Isaiah Rider,1996-97,December,Portland Trail Blazers,Indiana Pacers,6,1,1,1,0,0,1
198,195,Arvydas Sabonis,1996-97,December,Portland Trail Blazers,Indiana Pacers,4,1,4,1,0,2,2
200,193,Reggie Miller,1996-97,December,Indiana Pacers,Portland Trail Blazers,18,4,1,0,0,1,1
201,198,Arvydas Sabonis,1996-97,December,Portland Trail Blazers,Indiana Pacers,4,1,4,1,0,2,3
203,201,Arvydas Sabonis,1996-97,December,Portland Trail Blazers,Indiana Pacers,4,1,4,2,0,2,3
204,169,Clifford Robinson,1996-97,December,Portland Trail Blazers,Indiana Pacers,5,1,3,0,0,1,1
206,186,Dale Davis,1996-97,December,Indiana Pacers,Portland Trail Blazers,4,1,7,2,1,2,1
207,172,Erick Dampier,1996-97,December,Indiana Pacers,Portland Trail Blazers,6,0,2,0,1,2,2
208,204,Clifford Robinson,1996-97,December,Portland Trail Blazers,Indiana Pacers,8,1,3,0,0,1,1
209,203,Arvydas Sabonis,1996-97,December,Portland Trail Blazers,Indiana Pacers,4,2,4,2,0,2,3
210,197,Isaiah Rider,1996-97,December,Portland Trail Blazers,Indiana Pacers,6,1,1,1,0,0,2
211,56,Rasheed Wallace,1996-97,December,Portland Trail Blazers,Indiana Pacers,0,0,1,0,1,0,1
212,187,Travis Best,1996-97,December,Indiana Pacers,Portland Trail Blazers,3,5,4,0,0,0,3
213,212,Travis Best,1996-97,December,Indiana Pacers,Portland Trail Blazers,4,5,4,0,0,0,3
214,208,Clifford Robinson,1996-97,December,Portland Trail Blazers,Indiana Pacers,10,1,3,0,0,1,1
215,191,Derrick McKey,1996-97,December,Indiana Pacers,Portland Trail Blazers,6,1,2,0,0,2,2
216,214,Clifford Robinson,1996-97,December,Portland Trail Blazers,Indiana Pacers,11,1,3,0,0,1,1
218,209,Arvydas Sabonis,1996-97,December,Portland Trail Blazers,Indiana Pacers,4,2,5,2,0,2,3
220,218,Arvydas Sabonis,1996-97,December,Portland Trail Blazers,Indiana Pacers,4,2,6,2,0,2,3
221,220,Arvydas Sabonis,1996-97,December,Portland Trail Blazers,Indiana Pacers,6,2,6,2,0,2,3
223,206,Dale Davis,1996-97,December,Indiana Pacers,Portland Trail Blazers,4,1,7,2,1,2,2
225,215,Derrick McKey,1996-97,December,Indiana Pacers,Portland Trail Blazers,6,1,2,1,0,2,2
226,221,Arvydas Sabonis,1996-97,December,Portland Trail Blazers,Indiana Pacers,8,2,6,2,0,2,3
227,216,Clifford Robinson,1996-97,December,Portland Trail Blazers,Indiana Pacers,11,2,3,0,0,1,1
229,207,Erick Dampier,1996-97,December,Indiana Pacers,Portland Trail Blazers,6,0,3,0,1,2,2
230,211,Rasheed Wallace,1996-97,December,Portland Trail Blazers,Indiana Pacers,0,0,1,0,1,0,2
231,229,Erick Dampier,1996-97,December,Indiana Pacers,Portland Trail Blazers,7,0,3,0,1,2,2
232,231,Erick Dampier,1996-97,December,Indiana Pacers,Portland Trail Blazers,8,0,3,0,1,2,2
233,232,Erick Dampier,1996-97,December,Indiana Pacers,Portland Trail Blazers,8,0,3,0,1,2,3
234,192,Kenny Anderson,1996-97,December,Portland Trail Blazers,Indiana Pacers,16,1,2,0,0,0,1
235,200,Reggie Miller,1996-97,December,Indiana Pacers,Portland Trail Blazers,20,4,1,0,0,1,1
236,213,Travis Best,1996-97,December,Indiana Pacers,Portland Trail Blazers,4,6,4,0,0,0,3
237,227,Clifford Robinson,1996-97,December,Portland Trail Blazers,Indiana Pacers,13,2,3,0,0,1,1
238,234,Kenny Anderson,1996-97,December,Portland Trail Blazers,Indiana Pacers,16,2,2,0,0,0,1
239,120,Vincent Askew,1996-97,December,Indiana Pacers,Portland Trail Blazers,2,1,0,0,1,1,1
241,223,Dale Davis,1996-97,December,Indiana Pacers,Portland Trail Blazers,4,1,8,2,1,2,2
242,210,Isaiah Rider,1996-97,December,Portland Trail Blazers,Indiana Pacers,6,1,1,1,0,0,3
243,235,Reggie Miller,1996-97,December,Indiana Pacers,Portland Trail Blazers,21,4,1,0,0,1,1
244,243,Reggie Miller,1996-97,December,Indiana Pacers,Portland Trail Blazers,22,4,1,0,0,1,1
246,105,Antonio Davis,1996-97,December,Indiana Pacers,Portland Trail Blazers,6,0,3,2,0,0,0
248,226,Arvydas Sabonis,1996-97,December,Portland Trail Blazers,Indiana Pacers,8,2,6,2,0,2,4
249,238,Kenny Anderson,1996-97,December,Portland Trail Blazers,Indiana Pacers,16,2,2,0,0,0,1
250,244,Reggie Miller,1996-97,December,Indiana Pacers,Portland Trail Blazers,23,4,1,0,0,1,1
253,246,Antonio Davis,1996-97,December,Indiana Pacers,Portland Trail Blazers,6,0,4,2,0,0,0
254,253,Antonio Davis,1996-97,December,Indiana Pacers,Portland Trail Blazers,8,0,4,2,0,0,0
255,239,Vincent Askew,1996-97,December,Indiana Pacers,Portland Trail Blazers,2,1,0,0,1,1,2
256,237,Clifford Robinson,1996-97,December,Portland Trail Blazers,Indiana Pacers,14,2,3,0,0,1,1
257,256,Clifford Robinson,1996-97,December,Portland Trail Blazers,Indiana Pacers,15,2,3,0,0,1,1
258,249,Kenny Anderson,1996-97,December,Portland Trail Blazers,Indiana Pacers,16,2,2,0,0,0,2
259,236,Travis Best,1996-97,December,Indiana Pacers,Portland Trail Blazers,5,6,4,0,0,0,3
260,259,Travis Best,1996-97,December,Indiana Pacers,Portland Trail Blazers,6,6,4,0,0,0,3
262,254,Antonio Davis,1996-97,December,Indiana Pacers,Portland Trail Blazers,8,0,5,2,0,0,0
263,260,Travis Best,1996-97,December,Indiana Pacers,Portland Trail Blazers,8,6,4,0,0,0,3
264,250,Reggie Miller,1996-97,December,Indiana Pacers,Portland Trail Blazers,23,5,1,0,0,1,1
266,241,Dale Davis,1996-97,December,Indiana Pacers,Portland Trail Blazers,4,1,9,2,1,2,2
267,263,Travis Best,1996-97,December,Indiana Pacers,Portland Trail Blazers,10,6,4,0,0,0,3
269,266,Dale Davis,1996-97,December,Indiana Pacers,Portland Trail Blazers,4,1,9,3,1,2,2
270,134,Jalen Rose,1996-97,December,Indiana Pacers,Portland Trail Blazers,0,1,1,0,0,0,1
272,262,Antonio Davis,1996-97,December,Indiana Pacers,Portland Trail Blazers,8,0,6,2,0,0,0
273,272,Antonio Davis,1996-97,December,Indiana Pacers,Portland Trail Blazers,8,0,6,2,0,1,0
275,181,Chris Dudley,1996-97,December,Portland Trail Blazers,Indiana Pacers,4,1,5,2,1,0,1
276,273,Antonio Davis,1996-97,December,Indiana Pacers,Portland Trail Blazers,9,0,6,2,0,1,0
278,275,Chris Dudley,1996-97,December,Portland Trail Blazers,Indiana Pacers,4,1,6,2,1,0,1
279,255,Vincent Askew,1996-97,December,Indiana Pacers,Portland Trail Blazers,2,1,0,0,1,1,3
280,257,Clifford Robinson,1996-97,December,Portland Trail Blazers,Indiana Pacers,16,2,3,0,0,1,1
281,280,Clifford Robinson,1996-97,December,Portland Trail Blazers,Indiana Pacers,17,2,3,0,0,1,1
282,278,Chris Dudley,1996-97,December,Portland Trail Blazers,Indiana Pacers,4,1,6,2,1,0,2
285,258,Kenny Anderson,1996-97,December,Portland Trail Blazers,Indiana Pacers,16,2,3,0,0,0,2
286,282,Chris Dudley,1996-97,December,Portland Trail Blazers,Indiana Pacers,6,1,6,2,1,0,2
287,242,Isaiah Rider,1996-97,December,Portland Trail Blazers,Indiana Pacers,6,2,1,1,0,0,3
289,281,Clifford Robinson,1996-97,December,Portland Trail Blazers,Indiana Pacers,17,2,4,0,0,1,1
291,153,Gary Trent,1996-97,December,Portland Trail Blazers,Indiana Pacers,6,0,4,0,0,0,1
292,291,Gary Trent,1996-97,December,Portland Trail Blazers,Indiana Pacers,8,0,4,0,0,0,1
293,156,Duane Ferrell,1996-97,December,Indiana Pacers,Portland Trail Blazers,2,0,2,0,0,1,2
294,144,Aaron McKie,1996-97,December,Portland Trail Blazers,Indiana Pacers,3,1,0,1,1,0,1
295,270,Jalen Rose,1996-97,December,Indiana Pacers,Portland Trail Blazers,0,1,1,0,0,0,2
296,289,Clifford Robinson,1996-97,December,Portland Trail Blazers,Indiana Pacers,18,2,4,0,0,1,1
297,296,Clifford Robinson,1996-97,December,Portland Trail Blazers,Indiana Pacers,19,2,4,0,0,1,1
299,286,Chris Dudley,1996-97,December,Portland Trail Blazers,Indiana Pacers,6,1,7,2,1,0,2
301,276,Antonio Davis,1996-97,December,Indiana Pacers,Portland Trail Blazers,9,0,7,2,0,1,0
302,295,Jalen Rose,1996-97,December,Indiana Pacers,Portland Trail Blazers,0,1,1,0,0,1,2
303,299,Chris Dudley,1996-97,December,Portland Trail Blazers,Indiana Pacers,6,1,7,2,2,0,2
304,285,Kenny Anderson,1996-97,December,Portland Trail Blazers,Indiana Pacers,18,2,3,0,0,0,2
305,297,Clifford Robinson,1996-97,December,Portland Trail Blazers,Indiana Pacers,19,3,4,0,0,1,1
306,301,Antonio Davis,1996-97,December,Indiana Pacers,Portland Trail Blazers,9,0,7,2,0,1,1
307,306,Antonio Davis,1996-97,December,Indiana Pacers,Portland Trail Blazers,9,0,7,2,0,2,1
308,292,Gary Trent,1996-97,December,Portland Trail Blazers,Indiana Pacers,8,0,4,0,0,1,1
309,303,Chris Dudley,1996-97,December,Portland Trail Blazers,Indiana Pacers,6,1,7,2,2,0,3
310,264,Reggie Miller,1996-97,December,Indiana Pacers,Portland Trail Blazers,24,5,1,0,0,1,1
311,310,Reggie Miller,1996-97,December,Indiana Pacers,Portland Trail Blazers,25,5,1,0,0,1,1
312,279,Vincent Askew,1996-97,December,Indiana Pacers,Portland Trail Blazers,2,1,0,0,1,1,4
313,305,Clifford Robinson,1996-97,December,Portland Trail Blazers,Indiana Pacers,20,3,4,0,0,1,1
314,313,Clifford Robinson,1996-97,December,Portland Trail Blazers,Indiana Pacers,21,3,4,0,0,1,1
316,312,Vincent Askew,1996-97,December,Indiana Pacers,Portland Trail Blazers,2,1,1,0,1,1,4
318,308,Gary Trent,1996-97,December,Portland Trail Blazers,Indiana Pacers,8,0,5,0,0,1,1
320,318,Gary Trent,1996-97,December,Portland Trail Blazers,Indiana Pacers,8,0,5,0,0,1,2
321,106,Jerome Allen,1996-97,December,Indiana Pacers,Portland Trail Blazers,8,1,0,0,0,0,2
322,311,Reggie Miller,1996-97,December,Indiana Pacers,Portland Trail Blazers,25,6,1,0,0,1,1
323,320,Gary Trent,1996-97,December,Portland Trail Blazers,Indiana Pacers,8,0,5,0,0,2,2
324,293,Duane Ferrell,1996-97,December,Indiana Pacers,Portland Trail Blazers,2,0,2,0,0,2,2
325,323,Gary Trent,1996-97,December,Portland Trail Blazers,Indiana Pacers,8,0,5,0,1,2,2
326,287,Isaiah Rider,1996-97,December,Portland Trail Blazers,Indiana Pacers,8,2,1,1,0,0,3
327,294,Aaron McKie,1996-97,December,Portland Trail Blazers,Indiana Pacers,3,2,0,1,1,0,1
328,307,Antonio Davis,1996-97,December,Indiana Pacers,Portland Trail Blazers,9,0,7,2,0,2,2
329,328,Antonio Davis,1996-97,December,Indiana Pacers,Portland Trail Blazers,9,0,7,2,0,3,2
330,326,Isaiah Rider,1996-97,December,Portland Trail Blazers,Indiana Pacers,10,2,1,1,0,0,3
331,269,Dale Davis,1996-97,December,Indiana Pacers,Portland Trail Blazers,4,1,9,3,1,3,2
332,309,Chris Dudley,1996-97,December,Portland Trail Blazers,Indiana Pacers,6,1,7,2,3,0,3
334,233,Erick Dampier,1996-97,December,Indiana Pacers,Portland Trail Blazers,8,0,3,0,1,2,4
335,331,Dale Davis,1996-97,December,Indiana Pacers,Portland Trail Blazers,4,1,9,3,1,3,3
336,335,Dale Davis,1996-97,December,Indiana Pacers,Portland Trail Blazers,4,1,9,3,1,3,3
339,304,Kenny Anderson,1996-97,December,Portland Trail Blazers,Indiana Pacers,18,2,4,0,0,0,2
340,339,Kenny Anderson,1996-97,December,Portland Trail Blazers,Indiana Pacers,20,2,4,0,0,0,2
341,332,Chris Dudley,1996-97,December,Portland Trail Blazers,Indiana Pacers,6,2,7,2,3,0,3
343,325,Gary Trent,1996-97,December,Portland Trail Blazers,Indiana Pacers,8,0,6,0,1,2,2
344,341,Chris Dudley,1996-97,December,Portland Trail Blazers,Indiana Pacers,6,2,7,2,3,1,3
345,343,Gary Trent,1996-97,December,Portland Trail Blazers,Indiana Pacers,8,0,6,0,1,2,3
347,336,Dale Davis,1996-97,December,Indiana Pacers,Portland Trail Blazers,5,1,9,3,1,3,3
348,345,Gary Trent,1996-97,December,Portland Trail Blazers,Indiana Pacers,8,0,6,0,1,3,3
349,347,Dale Davis,1996-97,December,Indiana Pacers,Portland Trail Blazers,5,1,9,3,2,3,3
351,344,Chris Dudley,1996-97,December,Portland Trail Blazers,Indiana Pacers,6,2,8,2,3,1,3
352,349,Dale Davis,1996-97,December,Indiana Pacers,Portland Trail Blazers,5,1,9,3,2,3,4
354,329,Antonio Davis,1996-97,December,Indiana Pacers,Portland Trail Blazers,9,0,8,2,0,3,2
356,330,Isaiah Rider,1996-97,December,Portland Trail Blazers,Indiana Pacers,10,2,2,1,0,0,3
357,225,Derrick McKey,1996-97,December,Indiana Pacers,Portland Trail Blazers,6,1,2,1,0,2,3
358,340,Kenny Anderson,1996-97,December,Portland Trail Blazers,Indiana Pacers,21,2,4,0,0,0,2
359,358,Kenny Anderson,1996-97,December,Portland Trail Blazers,Indiana Pacers,22,2,4,0,0,0,2
361,351,Chris Dudley,1996-97,December,Portland Trail Blazers,Indiana Pacers,6,2,9,2,3,1,3
363,356,Isaiah Rider,1996-97,December,Portland Trail Blazers,Indiana Pacers,10,2,3,1,0,0,3
364,363,Isaiah Rider,1996-97,December,Portland Trail Blazers,Indiana Pacers,10,2,3,1,0,1,3
365,364,Isaiah Rider,1996-97,December,Portland Trail Blazers,Indiana Pacers,10,2,3,1,0,1,4
367,230,Rasheed Wallace,1996-97,December,Portland Trail Blazers,Indiana Pacers,0,0,2,0,1,0,2
368,367,Rasheed Wallace,1996-97,December,Portland Trail Blazers,Indiana Pacers,0,0,2,0,1,1,2
369,352,Dale Davis,1996-97,December,Indiana Pacers,Portland Trail Blazers,5,1,9,3,3,3,4
371,316,Vincent Askew,1996-97,December,Indiana Pacers,Portland Trail Blazers,2,1,2,0,1,1,4
373,368,Rasheed Wallace,1996-97,December,Portland Trail Blazers,Indiana Pacers,0,0,3,0,1,1,2
375,369,Dale Davis,1996-97,December,Indiana Pacers,Portland Trail Blazers,5,1,10,3,3,3,4
376,314,Clifford Robinson,1996-97,December,Portland Trail Blazers,Indiana Pacers,21,3,4,0,0,1,2
377,322,Reggie Miller,1996-97,December,Indiana Pacers,Portland Trail Blazers,27,6,1,0,0,1,1
378,267,Travis Best,1996-97,December,Indiana Pacers,Portland Trail Blazers,10,7,4,0,0,0,3
379,373,Rasheed Wallace,1996-97,December,Portland Trail Blazers,Indiana Pacers,2,0,3,0,1,1,2
380,376,Clifford Robinson,1996-97,December,Portland Trail Blazers,Indiana Pacers,21,4,4,0,0,1,2
381,378,Travis Best,1996-97,December,Indiana Pacers,Portland Trail Blazers,10,7,4,0,0,1,3
382,380,Clifford Robinson,1996-97,December,Portland Trail Blazers,Indiana Pacers,23,4,4,0,0,1,2
383,327,Aaron McKie,1996-97,December,Portland Trail Blazers,Indiana Pacers,3,2,0,1,1,0,2
384,377,Reggie Miller,1996-97,December,Indiana Pacers,Portland Trail Blazers,28,6,1,0,0,1,1
385,384,Reggie Miller,1996-97,December,Indiana Pacers,Portland Trail Blazers,29,6,1,0,0,1,1
386,354,Antonio Davis,1996-97,December,Indiana Pacers,Portland Trail Blazers,9,0,8,2,0,3,3
387,359,Kenny Anderson,1996-97,December,Portland Trail Blazers,Indiana Pacers,23,2,4,0,0,0,2
388,387,Kenny Anderson,1996-97,December,Portland Trail Blazers,Indiana Pacers,24,2,4,0,0,0,2
390,361,Chris Dudley,1996-97,December,Portland Trail Blazers,Indiana Pacers,6,2,10,2,3,1,3
392,357,Derrick McKey,1996-97,December,Indiana Pacers,Portland Trail Blazers,6,1,2,1,0,3,3
394,248,Arvydas Sabonis,1996-97,December,Portland Trail Blazers,Indiana Pacers,8,2,6,2,0,2,5
396,386,Antonio Davis,1996-97,December,Indiana Pacers,Portland Trail Blazers,10,0,8,2,0,3,3
397,388,Kenny Anderson,1996-97,December,Portland Trail Blazers,Indiana Pacers,24,2,4,0,0,1,2
398,396,Antonio Davis,1996-97,December,Indiana Pacers,Portland Trail Blazers,12,0,8,2,0,3,3
399,392,Derrick McKey,1996-97,December,Indiana Pacers,Portland Trail Blazers,6,1,2,1,0,3,4
401,394,Arvydas Sabonis,1996-97,December,Portland Trail Blazers,Indiana Pacers,9,2,6,2,0,2,5
403,390,Chris Dudley,1996-97,December,Portland Trail Blazers,Indiana Pacers,6,2,11,2,3,1,3
405,398,Antonio Davis,1996-97,December,Indiana Pacers,Portland Trail Blazers,12,0,9,2,0,3,3
407,365,Isaiah Rider,1996-97,December,Portland Trail Blazers,Indiana Pacers,10,2,3,1,0,2,4
408,385,Reggie Miller,1996-97,December,Indiana Pacers,Portland Trail Blazers,29,6,1,0,1,1,1
410,399,Derrick McKey,1996-97,December,Indiana Pacers,Portland Trail Blazers,6,1,2,1,0,3,5
411,375,Dale Davis,1996-97,December,Indiana Pacers,Portland Trail Blazers,5,1,10,3,3,3,5
413,405,Antonio Davis,1996-97,December,Indiana Pacers,Portland Trail Blazers,12,0,10,2,0,3,3
414,403,Chris Dudley,1996-97,December,Portland Trail Blazers,Indiana Pacers,6,2,11,2,3,1,4
415,411,Dale Davis,1996-97,December,Indiana Pacers,Portland Trail Blazers,6,1,10,3,3,3,5
416,415,Dale Davis,1996-97,December,Indiana Pacers,Portland Trail Blazers,7,1,10,3,3,3,5
417,414,Chris Dudley,1996-97,December,Portland Trail Blazers,Indiana Pacers,6,2,11,2,3,1,5
418,417,Chris Dudley,1996-97,December,Portland Trail Blazers,Indiana Pacers,6,2,11,2,3,2,5
420,379,Rasheed Wallace,1996-97,December,Portland Trail Blazers,Indiana Pacers,2,0,4,0,1,1,2
421,420,Rasheed Wallace,1996-97,December,Portland Trail Blazers,Indiana Pacers,4,0,4,0,1,1,2
422,397,Kenny Anderson,1996-97,December,Portland Trail Blazers,Indiana Pacers,24,3,4,0,0,1,2
423,383,Aaron McKie,1996-97,December,Portland Trail Blazers,Indiana Pacers,3,2,0,1,1,0,3
425,422,Kenny Anderson,1996-97,December,Portland Trail Blazers,Indiana Pacers,24,3,5,0,0,1,2
427,408,Reggie Miller,1996-97,December,Indiana Pacers,Portland Trail Blazers,29,6,2,0,1,1,1
428,427,Reggie Miller,1996-97,December,Indiana Pacers,Portland Trail Blazers,32,6,2,0,1,1,1
429,410,Derrick McKey,1996-97,December,Indiana Pacers,Portland Trail Blazers,6,2,2,1,0,3,5
431,416,Dale Davis,1996-97,December,Indiana Pacers,Portland Trail Blazers,7,1,11,3,3,3,5
432,381,Travis Best,1996-97,December,Indiana Pacers,Portland Trail Blazers,10,7,4,0,0,2,3
434,413,Antonio Davis,1996-97,December,Indiana Pacers,Portland Trail Blazers,12,0,11,2,0,3,3
436,423,Aaron McKie,1996-97,December,Portland Trail Blazers,Indiana Pacers,3,2,0,1,1,0,4
437,429,Derrick McKey,1996-97,December,Indiana Pacers,Portland Trail Blazers,7,2,2,1,0,3,5
438,437,Derrick McKey,1996-97,December,Indiana Pacers,Portland Trail Blazers,8,2,2,1,0,3,5
439,425,Kenny Anderson,1996-97,December,Portland Trail Blazers,Indiana Pacers,26,3,5,0,0,1,2
440,434,Antonio Davis,1996-97,December,Indiana Pacers,Portland Trail Blazers,12,0,11,2,0,3,4
441,439,Kenny Anderson,1996-97,December,Portland Trail Blazers,Indiana Pacers,27,3,5,0,0,1,2
443,401,Arvydas Sabonis,1996-97,December,Portland Trail Blazers,Indiana Pacers,9,2,7,2,0,2,5
444,431,Dale Davis,1996-97,December,Indiana Pacers,Portland Trail Blazers,7,1,11,3,3,3,6
446,443,Arvydas Sabonis,1996-97,December,Portland Trail Blazers,Indiana Pacers,10,2,7,2,0,2,5
447,440,Antonio Davis,1996-97,December,Indiana Pacers,Portland Trail Blazers,14,0,11,2,0,3,4
448,428,Reggie Miller,1996-97,December,Indiana Pacers,Portland Trail Blazers,32,7,2,0,1,1,1
449,382,Clifford Robinson,1996-97,December,Portland Trail Blazers,Indiana Pacers,23,4,4,0,0,2,2
450,438,Derrick McKey,1996-97,December,Indiana Pacers,Portland Trail Blazers,8,2,2,1,1,3,5
452,407,Isaiah Rider,1996-97,December,Portland Trail Blazers,Indiana Pacers,10,2,4,1,0,2,4
453,441,Kenny Anderson,1996-97,December,Portland Trail Blazers,Indiana Pacers,29,3,5,0,0,1,2
454,453,Kenny Anderson,1996-97,December,Portland Trail Blazers,Indiana Pacers,29,3,5,0,0,1,3
455,432,Travis Best,1996-97,December,Indiana Pacers,Portland Trail Blazers,11,7,4,0,0,2,3
456,455,Travis Best,1996-97,December,Indiana Pacers,Portland Trail Blazers,12,7,4,0,0,2,3
458,324,Duane Ferrell,1996-97,December,Indiana Pacers,Portland Trail Blazers,2,0,3,0,0,2,2
459,436,Aaron McKie,1996-97,December,Portland Trail Blazers,Indiana Pacers,3,2,0,1,1,0,5
460,458,Duane Ferrell,1996-97,December,Indiana Pacers,Portland Trail Blazers,3,0,3,0,0,2,2
461,460,Duane Ferrell,1996-97,December,Indiana Pacers,Portland Trail Blazers,4,0,3,0,0,2,2
