id,previous_id,player,season,month,team,opponent_team,points,assists,rebounds,blocks,steals,turnovers,personal fouls
2,0,Scott Williams,1996-97,December,Philadelphia 76ers,San Antonio Spurs,0,0,1,0,0,0,0
4,0,Clar. Weatherspoon,1996-97,December,Philadelphia 76ers,San Antonio Spurs,0,0,1,0,0,0,0
6,0,Jerry Stackhouse,1996-97,December,Philadelphia 76ers,San Antonio Spurs,0,0,1,0,0,0,0
7,0,Allen Iverson,1996-97,December,Philadelphia 76ers,San Antonio Spurs,0,0,0,0,0,1,0
8,0,Avery Johnson,1996-97,December,Philadelphia 76ers,San Antonio Spurs,0,0,0,0,1,0,0
9,8,Avery Johnson,1996-97,December,San Antonio Spurs,Philadelphia 76ers,0,0,0,0,1,1,0
10,2,Scott Williams,1996-97,December,San Antonio Spurs,Philadelphia 76ers,0,0,1,0,1,0,0
11,6,Jerry Stackhouse,1996-97,December,Philadelphia 76ers,San Antonio Spurs,2,0,1,0,0,0,0
12,7,Allen Iverson,1996-97,December,Philadelphia 76ers,San Antonio Spurs,0,1,0,0,0,1,0
14,12,Allen Iverson,1996-97,December,Philadelphia 76ers,San Antonio Spurs,0,1,1,0,0,1,0
15,14,Allen Iverson,1996-97,December,Philadelphia 76ers,San Antonio Spurs,2,1,1,0,0,1,0
16,0,Sean Elliott,1996-97,December,San Antonio Spurs,Philadelphia 76ers,2,0,0,0,0,0,0
17,0,Vinny Del Negro,1996-97,December,San Antonio Spurs,Philadelphia 76ers,0,1,0,0,0,0,0
19,0,Will Perdue,1996-97,December,San Antonio Spurs,Philadelphia 76ers,0,0,1,0,0,0,0
20,0,Carl Herrera,1996-97,December,San Antonio Spurs,Philadelphia 76ers,2,0,0,0,0,0,0
21,9,Avery Johnson,1996-97,December,San Antonio Spurs,Philadelphia 76ers,0,1,0,0,1,1,0
23,4,Clar. Weatherspoon,1996-97,December,Philadelphia 76ers,San Antonio Spurs,0,0,2,0,0,0,0
25,19,Will Perdue,1996-97,December,Philadelphia 76ers,San Antonio Spurs,0,0,1,1,0,0,0
26,15,Allen Iverson,1996-97,December,Philadelphia 76ers,San Antonio Spurs,2,1,2,0,0,1,0
28,10,Scott Williams,1996-97,December,Philadelphia 76ers,San Antonio Spurs,0,0,2,0,1,0,0
30,25,Will Perdue,1996-97,December,Philadelphia 76ers,San Antonio Spurs,0,0,1,2,0,0,0
31,28,Scott Williams,1996-97,December,Philadelphia 76ers,San Antonio Spurs,0,0,3,0,1,0,0
33,0,Derrick Coleman,1996-97,December,Philadelphia 76ers,San Antonio Spurs,0,0,1,0,0,0,0
34,33,Derrick Coleman,1996-97,December,Philadelphia 76ers,San Antonio Spurs,2,0,1,0,0,0,0
36,30,Will Perdue,1996-97,December,San Antonio Spurs,Philadelphia 76ers,0,0,2,2,0,0,0
37,34,Derrick Coleman,1996-97,December,Philadelphia 76ers,San Antonio Spurs,2,0,1,0,0,0,1
38,36,Will Perdue,1996-97,December,San Antonio Spurs,Philadelphia 76ers,2,0,2,2,0,0,0
39,17,Vinny Del Negro,1996-97,December,San Antonio Spurs,Philadelphia 76ers,0,2,0,0,0,0,0
42,20,Carl Herrera,1996-97,December,San Antonio Spurs,Philadelphia 76ers,2,0,1,0,0,0,0
44,42,Carl Herrera,1996-97,December,San Antonio Spurs,Philadelphia 76ers,2,0,2,0,0,0,0
46,31,Scott Williams,1996-97,December,Philadelphia 76ers,San Antonio Spurs,0,0,4,0,1,0,0
47,23,Clar. Weatherspoon,1996-97,December,Philadelphia 76ers,San Antonio Spurs,2,0,2,0,0,0,0
48,26,Allen Iverson,1996-97,December,Philadelphia 76ers,San Antonio Spurs,2,2,2,0,0,1,0
49,47,Clar. Weatherspoon,1996-97,December,Philadelphia 76ers,San Antonio Spurs,2,0,2,0,0,0,1
50,16,Sean Elliott,1996-97,December,San Antonio Spurs,Philadelphia 76ers,3,0,0,0,0,0,0
51,50,Sean Elliott,1996-97,December,San Antonio Spurs,Philadelphia 76ers,4,0,0,0,0,0,0
53,37,Derrick Coleman,1996-97,December,Philadelphia 76ers,San Antonio Spurs,2,0,2,0,0,0,1
55,51,Sean Elliott,1996-97,December,Philadelphia 76ers,San Antonio Spurs,4,0,0,1,0,0,0
56,53,Derrick Coleman,1996-97,December,Philadelphia 76ers,San Antonio Spurs,2,0,3,0,0,0,1
57,56,Derrick Coleman,1996-97,December,Philadelphia 76ers,San Antonio Spurs,4,0,3,0,0,0,1
58,57,Derrick Coleman,1996-97,December,Philadelphia 76ers,San Antonio Spurs,4,0,3,0,0,0,2
59,55,Sean Elliott,1996-97,December,San Antonio Spurs,Philadelphia 76ers,5,0,0,1,0,0,0
60,59,Sean Elliott,1996-97,December,San Antonio Spurs,Philadelphia 76ers,6,0,0,1,0,0,0
61,48,Allen Iverson,1996-97,December,Philadelphia 76ers,San Antonio Spurs,4,2,2,0,0,1,0
62,21,Avery Johnson,1996-97,December,San Antonio Spurs,Philadelphia 76ers,2,1,0,0,1,1,0
63,58,Derrick Coleman,1996-97,December,Philadelphia 76ers,San Antonio Spurs,4,0,3,0,0,1,2
64,62,Avery Johnson,1996-97,December,San Antonio Spurs,Philadelphia 76ers,2,1,0,0,1,2,0
65,11,Jerry Stackhouse,1996-97,December,San Antonio Spurs,Philadelphia 76ers,2,0,1,0,1,0,0
66,65,Jerry Stackhouse,1996-97,December,Philadelphia 76ers,San Antonio Spurs,4,0,1,0,1,0,0
67,61,Allen Iverson,1996-97,December,Philadelphia 76ers,San Antonio Spurs,4,3,2,0,0,1,0
68,39,Vinny Del Negro,1996-97,December,San Antonio Spurs,Philadelphia 76ers,3,2,0,0,0,0,0
69,64,Avery Johnson,1996-97,December,San Antonio Spurs,Philadelphia 76ers,2,2,0,0,1,2,0
70,66,Jerry Stackhouse,1996-97,December,Philadelphia 76ers,San Antonio Spurs,6,0,1,0,1,0,0
71,67,Allen Iverson,1996-97,December,Philadelphia 76ers,San Antonio Spurs,4,4,2,0,0,1,0
72,69,Avery Johnson,1996-97,December,San Antonio Spurs,Philadelphia 76ers,4,2,0,0,1,2,0
73,60,Sean Elliott,1996-97,December,San Antonio Spurs,Philadelphia 76ers,6,1,0,1,0,0,0
75,46,Scott Williams,1996-97,December,Philadelphia 76ers,San Antonio Spurs,0,0,4,0,1,0,1
77,63,Derrick Coleman,1996-97,December,Philadelphia 76ers,San Antonio Spurs,4,0,4,0,0,1,2
78,71,Allen Iverson,1996-97,December,Philadelphia 76ers,San Antonio Spurs,6,4,2,0,0,1,0
79,49,Clar. Weatherspoon,1996-97,December,Philadelphia 76ers,San Antonio Spurs,2,1,2,0,0,0,1
80,0,Vernon Maxwell,1996-97,December,San Antonio Spurs,Philadelphia 76ers,3,0,0,0,0,0,0
81,0,Dominique Wilkins,1996-97,December,San Antonio Spurs,Philadelphia 76ers,0,1,0,0,0,0,0
82,78,Allen Iverson,1996-97,December,Philadelphia 76ers,San Antonio Spurs,6,4,2,0,0,2,0
84,75,Scott Williams,1996-97,December,Philadelphia 76ers,San Antonio Spurs,0,0,5,0,1,0,1
85,0,Mark Davis,1996-97,December,Philadelphia 76ers,San Antonio Spurs,0,0,0,0,0,1,0
86,80,Vernon Maxwell,1996-97,December,Philadelphia 76ers,San Antonio Spurs,3,0,0,0,1,0,0
87,82,Allen Iverson,1996-97,December,Philadelphia 76ers,San Antonio Spurs,6,4,2,0,0,2,1
88,86,Vernon Maxwell,1996-97,December,San Antonio Spurs,Philadelphia 76ers,4,0,0,0,1,0,0
89,88,Vernon Maxwell,1996-97,December,San Antonio Spurs,Philadelphia 76ers,5,0,0,0,1,0,0
90,70,Jerry Stackhouse,1996-97,December,Philadelphia 76ers,San Antonio Spurs,6,0,1,0,1,1,0
91,89,Vernon Maxwell,1996-97,December,Philadelphia 76ers,San Antonio Spurs,5,0,0,0,2,0,0
93,79,Clar. Weatherspoon,1996-97,December,Philadelphia 76ers,San Antonio Spurs,2,1,3,0,0,0,1
95,81,Dominique Wilkins,1996-97,December,San Antonio Spurs,Philadelphia 76ers,0,1,1,0,0,0,0
96,38,Will Perdue,1996-97,December,San Antonio Spurs,Philadelphia 76ers,4,0,2,2,0,0,0
97,72,Avery Johnson,1996-97,December,San Antonio Spurs,Philadelphia 76ers,4,3,0,0,1,2,0
98,93,Clar. Weatherspoon,1996-97,December,Philadelphia 76ers,San Antonio Spurs,4,1,3,0,0,0,1
99,90,Jerry Stackhouse,1996-97,December,Philadelphia 76ers,San Antonio Spurs,6,1,1,0,1,1,0
100,84,Scott Williams,1996-97,December,Philadelphia 76ers,San Antonio Spurs,0,0,5,0,1,0,2
101,95,Dominique Wilkins,1996-97,December,San Antonio Spurs,Philadelphia 76ers,1,1,1,0,0,0,0
102,101,Dominique Wilkins,1996-97,December,San Antonio Spurs,Philadelphia 76ers,2,1,1,0,0,0,0
103,87,Allen Iverson,1996-97,December,Philadelphia 76ers,San Antonio Spurs,8,4,2,0,0,2,1
104,85,Mark Davis,1996-97,December,Philadelphia 76ers,San Antonio Spurs,0,0,0,0,0,1,1
105,73,Sean Elliott,1996-97,December,San Antonio Spurs,Philadelphia 76ers,7,1,0,1,0,0,0
106,105,Sean Elliott,1996-97,December,San Antonio Spurs,Philadelphia 76ers,8,1,0,1,0,0,0
107,104,Mark Davis,1996-97,December,Philadelphia 76ers,San Antonio Spurs,3,0,0,0,0,1,1
108,98,Clar. Weatherspoon,1996-97,December,Philadelphia 76ers,San Antonio Spurs,4,2,3,0,0,0,1
110,108,Clar. Weatherspoon,1996-97,December,Philadelphia 76ers,San Antonio Spurs,4,2,4,0,0,0,1
111,107,Mark Davis,1996-97,December,Philadelphia 76ers,San Antonio Spurs,6,0,0,0,0,1,1
112,103,Allen Iverson,1996-97,December,Philadelphia 76ers,San Antonio Spurs,8,5,2,0,0,2,1
113,111,Mark Davis,1996-97,December,Philadelphia 76ers,San Antonio Spurs,6,0,0,0,0,1,2
116,110,Clar. Weatherspoon,1996-97,December,Philadelphia 76ers,San Antonio Spurs,4,2,5,0,0,0,1
117,0,Cory Alexander,1996-97,December,San Antonio Spurs,Philadelphia 76ers,0,0,0,0,0,0,1
118,112,Allen Iverson,1996-97,December,Philadelphia 76ers,San Antonio Spurs,9,5,2,0,0,2,1
119,118,Allen Iverson,1996-97,December,Philadelphia 76ers,San Antonio Spurs,10,5,2,0,0,2,1
121,102,Dominique Wilkins,1996-97,December,San Antonio Spurs,Philadelphia 76ers,2,1,2,0,0,0,0
122,121,Dominique Wilkins,1996-97,December,San Antonio Spurs,Philadelphia 76ers,4,1,2,0,0,0,0
124,0,Monty Williams,1996-97,December,San Antonio Spurs,Philadelphia 76ers,0,0,1,0,0,0,0
125,122,Dominique Wilkins,1996-97,December,San Antonio Spurs,Philadelphia 76ers,4,1,2,0,0,1,0
127,99,Jerry Stackhouse,1996-97,December,Philadelphia 76ers,San Antonio Spurs,6,1,2,0,1,1,0
129,91,Vernon Maxwell,1996-97,December,San Antonio Spurs,Philadelphia 76ers,5,0,1,0,2,0,0
130,125,Dominique Wilkins,1996-97,December,San Antonio Spurs,Philadelphia 76ers,6,1,2,0,0,1,0
131,124,Monty Williams,1996-97,December,San Antonio Spurs,Philadelphia 76ers,0,1,1,0,0,0,0
133,130,Dominique Wilkins,1996-97,December,San Antonio Spurs,Philadelphia 76ers,6,1,3,0,0,1,0
134,129,Vernon Maxwell,1996-97,December,San Antonio Spurs,Philadelphia 76ers,7,0,1,0,2,0,0
135,117,Cory Alexander,1996-97,December,San Antonio Spurs,Philadelphia 76ers,0,1,0,0,0,0,1
137,0,Greg Anderson,1996-97,December,San Antonio Spurs,Philadelphia 76ers,0,0,0,0,0,0,1
138,77,Derrick Coleman,1996-97,December,Philadelphia 76ers,San Antonio Spurs,4,0,4,0,0,2,2
139,135,Cory Alexander,1996-97,December,Philadelphia 76ers,San Antonio Spurs,0,1,0,0,1,0,1
141,0,Doug Overton,1996-97,December,Philadelphia 76ers,San Antonio Spurs,0,0,1,0,0,0,0
143,131,Monty Williams,1996-97,December,San Antonio Spurs,Philadelphia 76ers,0,1,2,0,0,0,0
145,137,Greg Anderson,1996-97,December,San Antonio Spurs,Philadelphia 76ers,0,0,1,0,0,0,1
147,138,Derrick Coleman,1996-97,December,Philadelphia 76ers,San Antonio Spurs,4,0,5,0,0,2,2
148,147,Derrick Coleman,1996-97,December,Philadelphia 76ers,San Antonio Spurs,7,0,5,0,0,2,2
149,141,Doug Overton,1996-97,December,Philadelphia 76ers,San Antonio Spurs,0,1,1,0,0,0,0
151,148,Derrick Coleman,1996-97,December,Philadelphia 76ers,San Antonio Spurs,7,0,6,0,0,2,2
152,151,Derrick Coleman,1996-97,December,Philadelphia 76ers,San Antonio Spurs,9,0,6,0,0,2,2
153,133,Dominique Wilkins,1996-97,December,San Antonio Spurs,Philadelphia 76ers,8,1,3,0,0,1,0
154,139,Cory Alexander,1996-97,December,San Antonio Spurs,Philadelphia 76ers,0,2,0,0,1,0,1
156,153,Dominique Wilkins,1996-97,December,San Antonio Spurs,Philadelphia 76ers,8,1,4,0,0,1,0
158,113,Mark Davis,1996-97,December,San Antonio Spurs,Philadelphia 76ers,6,0,0,1,0,1,2
159,158,Mark Davis,1996-97,December,Philadelphia 76ers,San Antonio Spurs,6,0,1,1,0,1,2
161,156,Dominique Wilkins,1996-97,December,Philadelphia 76ers,San Antonio Spurs,8,1,4,1,0,1,0
162,154,Cory Alexander,1996-97,December,San Antonio Spurs,Philadelphia 76ers,0,2,1,0,1,0,1
163,162,Cory Alexander,1996-97,December,San Antonio Spurs,Philadelphia 76ers,2,2,1,0,1,0,1
164,0,Lucious Harris,1996-97,December,Philadelphia 76ers,San Antonio Spurs,2,0,0,0,0,0,0
165,152,Derrick Coleman,1996-97,December,Philadelphia 76ers,San Antonio Spurs,9,1,6,0,0,2,2
166,134,Vernon Maxwell,1996-97,December,San Antonio Spurs,Philadelphia 76ers,7,0,1,0,2,1,0
168,96,Will Perdue,1996-97,December,Philadelphia 76ers,San Antonio Spurs,4,0,2,3,0,0,0
169,143,Monty Williams,1996-97,December,San Antonio Spurs,Philadelphia 76ers,0,1,3,0,0,0,0
171,0,Michael Cage,1996-97,December,Philadelphia 76ers,San Antonio Spurs,0,0,1,0,0,0,0
173,168,Will Perdue,1996-97,December,Philadelphia 76ers,San Antonio Spurs,4,0,2,4,0,0,0
174,166,Vernon Maxwell,1996-97,December,San Antonio Spurs,Philadelphia 76ers,7,0,2,0,2,1,0
176,171,Michael Cage,1996-97,December,San Antonio Spurs,Philadelphia 76ers,0,0,1,1,0,0,0
177,174,Vernon Maxwell,1996-97,December,San Antonio Spurs,Philadelphia 76ers,7,0,3,0,2,1,0
178,97,Avery Johnson,1996-97,December,San Antonio Spurs,Philadelphia 76ers,6,3,0,0,1,2,0
179,176,Michael Cage,1996-97,December,Philadelphia 76ers,San Antonio Spurs,2,0,1,1,0,0,0
180,119,Allen Iverson,1996-97,December,Philadelphia 76ers,San Antonio Spurs,10,6,2,0,0,2,1
182,161,Dominique Wilkins,1996-97,December,San Antonio Spurs,Philadelphia 76ers,8,1,5,1,0,1,0
184,165,Derrick Coleman,1996-97,December,Philadelphia 76ers,San Antonio Spurs,9,1,7,0,0,2,2
185,178,Avery Johnson,1996-97,December,San Antonio Spurs,Philadelphia 76ers,6,3,0,0,1,2,1
187,180,Allen Iverson,1996-97,December,Philadelphia 76ers,San Antonio Spurs,11,6,2,0,0,2,1
188,187,Allen Iverson,1996-97,December,Philadelphia 76ers,San Antonio Spurs,11,6,2,0,0,2,2
190,106,Sean Elliott,1996-97,December,San Antonio Spurs,Philadelphia 76ers,9,1,0,1,0,0,0
191,184,Derrick Coleman,1996-97,December,Philadelphia 76ers,San Antonio Spurs,9,1,7,0,0,3,2
192,68,Vinny Del Negro,1996-97,December,San Antonio Spurs,Philadelphia 76ers,3,2,0,0,0,1,0
193,188,Allen Iverson,1996-97,December,San Antonio Spurs,Philadelphia 76ers,11,6,2,0,1,2,2
195,127,Jerry Stackhouse,1996-97,December,Philadelphia 76ers,San Antonio Spurs,6,1,3,0,1,1,0
197,44,Carl Herrera,1996-97,December,Philadelphia 76ers,San Antonio Spurs,2,0,2,1,0,0,0
198,190,Sean Elliott,1996-97,December,San Antonio Spurs,Philadelphia 76ers,9,1,1,1,0,0,0
200,179,Michael Cage,1996-97,December,Philadelphia 76ers,San Antonio Spurs,2,0,2,1,0,0,0
201,195,Jerry Stackhouse,1996-97,December,Philadelphia 76ers,San Antonio Spurs,8,1,3,0,1,1,0
202,192,Vinny Del Negro,1996-97,December,San Antonio Spurs,Philadelphia 76ers,5,2,0,0,0,1,0
204,200,Michael Cage,1996-97,December,Philadelphia 76ers,San Antonio Spurs,2,0,3,1,0,0,0
206,198,Sean Elliott,1996-97,December,San Antonio Spurs,Philadelphia 76ers,9,1,2,1,0,0,0
207,206,Sean Elliott,1996-97,December,San Antonio Spurs,Philadelphia 76ers,12,1,2,1,0,0,0
208,185,Avery Johnson,1996-97,December,San Antonio Spurs,Philadelphia 76ers,6,4,0,0,1,2,1
209,173,Will Perdue,1996-97,December,San Antonio Spurs,Philadelphia 76ers,4,0,2,4,0,0,1
210,191,Derrick Coleman,1996-97,December,Philadelphia 76ers,San Antonio Spurs,10,1,7,0,0,3,2
211,210,Derrick Coleman,1996-97,December,Philadelphia 76ers,San Antonio Spurs,11,1,7,0,0,3,2
212,207,Sean Elliott,1996-97,December,San Antonio Spurs,Philadelphia 76ers,14,1,2,1,0,0,0
214,204,Michael Cage,1996-97,December,Philadelphia 76ers,San Antonio Spurs,2,0,4,1,0,0,0
215,202,Vinny Del Negro,1996-97,December,San Antonio Spurs,Philadelphia 76ers,5,2,0,0,0,1,1
217,214,Michael Cage,1996-97,December,Philadelphia 76ers,San Antonio Spurs,3,0,4,1,0,0,0
218,211,Derrick Coleman,1996-97,December,Philadelphia 76ers,San Antonio Spurs,11,1,7,0,0,3,3
220,212,Sean Elliott,1996-97,December,San Antonio Spurs,Philadelphia 76ers,15,1,2,1,0,0,0
221,116,Clar. Weatherspoon,1996-97,December,Philadelphia 76ers,San Antonio Spurs,4,2,5,0,0,1,1
223,201,Jerry Stackhouse,1996-97,December,San Antonio Spurs,Philadelphia 76ers,8,1,3,1,1,1,0
224,159,Mark Davis,1996-97,December,Philadelphia 76ers,San Antonio Spurs,6,0,2,1,0,1,2
226,209,Will Perdue,1996-97,December,Philadelphia 76ers,San Antonio Spurs,4,0,2,5,0,0,1
228,220,Sean Elliott,1996-97,December,San Antonio Spurs,Philadelphia 76ers,17,1,2,1,0,0,0
229,208,Avery Johnson,1996-97,December,San Antonio Spurs,Philadelphia 76ers,6,5,0,0,1,2,1
230,224,Mark Davis,1996-97,December,Philadelphia 76ers,San Antonio Spurs,6,0,2,1,0,2,2
231,215,Vinny Del Negro,1996-97,December,Philadelphia 76ers,San Antonio Spurs,5,2,0,0,1,1,1
232,218,Derrick Coleman,1996-97,December,Philadelphia 76ers,San Antonio Spurs,13,1,7,0,0,3,3
233,100,Scott Williams,1996-97,December,Philadelphia 76ers,San Antonio Spurs,0,1,5,0,1,0,2
234,228,Sean Elliott,1996-97,December,San Antonio Spurs,Philadelphia 76ers,19,1,2,1,0,0,0
235,231,Vinny Del Negro,1996-97,December,San Antonio Spurs,Philadelphia 76ers,5,3,0,0,1,1,1
237,226,Will Perdue,1996-97,December,San Antonio Spurs,Philadelphia 76ers,6,0,2,5,0,0,1
238,229,Avery Johnson,1996-97,December,San Antonio Spurs,Philadelphia 76ers,6,6,0,0,1,2,1
239,193,Allen Iverson,1996-97,December,Philadelphia 76ers,San Antonio Spurs,11,6,2,0,1,3,2
240,238,Avery Johnson,1996-97,December,Philadelphia 76ers,San Antonio Spurs,6,6,0,0,2,2,1
242,237,Will Perdue,1996-97,December,San Antonio Spurs,Philadelphia 76ers,6,0,3,5,0,0,1
244,233,Scott Williams,1996-97,December,San Antonio Spurs,Philadelphia 76ers,0,1,5,1,1,0,2
245,232,Derrick Coleman,1996-97,December,Philadelphia 76ers,San Antonio Spurs,13,1,8,0,0,3,3
246,245,Derrick Coleman,1996-97,December,Philadelphia 76ers,San Antonio Spurs,15,1,8,0,0,3,3
248,221,Clar. Weatherspoon,1996-97,December,San Antonio Spurs,Philadelphia 76ers,4,2,5,1,0,1,1
249,246,Derrick Coleman,1996-97,December,Philadelphia 76ers,San Antonio Spurs,15,1,9,0,0,3,3
250,239,Allen Iverson,1996-97,December,Philadelphia 76ers,San Antonio Spurs,11,6,2,0,1,4,2
251,197,Carl Herrera,1996-97,December,Philadelphia 76ers,San Antonio Spurs,2,0,2,1,1,0,0
253,242,Will Perdue,1996-97,December,San Antonio Spurs,Philadelphia 76ers,6,0,4,5,0,0,1
254,253,Will Perdue,1996-97,December,San Antonio Spurs,Philadelphia 76ers,8,0,4,5,0,0,1
255,235,Vinny Del Negro,1996-97,December,San Antonio Spurs,Philadelphia 76ers,5,3,0,0,1,1,2
257,248,Clar. Weatherspoon,1996-97,December,Philadelphia 76ers,San Antonio Spurs,4,2,6,1,0,1,1
258,223,Jerry Stackhouse,1996-97,December,Philadelphia 76ers,San Antonio Spurs,10,1,3,1,1,1,0
259,250,Allen Iverson,1996-97,December,Philadelphia 76ers,San Antonio Spurs,11,7,2,0,1,4,2
260,234,Sean Elliott,1996-97,December,San Antonio Spurs,Philadelphia 76ers,19,1,2,1,0,1,0
261,244,Scott Williams,1996-97,December,San Antonio Spurs,Philadelphia 76ers,0,1,5,1,2,0,2
262,257,Clar. Weatherspoon,1996-97,December,Philadelphia 76ers,San Antonio Spurs,6,2,6,1,0,1,1
263,261,Scott Williams,1996-97,December,Philadelphia 76ers,San Antonio Spurs,2,1,5,1,2,0,2
264,249,Derrick Coleman,1996-97,December,Philadelphia 76ers,San Antonio Spurs,15,2,9,0,0,3,3
265,260,Sean Elliott,1996-97,December,San Antonio Spurs,Philadelphia 76ers,19,1,2,1,0,2,0
266,258,Jerry Stackhouse,1996-97,December,San Antonio Spurs,Philadelphia 76ers,10,1,3,1,2,1,0
267,240,Avery Johnson,1996-97,December,San Antonio Spurs,Philadelphia 76ers,6,6,0,0,2,2,2
268,262,Clar. Weatherspoon,1996-97,December,Philadelphia 76ers,San Antonio Spurs,8,2,6,1,0,1,1
269,266,Jerry Stackhouse,1996-97,December,Philadelphia 76ers,San Antonio Spurs,10,2,3,1,2,1,0
270,255,Vinny Del Negro,1996-97,December,San Antonio Spurs,Philadelphia 76ers,7,3,0,0,1,1,2
271,267,Avery Johnson,1996-97,December,San Antonio Spurs,Philadelphia 76ers,6,7,0,0,2,2,2
273,182,Dominique Wilkins,1996-97,December,San Antonio Spurs,Philadelphia 76ers,8,1,6,1,0,1,0
274,270,Vinny Del Negro,1996-97,December,San Antonio Spurs,Philadelphia 76ers,10,3,0,0,1,1,2
275,271,Avery Johnson,1996-97,December,San Antonio Spurs,Philadelphia 76ers,6,8,0,0,2,2,2
277,275,Avery Johnson,1996-97,December,Philadelphia 76ers,San Antonio Spurs,6,8,0,1,2,2,2
278,277,Avery Johnson,1996-97,December,San Antonio Spurs,Philadelphia 76ers,6,8,1,1,2,2,2
279,273,Dominique Wilkins,1996-97,December,San Antonio Spurs,Philadelphia 76ers,11,1,6,1,0,1,0
280,278,Avery Johnson,1996-97,December,San Antonio Spurs,Philadelphia 76ers,6,9,1,1,2,2,2
282,264,Derrick Coleman,1996-97,December,Philadelphia 76ers,San Antonio Spurs,15,2,10,0,0,3,3
284,268,Clar. Weatherspoon,1996-97,December,Philadelphia 76ers,San Antonio Spurs,8,2,7,1,0,1,1
285,254,Will Perdue,1996-97,December,San Antonio Spurs,Philadelphia 76ers,8,0,4,5,0,0,2
286,284,Clar. Weatherspoon,1996-97,December,Philadelphia 76ers,San Antonio Spurs,9,2,7,1,0,1,1
287,286,Clar. Weatherspoon,1996-97,December,Philadelphia 76ers,San Antonio Spurs,10,2,7,1,0,1,1
289,282,Derrick Coleman,1996-97,December,Philadelphia 76ers,San Antonio Spurs,15,2,11,0,0,3,3
290,289,Derrick Coleman,1996-97,December,Philadelphia 76ers,San Antonio Spurs,15,2,11,0,0,4,3
291,265,Sean Elliott,1996-97,December,Philadelphia 76ers,San Antonio Spurs,19,1,2,1,1,2,0
293,259,Allen Iverson,1996-97,December,Philadelphia 76ers,San Antonio Spurs,11,7,3,0,1,4,2
295,263,Scott Williams,1996-97,December,Philadelphia 76ers,San Antonio Spurs,2,1,6,1,2,0,2
297,291,Sean Elliott,1996-97,December,Philadelphia 76ers,San Antonio Spurs,19,1,2,2,1,2,0
298,279,Dominique Wilkins,1996-97,December,San Antonio Spurs,Philadelphia 76ers,11,1,7,1,0,1,0
299,274,Vinny Del Negro,1996-97,December,San Antonio Spurs,Philadelphia 76ers,12,3,0,0,1,1,2
300,280,Avery Johnson,1996-97,December,San Antonio Spurs,Philadelphia 76ers,6,10,1,1,2,2,2
301,269,Jerry Stackhouse,1996-97,December,Philadelphia 76ers,San Antonio Spurs,10,2,3,1,2,2,0
302,285,Will Perdue,1996-97,December,Philadelphia 76ers,San Antonio Spurs,8,0,4,5,1,0,2
304,290,Derrick Coleman,1996-97,December,San Antonio Spurs,Philadelphia 76ers,15,2,11,1,0,4,3
305,301,Jerry Stackhouse,1996-97,December,Philadelphia 76ers,San Antonio Spurs,10,2,4,1,2,2,0
306,295,Scott Williams,1996-97,December,Philadelphia 76ers,San Antonio Spurs,4,1,6,1,2,0,2
307,293,Allen Iverson,1996-97,December,Philadelphia 76ers,San Antonio Spurs,11,8,3,0,1,4,2
308,302,Will Perdue,1996-97,December,San Antonio Spurs,Philadelphia 76ers,10,0,4,5,1,0,2
309,298,Dominique Wilkins,1996-97,December,San Antonio Spurs,Philadelphia 76ers,11,2,7,1,0,1,0
312,309,Dominique Wilkins,1996-97,December,San Antonio Spurs,Philadelphia 76ers,11,2,8,1,0,1,0
313,312,Dominique Wilkins,1996-97,December,San Antonio Spurs,Philadelphia 76ers,12,2,8,1,0,1,0
314,313,Dominique Wilkins,1996-97,December,San Antonio Spurs,Philadelphia 76ers,14,2,8,1,0,1,0
315,169,Monty Williams,1996-97,December,San Antonio Spurs,Philadelphia 76ers,0,2,3,0,0,0,0
317,308,Will Perdue,1996-97,December,San Antonio Spurs,Philadelphia 76ers,10,0,5,5,1,0,2
318,177,Vernon Maxwell,1996-97,December,San Antonio Spurs,Philadelphia 76ers,9,0,3,0,2,1,0
319,314,Dominique Wilkins,1996-97,December,San Antonio Spurs,Philadelphia 76ers,14,3,8,1,0,1,0
320,317,Will Perdue,1996-97,December,San Antonio Spurs,Philadelphia 76ers,10,0,5,5,1,0,3
321,320,Will Perdue,1996-97,December,San Antonio Spurs,Philadelphia 76ers,10,0,5,5,1,0,3
322,304,Derrick Coleman,1996-97,December,San Antonio Spurs,Philadelphia 76ers,15,2,11,1,0,4,3
323,322,Derrick Coleman,1996-97,December,Philadelphia 76ers,San Antonio Spurs,16,2,11,1,0,4,3
324,323,Derrick Coleman,1996-97,December,Philadelphia 76ers,San Antonio Spurs,17,2,11,1,0,4,3
325,319,Dominique Wilkins,1996-97,December,San Antonio Spurs,Philadelphia 76ers,17,3,8,1,0,1,0
327,321,Will Perdue,1996-97,December,Philadelphia 76ers,San Antonio Spurs,10,0,5,6,1,0,3
328,327,Will Perdue,1996-97,December,San Antonio Spurs,Philadelphia 76ers,10,0,6,6,1,0,3
329,315,Monty Williams,1996-97,December,San Antonio Spurs,Philadelphia 76ers,2,2,3,0,0,0,0
330,318,Vernon Maxwell,1996-97,December,San Antonio Spurs,Philadelphia 76ers,9,1,3,0,2,1,0
331,163,Cory Alexander,1996-97,December,San Antonio Spurs,Philadelphia 76ers,2,2,1,0,1,0,2
332,307,Allen Iverson,1996-97,December,Philadelphia 76ers,San Antonio Spurs,12,8,3,0,1,4,2
333,332,Allen Iverson,1996-97,December,Philadelphia 76ers,San Antonio Spurs,13,8,3,0,1,4,2
334,333,Allen Iverson,1996-97,December,Philadelphia 76ers,San Antonio Spurs,14,8,3,0,1,4,2
336,329,Monty Williams,1996-97,December,San Antonio Spurs,Philadelphia 76ers,2,2,4,0,0,0,0
338,336,Monty Williams,1996-97,December,San Antonio Spurs,Philadelphia 76ers,2,2,4,0,0,0,1
339,164,Lucious Harris,1996-97,December,Philadelphia 76ers,San Antonio Spurs,3,0,0,0,0,0,0
340,339,Lucious Harris,1996-97,December,Philadelphia 76ers,San Antonio Spurs,4,0,0,0,0,0,0
341,330,Vernon Maxwell,1996-97,December,San Antonio Spurs,Philadelphia 76ers,9,1,3,0,2,2,0
342,230,Mark Davis,1996-97,December,San Antonio Spurs,Philadelphia 76ers,6,0,2,1,1,2,2
343,331,Cory Alexander,1996-97,December,San Antonio Spurs,Philadelphia 76ers,2,2,1,0,1,0,3
345,334,Allen Iverson,1996-97,December,Philadelphia 76ers,San Antonio Spurs,15,8,3,0,1,4,2
346,217,Michael Cage,1996-97,December,Philadelphia 76ers,San Antonio Spurs,3,0,4,1,0,0,1
347,343,Cory Alexander,1996-97,December,San Antonio Spurs,Philadelphia 76ers,3,2,1,0,1,0,3
349,346,Michael Cage,1996-97,December,Philadelphia 76ers,San Antonio Spurs,3,0,5,1,0,0,1
350,342,Mark Davis,1996-97,December,Philadelphia 76ers,San Antonio Spurs,8,0,2,1,1,2,2
351,345,Allen Iverson,1996-97,December,Philadelphia 76ers,San Antonio Spurs,15,9,3,0,1,4,2
353,347,Cory Alexander,1996-97,December,San Antonio Spurs,Philadelphia 76ers,3,2,2,0,1,0,3
354,353,Cory Alexander,1996-97,December,San Antonio Spurs,Philadelphia 76ers,5,2,2,0,1,0,3
355,351,Allen Iverson,1996-97,December,Philadelphia 76ers,San Antonio Spurs,17,9,3,0,1,4,2
356,325,Dominique Wilkins,1996-97,December,San Antonio Spurs,Philadelphia 76ers,17,3,8,1,0,1,1
357,356,Dominique Wilkins,1996-97,December,San Antonio Spurs,Philadelphia 76ers,17,3,8,1,0,2,1
358,341,Vernon Maxwell,1996-97,December,San Antonio Spurs,Philadelphia 76ers,11,1,3,0,2,2,0
359,145,Greg Anderson,1996-97,December,San Antonio Spurs,Philadelphia 76ers,0,0,1,0,0,0,2
362,357,Dominique Wilkins,1996-97,December,San Antonio Spurs,Philadelphia 76ers,17,3,8,1,0,3,1
363,350,Mark Davis,1996-97,December,San Antonio Spurs,Philadelphia 76ers,8,0,2,1,2,2,2
364,354,Cory Alexander,1996-97,December,San Antonio Spurs,Philadelphia 76ers,5,2,2,0,1,0,4
365,364,Cory Alexander,1996-97,December,San Antonio Spurs,Philadelphia 76ers,5,2,2,0,1,0,5
366,355,Allen Iverson,1996-97,December,Philadelphia 76ers,San Antonio Spurs,18,9,3,0,1,4,2
367,366,Allen Iverson,1996-97,December,Philadelphia 76ers,San Antonio Spurs,19,9,3,0,1,4,2
368,363,Mark Davis,1996-97,December,Philadelphia 76ers,San Antonio Spurs,8,0,2,1,2,2,3
369,367,Allen Iverson,1996-97,December,Philadelphia 76ers,San Antonio Spurs,19,9,3,0,1,4,3
370,300,Avery Johnson,1996-97,December,San Antonio Spurs,Philadelphia 76ers,8,10,1,1,2,2,2
371,324,Derrick Coleman,1996-97,December,Philadelphia 76ers,San Antonio Spurs,19,2,11,1,0,4,3
372,362,Dominique Wilkins,1996-97,December,San Antonio Spurs,Philadelphia 76ers,19,3,8,1,0,3,1
373,358,Vernon Maxwell,1996-97,December,San Antonio Spurs,Philadelphia 76ers,11,2,3,0,2,2,0
374,371,Derrick Coleman,1996-97,December,Philadelphia 76ers,San Antonio Spurs,21,2,11,1,0,4,3
375,369,Allen Iverson,1996-97,December,Philadelphia 76ers,San Antonio Spurs,19,10,3,0,1,4,3
376,374,Derrick Coleman,1996-97,December,Philadelphia 76ers,San Antonio Spurs,21,2,11,1,0,4,4
377,373,Vernon Maxwell,1996-97,December,San Antonio Spurs,Philadelphia 76ers,11,2,3,0,2,2,1
378,377,Vernon Maxwell,1996-97,December,San Antonio Spurs,Philadelphia 76ers,11,2,3,0,2,3,1
379,349,Michael Cage,1996-97,December,Philadelphia 76ers,San Antonio Spurs,5,0,5,1,0,0,1
380,368,Mark Davis,1996-97,December,Philadelphia 76ers,San Antonio Spurs,8,1,2,1,2,2,3
381,370,Avery Johnson,1996-97,December,San Antonio Spurs,Philadelphia 76ers,10,10,1,1,2,2,2
382,372,Dominique Wilkins,1996-97,December,San Antonio Spurs,Philadelphia 76ers,19,3,8,1,0,3,2
383,380,Mark Davis,1996-97,December,Philadelphia 76ers,San Antonio Spurs,8,1,2,1,2,3,3
385,376,Derrick Coleman,1996-97,December,Philadelphia 76ers,San Antonio Spurs,21,2,12,1,0,4,4
386,385,Derrick Coleman,1996-97,December,Philadelphia 76ers,San Antonio Spurs,21,2,12,1,0,5,4
387,381,Avery Johnson,1996-97,December,San Antonio Spurs,Philadelphia 76ers,12,10,1,1,2,2,2
388,378,Vernon Maxwell,1996-97,December,San Antonio Spurs,Philadelphia 76ers,11,3,3,0,2,3,1
389,383,Mark Davis,1996-97,December,Philadelphia 76ers,San Antonio Spurs,11,1,2,1,2,3,3
390,386,Derrick Coleman,1996-97,December,Philadelphia 76ers,San Antonio Spurs,21,3,12,1,0,5,4
391,297,Sean Elliott,1996-97,December,San Antonio Spurs,Philadelphia 76ers,19,1,2,2,1,3,0
392,389,Mark Davis,1996-97,December,San Antonio Spurs,Philadelphia 76ers,11,1,2,1,3,3,3
393,375,Allen Iverson,1996-97,December,Philadelphia 76ers,San Antonio Spurs,21,10,3,0,1,4,3
394,387,Avery Johnson,1996-97,December,San Antonio Spurs,Philadelphia 76ers,14,10,1,1,2,2,2
396,391,Sean Elliott,1996-97,December,San Antonio Spurs,Philadelphia 76ers,19,1,3,2,1,3,0
397,390,Derrick Coleman,1996-97,December,Philadelphia 76ers,San Antonio Spurs,21,3,12,1,0,5,5
399,328,Will Perdue,1996-97,December,San Antonio Spurs,Philadelphia 76ers,10,0,6,6,1,0,4
400,379,Michael Cage,1996-97,December,Philadelphia 76ers,San Antonio Spurs,6,0,5,1,0,0,1
402,382,Dominique Wilkins,1996-97,December,San Antonio Spurs,Philadelphia 76ers,19,3,9,1,0,3,2
403,402,Dominique Wilkins,1996-97,December,San Antonio Spurs,Philadelphia 76ers,19,3,9,1,0,4,2
404,400,Michael Cage,1996-97,December,San Antonio Spurs,Philadelphia 76ers,6,0,5,1,1,0,1
406,388,Vernon Maxwell,1996-97,December,San Antonio Spurs,Philadelphia 76ers,11,3,4,0,2,3,1
407,406,Vernon Maxwell,1996-97,December,San Antonio Spurs,Philadelphia 76ers,13,3,4,0,2,3,1
409,392,Mark Davis,1996-97,December,Philadelphia 76ers,San Antonio Spurs,11,1,2,1,3,3,4
410,399,Will Perdue,1996-97,December,San Antonio Spurs,Philadelphia 76ers,11,0,6,6,1,0,4
411,410,Will Perdue,1996-97,December,San Antonio Spurs,Philadelphia 76ers,12,0,6,6,1,0,4
413,404,Michael Cage,1996-97,December,Philadelphia 76ers,San Antonio Spurs,6,0,6,1,1,0,1
415,411,Will Perdue,1996-97,December,San Antonio Spurs,Philadelphia 76ers,12,0,7,6,1,0,4
416,305,Jerry Stackhouse,1996-97,December,Philadelphia 76ers,San Antonio Spurs,10,2,4,1,2,2,1
417,394,Avery Johnson,1996-97,December,San Antonio Spurs,Philadelphia 76ers,15,10,1,1,2,2,2
419,413,Michael Cage,1996-97,December,Philadelphia 76ers,San Antonio Spurs,6,0,7,1,1,0,1
420,407,Vernon Maxwell,1996-97,December,San Antonio Spurs,Philadelphia 76ers,13,3,4,0,2,3,2
421,416,Jerry Stackhouse,1996-97,December,Philadelphia 76ers,San Antonio Spurs,11,2,4,1,2,2,1
422,421,Jerry Stackhouse,1996-97,December,Philadelphia 76ers,San Antonio Spurs,12,2,4,1,2,2,1
424,419,Michael Cage,1996-97,December,Philadelphia 76ers,San Antonio Spurs,6,0,8,1,1,0,1
425,409,Mark Davis,1996-97,December,Philadelphia 76ers,San Antonio Spurs,13,1,2,1,3,3,4
426,393,Allen Iverson,1996-97,December,Philadelphia 76ers,San Antonio Spurs,21,11,3,0,1,4,3
427,420,Vernon Maxwell,1996-97,December,San Antonio Spurs,Philadelphia 76ers,13,3,4,0,2,4,2
428,425,Mark Davis,1996-97,December,San Antonio Spurs,Philadelphia 76ers,13,1,2,1,4,3,4
429,422,Jerry Stackhouse,1996-97,December,Philadelphia 76ers,San Antonio Spurs,15,2,4,1,2,2,1
430,403,Dominique Wilkins,1996-97,December,San Antonio Spurs,Philadelphia 76ers,22,3,9,1,0,4,2
431,417,Avery Johnson,1996-97,December,San Antonio Spurs,Philadelphia 76ers,15,11,1,1,2,2,2
433,424,Michael Cage,1996-97,December,Philadelphia 76ers,San Antonio Spurs,6,0,9,1,1,0,1
434,428,Mark Davis,1996-97,December,Philadelphia 76ers,San Antonio Spurs,15,1,2,1,4,3,4
435,433,Michael Cage,1996-97,December,Philadelphia 76ers,San Antonio Spurs,6,0,9,1,1,0,2
436,431,Avery Johnson,1996-97,December,San Antonio Spurs,Philadelphia 76ers,16,11,1,1,2,2,2
437,436,Avery Johnson,1996-97,December,San Antonio Spurs,Philadelphia 76ers,17,11,1,1,2,2,2
438,437,Avery Johnson,1996-97,December,San Antonio Spurs,Philadelphia 76ers,17,11,1,1,2,2,3
439,426,Allen Iverson,1996-97,December,Philadelphia 76ers,San Antonio Spurs,22,11,3,0,1,4,3
440,439,Allen Iverson,1996-97,December,Philadelphia 76ers,San Antonio Spurs,23,11,3,0,1,4,3
442,435,Michael Cage,1996-97,December,Philadelphia 76ers,San Antonio Spurs,6,0,10,1,1,0,2
443,430,Dominique Wilkins,1996-97,December,San Antonio Spurs,Philadelphia 76ers,22,3,9,1,0,4,3
445,440,Allen Iverson,1996-97,December,Philadelphia 76ers,San Antonio Spurs,24,11,3,0,1,4,3
447,442,Michael Cage,1996-97,December,Philadelphia 76ers,San Antonio Spurs,6,0,11,1,1,0,2
449,415,Will Perdue,1996-97,December,Philadelphia 76ers,San Antonio Spurs,12,0,7,7,1,0,4
450,299,Vinny Del Negro,1996-97,December,San Antonio Spurs,Philadelphia 76ers,12,3,1,0,1,1,2
452,287,Clar. Weatherspoon,1996-97,December,Philadelphia 76ers,San Antonio Spurs,10,2,8,1,0,1,1
453,449,Will Perdue,1996-97,December,San Antonio Spurs,Philadelphia 76ers,12,0,7,7,1,0,5
456,429,Jerry Stackhouse,1996-97,December,Philadelphia 76ers,San Antonio Spurs,15,2,5,1,2,2,1
458,453,Will Perdue,1996-97,December,Philadelphia 76ers,San Antonio Spurs,12,0,7,8,1,0,5
459,396,Sean Elliott,1996-97,December,San Antonio Spurs,Philadelphia 76ers,19,1,4,2,1,3,0
460,445,Allen Iverson,1996-97,December,Philadelphia 76ers,San Antonio Spurs,24,11,3,0,1,4,4
461,438,Avery Johnson,1996-97,December,San Antonio Spurs,Philadelphia 76ers,18,11,1,1,2,2,3
462,461,Avery Johnson,1996-97,December,San Antonio Spurs,Philadelphia 76ers,19,11,1,1,2,2,3
464,458,Will Perdue,1996-97,December,Philadelphia 76ers,San Antonio Spurs,12,0,7,9,1,0,5
465,452,Clar. Weatherspoon,1996-97,December,Philadelphia 76ers,San Antonio Spurs,10,2,9,1,0,1,1
467,443,Dominique Wilkins,1996-97,December,Philadelphia 76ers,San Antonio Spurs,22,3,9,2,0,4,3
468,459,Sean Elliott,1996-97,December,San Antonio Spurs,Philadelphia 76ers,19,1,5,2,1,3,0
469,434,Mark Davis,1996-97,December,Philadelphia 76ers,San Antonio Spurs,15,1,2,1,4,3,5
470,462,Avery Johnson,1996-97,December,San Antonio Spurs,Philadelphia 76ers,20,11,1,1,2,2,3
472,465,Clar. Weatherspoon,1996-97,December,Philadelphia 76ers,San Antonio Spurs,10,2,10,1,0,1,1
474,469,Mark Davis,1996-97,December,Philadelphia 76ers,San Antonio Spurs,15,1,2,1,4,3,6
477,472,Clar. Weatherspoon,1996-97,December,Philadelphia 76ers,San Antonio Spurs,10,2,11,1,0,1,1
478,460,Allen Iverson,1996-97,December,Philadelphia 76ers,San Antonio Spurs,26,11,3,0,1,4,4
479,478,Allen Iverson,1996-97,December,Philadelphia 76ers,San Antonio Spurs,26,11,3,0,1,4,5
480,470,Avery Johnson,1996-97,December,San Antonio Spurs,Philadelphia 76ers,21,11,1,1,2,2,3
481,480,Avery Johnson,1996-97,December,San Antonio Spurs,Philadelphia 76ers,22,11,1,1,2,2,3
482,479,Allen Iverson,1996-97,December,Philadelphia 76ers,San Antonio Spurs,26,11,3,0,1,5,5
483,467,Dominique Wilkins,1996-97,December,Philadelphia 76ers,San Antonio Spurs,22,3,9,2,1,4,3
484,481,Avery Johnson,1996-97,December,San Antonio Spurs,Philadelphia 76ers,24,11,1,1,2,2,3
485,483,Dominique Wilkins,1996-97,December,San Antonio Spurs,Philadelphia 76ers,22,4,9,2,1,4,3
487,485,Dominique Wilkins,1996-97,December,San Antonio Spurs,Philadelphia 76ers,22,4,10,2,1,4,3
488,487,Dominique Wilkins,1996-97,December,San Antonio Spurs,Philadelphia 76ers,24,4,10,2,1,4,3
489,450,Vinny Del Negro,1996-97,December,San Antonio Spurs,Philadelphia 76ers,12,4,1,0,1,1,2
490,340,Lucious Harris,1996-97,December,Philadelphia 76ers,San Antonio Spurs,6,0,0,0,0,0,0
