id,previous_id,player,season,month,team,opponent_team,points,assists,rebounds,blocks,steals,turnovers,personal fouls
1,0,George Lynch,1996-97,December,Vancouver Grizzlies,Indiana Pacers,2,0,0,0,0,0,0
2,0,Shareef Abdur-Rahim,1996-97,December,Vancouver Grizzlies,Indiana Pacers,0,1,0,0,0,0,0
3,0,Erick Dampier,1996-97,December,Indiana Pacers,Vancouver Grizzlies,0,0,0,0,0,0,1
4,3,Erick Dampier,1996-97,December,Indiana Pacers,Vancouver Grizzlies,0,0,0,0,0,1,1
6,0,Dale Davis,1996-97,December,Indiana Pacers,Vancouver Grizzlies,0,0,1,0,0,0,0
7,0,Travis Best,1996-97,December,Indiana Pacers,Vancouver Grizzlies,2,0,0,0,0,0,0
9,1,George Lynch,1996-97,December,Vancouver Grizzlies,Indiana Pacers,2,0,1,0,0,0,0
11,0,Eric Mobley,1996-97,December,Vancouver Grizzlies,Indiana Pacers,0,0,1,0,0,0,0
13,4,Erick Dampier,1996-97,December,Indiana Pacers,Vancouver Grizzlies,0,0,0,1,0,1,1
14,0,Lee Mayberry,1996-97,December,Vancouver Grizzlies,Indiana Pacers,2,0,0,0,0,0,0
15,7,Travis Best,1996-97,December,Indiana Pacers,Vancouver Grizzlies,2,0,0,0,0,0,1
16,15,Travis Best,1996-97,December,Indiana Pacers,Vancouver Grizzlies,2,0,0,0,0,1,1
18,11,Eric Mobley,1996-97,December,Vancouver Grizzlies,Indiana Pacers,0,0,2,0,0,0,0
19,18,Eric Mobley,1996-97,December,Vancouver Grizzlies,Indiana Pacers,2,0,2,0,0,0,0
20,19,Eric Mobley,1996-97,December,Vancouver Grizzlies,Indiana Pacers,2,0,2,0,0,0,1
21,13,Erick Dampier,1996-97,December,Indiana Pacers,Vancouver Grizzlies,1,0,0,1,0,1,1
23,6,Dale Davis,1996-97,December,Indiana Pacers,Vancouver Grizzlies,0,0,2,0,0,0,0
24,21,Erick Dampier,1996-97,December,Indiana Pacers,Vancouver Grizzlies,3,0,0,1,0,1,1
25,24,Erick Dampier,1996-97,December,Indiana Pacers,Vancouver Grizzlies,3,0,0,1,0,1,2
27,2,Shareef Abdur-Rahim,1996-97,December,Vancouver Grizzlies,Indiana Pacers,1,1,0,0,0,0,0
28,0,Reggie Miller,1996-97,December,Indiana Pacers,Vancouver Grizzlies,2,0,0,0,0,0,0
29,16,Travis Best,1996-97,December,Indiana Pacers,Vancouver Grizzlies,2,1,0,0,0,1,1
30,20,Eric Mobley,1996-97,December,Vancouver Grizzlies,Indiana Pacers,2,0,2,0,0,1,1
31,0,Derrick McKey,1996-97,December,Indiana Pacers,Vancouver Grizzlies,3,0,0,0,0,0,0
32,29,Travis Best,1996-97,December,Indiana Pacers,Vancouver Grizzlies,2,2,0,0,0,1,1
34,32,Travis Best,1996-97,December,Indiana Pacers,Vancouver Grizzlies,2,2,1,0,0,1,1
36,34,Travis Best,1996-97,December,Indiana Pacers,Vancouver Grizzlies,2,2,2,0,0,1,1
37,28,Reggie Miller,1996-97,December,Indiana Pacers,Vancouver Grizzlies,4,0,0,0,0,0,0
38,36,Travis Best,1996-97,December,Indiana Pacers,Vancouver Grizzlies,2,3,2,0,0,1,1
40,31,Derrick McKey,1996-97,December,Indiana Pacers,Vancouver Grizzlies,3,0,1,0,0,0,0
41,37,Reggie Miller,1996-97,December,Indiana Pacers,Vancouver Grizzlies,7,0,0,0,0,0,0
42,40,Derrick McKey,1996-97,December,Indiana Pacers,Vancouver Grizzlies,3,1,1,0,0,0,0
43,27,Shareef Abdur-Rahim,1996-97,December,Vancouver Grizzlies,Indiana Pacers,3,1,0,0,0,0,0
44,14,Lee Mayberry,1996-97,December,Vancouver Grizzlies,Indiana Pacers,2,1,0,0,0,0,0
45,41,Reggie Miller,1996-97,December,Indiana Pacers,Vancouver Grizzlies,9,0,0,0,0,0,0
46,38,Travis Best,1996-97,December,Indiana Pacers,Vancouver Grizzlies,2,4,2,0,0,1,1
47,0,Lawrence Moten,1996-97,December,Vancouver Grizzlies,Indiana Pacers,0,0,0,0,0,0,1
48,45,Reggie Miller,1996-97,December,Indiana Pacers,Vancouver Grizzlies,10,0,0,0,0,0,0
49,0,Anthony Peeler,1996-97,December,Vancouver Grizzlies,Indiana Pacers,2,0,0,0,0,0,0
50,48,Reggie Miller,1996-97,December,Indiana Pacers,Vancouver Grizzlies,12,0,0,0,0,0,0
51,49,Anthony Peeler,1996-97,December,Vancouver Grizzlies,Indiana Pacers,2,0,0,0,0,1,0
52,46,Travis Best,1996-97,December,Indiana Pacers,Vancouver Grizzlies,2,4,2,0,1,1,1
54,42,Derrick McKey,1996-97,December,Indiana Pacers,Vancouver Grizzlies,3,1,2,0,0,0,0
55,50,Reggie Miller,1996-97,December,Indiana Pacers,Vancouver Grizzlies,15,0,0,0,0,0,0
56,52,Travis Best,1996-97,December,Indiana Pacers,Vancouver Grizzlies,2,5,2,0,1,1,1
58,0,Antonio Davis,1996-97,December,Indiana Pacers,Vancouver Grizzlies,0,0,1,0,0,0,0
59,23,Dale Davis,1996-97,December,Indiana Pacers,Vancouver Grizzlies,2,0,2,0,0,0,0
60,54,Derrick McKey,1996-97,December,Indiana Pacers,Vancouver Grizzlies,3,2,2,0,0,0,0
61,43,Shareef Abdur-Rahim,1996-97,December,Vancouver Grizzlies,Indiana Pacers,5,1,0,0,0,0,0
62,51,Anthony Peeler,1996-97,December,Vancouver Grizzlies,Indiana Pacers,2,1,0,0,0,1,0
64,0,Roy Rogers,1996-97,December,Vancouver Grizzlies,Indiana Pacers,0,0,1,0,0,0,0
65,64,Roy Rogers,1996-97,December,Vancouver Grizzlies,Indiana Pacers,2,0,1,0,0,0,0
66,61,Shareef Abdur-Rahim,1996-97,December,Vancouver Grizzlies,Indiana Pacers,5,2,0,0,0,0,0
67,60,Derrick McKey,1996-97,December,Indiana Pacers,Vancouver Grizzlies,5,2,2,0,0,0,0
68,56,Travis Best,1996-97,December,Indiana Pacers,Vancouver Grizzlies,2,6,2,0,1,1,1
69,68,Travis Best,1996-97,December,Indiana Pacers,Vancouver Grizzlies,2,6,2,0,1,1,2
71,58,Antonio Davis,1996-97,December,Indiana Pacers,Vancouver Grizzlies,0,0,2,0,0,0,0
72,55,Reggie Miller,1996-97,December,Indiana Pacers,Vancouver Grizzlies,17,0,0,0,0,0,0
73,65,Roy Rogers,1996-97,December,Vancouver Grizzlies,Indiana Pacers,4,0,1,0,0,0,0
74,62,Anthony Peeler,1996-97,December,Vancouver Grizzlies,Indiana Pacers,2,2,0,0,0,1,0
75,72,Reggie Miller,1996-97,December,Indiana Pacers,Vancouver Grizzlies,19,0,0,0,0,0,0
77,67,Derrick McKey,1996-97,December,Indiana Pacers,Vancouver Grizzlies,5,2,3,0,0,0,0
78,74,Anthony Peeler,1996-97,December,Vancouver Grizzlies,Indiana Pacers,2,2,0,0,0,1,1
80,0,Jerome Allen,1996-97,December,Indiana Pacers,Vancouver Grizzlies,1,0,0,0,0,0,0
81,9,George Lynch,1996-97,December,Vancouver Grizzlies,Indiana Pacers,4,0,1,0,0,0,0
82,71,Antonio Davis,1996-97,December,Indiana Pacers,Vancouver Grizzlies,2,0,2,0,0,0,0
83,75,Reggie Miller,1996-97,December,Indiana Pacers,Vancouver Grizzlies,19,1,0,0,0,0,0
84,66,Shareef Abdur-Rahim,1996-97,December,Vancouver Grizzlies,Indiana Pacers,7,2,0,0,0,0,0
85,82,Antonio Davis,1996-97,December,Indiana Pacers,Vancouver Grizzlies,4,0,2,0,0,0,0
87,85,Antonio Davis,1996-97,December,Indiana Pacers,Vancouver Grizzlies,4,0,3,0,0,0,0
89,78,Anthony Peeler,1996-97,December,Vancouver Grizzlies,Indiana Pacers,2,2,0,0,0,2,1
90,0,Jalen Rose,1996-97,December,Indiana Pacers,Vancouver Grizzlies,0,0,0,0,1,0,0
93,44,Lee Mayberry,1996-97,December,Vancouver Grizzlies,Indiana Pacers,2,1,1,0,0,0,0
95,0,Vincent Askew,1996-97,December,Indiana Pacers,Vancouver Grizzlies,0,0,1,0,0,0,0
97,73,Roy Rogers,1996-97,December,Vancouver Grizzlies,Indiana Pacers,4,0,2,0,0,0,0
98,84,Shareef Abdur-Rahim,1996-97,December,Vancouver Grizzlies,Indiana Pacers,9,2,0,0,0,0,0
99,93,Lee Mayberry,1996-97,December,Vancouver Grizzlies,Indiana Pacers,2,2,1,0,0,0,0
100,0,Eddie Johnson,1996-97,December,Indiana Pacers,Vancouver Grizzlies,0,0,0,0,0,0,1
101,98,Shareef Abdur-Rahim,1996-97,December,Vancouver Grizzlies,Indiana Pacers,10,2,0,0,0,0,0
102,89,Anthony Peeler,1996-97,December,Vancouver Grizzlies,Indiana Pacers,2,2,0,0,0,2,2
103,95,Vincent Askew,1996-97,December,Indiana Pacers,Vancouver Grizzlies,1,0,1,0,0,0,0
104,103,Vincent Askew,1996-97,December,Indiana Pacers,Vancouver Grizzlies,2,0,1,0,0,0,0
106,90,Jalen Rose,1996-97,December,Indiana Pacers,Vancouver Grizzlies,0,0,1,0,1,0,0
107,59,Dale Davis,1996-97,December,Indiana Pacers,Vancouver Grizzlies,4,0,2,0,0,0,0
108,100,Eddie Johnson,1996-97,December,Indiana Pacers,Vancouver Grizzlies,0,1,0,0,0,0,1
109,102,Anthony Peeler,1996-97,December,Vancouver Grizzlies,Indiana Pacers,4,2,0,0,0,2,2
110,101,Shareef Abdur-Rahim,1996-97,December,Vancouver Grizzlies,Indiana Pacers,10,3,0,0,0,0,0
112,0,Chris Robinson,1996-97,December,Vancouver Grizzlies,Indiana Pacers,0,0,0,0,0,0,1
113,112,Chris Robinson,1996-97,December,Vancouver Grizzlies,Indiana Pacers,0,0,0,0,0,0,2
115,113,Chris Robinson,1996-97,December,Vancouver Grizzlies,Indiana Pacers,0,0,1,0,0,0,2
116,108,Eddie Johnson,1996-97,December,Indiana Pacers,Vancouver Grizzlies,0,1,0,0,0,0,2
118,109,Anthony Peeler,1996-97,December,Vancouver Grizzlies,Indiana Pacers,4,2,1,0,0,2,2
119,115,Chris Robinson,1996-97,December,Vancouver Grizzlies,Indiana Pacers,0,0,1,0,0,1,2
120,0,Duane Ferrell,1996-97,December,Indiana Pacers,Vancouver Grizzlies,0,0,0,0,1,0,0
121,120,Duane Ferrell,1996-97,December,Indiana Pacers,Vancouver Grizzlies,0,0,0,0,1,1,0
122,104,Vincent Askew,1996-97,December,Indiana Pacers,Vancouver Grizzlies,2,0,1,0,0,0,1
124,106,Jalen Rose,1996-97,December,Indiana Pacers,Vancouver Grizzlies,0,0,2,0,1,0,0
126,110,Shareef Abdur-Rahim,1996-97,December,Vancouver Grizzlies,Indiana Pacers,10,3,0,1,0,0,0
127,121,Duane Ferrell,1996-97,December,Indiana Pacers,Vancouver Grizzlies,0,0,1,0,1,1,0
128,127,Duane Ferrell,1996-97,December,Indiana Pacers,Vancouver Grizzlies,2,0,1,0,1,1,0
130,116,Eddie Johnson,1996-97,December,Indiana Pacers,Vancouver Grizzlies,0,1,1,0,0,0,2
131,124,Jalen Rose,1996-97,December,Indiana Pacers,Vancouver Grizzlies,0,0,2,0,1,1,0
132,99,Lee Mayberry,1996-97,December,Vancouver Grizzlies,Indiana Pacers,2,2,1,0,1,0,0
134,130,Eddie Johnson,1996-97,December,Indiana Pacers,Vancouver Grizzlies,0,1,2,0,0,0,2
135,128,Duane Ferrell,1996-97,December,Indiana Pacers,Vancouver Grizzlies,4,0,1,0,1,1,0
136,134,Eddie Johnson,1996-97,December,Indiana Pacers,Vancouver Grizzlies,0,2,2,0,0,0,2
138,135,Duane Ferrell,1996-97,December,Indiana Pacers,Vancouver Grizzlies,4,0,2,0,1,1,0
139,131,Jalen Rose,1996-97,December,Indiana Pacers,Vancouver Grizzlies,0,0,2,0,1,2,0
140,118,Anthony Peeler,1996-97,December,Vancouver Grizzlies,Indiana Pacers,4,2,1,0,1,2,2
141,139,Jalen Rose,1996-97,December,Indiana Pacers,Vancouver Grizzlies,0,0,2,0,1,2,1
142,126,Shareef Abdur-Rahim,1996-97,December,Vancouver Grizzlies,Indiana Pacers,11,3,0,1,0,0,0
143,142,Shareef Abdur-Rahim,1996-97,December,Vancouver Grizzlies,Indiana Pacers,12,3,0,1,0,0,0
144,69,Travis Best,1996-97,December,Indiana Pacers,Vancouver Grizzlies,4,6,2,0,1,1,2
145,138,Duane Ferrell,1996-97,December,Indiana Pacers,Vancouver Grizzlies,4,1,2,0,1,1,0
146,132,Lee Mayberry,1996-97,December,Vancouver Grizzlies,Indiana Pacers,2,2,1,0,1,1,0
148,119,Chris Robinson,1996-97,December,Vancouver Grizzlies,Indiana Pacers,0,0,2,0,0,1,2
149,146,Lee Mayberry,1996-97,December,Vancouver Grizzlies,Indiana Pacers,4,2,1,0,1,1,0
150,148,Chris Robinson,1996-97,December,Vancouver Grizzlies,Indiana Pacers,0,1,2,0,0,1,2
151,81,George Lynch,1996-97,December,Vancouver Grizzlies,Indiana Pacers,4,0,1,0,0,0,1
152,83,Reggie Miller,1996-97,December,Indiana Pacers,Vancouver Grizzlies,19,1,0,0,0,0,1
153,152,Reggie Miller,1996-97,December,Indiana Pacers,Vancouver Grizzlies,19,1,0,0,0,1,1
154,151,George Lynch,1996-97,December,Vancouver Grizzlies,Indiana Pacers,4,0,1,0,0,0,2
155,154,George Lynch,1996-97,December,Vancouver Grizzlies,Indiana Pacers,4,0,1,0,0,1,2
156,77,Derrick McKey,1996-97,December,Indiana Pacers,Vancouver Grizzlies,7,2,3,0,0,0,0
157,153,Reggie Miller,1996-97,December,Indiana Pacers,Vancouver Grizzlies,19,2,0,0,0,1,1
158,155,George Lynch,1996-97,December,Vancouver Grizzlies,Indiana Pacers,4,0,1,0,0,2,2
159,156,Derrick McKey,1996-97,December,Indiana Pacers,Vancouver Grizzlies,7,2,3,0,1,0,0
160,0,Richard Manning,1996-97,December,Vancouver Grizzlies,Indiana Pacers,0,0,0,0,0,0,1
161,157,Reggie Miller,1996-97,December,Indiana Pacers,Vancouver Grizzlies,20,2,0,0,0,1,1
162,161,Reggie Miller,1996-97,December,Indiana Pacers,Vancouver Grizzlies,21,2,0,0,0,1,1
163,143,Shareef Abdur-Rahim,1996-97,December,Vancouver Grizzlies,Indiana Pacers,14,3,0,1,0,0,0
164,158,George Lynch,1996-97,December,Vancouver Grizzlies,Indiana Pacers,4,1,1,0,0,2,2
165,164,George Lynch,1996-97,December,Vancouver Grizzlies,Indiana Pacers,4,1,1,0,0,2,3
167,159,Derrick McKey,1996-97,December,Indiana Pacers,Vancouver Grizzlies,8,2,3,0,1,0,0
169,107,Dale Davis,1996-97,December,Indiana Pacers,Vancouver Grizzlies,4,0,3,0,0,0,0
170,162,Reggie Miller,1996-97,December,Indiana Pacers,Vancouver Grizzlies,23,2,0,0,0,1,1
171,167,Derrick McKey,1996-97,December,Indiana Pacers,Vancouver Grizzlies,8,3,3,0,1,0,0
173,169,Dale Davis,1996-97,December,Indiana Pacers,Vancouver Grizzlies,4,0,4,0,0,0,0
176,160,Richard Manning,1996-97,December,Vancouver Grizzlies,Indiana Pacers,0,0,0,0,0,0,2
177,144,Travis Best,1996-97,December,Indiana Pacers,Vancouver Grizzlies,5,6,2,0,1,1,2
178,177,Travis Best,1996-97,December,Indiana Pacers,Vancouver Grizzlies,6,6,2,0,1,1,2
179,171,Derrick McKey,1996-97,December,Indiana Pacers,Vancouver Grizzlies,8,3,3,0,1,0,1
180,176,Richard Manning,1996-97,December,Vancouver Grizzlies,Indiana Pacers,1,0,0,0,0,0,2
181,180,Richard Manning,1996-97,December,Vancouver Grizzlies,Indiana Pacers,2,0,0,0,0,0,2
182,163,Shareef Abdur-Rahim,1996-97,December,Vancouver Grizzlies,Indiana Pacers,14,3,0,1,0,0,1
183,173,Dale Davis,1996-97,December,Indiana Pacers,Vancouver Grizzlies,5,0,4,0,0,0,0
185,182,Shareef Abdur-Rahim,1996-97,December,Vancouver Grizzlies,Indiana Pacers,14,3,1,1,0,0,1
186,47,Lawrence Moten,1996-97,December,Vancouver Grizzlies,Indiana Pacers,0,0,0,0,0,1,1
187,185,Shareef Abdur-Rahim,1996-97,December,Vancouver Grizzlies,Indiana Pacers,14,3,1,1,0,0,2
188,179,Derrick McKey,1996-97,December,Indiana Pacers,Vancouver Grizzlies,9,3,3,0,1,0,1
189,188,Derrick McKey,1996-97,December,Indiana Pacers,Vancouver Grizzlies,10,3,3,0,1,0,1
190,149,Lee Mayberry,1996-97,December,Vancouver Grizzlies,Indiana Pacers,4,2,1,0,1,2,0
191,183,Dale Davis,1996-97,December,Indiana Pacers,Vancouver Grizzlies,7,0,4,0,0,0,0
192,97,Roy Rogers,1996-97,December,Vancouver Grizzlies,Indiana Pacers,6,0,2,0,0,0,0
193,187,Shareef Abdur-Rahim,1996-97,December,Vancouver Grizzlies,Indiana Pacers,14,4,1,1,0,0,2
194,87,Antonio Davis,1996-97,December,Indiana Pacers,Vancouver Grizzlies,4,0,3,0,0,1,0
195,181,Richard Manning,1996-97,December,Vancouver Grizzlies,Indiana Pacers,4,0,0,0,0,0,2
196,193,Shareef Abdur-Rahim,1996-97,December,Vancouver Grizzlies,Indiana Pacers,14,5,1,1,0,0,2
197,170,Reggie Miller,1996-97,December,Indiana Pacers,Vancouver Grizzlies,26,2,0,0,0,1,1
198,141,Jalen Rose,1996-97,December,Indiana Pacers,Vancouver Grizzlies,0,1,2,0,1,2,1
200,194,Antonio Davis,1996-97,December,Indiana Pacers,Vancouver Grizzlies,4,0,4,0,0,1,0
201,197,Reggie Miller,1996-97,December,Indiana Pacers,Vancouver Grizzlies,29,2,0,0,0,1,1
202,198,Jalen Rose,1996-97,December,Indiana Pacers,Vancouver Grizzlies,0,2,2,0,1,2,1
204,189,Derrick McKey,1996-97,December,Indiana Pacers,Vancouver Grizzlies,10,3,3,1,1,0,1
205,186,Lawrence Moten,1996-97,December,Vancouver Grizzlies,Indiana Pacers,0,0,0,0,0,2,1
206,204,Derrick McKey,1996-97,December,Indiana Pacers,Vancouver Grizzlies,10,3,3,1,2,0,1
207,195,Richard Manning,1996-97,December,Vancouver Grizzlies,Indiana Pacers,4,0,0,0,0,0,3
208,201,Reggie Miller,1996-97,December,Indiana Pacers,Vancouver Grizzlies,30,2,0,0,0,1,1
209,208,Reggie Miller,1996-97,December,Indiana Pacers,Vancouver Grizzlies,31,2,0,0,0,1,1
210,190,Lee Mayberry,1996-97,December,Vancouver Grizzlies,Indiana Pacers,6,2,1,0,1,2,0
211,202,Jalen Rose,1996-97,December,Indiana Pacers,Vancouver Grizzlies,0,2,2,0,1,3,1
212,205,Lawrence Moten,1996-97,December,Vancouver Grizzlies,Indiana Pacers,0,0,0,0,1,2,1
214,196,Shareef Abdur-Rahim,1996-97,December,Vancouver Grizzlies,Indiana Pacers,14,5,2,1,0,0,2
216,191,Dale Davis,1996-97,December,Indiana Pacers,Vancouver Grizzlies,7,0,5,0,0,0,0
217,25,Erick Dampier,1996-97,December,Indiana Pacers,Vancouver Grizzlies,5,0,0,1,0,1,2
218,216,Dale Davis,1996-97,December,Indiana Pacers,Vancouver Grizzlies,7,1,5,0,0,0,0
220,218,Dale Davis,1996-97,December,Indiana Pacers,Vancouver Grizzlies,7,1,6,0,0,0,0
221,217,Erick Dampier,1996-97,December,Indiana Pacers,Vancouver Grizzlies,5,0,0,1,0,1,3
222,221,Erick Dampier,1996-97,December,Indiana Pacers,Vancouver Grizzlies,5,0,0,1,0,2,3
223,212,Lawrence Moten,1996-97,December,Vancouver Grizzlies,Indiana Pacers,2,0,0,0,1,2,1
224,210,Lee Mayberry,1996-97,December,Vancouver Grizzlies,Indiana Pacers,6,3,1,0,1,2,0
225,223,Lawrence Moten,1996-97,December,Vancouver Grizzlies,Indiana Pacers,2,0,0,0,1,2,2
226,209,Reggie Miller,1996-97,December,Indiana Pacers,Vancouver Grizzlies,32,2,0,0,0,1,1
227,226,Reggie Miller,1996-97,December,Indiana Pacers,Vancouver Grizzlies,33,2,0,0,0,1,1
229,214,Shareef Abdur-Rahim,1996-97,December,Vancouver Grizzlies,Indiana Pacers,14,5,3,1,0,0,2
230,229,Shareef Abdur-Rahim,1996-97,December,Vancouver Grizzlies,Indiana Pacers,16,5,3,1,0,0,2
232,30,Eric Mobley,1996-97,December,Vancouver Grizzlies,Indiana Pacers,2,0,2,1,0,1,1
233,178,Travis Best,1996-97,December,Indiana Pacers,Vancouver Grizzlies,6,6,3,0,1,1,2
235,206,Derrick McKey,1996-97,December,Indiana Pacers,Vancouver Grizzlies,10,3,4,1,2,0,1
236,232,Eric Mobley,1996-97,December,Vancouver Grizzlies,Indiana Pacers,2,0,2,1,0,1,2
237,220,Dale Davis,1996-97,December,Indiana Pacers,Vancouver Grizzlies,8,1,6,0,0,0,0
238,237,Dale Davis,1996-97,December,Indiana Pacers,Vancouver Grizzlies,9,1,6,0,0,0,0
240,222,Erick Dampier,1996-97,December,Indiana Pacers,Vancouver Grizzlies,5,0,1,1,0,2,3
242,165,George Lynch,1996-97,December,Vancouver Grizzlies,Indiana Pacers,4,1,2,0,0,2,3
243,225,Lawrence Moten,1996-97,December,Vancouver Grizzlies,Indiana Pacers,4,0,0,0,1,2,2
244,224,Lee Mayberry,1996-97,December,Vancouver Grizzlies,Indiana Pacers,6,4,1,0,1,2,0
245,238,Dale Davis,1996-97,December,Indiana Pacers,Vancouver Grizzlies,11,1,6,0,0,0,0
246,244,Lee Mayberry,1996-97,December,Vancouver Grizzlies,Indiana Pacers,8,4,1,0,1,2,0
247,245,Dale Davis,1996-97,December,Indiana Pacers,Vancouver Grizzlies,13,1,6,0,0,0,0
248,233,Travis Best,1996-97,December,Indiana Pacers,Vancouver Grizzlies,6,7,3,0,1,1,2
249,242,George Lynch,1996-97,December,Vancouver Grizzlies,Indiana Pacers,6,1,2,0,0,2,3
250,246,Lee Mayberry,1996-97,December,Vancouver Grizzlies,Indiana Pacers,8,5,1,0,1,2,0
251,247,Dale Davis,1996-97,December,Indiana Pacers,Vancouver Grizzlies,15,1,6,0,0,0,0
253,240,Erick Dampier,1996-97,December,Indiana Pacers,Vancouver Grizzlies,5,0,2,1,0,2,3
254,248,Travis Best,1996-97,December,Indiana Pacers,Vancouver Grizzlies,9,7,3,0,1,1,2
255,251,Dale Davis,1996-97,December,Indiana Pacers,Vancouver Grizzlies,15,2,6,0,0,0,0
256,254,Travis Best,1996-97,December,Indiana Pacers,Vancouver Grizzlies,9,7,3,0,1,1,3
258,253,Erick Dampier,1996-97,December,Indiana Pacers,Vancouver Grizzlies,5,0,3,1,0,2,3
259,235,Derrick McKey,1996-97,December,Indiana Pacers,Vancouver Grizzlies,10,3,4,1,2,1,1
260,243,Lawrence Moten,1996-97,December,Vancouver Grizzlies,Indiana Pacers,4,0,0,0,2,2,2
261,230,Shareef Abdur-Rahim,1996-97,December,Vancouver Grizzlies,Indiana Pacers,18,5,3,1,0,0,2
262,260,Lawrence Moten,1996-97,December,Vancouver Grizzlies,Indiana Pacers,4,1,0,0,2,2,2
263,200,Antonio Davis,1996-97,December,Indiana Pacers,Vancouver Grizzlies,4,0,4,0,0,1,1
265,249,George Lynch,1996-97,December,Vancouver Grizzlies,Indiana Pacers,6,1,3,0,0,2,3
267,258,Erick Dampier,1996-97,December,Indiana Pacers,Vancouver Grizzlies,5,0,3,2,0,2,3
268,267,Erick Dampier,1996-97,December,Indiana Pacers,Vancouver Grizzlies,5,0,4,2,0,2,3
269,256,Travis Best,1996-97,December,Indiana Pacers,Vancouver Grizzlies,11,7,3,0,1,1,3
270,227,Reggie Miller,1996-97,December,Indiana Pacers,Vancouver Grizzlies,33,3,0,0,0,1,1
271,265,George Lynch,1996-97,December,Vancouver Grizzlies,Indiana Pacers,6,1,3,0,0,3,3
272,269,Travis Best,1996-97,December,Indiana Pacers,Vancouver Grizzlies,11,7,3,0,2,1,3
273,270,Reggie Miller,1996-97,December,Indiana Pacers,Vancouver Grizzlies,36,3,0,0,0,1,1
274,272,Travis Best,1996-97,December,Indiana Pacers,Vancouver Grizzlies,11,8,3,0,2,1,3
275,80,Jerome Allen,1996-97,December,Indiana Pacers,Vancouver Grizzlies,1,0,0,0,0,0,1
277,250,Lee Mayberry,1996-97,December,Vancouver Grizzlies,Indiana Pacers,9,5,1,0,1,2,0
278,274,Travis Best,1996-97,December,Indiana Pacers,Vancouver Grizzlies,11,8,3,0,2,2,3
279,271,George Lynch,1996-97,December,Vancouver Grizzlies,Indiana Pacers,6,1,3,0,1,3,3
280,279,George Lynch,1996-97,December,Vancouver Grizzlies,Indiana Pacers,8,1,3,0,1,3,3
282,263,Antonio Davis,1996-97,December,Indiana Pacers,Vancouver Grizzlies,4,0,5,0,0,1,1
283,261,Shareef Abdur-Rahim,1996-97,December,Vancouver Grizzlies,Indiana Pacers,18,5,3,1,0,0,3
284,282,Antonio Davis,1996-97,December,Indiana Pacers,Vancouver Grizzlies,5,0,5,0,0,1,1
286,211,Jalen Rose,1996-97,December,Indiana Pacers,Vancouver Grizzlies,0,2,3,0,1,3,1
288,277,Lee Mayberry,1996-97,December,Vancouver Grizzlies,Indiana Pacers,9,5,2,0,1,2,0
289,288,Lee Mayberry,1996-97,December,Vancouver Grizzlies,Indiana Pacers,9,5,2,0,1,3,0
290,275,Jerome Allen,1996-97,December,Indiana Pacers,Vancouver Grizzlies,1,0,0,0,1,0,1
291,290,Jerome Allen,1996-97,December,Indiana Pacers,Vancouver Grizzlies,4,0,0,0,1,0,1
292,286,Jalen Rose,1996-97,December,Indiana Pacers,Vancouver Grizzlies,0,3,3,0,1,3,1
293,280,George Lynch,1996-97,December,Vancouver Grizzlies,Indiana Pacers,8,1,3,0,1,4,3
294,268,Erick Dampier,1996-97,December,Indiana Pacers,Vancouver Grizzlies,7,0,4,2,0,2,3
295,291,Jerome Allen,1996-97,December,Indiana Pacers,Vancouver Grizzlies,4,1,0,0,1,0,1
296,140,Anthony Peeler,1996-97,December,Vancouver Grizzlies,Indiana Pacers,6,2,1,0,1,2,2
297,289,Lee Mayberry,1996-97,December,Vancouver Grizzlies,Indiana Pacers,9,6,2,0,1,3,0
298,294,Erick Dampier,1996-97,December,Indiana Pacers,Vancouver Grizzlies,9,0,4,2,0,2,3
299,292,Jalen Rose,1996-97,December,Indiana Pacers,Vancouver Grizzlies,0,4,3,0,1,3,1
301,298,Erick Dampier,1996-97,December,Indiana Pacers,Vancouver Grizzlies,9,0,5,2,0,2,3
303,284,Antonio Davis,1996-97,December,Indiana Pacers,Vancouver Grizzlies,5,0,6,0,0,1,1
304,303,Antonio Davis,1996-97,December,Indiana Pacers,Vancouver Grizzlies,7,0,6,0,0,1,1
305,283,Shareef Abdur-Rahim,1996-97,December,Vancouver Grizzlies,Indiana Pacers,20,5,3,1,0,0,3
306,296,Anthony Peeler,1996-97,December,Vancouver Grizzlies,Indiana Pacers,6,3,1,0,1,2,2
307,301,Erick Dampier,1996-97,December,Indiana Pacers,Vancouver Grizzlies,9,0,5,2,0,3,3
308,297,Lee Mayberry,1996-97,December,Vancouver Grizzlies,Indiana Pacers,9,6,2,0,2,3,0
309,306,Anthony Peeler,1996-97,December,Vancouver Grizzlies,Indiana Pacers,8,3,1,0,1,2,2
310,308,Lee Mayberry,1996-97,December,Vancouver Grizzlies,Indiana Pacers,9,7,2,0,2,3,0
311,305,Shareef Abdur-Rahim,1996-97,December,Vancouver Grizzlies,Indiana Pacers,20,5,3,1,0,1,3
312,299,Jalen Rose,1996-97,December,Indiana Pacers,Vancouver Grizzlies,0,4,3,0,2,3,1
315,312,Jalen Rose,1996-97,December,Indiana Pacers,Vancouver Grizzlies,0,4,4,0,2,3,1
317,192,Roy Rogers,1996-97,December,Vancouver Grizzlies,Indiana Pacers,6,0,3,0,0,0,0
319,307,Erick Dampier,1996-97,December,Indiana Pacers,Vancouver Grizzlies,9,0,5,3,0,3,3
320,319,Erick Dampier,1996-97,December,Indiana Pacers,Vancouver Grizzlies,9,0,6,3,0,3,3
321,145,Duane Ferrell,1996-97,December,Indiana Pacers,Vancouver Grizzlies,7,1,2,0,1,1,0
322,315,Jalen Rose,1996-97,December,Indiana Pacers,Vancouver Grizzlies,0,5,4,0,2,3,1
324,320,Erick Dampier,1996-97,December,Indiana Pacers,Vancouver Grizzlies,9,0,7,3,0,3,3
326,311,Shareef Abdur-Rahim,1996-97,December,Vancouver Grizzlies,Indiana Pacers,20,5,3,2,0,1,3
327,309,Anthony Peeler,1996-97,December,Vancouver Grizzlies,Indiana Pacers,8,3,2,0,1,2,2
328,326,Shareef Abdur-Rahim,1996-97,December,Vancouver Grizzlies,Indiana Pacers,22,5,3,2,0,1,3
329,327,Anthony Peeler,1996-97,December,Vancouver Grizzlies,Indiana Pacers,8,4,2,0,1,2,2
331,295,Jerome Allen,1996-97,December,Indiana Pacers,Vancouver Grizzlies,4,1,1,0,1,0,1
332,322,Jalen Rose,1996-97,December,Indiana Pacers,Vancouver Grizzlies,2,5,4,0,2,3,1
333,331,Jerome Allen,1996-97,December,Indiana Pacers,Vancouver Grizzlies,4,2,1,0,1,0,1
335,324,Erick Dampier,1996-97,December,Indiana Pacers,Vancouver Grizzlies,9,0,7,4,0,3,3
336,333,Jerome Allen,1996-97,December,Indiana Pacers,Vancouver Grizzlies,4,2,2,0,1,0,1
337,336,Jerome Allen,1996-97,December,Indiana Pacers,Vancouver Grizzlies,4,2,2,0,1,1,1
338,150,Chris Robinson,1996-97,December,Vancouver Grizzlies,Indiana Pacers,0,1,2,0,1,1,2
339,338,Chris Robinson,1996-97,December,Vancouver Grizzlies,Indiana Pacers,2,1,2,0,1,1,2
340,329,Anthony Peeler,1996-97,December,Vancouver Grizzlies,Indiana Pacers,8,5,2,0,1,2,2
341,321,Duane Ferrell,1996-97,December,Indiana Pacers,Vancouver Grizzlies,9,1,2,0,1,1,0
342,335,Erick Dampier,1996-97,December,Indiana Pacers,Vancouver Grizzlies,9,1,7,4,0,3,3
343,339,Chris Robinson,1996-97,December,Vancouver Grizzlies,Indiana Pacers,5,1,2,0,1,1,2
344,262,Lawrence Moten,1996-97,December,Vancouver Grizzlies,Indiana Pacers,4,2,0,0,2,2,2
345,136,Eddie Johnson,1996-97,December,Indiana Pacers,Vancouver Grizzlies,0,2,2,0,0,1,2
346,343,Chris Robinson,1996-97,December,Vancouver Grizzlies,Indiana Pacers,5,1,2,0,2,1,2
348,328,Shareef Abdur-Rahim,1996-97,December,Vancouver Grizzlies,Indiana Pacers,22,5,4,2,0,1,3
349,348,Shareef Abdur-Rahim,1996-97,December,Vancouver Grizzlies,Indiana Pacers,24,5,4,2,0,1,3
350,340,Anthony Peeler,1996-97,December,Vancouver Grizzlies,Indiana Pacers,8,5,2,0,1,2,3
352,341,Duane Ferrell,1996-97,December,Indiana Pacers,Vancouver Grizzlies,9,1,3,0,1,1,0
354,317,Roy Rogers,1996-97,December,Vancouver Grizzlies,Indiana Pacers,6,0,3,1,0,0,0
355,0,Fred Hoiberg,1996-97,December,Indiana Pacers,Vancouver Grizzlies,0,0,1,0,0,0,0
356,355,Fred Hoiberg,1996-97,December,Indiana Pacers,Vancouver Grizzlies,2,0,1,0,0,0,0
358,342,Erick Dampier,1996-97,December,Indiana Pacers,Vancouver Grizzlies,9,1,8,4,0,3,3
359,354,Roy Rogers,1996-97,December,Vancouver Grizzlies,Indiana Pacers,6,0,3,1,0,0,1
360,332,Jalen Rose,1996-97,December,Indiana Pacers,Vancouver Grizzlies,3,5,4,0,2,3,1
361,360,Jalen Rose,1996-97,December,Indiana Pacers,Vancouver Grizzlies,4,5,4,0,2,3,1
363,350,Anthony Peeler,1996-97,December,Vancouver Grizzlies,Indiana Pacers,11,5,2,0,1,2,3
364,346,Chris Robinson,1996-97,December,Vancouver Grizzlies,Indiana Pacers,5,2,2,0,2,1,2
366,359,Roy Rogers,1996-97,December,Vancouver Grizzlies,Indiana Pacers,6,0,4,1,0,0,1
367,0,Pete Chilcutt,1996-97,December,Vancouver Grizzlies,Indiana Pacers,2,0,0,0,0,0,0
368,363,Anthony Peeler,1996-97,December,Vancouver Grizzlies,Indiana Pacers,11,6,2,0,1,2,3
370,368,Anthony Peeler,1996-97,December,Vancouver Grizzlies,Indiana Pacers,11,6,3,0,1,2,3
371,370,Anthony Peeler,1996-97,December,Vancouver Grizzlies,Indiana Pacers,14,6,3,0,1,2,3
372,344,Lawrence Moten,1996-97,December,Vancouver Grizzlies,Indiana Pacers,4,3,0,0,2,2,2
374,366,Roy Rogers,1996-97,December,Vancouver Grizzlies,Indiana Pacers,6,0,5,1,0,0,1
376,345,Eddie Johnson,1996-97,December,Indiana Pacers,Vancouver Grizzlies,0,2,3,0,0,1,2
377,367,Pete Chilcutt,1996-97,December,Vancouver Grizzlies,Indiana Pacers,2,0,0,0,0,0,1
380,377,Pete Chilcutt,1996-97,December,Vancouver Grizzlies,Indiana Pacers,2,0,1,0,0,0,1
382,356,Fred Hoiberg,1996-97,December,Indiana Pacers,Vancouver Grizzlies,2,0,2,0,0,0,0
383,376,Eddie Johnson,1996-97,December,Indiana Pacers,Vancouver Grizzlies,2,2,3,0,0,1,2
384,337,Jerome Allen,1996-97,December,Indiana Pacers,Vancouver Grizzlies,4,3,2,0,1,1,1
386,358,Erick Dampier,1996-97,December,Indiana Pacers,Vancouver Grizzlies,9,1,9,4,0,3,3
388,380,Pete Chilcutt,1996-97,December,Vancouver Grizzlies,Indiana Pacers,2,0,2,0,0,0,1
390,361,Jalen Rose,1996-97,December,Indiana Pacers,Vancouver Grizzlies,4,5,5,0,2,3,1
391,382,Fred Hoiberg,1996-97,December,Indiana Pacers,Vancouver Grizzlies,4,0,2,0,0,0,0
392,390,Jalen Rose,1996-97,December,Indiana Pacers,Vancouver Grizzlies,4,6,5,0,2,3,1
394,386,Erick Dampier,1996-97,December,Indiana Pacers,Vancouver Grizzlies,11,1,9,4,0,3,3
395,392,Jalen Rose,1996-97,December,Indiana Pacers,Vancouver Grizzlies,4,7,5,0,2,3,1
397,383,Eddie Johnson,1996-97,December,Indiana Pacers,Vancouver Grizzlies,2,2,4,0,0,1,2
398,391,Fred Hoiberg,1996-97,December,Indiana Pacers,Vancouver Grizzlies,6,0,2,0,0,0,0
399,395,Jalen Rose,1996-97,December,Indiana Pacers,Vancouver Grizzlies,4,8,5,0,2,3,1
400,372,Lawrence Moten,1996-97,December,Vancouver Grizzlies,Indiana Pacers,4,3,0,0,2,3,2
401,364,Chris Robinson,1996-97,December,Vancouver Grizzlies,Indiana Pacers,5,2,2,0,2,1,3
402,398,Fred Hoiberg,1996-97,December,Indiana Pacers,Vancouver Grizzlies,9,0,2,0,0,0,0
403,399,Jalen Rose,1996-97,December,Indiana Pacers,Vancouver Grizzlies,4,9,5,0,2,3,1
404,403,Jalen Rose,1996-97,December,Indiana Pacers,Vancouver Grizzlies,4,9,5,0,2,3,2
406,397,Eddie Johnson,1996-97,December,Indiana Pacers,Vancouver Grizzlies,2,2,5,0,0,1,2
407,404,Jalen Rose,1996-97,December,Indiana Pacers,Vancouver Grizzlies,7,9,5,0,2,3,2
408,371,Anthony Peeler,1996-97,December,Vancouver Grizzlies,Indiana Pacers,14,6,3,0,1,3,3
409,384,Jerome Allen,1996-97,December,Indiana Pacers,Vancouver Grizzlies,4,3,2,0,2,1,1
410,401,Chris Robinson,1996-97,December,Vancouver Grizzlies,Indiana Pacers,5,2,2,0,2,1,4
411,394,Erick Dampier,1996-97,December,Indiana Pacers,Vancouver Grizzlies,12,1,9,4,0,3,3
412,411,Erick Dampier,1996-97,December,Indiana Pacers,Vancouver Grizzlies,13,1,9,4,0,3,3
414,388,Pete Chilcutt,1996-97,December,Vancouver Grizzlies,Indiana Pacers,2,0,3,0,0,0,1
415,400,Lawrence Moten,1996-97,December,Vancouver Grizzlies,Indiana Pacers,6,3,0,0,2,3,2
416,414,Pete Chilcutt,1996-97,December,Vancouver Grizzlies,Indiana Pacers,2,1,3,0,0,0,1
417,406,Eddie Johnson,1996-97,December,Indiana Pacers,Vancouver Grizzlies,4,2,5,0,0,1,2
418,407,Jalen Rose,1996-97,December,Indiana Pacers,Vancouver Grizzlies,7,10,5,0,2,3,2
419,408,Anthony Peeler,1996-97,December,Vancouver Grizzlies,Indiana Pacers,14,6,3,0,1,4,3
420,417,Eddie Johnson,1996-97,December,Indiana Pacers,Vancouver Grizzlies,4,2,5,0,1,1,2
