id,previous_id,player,season,month,team,opponent_team,points,assists,rebounds,blocks,steals,turnovers,personal fouls
2,0,Glenn Robinson,1996-97,December,Milwaukee Bucks,Washington Bullets,0,0,1,0,0,0,0
3,2,Glenn Robinson,1996-97,December,Milwaukee Bucks,Washington Bullets,2,0,1,0,0,0,0
4,0,Chris Webber,1996-97,December,Washington Bullets,Milwaukee Bucks,2,0,0,0,0,0,0
5,0,Vin Baker,1996-97,December,Milwaukee Bucks,Washington Bullets,2,0,0,0,0,0,0
6,3,Glenn Robinson,1996-97,December,Milwaukee Bucks,Washington Bullets,2,1,1,0,0,0,0
7,4,Chris Webber,1996-97,December,Washington Bullets,Milwaukee Bucks,2,0,0,0,0,0,1
8,5,Vin Baker,1996-97,December,Milwaukee Bucks,Washington Bullets,3,0,0,0,0,0,0
10,8,Vin Baker,1996-97,December,Milwaukee Bucks,Washington Bullets,3,0,1,0,0,0,0
11,0,Andrew Lang,1996-97,December,Milwaukee Bucks,Washington Bullets,2,0,0,0,0,0,0
12,0,Ray Allen,1996-97,December,Milwaukee Bucks,Washington Bullets,0,1,0,0,0,0,0
13,7,Chris Webber,1996-97,December,Washington Bullets,Milwaukee Bucks,4,0,0,0,0,0,1
14,0,Rod Strickland,1996-97,December,Washington Bullets,Milwaukee Bucks,0,1,0,0,0,0,0
15,10,Vin Baker,1996-97,December,Milwaukee Bucks,Washington Bullets,3,0,1,0,0,0,1
17,15,Vin Baker,1996-97,December,Milwaukee Bucks,Washington Bullets,3,0,2,0,0,0,1
19,0,Gheorghe Muresan,1996-97,December,Washington Bullets,Milwaukee Bucks,0,0,0,1,0,0,0
20,12,Ray Allen,1996-97,December,Milwaukee Bucks,Washington Bullets,2,1,0,0,0,0,0
21,6,Glenn Robinson,1996-97,December,Milwaukee Bucks,Washington Bullets,2,2,1,0,0,0,0
22,19,Gheorghe Muresan,1996-97,December,Washington Bullets,Milwaukee Bucks,0,0,0,1,0,1,0
23,21,Glenn Robinson,1996-97,December,Milwaukee Bucks,Washington Bullets,4,2,1,0,0,0,0
24,0,Sherman Douglas,1996-97,December,Milwaukee Bucks,Washington Bullets,0,1,0,0,0,0,0
25,14,Rod Strickland,1996-97,December,Washington Bullets,Milwaukee Bucks,2,1,0,0,0,0,0
27,24,Sherman Douglas,1996-97,December,Milwaukee Bucks,Washington Bullets,0,1,1,0,0,0,0
29,13,Chris Webber,1996-97,December,Washington Bullets,Milwaukee Bucks,4,0,1,0,0,0,1
30,27,Sherman Douglas,1996-97,December,Milwaukee Bucks,Washington Bullets,0,1,1,0,0,0,1
31,25,Rod Strickland,1996-97,December,Washington Bullets,Milwaukee Bucks,3,1,0,0,0,0,0
32,31,Rod Strickland,1996-97,December,Washington Bullets,Milwaukee Bucks,4,1,0,0,0,0,0
33,29,Chris Webber,1996-97,December,Washington Bullets,Milwaukee Bucks,4,0,1,0,0,0,2
34,17,Vin Baker,1996-97,December,Milwaukee Bucks,Washington Bullets,3,0,2,0,0,1,1
35,23,Glenn Robinson,1996-97,December,Milwaukee Bucks,Washington Bullets,4,2,1,0,0,0,1
36,0,Calbert Cheaney,1996-97,December,Washington Bullets,Milwaukee Bucks,2,0,0,0,0,0,0
37,32,Rod Strickland,1996-97,December,Washington Bullets,Milwaukee Bucks,4,2,0,0,0,0,0
38,35,Glenn Robinson,1996-97,December,Milwaukee Bucks,Washington Bullets,6,2,1,0,0,0,1
39,30,Sherman Douglas,1996-97,December,Milwaukee Bucks,Washington Bullets,0,2,1,0,0,0,1
40,36,Calbert Cheaney,1996-97,December,Washington Bullets,Milwaukee Bucks,2,0,0,0,0,1,0
42,33,Chris Webber,1996-97,December,Washington Bullets,Milwaukee Bucks,4,0,2,0,0,0,2
43,42,Chris Webber,1996-97,December,Washington Bullets,Milwaukee Bucks,4,0,2,0,0,1,2
44,34,Vin Baker,1996-97,December,Milwaukee Bucks,Washington Bullets,5,0,2,0,0,1,1
46,11,Andrew Lang,1996-97,December,Milwaukee Bucks,Washington Bullets,2,0,1,0,0,0,0
47,44,Vin Baker,1996-97,December,Milwaukee Bucks,Washington Bullets,7,0,2,0,0,1,1
48,38,Glenn Robinson,1996-97,December,Milwaukee Bucks,Washington Bullets,6,3,1,0,0,0,1
49,37,Rod Strickland,1996-97,December,Washington Bullets,Milwaukee Bucks,6,2,0,0,0,0,0
50,47,Vin Baker,1996-97,December,Milwaukee Bucks,Washington Bullets,9,0,2,0,0,1,1
51,39,Sherman Douglas,1996-97,December,Milwaukee Bucks,Washington Bullets,0,3,1,0,0,0,1
53,46,Andrew Lang,1996-97,December,Milwaukee Bucks,Washington Bullets,2,0,1,1,0,0,0
55,53,Andrew Lang,1996-97,December,Milwaukee Bucks,Washington Bullets,2,0,1,2,0,0,0
56,0,Juwan Howard,1996-97,December,Washington Bullets,Milwaukee Bucks,0,0,1,0,0,0,0
58,55,Andrew Lang,1996-97,December,Milwaukee Bucks,Washington Bullets,2,0,2,2,0,0,0
60,58,Andrew Lang,1996-97,December,Milwaukee Bucks,Washington Bullets,2,0,3,2,0,0,0
62,0,Harvey Grant,1996-97,December,Washington Bullets,Milwaukee Bucks,0,0,1,0,0,0,0
63,40,Calbert Cheaney,1996-97,December,Washington Bullets,Milwaukee Bucks,4,0,0,0,0,1,0
64,49,Rod Strickland,1996-97,December,Washington Bullets,Milwaukee Bucks,6,3,0,0,0,0,0
65,48,Glenn Robinson,1996-97,December,Milwaukee Bucks,Washington Bullets,8,3,1,0,0,0,1
66,51,Sherman Douglas,1996-97,December,Milwaukee Bucks,Washington Bullets,0,4,1,0,0,0,1
67,56,Juwan Howard,1996-97,December,Washington Bullets,Milwaukee Bucks,0,0,1,0,0,0,1
68,65,Glenn Robinson,1996-97,December,Milwaukee Bucks,Washington Bullets,9,3,1,0,0,0,1
70,20,Ray Allen,1996-97,December,Milwaukee Bucks,Washington Bullets,2,1,1,0,0,0,0
72,43,Chris Webber,1996-97,December,Washington Bullets,Milwaukee Bucks,4,0,3,0,0,1,2
74,62,Harvey Grant,1996-97,December,Washington Bullets,Milwaukee Bucks,0,0,2,0,0,0,0
75,68,Glenn Robinson,1996-97,December,Milwaukee Bucks,Washington Bullets,9,3,1,0,0,0,2
77,74,Harvey Grant,1996-97,December,Washington Bullets,Milwaukee Bucks,1,0,2,0,0,0,0
79,63,Calbert Cheaney,1996-97,December,Washington Bullets,Milwaukee Bucks,4,0,1,0,0,1,0
81,50,Vin Baker,1996-97,December,Milwaukee Bucks,Washington Bullets,9,0,3,0,0,1,1
82,67,Juwan Howard,1996-97,December,Washington Bullets,Milwaukee Bucks,0,0,1,0,0,0,2
83,81,Vin Baker,1996-97,December,Milwaukee Bucks,Washington Bullets,10,0,3,0,0,1,1
84,83,Vin Baker,1996-97,December,Milwaukee Bucks,Washington Bullets,11,0,3,0,0,1,1
85,79,Calbert Cheaney,1996-97,December,Washington Bullets,Milwaukee Bucks,6,0,1,0,0,1,0
86,82,Juwan Howard,1996-97,December,Washington Bullets,Milwaukee Bucks,0,1,1,0,0,0,2
87,70,Ray Allen,1996-97,December,Milwaukee Bucks,Washington Bullets,2,1,1,0,0,0,1
88,85,Calbert Cheaney,1996-97,December,Washington Bullets,Milwaukee Bucks,7,0,1,0,0,1,0
89,66,Sherman Douglas,1996-97,December,Milwaukee Bucks,Washington Bullets,3,4,1,0,0,0,1
90,87,Ray Allen,1996-97,December,Milwaukee Bucks,Washington Bullets,2,2,1,0,0,0,1
92,60,Andrew Lang,1996-97,December,Milwaukee Bucks,Washington Bullets,2,0,4,2,0,0,0
93,89,Sherman Douglas,1996-97,December,Milwaukee Bucks,Washington Bullets,3,4,1,0,0,1,1
94,77,Harvey Grant,1996-97,December,Washington Bullets,Milwaukee Bucks,1,0,2,0,1,0,0
95,90,Ray Allen,1996-97,December,Milwaukee Bucks,Washington Bullets,2,2,1,0,0,0,2
96,94,Harvey Grant,1996-97,December,Washington Bullets,Milwaukee Bucks,2,0,2,0,1,0,0
97,96,Harvey Grant,1996-97,December,Washington Bullets,Milwaukee Bucks,3,0,2,0,1,0,0
99,97,Harvey Grant,1996-97,December,Washington Bullets,Milwaukee Bucks,3,0,3,0,1,0,0
100,88,Calbert Cheaney,1996-97,December,Washington Bullets,Milwaukee Bucks,9,0,1,0,0,1,0
101,86,Juwan Howard,1996-97,December,Washington Bullets,Milwaukee Bucks,0,2,1,0,0,0,2
103,22,Gheorghe Muresan,1996-97,December,Washington Bullets,Milwaukee Bucks,0,0,1,1,0,1,0
104,0,Johnny Newman,1996-97,December,Milwaukee Bucks,Washington Bullets,0,0,0,0,0,0,1
105,100,Calbert Cheaney,1996-97,December,Washington Bullets,Milwaukee Bucks,10,0,1,0,0,1,0
106,105,Calbert Cheaney,1996-97,December,Washington Bullets,Milwaukee Bucks,11,0,1,0,0,1,0
108,103,Gheorghe Muresan,1996-97,December,Washington Bullets,Milwaukee Bucks,0,0,2,1,0,1,0
110,64,Rod Strickland,1996-97,December,Washington Bullets,Milwaukee Bucks,6,3,1,0,0,0,0
111,101,Juwan Howard,1996-97,December,Washington Bullets,Milwaukee Bucks,2,2,1,0,0,0,2
112,110,Rod Strickland,1996-97,December,Washington Bullets,Milwaukee Bucks,6,4,1,0,0,0,0
113,104,Johnny Newman,1996-97,December,Milwaukee Bucks,Washington Bullets,2,0,0,0,0,0,1
114,106,Calbert Cheaney,1996-97,December,Washington Bullets,Milwaukee Bucks,13,0,1,0,0,1,0
115,112,Rod Strickland,1996-97,December,Washington Bullets,Milwaukee Bucks,6,5,1,0,0,0,0
116,0,Chucky Brown,1996-97,December,Milwaukee Bucks,Washington Bullets,2,0,0,0,0,0,0
117,0,Armen Gilliam,1996-97,December,Milwaukee Bucks,Washington Bullets,0,1,0,0,0,0,0
118,99,Harvey Grant,1996-97,December,Washington Bullets,Milwaukee Bucks,5,0,3,0,1,0,0
119,115,Rod Strickland,1996-97,December,Washington Bullets,Milwaukee Bucks,6,6,1,0,0,0,0
120,93,Sherman Douglas,1996-97,December,Milwaukee Bucks,Washington Bullets,5,4,1,0,0,1,1
121,75,Glenn Robinson,1996-97,December,Milwaukee Bucks,Washington Bullets,11,3,1,0,0,0,2
122,116,Chucky Brown,1996-97,December,Milwaukee Bucks,Washington Bullets,2,1,0,0,0,0,0
124,122,Chucky Brown,1996-97,December,Milwaukee Bucks,Washington Bullets,2,1,1,0,0,0,0
125,114,Calbert Cheaney,1996-97,December,Washington Bullets,Milwaukee Bucks,13,0,1,0,0,1,1
126,125,Calbert Cheaney,1996-97,December,Washington Bullets,Milwaukee Bucks,13,0,1,0,0,1,2
128,108,Gheorghe Muresan,1996-97,December,Washington Bullets,Milwaukee Bucks,0,0,3,1,0,1,0
129,113,Johnny Newman,1996-97,December,Milwaukee Bucks,Washington Bullets,2,0,0,0,0,0,2
130,124,Chucky Brown,1996-97,December,Milwaukee Bucks,Washington Bullets,2,1,1,0,0,0,1
132,128,Gheorghe Muresan,1996-97,December,Washington Bullets,Milwaukee Bucks,1,0,3,1,0,1,0
134,132,Gheorghe Muresan,1996-97,December,Washington Bullets,Milwaukee Bucks,1,0,4,1,0,1,0
135,134,Gheorghe Muresan,1996-97,December,Washington Bullets,Milwaukee Bucks,3,0,4,1,0,1,0
137,135,Gheorghe Muresan,1996-97,December,Washington Bullets,Milwaukee Bucks,3,0,5,1,0,1,0
139,129,Johnny Newman,1996-97,December,Milwaukee Bucks,Washington Bullets,2,0,0,1,0,0,2
140,121,Glenn Robinson,1996-97,December,Milwaukee Bucks,Washington Bullets,11,3,2,0,0,0,2
142,130,Chucky Brown,1996-97,December,Milwaukee Bucks,Washington Bullets,2,1,2,0,0,0,1
143,142,Chucky Brown,1996-97,December,Milwaukee Bucks,Washington Bullets,4,1,2,0,0,0,1
145,139,Johnny Newman,1996-97,December,Milwaukee Bucks,Washington Bullets,2,0,1,1,0,0,2
146,84,Vin Baker,1996-97,December,Milwaukee Bucks,Washington Bullets,11,0,3,0,0,2,1
148,117,Armen Gilliam,1996-97,December,Milwaukee Bucks,Washington Bullets,0,1,1,0,0,0,0
150,72,Chris Webber,1996-97,December,Washington Bullets,Milwaukee Bucks,4,0,4,0,0,1,2
151,150,Chris Webber,1996-97,December,Washington Bullets,Milwaukee Bucks,4,0,4,0,0,2,2
152,148,Armen Gilliam,1996-97,December,Milwaukee Bucks,Washington Bullets,0,1,1,0,1,0,0
153,152,Armen Gilliam,1996-97,December,Milwaukee Bucks,Washington Bullets,2,1,1,0,1,0,0
154,151,Chris Webber,1996-97,December,Washington Bullets,Milwaukee Bucks,4,0,4,0,0,2,3
156,154,Chris Webber,1996-97,December,Washington Bullets,Milwaukee Bucks,4,0,5,0,0,2,3
157,0,Jaren Jackson,1996-97,December,Washington Bullets,Milwaukee Bucks,2,0,0,0,0,0,0
158,146,Vin Baker,1996-97,December,Milwaukee Bucks,Washington Bullets,13,0,3,0,0,2,1
159,156,Chris Webber,1996-97,December,Washington Bullets,Milwaukee Bucks,6,0,5,0,0,2,3
160,140,Glenn Robinson,1996-97,December,Milwaukee Bucks,Washington Bullets,11,3,2,0,0,1,2
161,157,Jaren Jackson,1996-97,December,Washington Bullets,Milwaukee Bucks,2,0,0,0,1,0,0
162,0,Chris Whitney,1996-97,December,Washington Bullets,Milwaukee Bucks,0,0,0,0,0,1,0
163,145,Johnny Newman,1996-97,December,Milwaukee Bucks,Washington Bullets,2,0,1,1,1,0,2
164,160,Glenn Robinson,1996-97,December,Milwaukee Bucks,Washington Bullets,13,3,2,0,0,1,2
165,0,Elliot Perry,1996-97,December,Milwaukee Bucks,Washington Bullets,0,1,0,0,0,0,0
166,0,Tracy Murray,1996-97,December,Washington Bullets,Milwaukee Bucks,0,0,0,0,0,1,0
168,159,Chris Webber,1996-97,December,Washington Bullets,Milwaukee Bucks,6,0,6,0,0,2,3
170,168,Chris Webber,1996-97,December,Washington Bullets,Milwaukee Bucks,6,0,7,0,0,2,3
172,158,Vin Baker,1996-97,December,Milwaukee Bucks,Washington Bullets,13,0,4,0,0,2,1
173,172,Vin Baker,1996-97,December,Milwaukee Bucks,Washington Bullets,15,0,4,0,0,2,1
174,95,Ray Allen,1996-97,December,Milwaukee Bucks,Washington Bullets,2,3,1,0,0,0,2
175,161,Jaren Jackson,1996-97,December,Washington Bullets,Milwaukee Bucks,2,0,0,0,1,1,0
176,173,Vin Baker,1996-97,December,Milwaukee Bucks,Washington Bullets,15,0,4,0,1,2,1
177,174,Ray Allen,1996-97,December,Milwaukee Bucks,Washington Bullets,4,3,1,0,0,0,2
178,165,Elliot Perry,1996-97,December,Milwaukee Bucks,Washington Bullets,0,2,0,0,0,0,0
179,162,Chris Whitney,1996-97,December,Washington Bullets,Milwaukee Bucks,2,0,0,0,0,1,0
181,179,Chris Whitney,1996-97,December,Washington Bullets,Milwaukee Bucks,2,0,0,1,0,1,0
182,111,Juwan Howard,1996-97,December,Washington Bullets,Milwaukee Bucks,2,2,2,0,0,0,2
183,176,Vin Baker,1996-97,December,Milwaukee Bucks,Washington Bullets,15,0,4,0,1,2,2
184,175,Jaren Jackson,1996-97,December,Washington Bullets,Milwaukee Bucks,3,0,0,0,1,1,0
185,184,Jaren Jackson,1996-97,December,Washington Bullets,Milwaukee Bucks,4,0,0,0,1,1,0
186,164,Glenn Robinson,1996-97,December,Milwaukee Bucks,Washington Bullets,15,3,2,0,0,1,2
187,170,Chris Webber,1996-97,December,Washington Bullets,Milwaukee Bucks,8,0,7,0,0,2,3
188,119,Rod Strickland,1996-97,December,Washington Bullets,Milwaukee Bucks,6,7,1,0,0,0,0
189,186,Glenn Robinson,1996-97,December,Milwaukee Bucks,Washington Bullets,17,3,2,0,0,1,2
190,183,Vin Baker,1996-97,December,Milwaukee Bucks,Washington Bullets,15,1,4,0,1,2,2
191,187,Chris Webber,1996-97,December,Washington Bullets,Milwaukee Bucks,10,0,7,0,0,2,3
192,188,Rod Strickland,1996-97,December,Washington Bullets,Milwaukee Bucks,6,8,1,0,0,0,0
193,153,Armen Gilliam,1996-97,December,Milwaukee Bucks,Washington Bullets,2,1,1,0,1,0,1
195,182,Juwan Howard,1996-97,December,Washington Bullets,Milwaukee Bucks,2,2,3,0,0,0,2
197,193,Armen Gilliam,1996-97,December,Milwaukee Bucks,Washington Bullets,2,1,2,0,1,0,1
198,189,Glenn Robinson,1996-97,December,Milwaukee Bucks,Washington Bullets,19,3,2,0,0,1,2
199,190,Vin Baker,1996-97,December,Milwaukee Bucks,Washington Bullets,15,2,4,0,1,2,2
201,177,Ray Allen,1996-97,December,Milwaukee Bucks,Washington Bullets,4,3,2,0,0,0,2
203,126,Calbert Cheaney,1996-97,December,Washington Bullets,Milwaukee Bucks,13,0,1,1,0,1,2
204,195,Juwan Howard,1996-97,December,Washington Bullets,Milwaukee Bucks,2,2,4,0,0,0,2
205,204,Juwan Howard,1996-97,December,Washington Bullets,Milwaukee Bucks,2,2,4,0,0,1,2
206,120,Sherman Douglas,1996-97,December,Milwaukee Bucks,Washington Bullets,5,4,1,0,1,1,1
208,137,Gheorghe Muresan,1996-97,December,Washington Bullets,Milwaukee Bucks,3,0,6,1,0,1,0
209,197,Armen Gilliam,1996-97,December,Milwaukee Bucks,Washington Bullets,2,1,2,0,1,0,2
210,203,Calbert Cheaney,1996-97,December,Washington Bullets,Milwaukee Bucks,14,0,1,1,0,1,2
211,210,Calbert Cheaney,1996-97,December,Washington Bullets,Milwaukee Bucks,15,0,1,1,0,1,2
213,199,Vin Baker,1996-97,December,Milwaukee Bucks,Washington Bullets,15,2,5,0,1,2,2
214,213,Vin Baker,1996-97,December,Milwaukee Bucks,Washington Bullets,17,2,5,0,1,2,2
216,143,Chucky Brown,1996-97,December,Milwaukee Bucks,Washington Bullets,4,1,3,0,0,0,1
217,214,Vin Baker,1996-97,December,Milwaukee Bucks,Washington Bullets,19,2,5,0,1,2,2
219,205,Juwan Howard,1996-97,December,Washington Bullets,Milwaukee Bucks,2,2,5,0,0,1,2
220,217,Vin Baker,1996-97,December,Milwaukee Bucks,Washington Bullets,19,2,5,0,1,2,3
221,219,Juwan Howard,1996-97,December,Washington Bullets,Milwaukee Bucks,3,2,5,0,0,1,2
222,221,Juwan Howard,1996-97,December,Washington Bullets,Milwaukee Bucks,4,2,5,0,0,1,2
223,206,Sherman Douglas,1996-97,December,Milwaukee Bucks,Washington Bullets,5,4,1,0,1,2,1
224,222,Juwan Howard,1996-97,December,Washington Bullets,Milwaukee Bucks,4,2,5,0,1,1,2
225,192,Rod Strickland,1996-97,December,Washington Bullets,Milwaukee Bucks,8,8,1,0,0,0,0
226,224,Juwan Howard,1996-97,December,Washington Bullets,Milwaukee Bucks,4,3,5,0,1,1,2
228,208,Gheorghe Muresan,1996-97,December,Washington Bullets,Milwaukee Bucks,3,0,6,1,0,1,1
229,201,Ray Allen,1996-97,December,Milwaukee Bucks,Washington Bullets,5,3,2,0,0,0,2
230,229,Ray Allen,1996-97,December,Milwaukee Bucks,Washington Bullets,6,3,2,0,0,0,2
231,118,Harvey Grant,1996-97,December,Washington Bullets,Milwaukee Bucks,8,0,3,0,1,0,0
232,225,Rod Strickland,1996-97,December,Washington Bullets,Milwaukee Bucks,8,9,1,0,0,0,0
234,220,Vin Baker,1996-97,December,Milwaukee Bucks,Washington Bullets,21,2,5,0,1,2,3
235,223,Sherman Douglas,1996-97,December,Milwaukee Bucks,Washington Bullets,5,5,1,0,1,2,1
236,226,Juwan Howard,1996-97,December,Washington Bullets,Milwaukee Bucks,6,3,5,0,1,1,2
238,235,Sherman Douglas,1996-97,December,Milwaukee Bucks,Washington Bullets,5,5,2,0,1,2,1
240,230,Ray Allen,1996-97,December,Milwaukee Bucks,Washington Bullets,6,3,3,0,0,0,2
242,238,Sherman Douglas,1996-97,December,Milwaukee Bucks,Washington Bullets,5,5,3,0,1,2,1
243,242,Sherman Douglas,1996-97,December,Milwaukee Bucks,Washington Bullets,5,5,3,0,1,3,1
244,232,Rod Strickland,1996-97,December,Washington Bullets,Milwaukee Bucks,8,9,1,0,1,0,0
245,191,Chris Webber,1996-97,December,Washington Bullets,Milwaukee Bucks,12,0,7,0,0,2,3
246,236,Juwan Howard,1996-97,December,Washington Bullets,Milwaukee Bucks,6,4,5,0,1,1,2
247,198,Glenn Robinson,1996-97,December,Milwaukee Bucks,Washington Bullets,21,3,2,0,0,1,2
248,243,Sherman Douglas,1996-97,December,Milwaukee Bucks,Washington Bullets,5,6,3,0,1,3,1
249,228,Gheorghe Muresan,1996-97,December,Washington Bullets,Milwaukee Bucks,3,0,6,1,0,1,2
250,247,Glenn Robinson,1996-97,December,Milwaukee Bucks,Washington Bullets,22,3,2,0,0,1,2
251,249,Gheorghe Muresan,1996-97,December,Washington Bullets,Milwaukee Bucks,5,0,6,1,0,1,2
252,244,Rod Strickland,1996-97,December,Washington Bullets,Milwaukee Bucks,8,10,1,0,1,0,0
253,92,Andrew Lang,1996-97,December,Milwaukee Bucks,Washington Bullets,2,0,4,2,0,0,1
254,251,Gheorghe Muresan,1996-97,December,Washington Bullets,Milwaukee Bucks,6,0,6,1,0,1,2
256,254,Gheorghe Muresan,1996-97,December,Washington Bullets,Milwaukee Bucks,6,0,7,1,0,1,2
258,253,Andrew Lang,1996-97,December,Milwaukee Bucks,Washington Bullets,2,0,5,2,0,0,1
260,248,Sherman Douglas,1996-97,December,Milwaukee Bucks,Washington Bullets,5,6,4,0,1,3,1
261,250,Glenn Robinson,1996-97,December,Milwaukee Bucks,Washington Bullets,24,3,2,0,0,1,2
263,234,Vin Baker,1996-97,December,Milwaukee Bucks,Washington Bullets,21,2,6,0,1,2,3
264,260,Sherman Douglas,1996-97,December,Milwaukee Bucks,Washington Bullets,7,6,4,0,1,3,1
265,245,Chris Webber,1996-97,December,Washington Bullets,Milwaukee Bucks,14,0,7,0,0,2,3
266,246,Juwan Howard,1996-97,December,Washington Bullets,Milwaukee Bucks,6,5,5,0,1,1,2
267,240,Ray Allen,1996-97,December,Milwaukee Bucks,Washington Bullets,8,3,3,0,0,0,2
268,261,Glenn Robinson,1996-97,December,Milwaukee Bucks,Washington Bullets,24,4,2,0,0,1,2
270,265,Chris Webber,1996-97,December,Washington Bullets,Milwaukee Bucks,14,0,8,0,0,2,3
272,270,Chris Webber,1996-97,December,Washington Bullets,Milwaukee Bucks,14,0,9,0,0,2,3
273,272,Chris Webber,1996-97,December,Washington Bullets,Milwaukee Bucks,16,0,9,0,0,2,3
274,264,Sherman Douglas,1996-97,December,Milwaukee Bucks,Washington Bullets,7,6,4,0,1,3,2
276,258,Andrew Lang,1996-97,December,Milwaukee Bucks,Washington Bullets,2,0,6,2,0,0,1
277,276,Andrew Lang,1996-97,December,Milwaukee Bucks,Washington Bullets,4,0,6,2,0,0,1
279,267,Ray Allen,1996-97,December,Milwaukee Bucks,Washington Bullets,8,3,4,0,0,0,2
280,268,Glenn Robinson,1996-97,December,Milwaukee Bucks,Washington Bullets,24,4,2,0,0,2,2
281,256,Gheorghe Muresan,1996-97,December,Washington Bullets,Milwaukee Bucks,8,0,7,1,0,1,2
282,273,Chris Webber,1996-97,December,Washington Bullets,Milwaukee Bucks,16,0,9,0,0,2,4
283,263,Vin Baker,1996-97,December,Milwaukee Bucks,Washington Bullets,22,2,6,0,1,2,3
284,283,Vin Baker,1996-97,December,Milwaukee Bucks,Washington Bullets,23,2,6,0,1,2,3
285,252,Rod Strickland,1996-97,December,Washington Bullets,Milwaukee Bucks,10,10,1,0,1,0,0
286,277,Andrew Lang,1996-97,December,Milwaukee Bucks,Washington Bullets,6,0,6,2,0,0,1
287,280,Glenn Robinson,1996-97,December,Milwaukee Bucks,Washington Bullets,24,5,2,0,0,2,2
288,211,Calbert Cheaney,1996-97,December,Washington Bullets,Milwaukee Bucks,17,0,1,1,0,1,2
289,287,Glenn Robinson,1996-97,December,Milwaukee Bucks,Washington Bullets,26,5,2,0,0,2,2
290,286,Andrew Lang,1996-97,December,Milwaukee Bucks,Washington Bullets,6,1,6,2,0,0,1
292,289,Glenn Robinson,1996-97,December,Milwaukee Bucks,Washington Bullets,26,5,3,0,0,2,2
293,285,Rod Strickland,1996-97,December,Washington Bullets,Milwaukee Bucks,10,10,1,0,1,0,1
294,292,Glenn Robinson,1996-97,December,Milwaukee Bucks,Washington Bullets,27,5,3,0,0,2,2
296,294,Glenn Robinson,1996-97,December,Milwaukee Bucks,Washington Bullets,28,5,3,0,0,2,2
298,279,Ray Allen,1996-97,December,Milwaukee Bucks,Washington Bullets,8,3,5,0,0,0,2
299,284,Vin Baker,1996-97,December,Milwaukee Bucks,Washington Bullets,23,2,6,0,1,3,3
301,296,Glenn Robinson,1996-97,December,Milwaukee Bucks,Washington Bullets,28,5,4,0,0,2,2
302,299,Vin Baker,1996-97,December,Milwaukee Bucks,Washington Bullets,23,2,6,0,1,4,3
303,293,Rod Strickland,1996-97,December,Washington Bullets,Milwaukee Bucks,10,10,1,0,2,0,1
304,301,Glenn Robinson,1996-97,December,Milwaukee Bucks,Washington Bullets,28,5,4,0,0,2,3
305,274,Sherman Douglas,1996-97,December,Milwaukee Bucks,Washington Bullets,7,6,4,0,1,3,3
306,266,Juwan Howard,1996-97,December,Washington Bullets,Milwaukee Bucks,7,5,5,0,1,1,2
307,306,Juwan Howard,1996-97,December,Washington Bullets,Milwaukee Bucks,8,5,5,0,1,1,2
309,302,Vin Baker,1996-97,December,Milwaukee Bucks,Washington Bullets,23,2,7,0,1,4,3
311,282,Chris Webber,1996-97,December,Washington Bullets,Milwaukee Bucks,16,0,9,1,0,2,4
312,304,Glenn Robinson,1996-97,December,Milwaukee Bucks,Washington Bullets,28,5,5,0,0,2,3
314,309,Vin Baker,1996-97,December,Milwaukee Bucks,Washington Bullets,23,2,8,0,1,4,3
315,314,Vin Baker,1996-97,December,Milwaukee Bucks,Washington Bullets,25,2,8,0,1,4,3
316,303,Rod Strickland,1996-97,December,Washington Bullets,Milwaukee Bucks,12,10,1,0,2,0,1
317,298,Ray Allen,1996-97,December,Milwaukee Bucks,Washington Bullets,10,3,5,0,0,0,2
318,305,Sherman Douglas,1996-97,December,Milwaukee Bucks,Washington Bullets,7,7,4,0,1,3,3
320,315,Vin Baker,1996-97,December,Milwaukee Bucks,Washington Bullets,25,2,9,0,1,4,3
321,231,Harvey Grant,1996-97,December,Washington Bullets,Milwaukee Bucks,8,0,3,0,1,0,1
322,318,Sherman Douglas,1996-97,December,Milwaukee Bucks,Washington Bullets,9,7,4,0,1,3,3
323,307,Juwan Howard,1996-97,December,Washington Bullets,Milwaukee Bucks,10,5,5,0,1,1,2
324,321,Harvey Grant,1996-97,December,Washington Bullets,Milwaukee Bucks,8,1,3,0,1,0,1
325,317,Ray Allen,1996-97,December,Milwaukee Bucks,Washington Bullets,10,3,5,0,0,1,2
326,288,Calbert Cheaney,1996-97,December,Washington Bullets,Milwaukee Bucks,17,0,1,1,1,1,2
327,324,Harvey Grant,1996-97,December,Washington Bullets,Milwaukee Bucks,8,1,3,0,1,1,1
328,312,Glenn Robinson,1996-97,December,Milwaukee Bucks,Washington Bullets,28,5,5,0,1,2,3
329,322,Sherman Douglas,1996-97,December,Milwaukee Bucks,Washington Bullets,11,7,4,0,1,3,3
331,209,Armen Gilliam,1996-97,December,Milwaukee Bucks,Washington Bullets,2,1,3,0,1,0,2
333,325,Ray Allen,1996-97,December,Milwaukee Bucks,Washington Bullets,10,3,6,0,0,1,2
334,327,Harvey Grant,1996-97,December,Washington Bullets,Milwaukee Bucks,8,1,3,0,1,1,2
335,320,Vin Baker,1996-97,December,Milwaukee Bucks,Washington Bullets,26,2,9,0,1,4,3
336,335,Vin Baker,1996-97,December,Milwaukee Bucks,Washington Bullets,27,2,9,0,1,4,3
338,331,Armen Gilliam,1996-97,December,Milwaukee Bucks,Washington Bullets,2,1,4,0,1,0,2
339,329,Sherman Douglas,1996-97,December,Milwaukee Bucks,Washington Bullets,13,7,4,0,1,3,3
341,326,Calbert Cheaney,1996-97,December,Washington Bullets,Milwaukee Bucks,19,0,1,1,1,1,2
342,181,Chris Whitney,1996-97,December,Washington Bullets,Milwaukee Bucks,2,1,0,1,0,1,0
344,339,Sherman Douglas,1996-97,December,Milwaukee Bucks,Washington Bullets,13,7,5,0,1,3,3
345,334,Harvey Grant,1996-97,December,Washington Bullets,Milwaukee Bucks,8,1,3,0,1,1,3
346,333,Ray Allen,1996-97,December,Milwaukee Bucks,Washington Bullets,11,3,6,0,0,1,2
347,346,Ray Allen,1996-97,December,Milwaukee Bucks,Washington Bullets,12,3,6,0,0,1,2
348,347,Ray Allen,1996-97,December,Milwaukee Bucks,Washington Bullets,12,3,6,0,0,1,3
350,216,Chucky Brown,1996-97,December,Milwaukee Bucks,Washington Bullets,4,1,3,1,0,0,1
351,345,Harvey Grant,1996-97,December,Washington Bullets,Milwaukee Bucks,8,1,4,0,1,1,3
352,166,Tracy Murray,1996-97,December,Washington Bullets,Milwaukee Bucks,3,0,0,0,0,1,0
353,311,Chris Webber,1996-97,December,Washington Bullets,Milwaukee Bucks,16,1,9,1,0,2,4
354,163,Johnny Newman,1996-97,December,Milwaukee Bucks,Washington Bullets,2,0,1,1,1,1,2
355,351,Harvey Grant,1996-97,December,Washington Bullets,Milwaukee Bucks,8,1,4,0,2,1,3
356,352,Tracy Murray,1996-97,December,Washington Bullets,Milwaukee Bucks,5,0,0,0,0,1,0
357,344,Sherman Douglas,1996-97,December,Milwaukee Bucks,Washington Bullets,13,7,5,0,1,3,4
358,356,Tracy Murray,1996-97,December,Washington Bullets,Milwaukee Bucks,6,0,0,0,0,1,0
359,342,Chris Whitney,1996-97,December,Washington Bullets,Milwaukee Bucks,2,1,0,1,0,1,1
360,336,Vin Baker,1996-97,December,Milwaukee Bucks,Washington Bullets,27,2,9,0,1,5,3
361,359,Chris Whitney,1996-97,December,Washington Bullets,Milwaukee Bucks,2,1,0,1,1,1,1
362,358,Tracy Murray,1996-97,December,Washington Bullets,Milwaukee Bucks,8,0,0,0,0,1,0
363,361,Chris Whitney,1996-97,December,Washington Bullets,Milwaukee Bucks,2,2,0,1,1,1,1
364,328,Glenn Robinson,1996-97,December,Milwaukee Bucks,Washington Bullets,28,5,5,0,1,3,3
365,341,Calbert Cheaney,1996-97,December,Washington Bullets,Milwaukee Bucks,19,0,1,1,2,1,2
366,353,Chris Webber,1996-97,December,Washington Bullets,Milwaukee Bucks,18,1,9,1,0,2,4
367,365,Calbert Cheaney,1996-97,December,Washington Bullets,Milwaukee Bucks,19,1,1,1,2,1,2
368,367,Calbert Cheaney,1996-97,December,Washington Bullets,Milwaukee Bucks,19,1,1,1,2,1,3
369,364,Glenn Robinson,1996-97,December,Milwaukee Bucks,Washington Bullets,28,5,5,0,1,4,3
370,362,Tracy Murray,1996-97,December,Washington Bullets,Milwaukee Bucks,11,0,0,0,0,1,0
371,363,Chris Whitney,1996-97,December,Washington Bullets,Milwaukee Bucks,2,3,0,1,1,1,1
372,369,Glenn Robinson,1996-97,December,Milwaukee Bucks,Washington Bullets,30,5,5,0,1,4,3
373,338,Armen Gilliam,1996-97,December,Milwaukee Bucks,Washington Bullets,2,1,4,0,1,0,3
375,370,Tracy Murray,1996-97,December,Washington Bullets,Milwaukee Bucks,11,0,1,0,0,1,0
376,366,Chris Webber,1996-97,December,Washington Bullets,Milwaukee Bucks,20,1,9,1,0,2,4
377,375,Tracy Murray,1996-97,December,Washington Bullets,Milwaukee Bucks,11,1,1,0,0,1,0
378,377,Tracy Murray,1996-97,December,Washington Bullets,Milwaukee Bucks,11,1,1,0,0,1,1
379,372,Glenn Robinson,1996-97,December,Milwaukee Bucks,Washington Bullets,33,5,5,0,1,4,3
380,360,Vin Baker,1996-97,December,Milwaukee Bucks,Washington Bullets,27,3,9,0,1,5,3
381,376,Chris Webber,1996-97,December,Washington Bullets,Milwaukee Bucks,22,1,9,1,0,2,4
382,355,Harvey Grant,1996-97,December,Washington Bullets,Milwaukee Bucks,8,2,4,0,2,1,3
383,382,Harvey Grant,1996-97,December,Washington Bullets,Milwaukee Bucks,8,2,4,0,2,1,4
384,380,Vin Baker,1996-97,December,Milwaukee Bucks,Washington Bullets,28,3,9,0,1,5,3
385,384,Vin Baker,1996-97,December,Milwaukee Bucks,Washington Bullets,29,3,9,0,1,5,3
386,371,Chris Whitney,1996-97,December,Washington Bullets,Milwaukee Bucks,5,3,0,1,1,1,1
387,378,Tracy Murray,1996-97,December,Washington Bullets,Milwaukee Bucks,11,1,1,0,0,1,2
388,354,Johnny Newman,1996-97,December,Milwaukee Bucks,Washington Bullets,3,0,1,1,1,1,2
389,388,Johnny Newman,1996-97,December,Milwaukee Bucks,Washington Bullets,4,0,1,1,1,1,2
390,381,Chris Webber,1996-97,December,Washington Bullets,Milwaukee Bucks,24,1,9,1,0,2,4
392,323,Juwan Howard,1996-97,December,Washington Bullets,Milwaukee Bucks,10,5,6,0,1,1,2
393,392,Juwan Howard,1996-97,December,Washington Bullets,Milwaukee Bucks,10,5,6,0,1,2,2
394,379,Glenn Robinson,1996-97,December,Milwaukee Bucks,Washington Bullets,35,5,5,0,1,4,3
395,386,Chris Whitney,1996-97,December,Washington Bullets,Milwaukee Bucks,8,3,0,1,1,1,1
396,316,Rod Strickland,1996-97,December,Washington Bullets,Milwaukee Bucks,12,11,1,0,2,0,1
397,394,Glenn Robinson,1996-97,December,Milwaukee Bucks,Washington Bullets,38,5,5,0,1,4,3
398,390,Chris Webber,1996-97,December,Washington Bullets,Milwaukee Bucks,26,1,9,1,0,2,4
399,357,Sherman Douglas,1996-97,December,Milwaukee Bucks,Washington Bullets,15,7,5,0,1,3,4
400,393,Juwan Howard,1996-97,December,Washington Bullets,Milwaukee Bucks,12,5,6,0,1,2,2
401,396,Rod Strickland,1996-97,December,Washington Bullets,Milwaukee Bucks,12,12,1,0,2,0,1
402,399,Sherman Douglas,1996-97,December,Milwaukee Bucks,Washington Bullets,15,7,5,0,1,4,4
403,395,Chris Whitney,1996-97,December,Washington Bullets,Milwaukee Bucks,8,3,0,1,2,1,1
405,397,Glenn Robinson,1996-97,December,Milwaukee Bucks,Washington Bullets,38,5,6,0,1,4,3
406,385,Vin Baker,1996-97,December,Milwaukee Bucks,Washington Bullets,31,3,9,0,1,5,3
407,350,Chucky Brown,1996-97,December,Milwaukee Bucks,Washington Bullets,4,2,3,1,0,0,1
408,368,Calbert Cheaney,1996-97,December,Washington Bullets,Milwaukee Bucks,19,1,1,1,2,2,3
409,389,Johnny Newman,1996-97,December,Milwaukee Bucks,Washington Bullets,4,0,1,1,2,1,2
410,400,Juwan Howard,1996-97,December,Washington Bullets,Milwaukee Bucks,12,5,6,0,1,2,3
411,405,Glenn Robinson,1996-97,December,Milwaukee Bucks,Washington Bullets,39,5,6,0,1,4,3
412,411,Glenn Robinson,1996-97,December,Milwaukee Bucks,Washington Bullets,40,5,6,0,1,4,3
413,407,Chucky Brown,1996-97,December,Milwaukee Bucks,Washington Bullets,4,2,3,1,0,0,2
415,401,Rod Strickland,1996-97,December,Washington Bullets,Milwaukee Bucks,13,12,1,0,2,0,1
416,412,Glenn Robinson,1996-97,December,Milwaukee Bucks,Washington Bullets,40,5,6,0,1,5,3
417,413,Chucky Brown,1996-97,December,Milwaukee Bucks,Washington Bullets,4,2,3,1,0,0,3
420,416,Glenn Robinson,1996-97,December,Milwaukee Bucks,Washington Bullets,40,5,7,0,1,5,3
422,417,Chucky Brown,1996-97,December,Milwaukee Bucks,Washington Bullets,4,2,4,1,0,0,3
423,422,Chucky Brown,1996-97,December,Milwaukee Bucks,Washington Bullets,6,2,4,1,0,0,3
425,402,Sherman Douglas,1996-97,December,Milwaukee Bucks,Washington Bullets,15,7,6,0,1,4,4
426,406,Vin Baker,1996-97,December,Milwaukee Bucks,Washington Bullets,33,3,9,0,1,5,3
427,420,Glenn Robinson,1996-97,December,Milwaukee Bucks,Washington Bullets,40,6,7,0,1,5,3
428,387,Tracy Murray,1996-97,December,Washington Bullets,Milwaukee Bucks,11,1,1,0,0,1,3
429,426,Vin Baker,1996-97,December,Milwaukee Bucks,Washington Bullets,34,3,9,0,1,5,3
430,408,Calbert Cheaney,1996-97,December,Washington Bullets,Milwaukee Bucks,21,1,1,1,2,2,3
431,415,Rod Strickland,1996-97,December,Washington Bullets,Milwaukee Bucks,13,13,1,0,2,0,1
433,398,Chris Webber,1996-97,December,Washington Bullets,Milwaukee Bucks,26,1,9,2,0,2,4
435,429,Vin Baker,1996-97,December,Milwaukee Bucks,Washington Bullets,34,3,10,0,1,5,3
436,435,Vin Baker,1996-97,December,Milwaukee Bucks,Washington Bullets,34,3,10,0,1,6,3
437,410,Juwan Howard,1996-97,December,Washington Bullets,Milwaukee Bucks,12,5,6,0,2,2,3
438,431,Rod Strickland,1996-97,December,Washington Bullets,Milwaukee Bucks,15,13,1,0,2,0,1
439,430,Calbert Cheaney,1996-97,December,Washington Bullets,Milwaukee Bucks,21,2,1,1,2,2,3
441,436,Vin Baker,1996-97,December,Milwaukee Bucks,Washington Bullets,34,3,11,0,1,6,3
442,441,Vin Baker,1996-97,December,Milwaukee Bucks,Washington Bullets,34,3,11,0,1,7,3
443,437,Juwan Howard,1996-97,December,Washington Bullets,Milwaukee Bucks,12,5,6,0,3,2,3
444,443,Juwan Howard,1996-97,December,Washington Bullets,Milwaukee Bucks,12,5,6,0,3,2,4
445,442,Vin Baker,1996-97,December,Milwaukee Bucks,Washington Bullets,35,3,11,0,1,7,3
446,445,Vin Baker,1996-97,December,Milwaukee Bucks,Washington Bullets,36,3,11,0,1,7,3
447,428,Tracy Murray,1996-97,December,Washington Bullets,Milwaukee Bucks,13,1,1,0,0,1,3
448,433,Chris Webber,1996-97,December,Washington Bullets,Milwaukee Bucks,26,1,9,2,0,2,5
449,427,Glenn Robinson,1996-97,December,Milwaukee Bucks,Washington Bullets,41,6,7,0,1,5,3
450,449,Glenn Robinson,1996-97,December,Milwaukee Bucks,Washington Bullets,42,6,7,0,1,5,3
452,446,Vin Baker,1996-97,December,Milwaukee Bucks,Washington Bullets,36,3,12,0,1,7,3
453,439,Calbert Cheaney,1996-97,December,Washington Bullets,Milwaukee Bucks,21,2,1,1,2,2,4
454,450,Glenn Robinson,1996-97,December,Milwaukee Bucks,Washington Bullets,43,6,7,0,1,5,3
455,454,Glenn Robinson,1996-97,December,Milwaukee Bucks,Washington Bullets,44,6,7,0,1,5,3
456,447,Tracy Murray,1996-97,December,Washington Bullets,Milwaukee Bucks,16,1,1,0,0,1,3
457,438,Rod Strickland,1996-97,December,Washington Bullets,Milwaukee Bucks,15,14,1,0,2,0,1
458,456,Tracy Murray,1996-97,December,Washington Bullets,Milwaukee Bucks,16,1,1,0,0,1,4
460,409,Johnny Newman,1996-97,December,Milwaukee Bucks,Washington Bullets,5,0,1,1,2,1,2
462,455,Glenn Robinson,1996-97,December,Milwaukee Bucks,Washington Bullets,44,6,7,1,1,5,3
463,457,Rod Strickland,1996-97,December,Washington Bullets,Milwaukee Bucks,15,14,2,0,2,0,1
