id,previous_id,player,season,month,team,opponent_team,points,assists,rebounds,blocks,steals,turnovers,personal fouls
1,0,Jason Kidd,1996-97,December,Dallas Mavericks,Vancouver Grizzlies,0,0,0,0,0,1,0
2,0,Bryant Reeves,1996-97,December,Vancouver Grizzlies,Dallas Mavericks,0,0,0,0,0,1,0
4,0,Shareef Abdur-Rahim,1996-97,December,Vancouver Grizzlies,Dallas Mavericks,0,0,0,1,0,0,0
5,0,Anthony Peeler,1996-97,December,Vancouver Grizzlies,Dallas Mavericks,0,0,1,0,0,0,0
6,2,Bryant Reeves,1996-97,December,Vancouver Grizzlies,Dallas Mavericks,2,0,0,0,0,1,0
7,5,Anthony Peeler,1996-97,December,Vancouver Grizzlies,Dallas Mavericks,0,1,1,0,0,0,0
9,0,Eric Montross,1996-97,December,Dallas Mavericks,Vancouver Grizzlies,0,0,1,0,0,0,0
11,4,Shareef Abdur-Rahim,1996-97,December,Vancouver Grizzlies,Dallas Mavericks,0,0,1,1,0,0,0
13,11,Shareef Abdur-Rahim,1996-97,December,Vancouver Grizzlies,Dallas Mavericks,0,0,2,1,0,0,0
15,9,Eric Montross,1996-97,December,Dallas Mavericks,Vancouver Grizzlies,0,0,2,0,0,0,0
16,0,Samaki Walker,1996-97,December,Dallas Mavericks,Vancouver Grizzlies,2,0,0,0,0,0,0
17,0,Jim Jackson,1996-97,December,Dallas Mavericks,Vancouver Grizzlies,0,1,0,0,0,0,0
18,15,Eric Montross,1996-97,December,Dallas Mavericks,Vancouver Grizzlies,0,0,2,0,0,0,1
19,6,Bryant Reeves,1996-97,December,Vancouver Grizzlies,Dallas Mavericks,3,0,0,0,0,1,0
20,19,Bryant Reeves,1996-97,December,Vancouver Grizzlies,Dallas Mavericks,4,0,0,0,0,1,0
21,20,Bryant Reeves,1996-97,December,Vancouver Grizzlies,Dallas Mavericks,4,0,0,0,0,1,1
23,16,Samaki Walker,1996-97,December,Dallas Mavericks,Vancouver Grizzlies,2,0,1,0,0,0,0
24,23,Samaki Walker,1996-97,December,Dallas Mavericks,Vancouver Grizzlies,4,0,1,0,0,0,0
25,18,Eric Montross,1996-97,December,Dallas Mavericks,Vancouver Grizzlies,0,0,2,0,0,0,2
26,21,Bryant Reeves,1996-97,December,Vancouver Grizzlies,Dallas Mavericks,5,0,0,0,0,1,1
27,26,Bryant Reeves,1996-97,December,Vancouver Grizzlies,Dallas Mavericks,6,0,0,0,0,1,1
28,0,Oliver Miller,1996-97,December,Dallas Mavericks,Vancouver Grizzlies,2,0,0,0,0,0,0
29,24,Samaki Walker,1996-97,December,Dallas Mavericks,Vancouver Grizzlies,4,1,1,0,0,0,0
30,27,Bryant Reeves,1996-97,December,Vancouver Grizzlies,Dallas Mavericks,8,0,0,0,0,1,1
31,0,George Lynch,1996-97,December,Vancouver Grizzlies,Dallas Mavericks,0,1,0,0,0,0,0
33,13,Shareef Abdur-Rahim,1996-97,December,Vancouver Grizzlies,Dallas Mavericks,0,0,3,1,0,0,0
34,7,Anthony Peeler,1996-97,December,Vancouver Grizzlies,Dallas Mavericks,3,1,1,0,0,0,0
35,31,George Lynch,1996-97,December,Vancouver Grizzlies,Dallas Mavericks,0,2,0,0,0,0,0
37,0,George McCloud,1996-97,December,Dallas Mavericks,Vancouver Grizzlies,0,0,1,0,0,0,0
39,29,Samaki Walker,1996-97,December,Dallas Mavericks,Vancouver Grizzlies,4,1,2,0,0,0,0
40,39,Samaki Walker,1996-97,December,Dallas Mavericks,Vancouver Grizzlies,6,1,2,0,0,0,0
42,30,Bryant Reeves,1996-97,December,Vancouver Grizzlies,Dallas Mavericks,8,0,1,0,0,1,1
43,28,Oliver Miller,1996-97,December,Dallas Mavericks,Vancouver Grizzlies,2,0,0,0,0,0,1
44,33,Shareef Abdur-Rahim,1996-97,December,Vancouver Grizzlies,Dallas Mavericks,1,0,3,1,0,0,0
45,44,Shareef Abdur-Rahim,1996-97,December,Vancouver Grizzlies,Dallas Mavericks,2,0,3,1,0,0,0
46,17,Jim Jackson,1996-97,December,Dallas Mavericks,Vancouver Grizzlies,2,1,0,0,0,0,0
47,37,George McCloud,1996-97,December,Dallas Mavericks,Vancouver Grizzlies,0,1,1,0,0,0,0
49,40,Samaki Walker,1996-97,December,Dallas Mavericks,Vancouver Grizzlies,6,1,2,1,0,0,0
50,43,Oliver Miller,1996-97,December,Dallas Mavericks,Vancouver Grizzlies,2,0,1,0,0,0,1
51,50,Oliver Miller,1996-97,December,Dallas Mavericks,Vancouver Grizzlies,4,0,1,0,0,0,1
52,46,Jim Jackson,1996-97,December,Dallas Mavericks,Vancouver Grizzlies,2,2,0,0,0,0,0
53,45,Shareef Abdur-Rahim,1996-97,December,Vancouver Grizzlies,Dallas Mavericks,4,0,3,1,0,0,0
54,49,Samaki Walker,1996-97,December,Dallas Mavericks,Vancouver Grizzlies,6,1,2,1,0,0,1
55,53,Shareef Abdur-Rahim,1996-97,December,Vancouver Grizzlies,Dallas Mavericks,5,0,3,1,0,0,0
56,54,Samaki Walker,1996-97,December,Dallas Mavericks,Vancouver Grizzlies,6,1,2,1,0,1,1
57,34,Anthony Peeler,1996-97,December,Vancouver Grizzlies,Dallas Mavericks,5,1,1,0,0,0,0
58,0,Lee Mayberry,1996-97,December,Vancouver Grizzlies,Dallas Mavericks,0,1,0,0,0,0,0
59,52,Jim Jackson,1996-97,December,Dallas Mavericks,Vancouver Grizzlies,4,2,0,0,0,0,0
60,57,Anthony Peeler,1996-97,December,Vancouver Grizzlies,Dallas Mavericks,8,1,1,0,0,0,0
61,42,Bryant Reeves,1996-97,December,Vancouver Grizzlies,Dallas Mavericks,8,1,1,0,0,1,1
62,59,Jim Jackson,1996-97,December,Dallas Mavericks,Vancouver Grizzlies,6,2,0,0,0,0,0
63,51,Oliver Miller,1996-97,December,Dallas Mavericks,Vancouver Grizzlies,4,1,1,0,0,0,1
65,56,Samaki Walker,1996-97,December,Dallas Mavericks,Vancouver Grizzlies,6,1,3,1,0,1,1
66,60,Anthony Peeler,1996-97,December,Vancouver Grizzlies,Dallas Mavericks,8,1,1,0,0,0,1
67,47,George McCloud,1996-97,December,Dallas Mavericks,Vancouver Grizzlies,2,1,1,0,0,0,0
68,1,Jason Kidd,1996-97,December,Dallas Mavericks,Vancouver Grizzlies,0,1,0,0,0,1,0
70,55,Shareef Abdur-Rahim,1996-97,December,Vancouver Grizzlies,Dallas Mavericks,5,0,4,1,0,0,0
72,65,Samaki Walker,1996-97,December,Dallas Mavericks,Vancouver Grizzlies,6,1,3,2,0,1,1
73,67,George McCloud,1996-97,December,Dallas Mavericks,Vancouver Grizzlies,2,1,2,0,0,0,0
74,63,Oliver Miller,1996-97,December,Dallas Mavericks,Vancouver Grizzlies,6,1,1,0,0,0,1
75,73,George McCloud,1996-97,December,Dallas Mavericks,Vancouver Grizzlies,2,2,2,0,0,0,0
76,75,George McCloud,1996-97,December,Dallas Mavericks,Vancouver Grizzlies,2,2,2,0,0,0,1
79,74,Oliver Miller,1996-97,December,Dallas Mavericks,Vancouver Grizzlies,6,1,2,0,0,0,1
80,0,Chris Gatling,1996-97,December,Dallas Mavericks,Vancouver Grizzlies,2,0,0,0,0,0,0
81,68,Jason Kidd,1996-97,December,Dallas Mavericks,Vancouver Grizzlies,0,2,0,0,0,1,0
83,61,Bryant Reeves,1996-97,December,Vancouver Grizzlies,Dallas Mavericks,8,1,2,0,0,1,1
85,70,Shareef Abdur-Rahim,1996-97,December,Vancouver Grizzlies,Dallas Mavericks,5,0,5,1,0,0,0
86,85,Shareef Abdur-Rahim,1996-97,December,Vancouver Grizzlies,Dallas Mavericks,7,0,5,1,0,0,0
87,58,Lee Mayberry,1996-97,December,Vancouver Grizzlies,Dallas Mavericks,0,1,0,0,0,0,1
89,80,Chris Gatling,1996-97,December,Dallas Mavericks,Vancouver Grizzlies,2,0,1,0,0,0,0
90,66,Anthony Peeler,1996-97,December,Vancouver Grizzlies,Dallas Mavericks,8,1,1,0,0,0,2
92,89,Chris Gatling,1996-97,December,Dallas Mavericks,Vancouver Grizzlies,3,0,1,0,0,0,0
94,92,Chris Gatling,1996-97,December,Dallas Mavericks,Vancouver Grizzlies,3,0,2,0,0,0,0
96,35,George Lynch,1996-97,December,Vancouver Grizzlies,Dallas Mavericks,0,2,1,0,0,0,0
98,83,Bryant Reeves,1996-97,December,Vancouver Grizzlies,Dallas Mavericks,8,1,3,0,0,1,1
100,79,Oliver Miller,1996-97,December,Dallas Mavericks,Vancouver Grizzlies,6,1,3,0,0,0,1
101,94,Chris Gatling,1996-97,December,Dallas Mavericks,Vancouver Grizzlies,5,0,2,0,0,0,0
102,100,Oliver Miller,1996-97,December,Dallas Mavericks,Vancouver Grizzlies,6,2,3,0,0,0,1
103,0,Chris Robinson,1996-97,December,Vancouver Grizzlies,Dallas Mavericks,2,0,0,0,0,0,0
104,0,Greg Anthony,1996-97,December,Vancouver Grizzlies,Dallas Mavericks,0,1,0,0,0,0,0
105,62,Jim Jackson,1996-97,December,Dallas Mavericks,Vancouver Grizzlies,8,2,0,0,0,0,0
106,96,George Lynch,1996-97,December,Vancouver Grizzlies,Dallas Mavericks,2,2,1,0,0,0,0
107,103,Chris Robinson,1996-97,December,Vancouver Grizzlies,Dallas Mavericks,2,1,0,0,0,0,0
108,0,Derek Harper,1996-97,December,Dallas Mavericks,Vancouver Grizzlies,2,0,0,0,0,0,0
110,102,Oliver Miller,1996-97,December,Dallas Mavericks,Vancouver Grizzlies,6,2,4,0,0,0,1
111,108,Derek Harper,1996-97,December,Dallas Mavericks,Vancouver Grizzlies,4,0,0,0,0,0,0
112,106,George Lynch,1996-97,December,Vancouver Grizzlies,Dallas Mavericks,2,2,1,0,0,1,0
113,110,Oliver Miller,1996-97,December,Dallas Mavericks,Vancouver Grizzlies,6,2,4,0,1,0,1
114,0,Roy Rogers,1996-97,December,Vancouver Grizzlies,Dallas Mavericks,2,0,0,0,0,0,0
115,114,Roy Rogers,1996-97,December,Vancouver Grizzlies,Dallas Mavericks,2,0,0,0,0,0,1
116,101,Chris Gatling,1996-97,December,Dallas Mavericks,Vancouver Grizzlies,7,0,2,0,0,0,0
117,105,Jim Jackson,1996-97,December,Dallas Mavericks,Vancouver Grizzlies,8,3,0,0,0,0,0
118,115,Roy Rogers,1996-97,December,Vancouver Grizzlies,Dallas Mavericks,4,0,0,0,0,0,1
119,104,Greg Anthony,1996-97,December,Vancouver Grizzlies,Dallas Mavericks,0,2,0,0,0,0,0
121,112,George Lynch,1996-97,December,Vancouver Grizzlies,Dallas Mavericks,2,2,2,0,0,1,0
123,113,Oliver Miller,1996-97,December,Dallas Mavericks,Vancouver Grizzlies,6,2,5,0,1,0,1
124,116,Chris Gatling,1996-97,December,Dallas Mavericks,Vancouver Grizzlies,9,0,2,0,0,0,0
125,118,Roy Rogers,1996-97,December,Vancouver Grizzlies,Dallas Mavericks,4,0,0,0,0,1,1
126,0,Tony Dumas,1996-97,December,Dallas Mavericks,Vancouver Grizzlies,0,0,0,0,0,1,0
127,111,Derek Harper,1996-97,December,Dallas Mavericks,Vancouver Grizzlies,4,0,0,0,0,0,1
128,0,Lawrence Moten,1996-97,December,Vancouver Grizzlies,Dallas Mavericks,1,0,0,0,0,0,0
129,128,Lawrence Moten,1996-97,December,Vancouver Grizzlies,Dallas Mavericks,2,0,0,0,0,0,0
131,86,Shareef Abdur-Rahim,1996-97,December,Vancouver Grizzlies,Dallas Mavericks,7,0,6,1,0,0,0
133,123,Oliver Miller,1996-97,December,Dallas Mavericks,Vancouver Grizzlies,6,2,6,0,1,0,1
134,126,Tony Dumas,1996-97,December,Dallas Mavericks,Vancouver Grizzlies,0,0,0,0,0,2,0
135,131,Shareef Abdur-Rahim,1996-97,December,Vancouver Grizzlies,Dallas Mavericks,9,0,6,1,0,0,0
136,107,Chris Robinson,1996-97,December,Vancouver Grizzlies,Dallas Mavericks,2,2,0,0,0,0,0
137,135,Shareef Abdur-Rahim,1996-97,December,Vancouver Grizzlies,Dallas Mavericks,9,0,6,1,0,0,1
138,137,Shareef Abdur-Rahim,1996-97,December,Vancouver Grizzlies,Dallas Mavericks,9,0,6,1,0,0,2
140,0,Greg Dreiling,1996-97,December,Dallas Mavericks,Vancouver Grizzlies,1,0,0,0,0,0,0
141,127,Derek Harper,1996-97,December,Dallas Mavericks,Vancouver Grizzlies,4,0,0,0,0,0,2
143,140,Greg Dreiling,1996-97,December,Dallas Mavericks,Vancouver Grizzlies,1,0,1,0,0,0,0
144,141,Derek Harper,1996-97,December,Dallas Mavericks,Vancouver Grizzlies,6,0,0,0,0,0,2
146,87,Lee Mayberry,1996-97,December,Vancouver Grizzlies,Dallas Mavericks,0,1,1,0,0,0,1
147,146,Lee Mayberry,1996-97,December,Vancouver Grizzlies,Dallas Mavericks,2,1,1,0,0,0,1
148,143,Greg Dreiling,1996-97,December,Dallas Mavericks,Vancouver Grizzlies,1,0,1,0,0,0,1
149,147,Lee Mayberry,1996-97,December,Vancouver Grizzlies,Dallas Mavericks,3,1,1,0,0,0,1
150,148,Greg Dreiling,1996-97,December,Dallas Mavericks,Vancouver Grizzlies,3,0,1,0,0,0,1
151,81,Jason Kidd,1996-97,December,Dallas Mavericks,Vancouver Grizzlies,0,3,0,0,0,1,0
152,90,Anthony Peeler,1996-97,December,Vancouver Grizzlies,Dallas Mavericks,11,1,1,0,0,0,2
153,98,Bryant Reeves,1996-97,December,Vancouver Grizzlies,Dallas Mavericks,8,2,3,0,0,1,1
155,152,Anthony Peeler,1996-97,December,Vancouver Grizzlies,Dallas Mavericks,11,1,2,0,0,0,2
156,155,Anthony Peeler,1996-97,December,Vancouver Grizzlies,Dallas Mavericks,11,1,2,0,0,1,2
157,151,Jason Kidd,1996-97,December,Dallas Mavericks,Vancouver Grizzlies,0,3,0,0,1,1,0
159,153,Bryant Reeves,1996-97,December,Vancouver Grizzlies,Dallas Mavericks,8,2,4,0,0,1,1
160,138,Shareef Abdur-Rahim,1996-97,December,Vancouver Grizzlies,Dallas Mavericks,9,0,6,1,0,1,2
161,157,Jason Kidd,1996-97,December,Dallas Mavericks,Vancouver Grizzlies,0,3,0,0,2,1,0
162,161,Jason Kidd,1996-97,December,Dallas Mavericks,Vancouver Grizzlies,0,3,0,0,2,2,0
164,124,Chris Gatling,1996-97,December,Dallas Mavericks,Vancouver Grizzlies,9,0,3,0,0,0,0
165,144,Derek Harper,1996-97,December,Dallas Mavericks,Vancouver Grizzlies,8,0,0,0,0,0,2
167,150,Greg Dreiling,1996-97,December,Dallas Mavericks,Vancouver Grizzlies,3,0,2,0,0,0,1
168,76,George McCloud,1996-97,December,Dallas Mavericks,Vancouver Grizzlies,4,2,2,0,0,0,1
169,164,Chris Gatling,1996-97,December,Dallas Mavericks,Vancouver Grizzlies,9,1,3,0,0,0,0
170,149,Lee Mayberry,1996-97,December,Vancouver Grizzlies,Dallas Mavericks,6,1,1,0,0,0,1
171,168,George McCloud,1996-97,December,Dallas Mavericks,Vancouver Grizzlies,7,2,2,0,0,0,1
172,162,Jason Kidd,1996-97,December,Dallas Mavericks,Vancouver Grizzlies,0,4,0,0,2,2,0
174,171,George McCloud,1996-97,December,Dallas Mavericks,Vancouver Grizzlies,7,2,3,0,0,0,1
176,156,Anthony Peeler,1996-97,December,Vancouver Grizzlies,Dallas Mavericks,11,1,3,0,0,1,2
177,167,Greg Dreiling,1996-97,December,Dallas Mavericks,Vancouver Grizzlies,3,0,2,0,0,0,2
179,174,George McCloud,1996-97,December,Dallas Mavericks,Vancouver Grizzlies,7,2,4,0,0,0,1
180,160,Shareef Abdur-Rahim,1996-97,December,Vancouver Grizzlies,Dallas Mavericks,9,0,6,1,0,1,3
182,159,Bryant Reeves,1996-97,December,Vancouver Grizzlies,Dallas Mavericks,8,2,5,0,0,1,1
184,121,George Lynch,1996-97,December,Vancouver Grizzlies,Dallas Mavericks,2,2,3,0,0,1,0
186,25,Eric Montross,1996-97,December,Dallas Mavericks,Vancouver Grizzlies,0,0,3,0,0,0,2
188,184,George Lynch,1996-97,December,Vancouver Grizzlies,Dallas Mavericks,2,2,4,0,0,1,0
189,170,Lee Mayberry,1996-97,December,Vancouver Grizzlies,Dallas Mavericks,9,1,1,0,0,0,1
190,188,George Lynch,1996-97,December,Vancouver Grizzlies,Dallas Mavericks,2,2,4,0,0,1,1
192,169,Chris Gatling,1996-97,December,Dallas Mavericks,Vancouver Grizzlies,10,1,3,0,0,0,0
194,186,Eric Montross,1996-97,December,Dallas Mavericks,Vancouver Grizzlies,0,0,3,1,0,0,2
195,190,George Lynch,1996-97,December,Vancouver Grizzlies,Dallas Mavericks,2,2,5,0,0,1,1
196,195,George Lynch,1996-97,December,Vancouver Grizzlies,Dallas Mavericks,4,2,5,0,0,1,1
197,192,Chris Gatling,1996-97,December,Dallas Mavericks,Vancouver Grizzlies,10,1,3,0,0,1,0
199,117,Jim Jackson,1996-97,December,Dallas Mavericks,Vancouver Grizzlies,8,3,1,0,0,0,0
201,196,George Lynch,1996-97,December,Vancouver Grizzlies,Dallas Mavericks,4,2,6,0,0,1,1
203,172,Jason Kidd,1996-97,December,Dallas Mavericks,Vancouver Grizzlies,0,4,1,0,2,2,0
204,0,Pete Chilcutt,1996-97,December,Vancouver Grizzlies,Dallas Mavericks,0,0,0,0,0,0,1
206,72,Samaki Walker,1996-97,December,Dallas Mavericks,Vancouver Grizzlies,7,1,3,2,0,1,1
208,206,Samaki Walker,1996-97,December,Dallas Mavericks,Vancouver Grizzlies,7,1,4,2,0,1,1
209,203,Jason Kidd,1996-97,December,Dallas Mavericks,Vancouver Grizzlies,2,4,1,0,2,2,0
211,209,Jason Kidd,1996-97,December,Dallas Mavericks,Vancouver Grizzlies,2,4,2,0,2,2,0
212,199,Jim Jackson,1996-97,December,Dallas Mavericks,Vancouver Grizzlies,11,3,1,0,0,0,0
213,133,Oliver Miller,1996-97,December,Dallas Mavericks,Vancouver Grizzlies,6,3,6,0,1,0,1
215,212,Jim Jackson,1996-97,December,Dallas Mavericks,Vancouver Grizzlies,11,3,2,0,0,0,0
217,180,Shareef Abdur-Rahim,1996-97,December,Vancouver Grizzlies,Dallas Mavericks,9,0,7,1,0,1,3
219,194,Eric Montross,1996-97,December,Dallas Mavericks,Vancouver Grizzlies,0,0,4,1,0,0,2
220,211,Jason Kidd,1996-97,December,Dallas Mavericks,Vancouver Grizzlies,2,4,2,0,2,3,0
221,201,George Lynch,1996-97,December,Vancouver Grizzlies,Dallas Mavericks,4,2,6,0,1,1,1
222,189,Lee Mayberry,1996-97,December,Vancouver Grizzlies,Dallas Mavericks,9,1,1,0,0,1,1
223,215,Jim Jackson,1996-97,December,Dallas Mavericks,Vancouver Grizzlies,11,3,2,0,1,0,0
224,223,Jim Jackson,1996-97,December,Dallas Mavericks,Vancouver Grizzlies,12,3,2,0,1,0,0
225,208,Samaki Walker,1996-97,December,Dallas Mavericks,Vancouver Grizzlies,9,1,4,2,0,1,1
226,224,Jim Jackson,1996-97,December,Dallas Mavericks,Vancouver Grizzlies,12,4,2,0,1,0,0
228,225,Samaki Walker,1996-97,December,Dallas Mavericks,Vancouver Grizzlies,9,1,5,2,0,1,1
230,179,George McCloud,1996-97,December,Dallas Mavericks,Vancouver Grizzlies,7,2,5,0,0,0,1
232,182,Bryant Reeves,1996-97,December,Vancouver Grizzlies,Dallas Mavericks,8,2,5,1,0,1,1
233,228,Samaki Walker,1996-97,December,Dallas Mavericks,Vancouver Grizzlies,9,1,6,2,0,1,1
234,233,Samaki Walker,1996-97,December,Dallas Mavericks,Vancouver Grizzlies,9,1,6,2,0,2,1
235,221,George Lynch,1996-97,December,Vancouver Grizzlies,Dallas Mavericks,6,2,6,0,1,1,1
236,176,Anthony Peeler,1996-97,December,Vancouver Grizzlies,Dallas Mavericks,11,2,3,0,0,1,2
237,226,Jim Jackson,1996-97,December,Dallas Mavericks,Vancouver Grizzlies,12,4,2,0,1,1,0
238,235,George Lynch,1996-97,December,Vancouver Grizzlies,Dallas Mavericks,6,2,6,0,2,1,1
239,238,George Lynch,1996-97,December,Vancouver Grizzlies,Dallas Mavericks,8,2,6,0,2,1,1
240,230,George McCloud,1996-97,December,Dallas Mavericks,Vancouver Grizzlies,7,2,5,0,0,0,2
242,219,Eric Montross,1996-97,December,Dallas Mavericks,Vancouver Grizzlies,0,0,5,1,0,0,2
243,220,Jason Kidd,1996-97,December,Dallas Mavericks,Vancouver Grizzlies,4,4,2,0,2,3,0
244,234,Samaki Walker,1996-97,December,Dallas Mavericks,Vancouver Grizzlies,9,1,6,2,0,2,2
247,242,Eric Montross,1996-97,December,Dallas Mavericks,Vancouver Grizzlies,0,0,6,1,0,0,2
249,239,George Lynch,1996-97,December,Vancouver Grizzlies,Dallas Mavericks,8,2,7,0,2,1,1
250,236,Anthony Peeler,1996-97,December,Vancouver Grizzlies,Dallas Mavericks,11,2,3,0,0,2,2
251,237,Jim Jackson,1996-97,December,Dallas Mavericks,Vancouver Grizzlies,12,4,2,0,2,1,0
252,251,Jim Jackson,1996-97,December,Dallas Mavericks,Vancouver Grizzlies,12,4,2,0,2,1,1
253,252,Jim Jackson,1996-97,December,Dallas Mavericks,Vancouver Grizzlies,12,4,2,0,2,2,1
255,243,Jason Kidd,1996-97,December,Dallas Mavericks,Vancouver Grizzlies,4,4,3,0,2,3,0
256,222,Lee Mayberry,1996-97,December,Vancouver Grizzlies,Dallas Mavericks,9,1,1,0,0,1,2
258,247,Eric Montross,1996-97,December,Dallas Mavericks,Vancouver Grizzlies,0,0,7,1,0,0,2
259,258,Eric Montross,1996-97,December,Dallas Mavericks,Vancouver Grizzlies,2,0,7,1,0,0,2
260,240,George McCloud,1996-97,December,Dallas Mavericks,Vancouver Grizzlies,7,2,5,0,0,0,3
262,244,Samaki Walker,1996-97,December,Dallas Mavericks,Vancouver Grizzlies,9,1,6,3,0,2,2
263,255,Jason Kidd,1996-97,December,Dallas Mavericks,Vancouver Grizzlies,4,4,4,0,2,3,0
264,253,Jim Jackson,1996-97,December,Dallas Mavericks,Vancouver Grizzlies,14,4,2,0,2,2,1
265,263,Jason Kidd,1996-97,December,Dallas Mavericks,Vancouver Grizzlies,4,5,4,0,2,3,0
266,265,Jason Kidd,1996-97,December,Dallas Mavericks,Vancouver Grizzlies,4,5,4,0,2,3,1
269,259,Eric Montross,1996-97,December,Dallas Mavericks,Vancouver Grizzlies,2,0,8,1,0,0,2
271,249,George Lynch,1996-97,December,Vancouver Grizzlies,Dallas Mavericks,8,2,8,0,2,1,1
272,217,Shareef Abdur-Rahim,1996-97,December,Vancouver Grizzlies,Dallas Mavericks,9,0,7,1,0,2,3
274,125,Roy Rogers,1996-97,December,Vancouver Grizzlies,Dallas Mavericks,4,0,1,0,0,1,1
275,232,Bryant Reeves,1996-97,December,Vancouver Grizzlies,Dallas Mavericks,8,2,5,1,0,2,1
276,266,Jason Kidd,1996-97,December,Dallas Mavericks,Vancouver Grizzlies,4,5,4,0,3,3,1
277,276,Jason Kidd,1996-97,December,Dallas Mavericks,Vancouver Grizzlies,4,5,4,0,3,4,1
278,271,George Lynch,1996-97,December,Vancouver Grizzlies,Dallas Mavericks,8,2,8,0,3,1,1
279,278,George Lynch,1996-97,December,Vancouver Grizzlies,Dallas Mavericks,10,2,8,0,3,1,1
280,269,Eric Montross,1996-97,December,Dallas Mavericks,Vancouver Grizzlies,2,0,8,1,0,0,3
281,279,George Lynch,1996-97,December,Vancouver Grizzlies,Dallas Mavericks,11,2,8,0,3,1,1
282,281,George Lynch,1996-97,December,Vancouver Grizzlies,Dallas Mavericks,11,2,8,0,3,1,2
283,277,Jason Kidd,1996-97,December,Dallas Mavericks,Vancouver Grizzlies,5,5,4,0,3,4,1
284,283,Jason Kidd,1996-97,December,Dallas Mavericks,Vancouver Grizzlies,6,5,4,0,3,4,1
285,250,Anthony Peeler,1996-97,December,Vancouver Grizzlies,Dallas Mavericks,11,2,3,0,0,3,2
286,213,Oliver Miller,1996-97,December,Dallas Mavericks,Vancouver Grizzlies,6,3,6,0,2,0,1
287,286,Oliver Miller,1996-97,December,Dallas Mavericks,Vancouver Grizzlies,8,3,6,0,2,0,1
288,284,Jason Kidd,1996-97,December,Dallas Mavericks,Vancouver Grizzlies,6,6,4,0,3,4,1
290,262,Samaki Walker,1996-97,December,Dallas Mavericks,Vancouver Grizzlies,9,1,7,3,0,2,2
291,264,Jim Jackson,1996-97,December,Dallas Mavericks,Vancouver Grizzlies,14,4,2,0,2,2,2
292,291,Jim Jackson,1996-97,December,Dallas Mavericks,Vancouver Grizzlies,14,4,2,0,2,3,2
293,274,Roy Rogers,1996-97,December,Vancouver Grizzlies,Dallas Mavericks,4,0,1,0,0,2,1
294,292,Jim Jackson,1996-97,December,Dallas Mavericks,Vancouver Grizzlies,14,4,2,0,3,3,2
296,204,Pete Chilcutt,1996-97,December,Vancouver Grizzlies,Dallas Mavericks,0,0,1,0,0,0,1
297,285,Anthony Peeler,1996-97,December,Vancouver Grizzlies,Dallas Mavericks,13,2,3,0,0,3,2
298,294,Jim Jackson,1996-97,December,Dallas Mavericks,Vancouver Grizzlies,16,4,2,0,3,3,2
299,260,George McCloud,1996-97,December,Dallas Mavericks,Vancouver Grizzlies,7,3,5,0,0,0,3
301,288,Jason Kidd,1996-97,December,Dallas Mavericks,Vancouver Grizzlies,6,6,5,0,3,4,1
303,256,Lee Mayberry,1996-97,December,Vancouver Grizzlies,Dallas Mavericks,11,1,1,0,0,1,2
304,293,Roy Rogers,1996-97,December,Vancouver Grizzlies,Dallas Mavericks,4,0,1,0,0,2,2
306,197,Chris Gatling,1996-97,December,Dallas Mavericks,Vancouver Grizzlies,11,1,3,0,0,1,0
307,287,Oliver Miller,1996-97,December,Dallas Mavericks,Vancouver Grizzlies,8,3,6,0,2,0,2
309,304,Roy Rogers,1996-97,December,Vancouver Grizzlies,Dallas Mavericks,5,0,1,0,0,2,2
310,306,Chris Gatling,1996-97,December,Dallas Mavericks,Vancouver Grizzlies,11,1,3,0,0,2,0
311,296,Pete Chilcutt,1996-97,December,Vancouver Grizzlies,Dallas Mavericks,0,0,1,0,1,0,1
313,298,Jim Jackson,1996-97,December,Dallas Mavericks,Vancouver Grizzlies,16,4,2,1,3,3,2
314,313,Jim Jackson,1996-97,December,Dallas Mavericks,Vancouver Grizzlies,16,4,3,1,3,3,2
315,307,Oliver Miller,1996-97,December,Dallas Mavericks,Vancouver Grizzlies,10,3,6,0,2,0,2
316,314,Jim Jackson,1996-97,December,Dallas Mavericks,Vancouver Grizzlies,16,5,3,1,3,3,2
318,310,Chris Gatling,1996-97,December,Dallas Mavericks,Vancouver Grizzlies,11,1,4,0,0,2,0
319,165,Derek Harper,1996-97,December,Dallas Mavericks,Vancouver Grizzlies,11,0,0,0,0,0,2
320,299,George McCloud,1996-97,December,Dallas Mavericks,Vancouver Grizzlies,7,4,5,0,0,0,3
321,311,Pete Chilcutt,1996-97,December,Vancouver Grizzlies,Dallas Mavericks,2,0,1,0,1,0,1
322,129,Lawrence Moten,1996-97,December,Vancouver Grizzlies,Dallas Mavericks,2,1,0,0,0,0,0
324,322,Lawrence Moten,1996-97,December,Vancouver Grizzlies,Dallas Mavericks,2,1,1,0,0,0,0
325,324,Lawrence Moten,1996-97,December,Vancouver Grizzlies,Dallas Mavericks,2,1,1,0,0,1,0
326,319,Derek Harper,1996-97,December,Dallas Mavericks,Vancouver Grizzlies,14,0,0,0,0,0,2
327,321,Pete Chilcutt,1996-97,December,Vancouver Grizzlies,Dallas Mavericks,5,0,1,0,1,0,1
328,325,Lawrence Moten,1996-97,December,Vancouver Grizzlies,Dallas Mavericks,2,2,1,0,0,1,0
329,318,Chris Gatling,1996-97,December,Dallas Mavericks,Vancouver Grizzlies,13,1,4,0,0,2,0
330,326,Derek Harper,1996-97,December,Dallas Mavericks,Vancouver Grizzlies,14,1,0,0,0,0,2
332,316,Jim Jackson,1996-97,December,Dallas Mavericks,Vancouver Grizzlies,16,5,4,1,3,3,2
334,327,Pete Chilcutt,1996-97,December,Vancouver Grizzlies,Dallas Mavericks,5,0,2,0,1,0,1
336,315,Oliver Miller,1996-97,December,Dallas Mavericks,Vancouver Grizzlies,10,3,7,0,2,0,2
337,329,Chris Gatling,1996-97,December,Dallas Mavericks,Vancouver Grizzlies,15,1,4,0,0,2,0
338,301,Jason Kidd,1996-97,December,Dallas Mavericks,Vancouver Grizzlies,6,7,5,0,3,4,1
339,328,Lawrence Moten,1996-97,December,Vancouver Grizzlies,Dallas Mavericks,2,2,1,0,0,2,0
341,337,Chris Gatling,1996-97,December,Dallas Mavericks,Vancouver Grizzlies,15,1,4,0,0,3,0
342,136,Chris Robinson,1996-97,December,Vancouver Grizzlies,Dallas Mavericks,2,2,0,0,1,0,0
343,336,Oliver Miller,1996-97,December,Dallas Mavericks,Vancouver Grizzlies,10,3,7,0,2,0,3
344,339,Lawrence Moten,1996-97,December,Vancouver Grizzlies,Dallas Mavericks,4,2,1,0,0,2,0
345,275,Bryant Reeves,1996-97,December,Vancouver Grizzlies,Dallas Mavericks,8,3,5,1,0,2,1
347,341,Chris Gatling,1996-97,December,Dallas Mavericks,Vancouver Grizzlies,15,1,5,0,0,3,0
349,309,Roy Rogers,1996-97,December,Vancouver Grizzlies,Dallas Mavericks,5,0,1,1,0,2,2
350,344,Lawrence Moten,1996-97,December,Vancouver Grizzlies,Dallas Mavericks,4,2,2,0,0,2,0
351,330,Derek Harper,1996-97,December,Dallas Mavericks,Vancouver Grizzlies,14,1,0,0,0,0,3
352,350,Lawrence Moten,1996-97,December,Vancouver Grizzlies,Dallas Mavericks,5,2,2,0,0,2,0
353,352,Lawrence Moten,1996-97,December,Vancouver Grizzlies,Dallas Mavericks,6,2,2,0,0,2,0
354,338,Jason Kidd,1996-97,December,Dallas Mavericks,Vancouver Grizzlies,8,7,5,0,3,4,1
355,332,Jim Jackson,1996-97,December,Dallas Mavericks,Vancouver Grizzlies,16,6,4,1,3,3,2
356,297,Anthony Peeler,1996-97,December,Vancouver Grizzlies,Dallas Mavericks,15,2,3,0,0,3,2
358,349,Roy Rogers,1996-97,December,Vancouver Grizzlies,Dallas Mavericks,5,0,2,1,0,2,2
360,358,Roy Rogers,1996-97,December,Vancouver Grizzlies,Dallas Mavericks,5,0,3,1,0,2,2
361,360,Roy Rogers,1996-97,December,Vancouver Grizzlies,Dallas Mavericks,7,0,3,1,0,2,2
362,290,Samaki Walker,1996-97,December,Dallas Mavericks,Vancouver Grizzlies,9,1,7,3,0,3,2
363,356,Anthony Peeler,1996-97,December,Vancouver Grizzlies,Dallas Mavericks,15,2,3,0,1,3,2
364,320,George McCloud,1996-97,December,Dallas Mavericks,Vancouver Grizzlies,7,4,5,0,0,0,4
365,353,Lawrence Moten,1996-97,December,Vancouver Grizzlies,Dallas Mavericks,7,2,2,0,0,2,0
367,361,Roy Rogers,1996-97,December,Vancouver Grizzlies,Dallas Mavericks,7,0,4,1,0,2,2
368,367,Roy Rogers,1996-97,December,Vancouver Grizzlies,Dallas Mavericks,9,0,4,1,0,2,2
369,362,Samaki Walker,1996-97,December,Dallas Mavericks,Vancouver Grizzlies,11,1,7,3,0,3,2
370,351,Derek Harper,1996-97,December,Dallas Mavericks,Vancouver Grizzlies,14,2,0,0,0,0,3
371,342,Chris Robinson,1996-97,December,Vancouver Grizzlies,Dallas Mavericks,5,2,0,0,1,0,0
372,345,Bryant Reeves,1996-97,December,Vancouver Grizzlies,Dallas Mavericks,8,4,5,1,0,2,1
374,343,Oliver Miller,1996-97,December,Dallas Mavericks,Vancouver Grizzlies,10,3,8,0,2,0,3
375,368,Roy Rogers,1996-97,December,Vancouver Grizzlies,Dallas Mavericks,9,0,4,1,0,2,3
376,372,Bryant Reeves,1996-97,December,Vancouver Grizzlies,Dallas Mavericks,8,4,5,1,0,2,2
380,374,Oliver Miller,1996-97,December,Dallas Mavericks,Vancouver Grizzlies,10,3,9,0,2,0,3
381,376,Bryant Reeves,1996-97,December,Vancouver Grizzlies,Dallas Mavericks,8,4,5,1,0,2,3
382,365,Lawrence Moten,1996-97,December,Vancouver Grizzlies,Dallas Mavericks,7,2,2,0,0,2,1
383,370,Derek Harper,1996-97,December,Dallas Mavericks,Vancouver Grizzlies,17,2,0,0,0,0,3
384,380,Oliver Miller,1996-97,December,Dallas Mavericks,Vancouver Grizzlies,10,4,9,0,2,0,3
385,363,Anthony Peeler,1996-97,December,Vancouver Grizzlies,Dallas Mavericks,15,2,3,0,1,4,2
386,384,Oliver Miller,1996-97,December,Dallas Mavericks,Vancouver Grizzlies,10,4,9,0,3,0,3
387,364,George McCloud,1996-97,December,Dallas Mavericks,Vancouver Grizzlies,9,4,5,0,0,0,4
388,354,Jason Kidd,1996-97,December,Dallas Mavericks,Vancouver Grizzlies,8,8,5,0,3,4,1
390,386,Oliver Miller,1996-97,December,Dallas Mavericks,Vancouver Grizzlies,10,4,10,0,3,0,3
391,383,Derek Harper,1996-97,December,Dallas Mavericks,Vancouver Grizzlies,20,2,0,0,0,0,3
392,388,Jason Kidd,1996-97,December,Dallas Mavericks,Vancouver Grizzlies,8,9,5,0,3,4,1
394,387,George McCloud,1996-97,December,Dallas Mavericks,Vancouver Grizzlies,9,4,6,0,0,0,4
395,347,Chris Gatling,1996-97,December,Dallas Mavericks,Vancouver Grizzlies,15,1,5,0,0,4,0
396,375,Roy Rogers,1996-97,December,Vancouver Grizzlies,Dallas Mavericks,9,0,4,1,1,2,3
398,395,Chris Gatling,1996-97,December,Dallas Mavericks,Vancouver Grizzlies,15,1,5,1,0,4,0
400,282,George Lynch,1996-97,December,Vancouver Grizzlies,Dallas Mavericks,11,2,9,0,3,1,2
401,400,George Lynch,1996-97,December,Vancouver Grizzlies,Dallas Mavericks,13,2,9,0,3,1,2
402,391,Derek Harper,1996-97,December,Dallas Mavericks,Vancouver Grizzlies,20,2,0,0,0,1,3
403,401,George Lynch,1996-97,December,Vancouver Grizzlies,Dallas Mavericks,13,2,9,0,4,1,2
405,398,Chris Gatling,1996-97,December,Dallas Mavericks,Vancouver Grizzlies,15,1,6,1,0,4,0
407,371,Chris Robinson,1996-97,December,Vancouver Grizzlies,Dallas Mavericks,5,2,0,1,1,0,0
408,402,Derek Harper,1996-97,December,Dallas Mavericks,Vancouver Grizzlies,20,2,1,0,0,1,3
410,405,Chris Gatling,1996-97,December,Dallas Mavericks,Vancouver Grizzlies,15,1,6,1,0,4,1
412,408,Derek Harper,1996-97,December,Dallas Mavericks,Vancouver Grizzlies,20,2,2,0,0,1,3
413,410,Chris Gatling,1996-97,December,Dallas Mavericks,Vancouver Grizzlies,15,1,6,1,0,4,2
414,413,Chris Gatling,1996-97,December,Dallas Mavericks,Vancouver Grizzlies,15,1,6,1,0,5,2
416,414,Chris Gatling,1996-97,December,Dallas Mavericks,Vancouver Grizzlies,15,1,7,1,0,5,2
417,392,Jason Kidd,1996-97,December,Dallas Mavericks,Vancouver Grizzlies,8,9,5,0,3,5,1
418,403,George Lynch,1996-97,December,Vancouver Grizzlies,Dallas Mavericks,13,2,9,0,5,1,2
419,418,George Lynch,1996-97,December,Vancouver Grizzlies,Dallas Mavericks,15,2,9,0,5,1,2
420,303,Lee Mayberry,1996-97,December,Vancouver Grizzlies,Dallas Mavericks,11,1,1,0,0,1,3
421,417,Jason Kidd,1996-97,December,Dallas Mavericks,Vancouver Grizzlies,9,9,5,0,3,5,1
422,416,Chris Gatling,1996-97,December,Dallas Mavericks,Vancouver Grizzlies,15,1,7,1,0,5,2
423,385,Anthony Peeler,1996-97,December,Vancouver Grizzlies,Dallas Mavericks,16,2,3,0,1,4,2
424,421,Jason Kidd,1996-97,December,Dallas Mavericks,Vancouver Grizzlies,10,9,5,0,3,5,1
426,355,Jim Jackson,1996-97,December,Dallas Mavericks,Vancouver Grizzlies,16,6,5,1,3,3,2
428,426,Jim Jackson,1996-97,December,Dallas Mavericks,Vancouver Grizzlies,16,6,6,1,3,3,2
431,381,Bryant Reeves,1996-97,December,Vancouver Grizzlies,Dallas Mavericks,8,4,6,1,0,2,3
433,428,Jim Jackson,1996-97,December,Dallas Mavericks,Vancouver Grizzlies,16,6,7,1,3,3,2
