id,previous_id,player,season,month,team,opponent_team,points,assists,rebounds,blocks,steals,turnovers,personal fouls
2,0,Scott Williams,1996-97,December,Philadelphia 76ers,Houston Rockets,0,0,1,0,0,0,0
4,0,Clyde Drexler,1996-97,December,Houston Rockets,Philadelphia 76ers,0,0,1,0,0,0,0
5,0,Matt Maloney,1996-97,December,Houston Rockets,Philadelphia 76ers,3,0,0,0,0,0,0
6,0,Charles Barkley,1996-97,December,Houston Rockets,Philadelphia 76ers,0,1,0,0,0,0,0
8,4,Clyde Drexler,1996-97,December,Houston Rockets,Philadelphia 76ers,0,0,2,0,0,0,0
9,0,Hakeem Olajuwon,1996-97,December,Houston Rockets,Philadelphia 76ers,2,0,0,0,0,0,0
10,0,Mario Elie,1996-97,December,Houston Rockets,Philadelphia 76ers,0,1,0,0,0,0,0
11,8,Clyde Drexler,1996-97,December,Houston Rockets,Philadelphia 76ers,0,0,2,0,0,0,1
12,0,Clar. Weatherspoon,1996-97,December,Philadelphia 76ers,Houston Rockets,1,0,0,0,0,0,0
13,12,Clar. Weatherspoon,1996-97,December,Philadelphia 76ers,Houston Rockets,2,0,0,0,0,0,0
14,10,Mario Elie,1996-97,December,Houston Rockets,Philadelphia 76ers,3,1,0,0,0,0,0
15,11,Clyde Drexler,1996-97,December,Houston Rockets,Philadelphia 76ers,0,1,2,0,0,0,1
17,6,Charles Barkley,1996-97,December,Houston Rockets,Philadelphia 76ers,0,1,1,0,0,0,0
18,5,Matt Maloney,1996-97,December,Houston Rockets,Philadelphia 76ers,6,0,0,0,0,0,0
19,17,Charles Barkley,1996-97,December,Houston Rockets,Philadelphia 76ers,0,2,1,0,0,0,0
21,2,Scott Williams,1996-97,December,Philadelphia 76ers,Houston Rockets,0,0,2,0,0,0,0
23,19,Charles Barkley,1996-97,December,Houston Rockets,Philadelphia 76ers,0,2,2,0,0,0,0
24,23,Charles Barkley,1996-97,December,Houston Rockets,Philadelphia 76ers,2,2,2,0,0,0,0
26,9,Hakeem Olajuwon,1996-97,December,Houston Rockets,Philadelphia 76ers,2,0,0,1,0,0,0
27,18,Matt Maloney,1996-97,December,Houston Rockets,Philadelphia 76ers,6,0,1,0,0,0,0
28,15,Clyde Drexler,1996-97,December,Houston Rockets,Philadelphia 76ers,2,1,2,0,0,0,1
29,14,Mario Elie,1996-97,December,Houston Rockets,Philadelphia 76ers,3,2,0,0,0,0,0
31,27,Matt Maloney,1996-97,December,Houston Rockets,Philadelphia 76ers,6,0,2,0,0,0,0
32,29,Mario Elie,1996-97,December,Houston Rockets,Philadelphia 76ers,3,2,0,0,0,1,0
33,0,Derrick Coleman,1996-97,December,Philadelphia 76ers,Houston Rockets,0,0,0,0,1,0,0
34,26,Hakeem Olajuwon,1996-97,December,Houston Rockets,Philadelphia 76ers,2,0,0,1,0,0,1
35,33,Derrick Coleman,1996-97,December,Philadelphia 76ers,Houston Rockets,1,0,0,0,1,0,0
36,35,Derrick Coleman,1996-97,December,Philadelphia 76ers,Houston Rockets,2,0,0,0,1,0,0
37,31,Matt Maloney,1996-97,December,Houston Rockets,Philadelphia 76ers,8,0,2,0,0,0,0
38,24,Charles Barkley,1996-97,December,Houston Rockets,Philadelphia 76ers,2,3,2,0,0,0,0
40,21,Scott Williams,1996-97,December,Philadelphia 76ers,Houston Rockets,0,0,3,0,0,0,0
41,40,Scott Williams,1996-97,December,Philadelphia 76ers,Houston Rockets,2,0,3,0,0,0,0
42,34,Hakeem Olajuwon,1996-97,December,Houston Rockets,Philadelphia 76ers,4,0,0,1,0,0,1
43,0,Allen Iverson,1996-97,December,Philadelphia 76ers,Houston Rockets,2,0,0,0,0,0,0
44,36,Derrick Coleman,1996-97,December,Philadelphia 76ers,Houston Rockets,2,1,0,0,1,0,0
46,0,Jerry Stackhouse,1996-97,December,Philadelphia 76ers,Houston Rockets,0,0,1,0,0,0,0
48,42,Hakeem Olajuwon,1996-97,December,Houston Rockets,Philadelphia 76ers,4,0,1,1,0,0,1
50,13,Clar. Weatherspoon,1996-97,December,Philadelphia 76ers,Houston Rockets,2,0,1,0,0,0,0
51,50,Clar. Weatherspoon,1996-97,December,Philadelphia 76ers,Houston Rockets,4,0,1,0,0,0,0
52,43,Allen Iverson,1996-97,December,Philadelphia 76ers,Houston Rockets,2,1,0,0,0,0,0
54,41,Scott Williams,1996-97,December,Philadelphia 76ers,Houston Rockets,2,0,4,0,0,0,0
55,28,Clyde Drexler,1996-97,December,Houston Rockets,Philadelphia 76ers,2,1,2,0,0,0,2
56,44,Derrick Coleman,1996-97,December,Philadelphia 76ers,Houston Rockets,3,1,0,0,1,0,0
57,56,Derrick Coleman,1996-97,December,Philadelphia 76ers,Houston Rockets,4,1,0,0,1,0,0
58,48,Hakeem Olajuwon,1996-97,December,Houston Rockets,Philadelphia 76ers,4,0,1,1,0,1,1
59,54,Scott Williams,1996-97,December,Philadelphia 76ers,Houston Rockets,2,0,4,0,1,0,0
60,46,Jerry Stackhouse,1996-97,December,Philadelphia 76ers,Houston Rockets,2,0,1,0,0,0,0
62,51,Clar. Weatherspoon,1996-97,December,Philadelphia 76ers,Houston Rockets,4,0,1,1,0,0,0
63,60,Jerry Stackhouse,1996-97,December,Philadelphia 76ers,Houston Rockets,4,0,1,0,0,0,0
64,57,Derrick Coleman,1996-97,December,Philadelphia 76ers,Houston Rockets,4,2,0,0,1,0,0
66,62,Clar. Weatherspoon,1996-97,December,Philadelphia 76ers,Houston Rockets,4,0,2,1,0,0,0
68,63,Jerry Stackhouse,1996-97,December,Philadelphia 76ers,Houston Rockets,4,0,2,0,0,0,0
70,32,Mario Elie,1996-97,December,Houston Rockets,Philadelphia 76ers,3,2,1,0,0,1,0
71,38,Charles Barkley,1996-97,December,Houston Rockets,Philadelphia 76ers,2,3,2,0,0,1,0
72,64,Derrick Coleman,1996-97,December,Philadelphia 76ers,Houston Rockets,7,2,0,0,1,0,0
73,68,Jerry Stackhouse,1996-97,December,Philadelphia 76ers,Houston Rockets,4,1,2,0,0,0,0
74,71,Charles Barkley,1996-97,December,Houston Rockets,Philadelphia 76ers,4,3,2,0,0,1,0
75,70,Mario Elie,1996-97,December,Houston Rockets,Philadelphia 76ers,3,3,1,0,0,1,0
77,55,Clyde Drexler,1996-97,December,Houston Rockets,Philadelphia 76ers,2,1,3,0,0,0,2
78,37,Matt Maloney,1996-97,December,Houston Rockets,Philadelphia 76ers,11,0,2,0,0,0,0
79,77,Clyde Drexler,1996-97,December,Houston Rockets,Philadelphia 76ers,2,2,3,0,0,0,2
80,74,Charles Barkley,1996-97,December,Houston Rockets,Philadelphia 76ers,4,3,2,0,0,1,1
83,0,Kevin Willis,1996-97,December,Houston Rockets,Philadelphia 76ers,0,0,1,0,0,0,0
84,83,Kevin Willis,1996-97,December,Houston Rockets,Philadelphia 76ers,2,0,1,0,0,0,0
85,80,Charles Barkley,1996-97,December,Houston Rockets,Philadelphia 76ers,4,4,2,0,0,1,1
86,72,Derrick Coleman,1996-97,December,Philadelphia 76ers,Houston Rockets,8,2,0,0,1,0,0
87,52,Allen Iverson,1996-97,December,Philadelphia 76ers,Houston Rockets,4,1,0,0,0,0,0
88,87,Allen Iverson,1996-97,December,Philadelphia 76ers,Houston Rockets,4,1,0,0,0,0,1
89,84,Kevin Willis,1996-97,December,Houston Rockets,Philadelphia 76ers,3,0,1,0,0,0,0
90,89,Kevin Willis,1996-97,December,Houston Rockets,Philadelphia 76ers,4,0,1,0,0,0,0
91,73,Jerry Stackhouse,1996-97,December,Philadelphia 76ers,Houston Rockets,7,1,2,0,0,0,0
92,0,Mark Davis,1996-97,December,Philadelphia 76ers,Houston Rockets,0,1,0,0,0,0,0
94,88,Allen Iverson,1996-97,December,Philadelphia 76ers,Houston Rockets,4,1,1,0,0,0,1
95,94,Allen Iverson,1996-97,December,Philadelphia 76ers,Houston Rockets,4,1,1,0,0,1,1
96,75,Mario Elie,1996-97,December,Houston Rockets,Philadelphia 76ers,3,3,1,0,1,1,0
98,95,Allen Iverson,1996-97,December,Philadelphia 76ers,Houston Rockets,4,1,2,0,0,1,1
100,92,Mark Davis,1996-97,December,Philadelphia 76ers,Houston Rockets,0,1,1,0,0,0,0
101,100,Mark Davis,1996-97,December,Philadelphia 76ers,Houston Rockets,2,1,1,0,0,0,0
102,96,Mario Elie,1996-97,December,Houston Rockets,Philadelphia 76ers,5,3,1,0,1,1,0
103,85,Charles Barkley,1996-97,December,Houston Rockets,Philadelphia 76ers,4,5,2,0,0,1,1
104,98,Allen Iverson,1996-97,December,Philadelphia 76ers,Houston Rockets,7,1,2,0,0,1,1
105,86,Derrick Coleman,1996-97,December,Philadelphia 76ers,Houston Rockets,8,3,0,0,1,0,0
106,0,Michael Cage,1996-97,December,Philadelphia 76ers,Houston Rockets,0,0,0,0,0,0,1
107,90,Kevin Willis,1996-97,December,Houston Rockets,Philadelphia 76ers,5,0,1,0,0,0,0
108,107,Kevin Willis,1996-97,December,Houston Rockets,Philadelphia 76ers,6,0,1,0,0,0,0
109,91,Jerry Stackhouse,1996-97,December,Philadelphia 76ers,Houston Rockets,9,1,2,0,0,0,0
110,103,Charles Barkley,1996-97,December,Houston Rockets,Philadelphia 76ers,7,5,2,0,0,1,1
112,101,Mark Davis,1996-97,December,Philadelphia 76ers,Houston Rockets,2,1,2,0,0,0,0
114,112,Mark Davis,1996-97,December,Philadelphia 76ers,Houston Rockets,2,1,3,0,0,0,0
116,108,Kevin Willis,1996-97,December,Houston Rockets,Philadelphia 76ers,6,0,2,0,0,0,0
117,0,Matt Bullard,1996-97,December,Houston Rockets,Philadelphia 76ers,3,0,0,0,0,0,0
118,78,Matt Maloney,1996-97,December,Houston Rockets,Philadelphia 76ers,11,1,2,0,0,0,0
119,109,Jerry Stackhouse,1996-97,December,Philadelphia 76ers,Houston Rockets,12,1,2,0,0,0,0
120,114,Mark Davis,1996-97,December,Philadelphia 76ers,Houston Rockets,2,2,3,0,0,0,0
122,116,Kevin Willis,1996-97,December,Houston Rockets,Philadelphia 76ers,8,0,2,0,0,0,0
123,118,Matt Maloney,1996-97,December,Houston Rockets,Philadelphia 76ers,11,2,2,0,0,0,0
124,119,Jerry Stackhouse,1996-97,December,Philadelphia 76ers,Houston Rockets,14,1,2,0,0,0,0
125,0,Rex Walters,1996-97,December,Philadelphia 76ers,Houston Rockets,0,1,0,0,0,0,0
127,122,Kevin Willis,1996-97,December,Houston Rockets,Philadelphia 76ers,8,0,3,0,0,0,0
129,120,Mark Davis,1996-97,December,Philadelphia 76ers,Houston Rockets,2,2,4,0,0,0,0
130,124,Jerry Stackhouse,1996-97,December,Philadelphia 76ers,Houston Rockets,16,1,2,0,0,0,0
131,129,Mark Davis,1996-97,December,Philadelphia 76ers,Houston Rockets,2,3,4,0,0,0,0
132,110,Charles Barkley,1996-97,December,Houston Rockets,Philadelphia 76ers,7,5,2,0,0,2,1
134,127,Kevin Willis,1996-97,December,Houston Rockets,Philadelphia 76ers,8,0,4,0,0,0,0
135,0,Tracy Moore,1996-97,December,Houston Rockets,Philadelphia 76ers,3,0,0,0,0,0,0
136,131,Mark Davis,1996-97,December,Philadelphia 76ers,Houston Rockets,5,3,4,0,0,0,0
137,130,Jerry Stackhouse,1996-97,December,Philadelphia 76ers,Houston Rockets,16,2,2,0,0,0,0
139,137,Jerry Stackhouse,1996-97,December,Philadelphia 76ers,Houston Rockets,16,2,3,0,0,0,0
140,139,Jerry Stackhouse,1996-97,December,Philadelphia 76ers,Houston Rockets,16,2,3,0,0,0,1
141,140,Jerry Stackhouse,1996-97,December,Philadelphia 76ers,Houston Rockets,16,2,3,0,0,1,1
142,0,Randy Livingston,1996-97,December,Houston Rockets,Philadelphia 76ers,0,0,0,0,0,1,0
143,142,Randy Livingston,1996-97,December,Houston Rockets,Philadelphia 76ers,0,0,0,0,0,1,1
144,141,Jerry Stackhouse,1996-97,December,Philadelphia 76ers,Houston Rockets,17,2,3,0,0,1,1
145,144,Jerry Stackhouse,1996-97,December,Philadelphia 76ers,Houston Rockets,18,2,3,0,0,1,1
147,106,Michael Cage,1996-97,December,Philadelphia 76ers,Houston Rockets,0,0,0,1,0,0,1
148,134,Kevin Willis,1996-97,December,Houston Rockets,Philadelphia 76ers,8,0,5,0,0,0,0
149,148,Kevin Willis,1996-97,December,Houston Rockets,Philadelphia 76ers,10,0,5,0,0,0,0
151,125,Rex Walters,1996-97,December,Philadelphia 76ers,Houston Rockets,0,1,1,0,0,0,0
153,149,Kevin Willis,1996-97,December,Houston Rockets,Philadelphia 76ers,10,0,6,0,0,0,0
154,136,Mark Davis,1996-97,December,Philadelphia 76ers,Houston Rockets,5,3,4,0,0,0,1
155,58,Hakeem Olajuwon,1996-97,December,Houston Rockets,Philadelphia 76ers,5,0,1,1,0,1,1
156,155,Hakeem Olajuwon,1996-97,December,Houston Rockets,Philadelphia 76ers,6,0,1,1,0,1,1
158,105,Derrick Coleman,1996-97,December,Philadelphia 76ers,Houston Rockets,8,3,1,0,1,0,0
159,158,Derrick Coleman,1996-97,December,Philadelphia 76ers,Houston Rockets,10,3,1,0,1,0,0
161,151,Rex Walters,1996-97,December,Philadelphia 76ers,Houston Rockets,0,1,2,0,0,0,0
163,156,Hakeem Olajuwon,1996-97,December,Houston Rockets,Philadelphia 76ers,6,0,2,1,0,1,1
164,163,Hakeem Olajuwon,1996-97,December,Houston Rockets,Philadelphia 76ers,6,0,2,1,0,2,1
165,159,Derrick Coleman,1996-97,December,Philadelphia 76ers,Houston Rockets,10,3,1,0,2,0,0
167,154,Mark Davis,1996-97,December,Philadelphia 76ers,Houston Rockets,5,3,5,0,0,0,1
169,135,Tracy Moore,1996-97,December,Houston Rockets,Philadelphia 76ers,3,0,1,0,0,0,0
170,167,Mark Davis,1996-97,December,Philadelphia 76ers,Houston Rockets,5,3,5,0,0,0,2
171,164,Hakeem Olajuwon,1996-97,December,Houston Rockets,Philadelphia 76ers,6,0,2,1,0,3,1
172,170,Mark Davis,1996-97,December,Philadelphia 76ers,Houston Rockets,5,3,5,0,1,0,2
173,104,Allen Iverson,1996-97,December,Philadelphia 76ers,Houston Rockets,9,1,2,0,0,1,1
174,153,Kevin Willis,1996-97,December,Houston Rockets,Philadelphia 76ers,12,0,6,0,0,0,0
175,79,Clyde Drexler,1996-97,December,Houston Rockets,Philadelphia 76ers,2,3,3,0,0,0,2
176,161,Rex Walters,1996-97,December,Philadelphia 76ers,Houston Rockets,3,1,2,0,0,0,0
177,173,Allen Iverson,1996-97,December,Philadelphia 76ers,Houston Rockets,9,2,2,0,0,1,1
178,176,Rex Walters,1996-97,December,Philadelphia 76ers,Houston Rockets,3,1,2,0,0,0,1
179,177,Allen Iverson,1996-97,December,Philadelphia 76ers,Houston Rockets,9,2,2,0,0,1,2
182,165,Derrick Coleman,1996-97,December,Philadelphia 76ers,Houston Rockets,10,3,2,0,2,0,0
184,171,Hakeem Olajuwon,1996-97,December,Houston Rockets,Philadelphia 76ers,6,0,3,1,0,3,1
185,102,Mario Elie,1996-97,December,Houston Rockets,Philadelphia 76ers,8,3,1,0,1,1,0
186,123,Matt Maloney,1996-97,December,Houston Rockets,Philadelphia 76ers,11,3,2,0,0,0,0
188,132,Charles Barkley,1996-97,December,Houston Rockets,Philadelphia 76ers,7,5,3,0,0,2,1
190,172,Mark Davis,1996-97,December,Philadelphia 76ers,Houston Rockets,5,3,6,0,1,0,2
191,179,Allen Iverson,1996-97,December,Philadelphia 76ers,Houston Rockets,9,2,2,0,0,2,2
192,184,Hakeem Olajuwon,1996-97,December,Houston Rockets,Philadelphia 76ers,6,0,3,1,1,3,1
193,190,Mark Davis,1996-97,December,Philadelphia 76ers,Houston Rockets,5,3,6,0,1,0,3
194,185,Mario Elie,1996-97,December,Houston Rockets,Philadelphia 76ers,9,3,1,0,1,1,0
195,194,Mario Elie,1996-97,December,Houston Rockets,Philadelphia 76ers,10,3,1,0,1,1,0
196,192,Hakeem Olajuwon,1996-97,December,Houston Rockets,Philadelphia 76ers,6,0,3,1,1,4,1
198,175,Clyde Drexler,1996-97,December,Houston Rockets,Philadelphia 76ers,2,3,4,0,0,0,2
199,188,Charles Barkley,1996-97,December,Houston Rockets,Philadelphia 76ers,10,5,3,0,0,2,1
200,186,Matt Maloney,1996-97,December,Houston Rockets,Philadelphia 76ers,11,4,2,0,0,0,0
202,196,Hakeem Olajuwon,1996-97,December,Houston Rockets,Philadelphia 76ers,6,0,4,1,1,4,1
203,145,Jerry Stackhouse,1996-97,December,Philadelphia 76ers,Houston Rockets,18,2,3,0,0,1,2
205,198,Clyde Drexler,1996-97,December,Houston Rockets,Philadelphia 76ers,3,3,4,0,0,0,2
207,199,Charles Barkley,1996-97,December,Houston Rockets,Philadelphia 76ers,12,5,3,0,0,2,1
208,182,Derrick Coleman,1996-97,December,Philadelphia 76ers,Houston Rockets,10,3,2,0,2,0,1
210,59,Scott Williams,1996-97,December,Philadelphia 76ers,Houston Rockets,2,0,5,0,1,0,0
212,210,Scott Williams,1996-97,December,Philadelphia 76ers,Houston Rockets,2,0,6,0,1,0,0
213,212,Scott Williams,1996-97,December,Philadelphia 76ers,Houston Rockets,4,0,6,0,1,0,0
215,208,Derrick Coleman,1996-97,December,Philadelphia 76ers,Houston Rockets,12,3,2,0,2,0,1
216,191,Allen Iverson,1996-97,December,Philadelphia 76ers,Houston Rockets,9,3,2,0,0,2,2
218,213,Scott Williams,1996-97,December,Philadelphia 76ers,Houston Rockets,4,0,7,0,1,0,0
221,205,Clyde Drexler,1996-97,December,Houston Rockets,Philadelphia 76ers,3,3,5,0,0,0,2
223,218,Scott Williams,1996-97,December,Philadelphia 76ers,Houston Rockets,4,0,8,0,1,0,0
224,216,Allen Iverson,1996-97,December,Philadelphia 76ers,Houston Rockets,12,3,2,0,0,2,2
225,223,Scott Williams,1996-97,December,Philadelphia 76ers,Houston Rockets,4,1,8,0,1,0,0
226,224,Allen Iverson,1996-97,December,Philadelphia 76ers,Houston Rockets,12,3,2,0,0,2,3
227,195,Mario Elie,1996-97,December,Houston Rockets,Philadelphia 76ers,11,3,1,0,1,1,0
228,227,Mario Elie,1996-97,December,Houston Rockets,Philadelphia 76ers,12,3,1,0,1,1,0
229,226,Allen Iverson,1996-97,December,Philadelphia 76ers,Houston Rockets,15,3,2,0,0,2,3
230,215,Derrick Coleman,1996-97,December,Philadelphia 76ers,Houston Rockets,12,4,2,0,2,0,1
232,225,Scott Williams,1996-97,December,Philadelphia 76ers,Houston Rockets,4,1,9,0,1,0,0
234,202,Hakeem Olajuwon,1996-97,December,Houston Rockets,Philadelphia 76ers,6,0,4,2,1,4,1
235,234,Hakeem Olajuwon,1996-97,December,Houston Rockets,Philadelphia 76ers,6,0,5,2,1,4,1
236,221,Clyde Drexler,1996-97,December,Houston Rockets,Philadelphia 76ers,5,3,5,0,0,0,2
237,200,Matt Maloney,1996-97,December,Houston Rockets,Philadelphia 76ers,11,5,2,0,0,0,0
239,228,Mario Elie,1996-97,December,Houston Rockets,Philadelphia 76ers,12,3,2,0,1,1,0
241,229,Allen Iverson,1996-97,December,Philadelphia 76ers,Houston Rockets,15,3,3,0,0,2,3
242,239,Mario Elie,1996-97,December,Houston Rockets,Philadelphia 76ers,12,3,2,0,1,1,1
244,236,Clyde Drexler,1996-97,December,Houston Rockets,Philadelphia 76ers,5,3,6,0,0,0,2
245,207,Charles Barkley,1996-97,December,Houston Rockets,Philadelphia 76ers,14,5,3,0,0,2,1
246,244,Clyde Drexler,1996-97,December,Houston Rockets,Philadelphia 76ers,5,4,6,0,0,0,2
248,237,Matt Maloney,1996-97,December,Houston Rockets,Philadelphia 76ers,11,5,3,0,0,0,0
250,66,Clar. Weatherspoon,1996-97,December,Philadelphia 76ers,Houston Rockets,4,0,2,2,0,0,0
251,203,Jerry Stackhouse,1996-97,December,Philadelphia 76ers,Houston Rockets,18,2,4,0,0,1,2
252,242,Mario Elie,1996-97,December,Houston Rockets,Philadelphia 76ers,12,3,2,0,1,1,2
254,245,Charles Barkley,1996-97,December,Houston Rockets,Philadelphia 76ers,14,5,4,0,0,2,1
256,230,Derrick Coleman,1996-97,December,Philadelphia 76ers,Houston Rockets,12,4,3,0,2,0,1
258,235,Hakeem Olajuwon,1996-97,December,Houston Rockets,Philadelphia 76ers,6,0,6,2,1,4,1
259,246,Clyde Drexler,1996-97,December,Houston Rockets,Philadelphia 76ers,7,4,6,0,0,0,2
260,248,Matt Maloney,1996-97,December,Houston Rockets,Philadelphia 76ers,11,6,3,0,0,0,0
261,256,Derrick Coleman,1996-97,December,Philadelphia 76ers,Houston Rockets,12,4,3,0,2,1,1
262,254,Charles Barkley,1996-97,December,Houston Rockets,Philadelphia 76ers,14,5,4,0,1,2,1
263,259,Clyde Drexler,1996-97,December,Houston Rockets,Philadelphia 76ers,10,4,6,0,0,0,2
264,252,Mario Elie,1996-97,December,Houston Rockets,Philadelphia 76ers,12,4,2,0,1,1,2
266,251,Jerry Stackhouse,1996-97,December,Philadelphia 76ers,Houston Rockets,18,2,5,0,0,1,2
268,261,Derrick Coleman,1996-97,December,Philadelphia 76ers,Houston Rockets,12,4,4,0,2,1,1
269,268,Derrick Coleman,1996-97,December,Philadelphia 76ers,Houston Rockets,14,4,4,0,2,1,1
271,269,Derrick Coleman,1996-97,December,Philadelphia 76ers,Houston Rockets,14,4,4,0,2,1,2
273,250,Clar. Weatherspoon,1996-97,December,Philadelphia 76ers,Houston Rockets,4,0,2,3,0,0,0
274,271,Derrick Coleman,1996-97,December,Philadelphia 76ers,Houston Rockets,14,4,5,0,2,1,2
275,264,Mario Elie,1996-97,December,Houston Rockets,Philadelphia 76ers,12,4,2,0,1,1,3
276,241,Allen Iverson,1996-97,December,Philadelphia 76ers,Houston Rockets,15,3,3,0,0,3,3
277,266,Jerry Stackhouse,1996-97,December,Philadelphia 76ers,Houston Rockets,18,2,5,0,0,1,3
279,258,Hakeem Olajuwon,1996-97,December,Houston Rockets,Philadelphia 76ers,6,0,7,2,1,4,1
281,274,Derrick Coleman,1996-97,December,Philadelphia 76ers,Houston Rockets,14,4,5,1,2,1,2
282,277,Jerry Stackhouse,1996-97,December,Philadelphia 76ers,Houston Rockets,18,2,6,0,0,1,3
283,262,Charles Barkley,1996-97,December,Houston Rockets,Philadelphia 76ers,14,5,4,0,1,2,2
284,283,Charles Barkley,1996-97,December,Houston Rockets,Philadelphia 76ers,14,5,4,0,1,2,3
285,281,Derrick Coleman,1996-97,December,Philadelphia 76ers,Houston Rockets,15,4,5,1,2,1,2
287,284,Charles Barkley,1996-97,December,Houston Rockets,Philadelphia 76ers,14,5,5,0,1,2,3
288,287,Charles Barkley,1996-97,December,Houston Rockets,Philadelphia 76ers,16,5,5,0,1,2,3
291,263,Clyde Drexler,1996-97,December,Houston Rockets,Philadelphia 76ers,10,4,7,0,0,0,2
292,291,Clyde Drexler,1996-97,December,Houston Rockets,Philadelphia 76ers,12,4,7,0,0,0,2
294,288,Charles Barkley,1996-97,December,Houston Rockets,Philadelphia 76ers,16,5,6,0,1,2,3
296,294,Charles Barkley,1996-97,December,Houston Rockets,Philadelphia 76ers,16,5,7,0,1,2,3
297,296,Charles Barkley,1996-97,December,Houston Rockets,Philadelphia 76ers,18,5,7,0,1,2,3
298,276,Allen Iverson,1996-97,December,Philadelphia 76ers,Houston Rockets,17,3,3,0,0,3,3
299,297,Charles Barkley,1996-97,December,Houston Rockets,Philadelphia 76ers,18,5,7,0,1,2,4
301,292,Clyde Drexler,1996-97,December,Houston Rockets,Philadelphia 76ers,12,4,8,0,0,0,2
302,260,Matt Maloney,1996-97,December,Houston Rockets,Philadelphia 76ers,13,6,3,0,0,0,0
303,299,Charles Barkley,1996-97,December,Houston Rockets,Philadelphia 76ers,18,6,7,0,1,2,4
304,174,Kevin Willis,1996-97,December,Houston Rockets,Philadelphia 76ers,12,0,6,0,0,0,1
306,298,Allen Iverson,1996-97,December,Philadelphia 76ers,Houston Rockets,18,3,3,0,0,3,3
307,303,Charles Barkley,1996-97,December,Houston Rockets,Philadelphia 76ers,20,6,7,0,1,2,4
308,275,Mario Elie,1996-97,December,Houston Rockets,Philadelphia 76ers,12,5,2,0,1,1,3
310,304,Kevin Willis,1996-97,December,Houston Rockets,Philadelphia 76ers,12,0,7,0,0,0,1
312,308,Mario Elie,1996-97,December,Houston Rockets,Philadelphia 76ers,12,5,3,0,1,1,3
314,301,Clyde Drexler,1996-97,December,Houston Rockets,Philadelphia 76ers,12,4,9,0,0,0,2
315,314,Clyde Drexler,1996-97,December,Houston Rockets,Philadelphia 76ers,14,4,9,0,0,0,2
316,285,Derrick Coleman,1996-97,December,Philadelphia 76ers,Houston Rockets,15,4,5,1,2,2,2
317,302,Matt Maloney,1996-97,December,Houston Rockets,Philadelphia 76ers,13,6,3,0,1,0,0
319,312,Mario Elie,1996-97,December,Houston Rockets,Philadelphia 76ers,12,5,4,0,1,1,3
320,282,Jerry Stackhouse,1996-97,December,Philadelphia 76ers,Houston Rockets,18,2,6,0,0,1,4
321,319,Mario Elie,1996-97,December,Houston Rockets,Philadelphia 76ers,13,5,4,0,1,1,3
323,193,Mark Davis,1996-97,December,Philadelphia 76ers,Houston Rockets,5,3,7,0,1,0,3
324,320,Jerry Stackhouse,1996-97,December,Philadelphia 76ers,Houston Rockets,18,2,6,0,0,2,4
325,317,Matt Maloney,1996-97,December,Houston Rockets,Philadelphia 76ers,13,6,3,0,2,0,0
327,323,Mark Davis,1996-97,December,Philadelphia 76ers,Houston Rockets,5,3,8,0,1,0,3
328,324,Jerry Stackhouse,1996-97,December,Philadelphia 76ers,Houston Rockets,20,2,6,0,0,2,4
329,327,Mark Davis,1996-97,December,Philadelphia 76ers,Houston Rockets,5,4,8,0,1,0,3
330,310,Kevin Willis,1996-97,December,Houston Rockets,Philadelphia 76ers,12,0,7,0,0,1,1
331,147,Michael Cage,1996-97,December,Philadelphia 76ers,Houston Rockets,0,0,0,1,1,0,1
332,321,Mario Elie,1996-97,December,Houston Rockets,Philadelphia 76ers,13,5,4,0,1,1,4
333,328,Jerry Stackhouse,1996-97,December,Philadelphia 76ers,Houston Rockets,21,2,6,0,0,2,4
334,333,Jerry Stackhouse,1996-97,December,Philadelphia 76ers,Houston Rockets,22,2,6,0,0,2,4
335,316,Derrick Coleman,1996-97,December,Philadelphia 76ers,Houston Rockets,15,4,5,1,2,2,3
337,307,Charles Barkley,1996-97,December,Houston Rockets,Philadelphia 76ers,21,6,7,0,1,2,4
338,306,Allen Iverson,1996-97,December,Philadelphia 76ers,Houston Rockets,18,3,3,0,0,4,3
340,338,Allen Iverson,1996-97,December,Philadelphia 76ers,Houston Rockets,18,3,4,0,0,4,3
342,325,Matt Maloney,1996-97,December,Houston Rockets,Philadelphia 76ers,16,6,3,0,2,0,0
343,337,Charles Barkley,1996-97,December,Houston Rockets,Philadelphia 76ers,21,7,7,0,1,2,4
344,330,Kevin Willis,1996-97,December,Houston Rockets,Philadelphia 76ers,12,0,7,0,0,1,2
345,273,Clar. Weatherspoon,1996-97,December,Philadelphia 76ers,Houston Rockets,5,0,2,3,0,0,0
346,345,Clar. Weatherspoon,1996-97,December,Philadelphia 76ers,Houston Rockets,6,0,2,3,0,0,0
348,178,Rex Walters,1996-97,December,Philadelphia 76ers,Houston Rockets,3,1,2,1,0,0,1
349,346,Clar. Weatherspoon,1996-97,December,Philadelphia 76ers,Houston Rockets,6,0,3,3,0,0,0
350,329,Mark Davis,1996-97,December,Philadelphia 76ers,Houston Rockets,7,4,8,0,1,0,3
352,340,Allen Iverson,1996-97,December,Philadelphia 76ers,Houston Rockets,18,3,5,0,0,4,3
353,350,Mark Davis,1996-97,December,Philadelphia 76ers,Houston Rockets,9,4,8,0,1,0,3
354,352,Allen Iverson,1996-97,December,Philadelphia 76ers,Houston Rockets,18,4,5,0,0,4,3
355,232,Scott Williams,1996-97,December,Philadelphia 76ers,Houston Rockets,4,1,9,0,1,0,1
356,342,Matt Maloney,1996-97,December,Houston Rockets,Philadelphia 76ers,18,6,3,0,2,0,0
357,343,Charles Barkley,1996-97,December,Houston Rockets,Philadelphia 76ers,21,8,7,0,1,2,4
358,344,Kevin Willis,1996-97,December,Houston Rockets,Philadelphia 76ers,12,0,7,0,0,1,3
359,354,Allen Iverson,1996-97,December,Philadelphia 76ers,Houston Rockets,19,4,5,0,0,4,3
360,359,Allen Iverson,1996-97,December,Philadelphia 76ers,Houston Rockets,20,4,5,0,0,4,3
361,358,Kevin Willis,1996-97,December,Houston Rockets,Philadelphia 76ers,14,0,7,0,0,1,3
362,357,Charles Barkley,1996-97,December,Houston Rockets,Philadelphia 76ers,21,9,7,0,1,2,4
363,360,Allen Iverson,1996-97,December,Philadelphia 76ers,Houston Rockets,23,4,5,0,0,4,3
364,353,Mark Davis,1996-97,December,Philadelphia 76ers,Houston Rockets,9,5,8,0,1,0,3
365,356,Matt Maloney,1996-97,December,Houston Rockets,Philadelphia 76ers,18,6,3,0,2,0,1
367,361,Kevin Willis,1996-97,December,Houston Rockets,Philadelphia 76ers,14,0,8,0,0,1,3
368,367,Kevin Willis,1996-97,December,Houston Rockets,Philadelphia 76ers,16,0,8,0,0,1,3
369,365,Matt Maloney,1996-97,December,Houston Rockets,Philadelphia 76ers,18,7,3,0,2,0,1
371,369,Matt Maloney,1996-97,December,Houston Rockets,Philadelphia 76ers,18,7,4,0,2,0,1
372,371,Matt Maloney,1996-97,December,Houston Rockets,Philadelphia 76ers,21,7,4,0,2,0,1
373,362,Charles Barkley,1996-97,December,Houston Rockets,Philadelphia 76ers,21,10,7,0,1,2,4
374,364,Mark Davis,1996-97,December,Philadelphia 76ers,Houston Rockets,9,5,8,0,1,1,3
375,372,Matt Maloney,1996-97,December,Houston Rockets,Philadelphia 76ers,21,7,4,0,3,0,1
376,332,Mario Elie,1996-97,December,Houston Rockets,Philadelphia 76ers,15,5,4,0,1,1,4
377,375,Matt Maloney,1996-97,December,Houston Rockets,Philadelphia 76ers,21,8,4,0,3,0,1
378,368,Kevin Willis,1996-97,December,Houston Rockets,Philadelphia 76ers,16,0,8,0,0,1,4
379,349,Clar. Weatherspoon,1996-97,December,Philadelphia 76ers,Houston Rockets,7,0,3,3,0,0,0
380,379,Clar. Weatherspoon,1996-97,December,Philadelphia 76ers,Houston Rockets,8,0,3,3,0,0,0
381,279,Hakeem Olajuwon,1996-97,December,Houston Rockets,Philadelphia 76ers,6,0,7,2,1,5,1
382,374,Mark Davis,1996-97,December,Philadelphia 76ers,Houston Rockets,9,5,8,0,2,1,3
384,381,Hakeem Olajuwon,1996-97,December,Houston Rockets,Philadelphia 76ers,6,0,8,2,1,5,1
385,384,Hakeem Olajuwon,1996-97,December,Houston Rockets,Philadelphia 76ers,6,0,8,2,1,6,1
386,355,Scott Williams,1996-97,December,Philadelphia 76ers,Houston Rockets,4,1,9,0,2,0,1
388,385,Hakeem Olajuwon,1996-97,December,Houston Rockets,Philadelphia 76ers,6,0,9,2,1,6,1
389,377,Matt Maloney,1996-97,December,Houston Rockets,Philadelphia 76ers,21,8,4,0,3,1,1
391,378,Kevin Willis,1996-97,December,Houston Rockets,Philadelphia 76ers,16,0,9,0,0,1,4
392,380,Clar. Weatherspoon,1996-97,December,Philadelphia 76ers,Houston Rockets,8,0,3,3,0,0,1
393,388,Hakeem Olajuwon,1996-97,December,Houston Rockets,Philadelphia 76ers,7,0,9,2,1,6,1
395,392,Clar. Weatherspoon,1996-97,December,Philadelphia 76ers,Houston Rockets,8,0,4,3,0,0,1
396,0,Doug Overton,1996-97,December,Philadelphia 76ers,Houston Rockets,0,0,0,0,0,1,0
397,386,Scott Williams,1996-97,December,Philadelphia 76ers,Houston Rockets,4,1,9,0,2,0,2
399,393,Hakeem Olajuwon,1996-97,December,Houston Rockets,Philadelphia 76ers,8,0,9,2,1,6,1
401,391,Kevin Willis,1996-97,December,Houston Rockets,Philadelphia 76ers,16,0,10,0,0,1,4
402,399,Hakeem Olajuwon,1996-97,December,Houston Rockets,Philadelphia 76ers,10,0,9,2,1,6,1
403,389,Matt Maloney,1996-97,December,Houston Rockets,Philadelphia 76ers,21,9,4,0,3,1,1
404,348,Rex Walters,1996-97,December,Philadelphia 76ers,Houston Rockets,6,1,2,1,0,0,1
405,382,Mark Davis,1996-97,December,Philadelphia 76ers,Houston Rockets,9,6,8,0,2,1,3
406,402,Hakeem Olajuwon,1996-97,December,Houston Rockets,Philadelphia 76ers,12,0,9,2,1,6,1
407,117,Matt Bullard,1996-97,December,Houston Rockets,Philadelphia 76ers,3,1,0,0,0,0,0
408,397,Scott Williams,1996-97,December,Philadelphia 76ers,Houston Rockets,4,1,9,0,2,0,3
409,406,Hakeem Olajuwon,1996-97,December,Houston Rockets,Philadelphia 76ers,13,0,9,2,1,6,1
410,143,Randy Livingston,1996-97,December,Houston Rockets,Philadelphia 76ers,0,0,0,0,0,1,2
411,363,Allen Iverson,1996-97,December,Philadelphia 76ers,Houston Rockets,24,4,5,0,0,4,3
412,411,Allen Iverson,1996-97,December,Philadelphia 76ers,Houston Rockets,25,4,5,0,0,4,3
414,395,Clar. Weatherspoon,1996-97,December,Philadelphia 76ers,Houston Rockets,8,0,4,4,0,0,1
415,414,Clar. Weatherspoon,1996-97,December,Philadelphia 76ers,Houston Rockets,10,0,4,4,0,0,1
416,0,Othella Harrington,1996-97,December,Houston Rockets,Philadelphia 76ers,0,0,0,0,0,0,1
417,415,Clar. Weatherspoon,1996-97,December,Philadelphia 76ers,Houston Rockets,11,0,4,4,0,0,1
419,412,Allen Iverson,1996-97,December,Philadelphia 76ers,Houston Rockets,25,4,6,0,0,4,3
420,419,Allen Iverson,1996-97,December,Philadelphia 76ers,Houston Rockets,28,4,6,0,0,4,3
421,417,Clar. Weatherspoon,1996-97,December,Philadelphia 76ers,Houston Rockets,11,1,4,4,0,0,1
422,169,Tracy Moore,1996-97,December,Houston Rockets,Philadelphia 76ers,6,0,1,0,0,0,0
423,401,Kevin Willis,1996-97,December,Houston Rockets,Philadelphia 76ers,16,1,10,0,0,1,4
424,410,Randy Livingston,1996-97,December,Houston Rockets,Philadelphia 76ers,0,0,0,0,0,1,3
425,420,Allen Iverson,1996-97,December,Philadelphia 76ers,Houston Rockets,29,4,6,0,0,4,3
427,423,Kevin Willis,1996-97,December,Houston Rockets,Philadelphia 76ers,16,1,11,0,0,1,4
428,408,Scott Williams,1996-97,December,Philadelphia 76ers,Houston Rockets,4,1,9,0,2,0,4
430,416,Othella Harrington,1996-97,December,Houston Rockets,Philadelphia 76ers,0,0,0,0,0,1,1
431,421,Clar. Weatherspoon,1996-97,December,Philadelphia 76ers,Houston Rockets,11,1,4,4,1,0,1
433,428,Scott Williams,1996-97,December,Philadelphia 76ers,Houston Rockets,4,1,10,0,2,0,4
434,425,Allen Iverson,1996-97,December,Philadelphia 76ers,Houston Rockets,31,4,6,0,0,4,3
436,433,Scott Williams,1996-97,December,Philadelphia 76ers,Houston Rockets,4,1,11,0,2,0,4
438,434,Allen Iverson,1996-97,December,Philadelphia 76ers,Houston Rockets,31,4,6,0,0,5,3
439,430,Othella Harrington,1996-97,December,Houston Rockets,Philadelphia 76ers,2,0,0,0,0,1,1
440,405,Mark Davis,1996-97,December,Philadelphia 76ers,Houston Rockets,9,6,8,0,2,2,3
441,0,Elmer Bennett,1996-97,December,Houston Rockets,Philadelphia 76ers,0,0,0,0,1,0,0
442,422,Tracy Moore,1996-97,December,Houston Rockets,Philadelphia 76ers,9,0,1,0,0,0,0
443,441,Elmer Bennett,1996-97,December,Houston Rockets,Philadelphia 76ers,0,1,0,0,1,0,0
444,438,Allen Iverson,1996-97,December,Philadelphia 76ers,Houston Rockets,34,4,6,0,0,5,3
445,444,Allen Iverson,1996-97,December,Philadelphia 76ers,Houston Rockets,34,4,6,0,0,5,4
446,443,Elmer Bennett,1996-97,December,Houston Rockets,Philadelphia 76ers,1,1,0,0,1,0,0
447,446,Elmer Bennett,1996-97,December,Houston Rockets,Philadelphia 76ers,2,1,0,0,1,0,0
449,440,Mark Davis,1996-97,December,Philadelphia 76ers,Houston Rockets,9,6,9,0,2,2,3
450,407,Matt Bullard,1996-97,December,Houston Rockets,Philadelphia 76ers,3,1,0,0,0,0,1
451,445,Allen Iverson,1996-97,December,Philadelphia 76ers,Houston Rockets,35,4,6,0,0,5,4
453,431,Clar. Weatherspoon,1996-97,December,Philadelphia 76ers,Houston Rockets,11,1,5,4,1,0,1
455,451,Allen Iverson,1996-97,December,Philadelphia 76ers,Houston Rockets,35,4,7,0,0,5,4
457,449,Mark Davis,1996-97,December,Philadelphia 76ers,Houston Rockets,9,6,10,0,2,2,3
458,457,Mark Davis,1996-97,December,Philadelphia 76ers,Houston Rockets,11,6,10,0,2,2,3
459,442,Tracy Moore,1996-97,December,Houston Rockets,Philadelphia 76ers,12,0,1,0,0,0,0
460,447,Elmer Bennett,1996-97,December,Houston Rockets,Philadelphia 76ers,2,2,0,0,1,0,0
461,424,Randy Livingston,1996-97,December,Houston Rockets,Philadelphia 76ers,0,0,0,0,0,1,4
463,404,Rex Walters,1996-97,December,Philadelphia 76ers,Houston Rockets,7,1,2,1,0,0,1
464,458,Mark Davis,1996-97,December,Philadelphia 76ers,Houston Rockets,11,6,10,0,2,2,4
466,460,Elmer Bennett,1996-97,December,Houston Rockets,Philadelphia 76ers,3,2,0,0,1,0,0
467,459,Tracy Moore,1996-97,December,Houston Rockets,Philadelphia 76ers,12,0,1,0,0,0,1
469,464,Mark Davis,1996-97,December,Philadelphia 76ers,Houston Rockets,12,6,10,0,2,2,4
470,450,Matt Bullard,1996-97,December,Houston Rockets,Philadelphia 76ers,6,1,0,0,0,0,1
471,461,Randy Livingston,1996-97,December,Houston Rockets,Philadelphia 76ers,0,1,0,0,0,1,4
473,463,Rex Walters,1996-97,December,Philadelphia 76ers,Houston Rockets,7,1,3,1,0,0,1
474,473,Rex Walters,1996-97,December,Philadelphia 76ers,Houston Rockets,7,1,3,1,0,1,1
475,470,Matt Bullard,1996-97,December,Houston Rockets,Philadelphia 76ers,6,1,0,0,1,0,1
477,396,Doug Overton,1996-97,December,Philadelphia 76ers,Houston Rockets,0,0,1,0,0,1,0
479,0,Mark Hendrickson,1996-97,December,Philadelphia 76ers,Houston Rockets,0,0,1,0,0,0,0
481,474,Rex Walters,1996-97,December,Philadelphia 76ers,Houston Rockets,7,1,4,1,0,1,1
482,469,Mark Davis,1996-97,December,Philadelphia 76ers,Houston Rockets,14,6,10,0,2,2,4
483,471,Randy Livingston,1996-97,December,Houston Rockets,Philadelphia 76ers,0,1,0,0,0,2,4
484,0,Mark Bradtke,1996-97,December,Philadelphia 76ers,Houston Rockets,0,0,0,0,1,0,0
485,477,Doug Overton,1996-97,December,Philadelphia 76ers,Houston Rockets,0,0,1,0,0,2,0
