id,previous_id,player,season,month,team,opponent_team,points,assists,rebounds,blocks,steals,turnovers,personal fouls
2,0,Jerry Stackhouse,1996-97,December,Seattle SuperSonics,Philadelphia 76ers,0,0,0,1,0,0,0
3,2,Jerry Stackhouse,1996-97,December,Philadelphia 76ers,Seattle SuperSonics,0,0,1,1,0,0,0
4,3,Jerry Stackhouse,1996-97,December,Philadelphia 76ers,Seattle SuperSonics,0,0,1,1,0,1,0
5,0,Shawn Kemp,1996-97,December,Philadelphia 76ers,Seattle SuperSonics,0,0,0,0,1,0,0
7,0,Scott Williams,1996-97,December,Philadelphia 76ers,Seattle SuperSonics,0,0,1,0,0,0,0
8,0,Clar. Weatherspoon,1996-97,December,Philadelphia 76ers,Seattle SuperSonics,2,0,0,0,0,0,0
9,0,Derrick Coleman,1996-97,December,Philadelphia 76ers,Seattle SuperSonics,0,1,0,0,0,0,0
10,5,Shawn Kemp,1996-97,December,Seattle SuperSonics,Philadelphia 76ers,2,0,0,0,1,0,0
11,0,Hersey Hawkins,1996-97,December,Seattle SuperSonics,Philadelphia 76ers,0,1,0,0,0,0,0
12,11,Hersey Hawkins,1996-97,December,Seattle SuperSonics,Philadelphia 76ers,0,1,0,0,0,0,1
14,10,Shawn Kemp,1996-97,December,Seattle SuperSonics,Philadelphia 76ers,2,0,1,0,1,0,0
15,14,Shawn Kemp,1996-97,December,Seattle SuperSonics,Philadelphia 76ers,2,0,1,0,1,1,0
16,0,Gary Payton,1996-97,December,Seattle SuperSonics,Philadelphia 76ers,0,0,0,0,0,0,1
17,4,Jerry Stackhouse,1996-97,December,Philadelphia 76ers,Seattle SuperSonics,0,0,1,1,0,1,1
18,17,Jerry Stackhouse,1996-97,December,Philadelphia 76ers,Seattle SuperSonics,0,0,1,1,0,2,1
19,7,Scott Williams,1996-97,December,Philadelphia 76ers,Seattle SuperSonics,0,0,1,0,0,0,1
20,16,Gary Payton,1996-97,December,Seattle SuperSonics,Philadelphia 76ers,1,0,0,0,0,0,1
21,20,Gary Payton,1996-97,December,Seattle SuperSonics,Philadelphia 76ers,2,0,0,0,0,0,1
22,9,Derrick Coleman,1996-97,December,Philadelphia 76ers,Seattle SuperSonics,0,1,0,0,0,1,0
23,21,Gary Payton,1996-97,December,Philadelphia 76ers,Seattle SuperSonics,2,0,0,0,1,0,1
24,0,Detlef Schrempf,1996-97,December,Seattle SuperSonics,Philadelphia 76ers,2,0,0,0,0,0,0
25,12,Hersey Hawkins,1996-97,December,Seattle SuperSonics,Philadelphia 76ers,0,2,0,0,0,0,1
26,23,Gary Payton,1996-97,December,Seattle SuperSonics,Philadelphia 76ers,2,0,0,0,1,0,2
27,0,Allen Iverson,1996-97,December,Philadelphia 76ers,Seattle SuperSonics,0,0,0,0,0,1,0
28,25,Hersey Hawkins,1996-97,December,Philadelphia 76ers,Seattle SuperSonics,0,2,0,0,1,0,1
29,8,Clar. Weatherspoon,1996-97,December,Philadelphia 76ers,Seattle SuperSonics,2,0,0,0,0,0,1
30,0,Jim McIlvaine,1996-97,December,Seattle SuperSonics,Philadelphia 76ers,1,0,0,0,0,0,0
32,19,Scott Williams,1996-97,December,Philadelphia 76ers,Seattle SuperSonics,0,0,2,0,0,0,1
33,32,Scott Williams,1996-97,December,Philadelphia 76ers,Seattle SuperSonics,2,0,2,0,0,0,1
34,18,Jerry Stackhouse,1996-97,December,Philadelphia 76ers,Seattle SuperSonics,0,1,1,1,0,2,1
35,15,Shawn Kemp,1996-97,December,Seattle SuperSonics,Philadelphia 76ers,4,0,1,0,1,1,0
36,26,Gary Payton,1996-97,December,Seattle SuperSonics,Philadelphia 76ers,2,1,0,0,1,0,2
37,27,Allen Iverson,1996-97,December,Philadelphia 76ers,Seattle SuperSonics,2,0,0,0,0,1,0
39,22,Derrick Coleman,1996-97,December,Philadelphia 76ers,Seattle SuperSonics,0,1,1,0,0,1,0
41,30,Jim McIlvaine,1996-97,December,Philadelphia 76ers,Seattle SuperSonics,1,0,0,1,0,0,0
42,39,Derrick Coleman,1996-97,December,Philadelphia 76ers,Seattle SuperSonics,0,1,2,0,0,1,0
44,33,Scott Williams,1996-97,December,Philadelphia 76ers,Seattle SuperSonics,2,0,3,0,0,0,1
45,44,Scott Williams,1996-97,December,Philadelphia 76ers,Seattle SuperSonics,4,0,3,0,0,0,1
47,34,Jerry Stackhouse,1996-97,December,Philadelphia 76ers,Seattle SuperSonics,0,1,2,1,0,2,1
48,37,Allen Iverson,1996-97,December,Philadelphia 76ers,Seattle SuperSonics,2,0,0,0,0,2,0
49,42,Derrick Coleman,1996-97,December,Philadelphia 76ers,Seattle SuperSonics,0,1,2,0,0,1,1
50,49,Derrick Coleman,1996-97,December,Philadelphia 76ers,Seattle SuperSonics,0,1,2,0,0,1,2
51,45,Scott Williams,1996-97,December,Philadelphia 76ers,Seattle SuperSonics,4,0,3,0,0,0,2
52,35,Shawn Kemp,1996-97,December,Seattle SuperSonics,Philadelphia 76ers,5,0,1,0,1,1,0
54,50,Derrick Coleman,1996-97,December,Philadelphia 76ers,Seattle SuperSonics,0,1,3,0,0,1,2
56,41,Jim McIlvaine,1996-97,December,Philadelphia 76ers,Seattle SuperSonics,1,0,0,2,0,0,0
57,48,Allen Iverson,1996-97,December,Philadelphia 76ers,Seattle SuperSonics,2,0,1,0,0,2,0
59,28,Hersey Hawkins,1996-97,December,Seattle SuperSonics,Philadelphia 76ers,0,2,1,0,1,0,1
60,36,Gary Payton,1996-97,December,Seattle SuperSonics,Philadelphia 76ers,4,1,0,0,1,0,2
61,24,Detlef Schrempf,1996-97,December,Seattle SuperSonics,Philadelphia 76ers,2,1,0,0,0,0,0
64,51,Scott Williams,1996-97,December,Philadelphia 76ers,Seattle SuperSonics,4,0,4,0,0,0,2
65,57,Allen Iverson,1996-97,December,Philadelphia 76ers,Seattle SuperSonics,2,0,1,0,0,3,0
66,56,Jim McIlvaine,1996-97,December,Seattle SuperSonics,Philadelphia 76ers,3,0,0,2,0,0,0
67,60,Gary Payton,1996-97,December,Seattle SuperSonics,Philadelphia 76ers,4,2,0,0,1,0,2
68,0,Eric Snow,1996-97,December,Seattle SuperSonics,Philadelphia 76ers,0,0,0,0,0,0,1
69,54,Derrick Coleman,1996-97,December,Philadelphia 76ers,Seattle SuperSonics,2,1,3,0,0,1,2
70,65,Allen Iverson,1996-97,December,Philadelphia 76ers,Seattle SuperSonics,2,1,1,0,0,3,0
72,66,Jim McIlvaine,1996-97,December,Seattle SuperSonics,Philadelphia 76ers,3,0,1,2,0,0,0
74,61,Detlef Schrempf,1996-97,December,Seattle SuperSonics,Philadelphia 76ers,2,1,1,0,0,0,0
76,52,Shawn Kemp,1996-97,December,Seattle SuperSonics,Philadelphia 76ers,5,0,2,0,1,1,0
77,76,Shawn Kemp,1996-97,December,Seattle SuperSonics,Philadelphia 76ers,7,0,2,0,1,1,0
78,70,Allen Iverson,1996-97,December,Philadelphia 76ers,Seattle SuperSonics,4,1,1,0,0,3,0
80,77,Shawn Kemp,1996-97,December,Seattle SuperSonics,Philadelphia 76ers,7,0,3,0,1,1,0
81,80,Shawn Kemp,1996-97,December,Seattle SuperSonics,Philadelphia 76ers,7,0,3,0,1,2,0
82,78,Allen Iverson,1996-97,December,Seattle SuperSonics,Philadelphia 76ers,4,1,1,0,1,3,0
83,69,Derrick Coleman,1996-97,December,Philadelphia 76ers,Seattle SuperSonics,4,1,3,0,0,1,2
84,82,Allen Iverson,1996-97,December,Philadelphia 76ers,Seattle SuperSonics,4,2,1,0,1,3,0
86,81,Shawn Kemp,1996-97,December,Seattle SuperSonics,Philadelphia 76ers,7,0,4,0,1,2,0
87,68,Eric Snow,1996-97,December,Seattle SuperSonics,Philadelphia 76ers,0,0,0,0,0,0,2
88,87,Eric Snow,1996-97,December,Seattle SuperSonics,Philadelphia 76ers,0,0,0,0,0,1,2
90,86,Shawn Kemp,1996-97,December,Seattle SuperSonics,Philadelphia 76ers,7,0,5,0,1,2,0
91,88,Eric Snow,1996-97,December,Seattle SuperSonics,Philadelphia 76ers,2,0,0,0,0,1,2
92,29,Clar. Weatherspoon,1996-97,December,Philadelphia 76ers,Seattle SuperSonics,4,0,0,0,0,0,1
93,47,Jerry Stackhouse,1996-97,December,Philadelphia 76ers,Seattle SuperSonics,0,2,2,1,0,2,1
94,90,Shawn Kemp,1996-97,December,Seattle SuperSonics,Philadelphia 76ers,9,0,5,0,1,2,0
95,74,Detlef Schrempf,1996-97,December,Seattle SuperSonics,Philadelphia 76ers,2,2,1,0,0,0,0
96,93,Jerry Stackhouse,1996-97,December,Philadelphia 76ers,Seattle SuperSonics,2,2,2,1,0,2,1
97,84,Allen Iverson,1996-97,December,Philadelphia 76ers,Seattle SuperSonics,4,3,1,0,1,3,0
98,94,Shawn Kemp,1996-97,December,Seattle SuperSonics,Philadelphia 76ers,9,0,5,0,1,2,1
99,96,Jerry Stackhouse,1996-97,December,Philadelphia 76ers,Seattle SuperSonics,3,2,2,1,0,2,1
100,0,Sam Perkins,1996-97,December,Seattle SuperSonics,Philadelphia 76ers,3,0,0,0,0,0,0
101,59,Hersey Hawkins,1996-97,December,Seattle SuperSonics,Philadelphia 76ers,0,3,1,0,1,0,1
102,83,Derrick Coleman,1996-97,December,Philadelphia 76ers,Seattle SuperSonics,7,1,3,0,0,1,2
103,99,Jerry Stackhouse,1996-97,December,Philadelphia 76ers,Seattle SuperSonics,3,3,2,1,0,2,1
104,102,Derrick Coleman,1996-97,December,Philadelphia 76ers,Seattle SuperSonics,7,1,3,0,0,1,3
105,98,Shawn Kemp,1996-97,December,Seattle SuperSonics,Philadelphia 76ers,10,0,5,0,1,2,1
107,92,Clar. Weatherspoon,1996-97,December,Philadelphia 76ers,Seattle SuperSonics,4,0,1,0,0,0,1
109,105,Shawn Kemp,1996-97,December,Seattle SuperSonics,Philadelphia 76ers,10,0,6,0,1,2,1
110,0,Mark Davis,1996-97,December,Philadelphia 76ers,Seattle SuperSonics,0,0,0,0,0,0,1
111,109,Shawn Kemp,1996-97,December,Seattle SuperSonics,Philadelphia 76ers,11,0,6,0,1,2,1
112,111,Shawn Kemp,1996-97,December,Seattle SuperSonics,Philadelphia 76ers,12,0,6,0,1,2,1
114,112,Shawn Kemp,1996-97,December,Seattle SuperSonics,Philadelphia 76ers,12,0,7,0,1,2,1
115,100,Sam Perkins,1996-97,December,Seattle SuperSonics,Philadelphia 76ers,5,0,0,0,0,0,0
116,91,Eric Snow,1996-97,December,Seattle SuperSonics,Philadelphia 76ers,2,1,0,0,0,1,2
117,97,Allen Iverson,1996-97,December,Philadelphia 76ers,Seattle SuperSonics,4,3,1,0,1,4,0
118,115,Sam Perkins,1996-97,December,Seattle SuperSonics,Philadelphia 76ers,8,0,0,0,0,0,0
119,116,Eric Snow,1996-97,December,Seattle SuperSonics,Philadelphia 76ers,2,2,0,0,0,1,2
120,110,Mark Davis,1996-97,December,Philadelphia 76ers,Seattle SuperSonics,3,0,0,0,0,0,1
121,117,Allen Iverson,1996-97,December,Philadelphia 76ers,Seattle SuperSonics,4,4,1,0,1,4,0
123,107,Clar. Weatherspoon,1996-97,December,Philadelphia 76ers,Seattle SuperSonics,4,0,2,0,0,0,1
125,0,Larry Stewart,1996-97,December,Seattle SuperSonics,Philadelphia 76ers,0,0,0,0,0,0,1
126,0,Doug Overton,1996-97,December,Philadelphia 76ers,Seattle SuperSonics,2,0,0,0,0,0,0
127,123,Clar. Weatherspoon,1996-97,December,Philadelphia 76ers,Seattle SuperSonics,4,1,2,0,0,0,1
128,0,Craig Ehlo,1996-97,December,Seattle SuperSonics,Philadelphia 76ers,2,0,0,0,0,0,0
129,127,Clar. Weatherspoon,1996-97,December,Philadelphia 76ers,Seattle SuperSonics,6,1,2,0,0,0,1
130,0,Michael Cage,1996-97,December,Philadelphia 76ers,Seattle SuperSonics,0,1,0,0,0,0,0
131,114,Shawn Kemp,1996-97,December,Seattle SuperSonics,Philadelphia 76ers,12,0,7,0,1,3,1
132,0,Lucious Harris,1996-97,December,Philadelphia 76ers,Seattle SuperSonics,0,0,0,0,0,1,0
134,129,Clar. Weatherspoon,1996-97,December,Philadelphia 76ers,Seattle SuperSonics,6,1,3,0,0,0,1
135,130,Michael Cage,1996-97,December,Philadelphia 76ers,Seattle SuperSonics,0,1,0,0,0,1,0
137,103,Jerry Stackhouse,1996-97,December,Philadelphia 76ers,Seattle SuperSonics,3,3,3,1,0,2,1
138,120,Mark Davis,1996-97,December,Philadelphia 76ers,Seattle SuperSonics,6,0,0,0,0,0,1
139,137,Jerry Stackhouse,1996-97,December,Philadelphia 76ers,Seattle SuperSonics,3,4,3,1,0,2,1
140,67,Gary Payton,1996-97,December,Seattle SuperSonics,Philadelphia 76ers,6,2,0,0,1,0,2
141,119,Eric Snow,1996-97,December,Seattle SuperSonics,Philadelphia 76ers,2,3,0,0,0,1,2
142,139,Jerry Stackhouse,1996-97,December,Philadelphia 76ers,Seattle SuperSonics,3,4,3,1,0,3,1
143,128,Craig Ehlo,1996-97,December,Philadelphia 76ers,Seattle SuperSonics,2,0,0,0,1,0,0
144,143,Craig Ehlo,1996-97,December,Seattle SuperSonics,Philadelphia 76ers,2,0,0,0,1,1,0
146,118,Sam Perkins,1996-97,December,Seattle SuperSonics,Philadelphia 76ers,8,0,1,0,0,0,0
147,95,Detlef Schrempf,1996-97,December,Seattle SuperSonics,Philadelphia 76ers,4,2,1,0,0,0,0
148,141,Eric Snow,1996-97,December,Seattle SuperSonics,Philadelphia 76ers,2,4,0,0,0,1,2
149,134,Clar. Weatherspoon,1996-97,December,Philadelphia 76ers,Seattle SuperSonics,6,1,3,0,0,1,1
150,147,Detlef Schrempf,1996-97,December,Philadelphia 76ers,Seattle SuperSonics,4,2,1,0,1,0,0
152,138,Mark Davis,1996-97,December,Seattle SuperSonics,Philadelphia 76ers,6,0,0,1,0,0,1
153,152,Mark Davis,1996-97,December,Philadelphia 76ers,Seattle SuperSonics,8,0,0,1,0,0,1
154,142,Jerry Stackhouse,1996-97,December,Philadelphia 76ers,Seattle SuperSonics,3,5,3,1,0,3,1
155,146,Sam Perkins,1996-97,December,Seattle SuperSonics,Philadelphia 76ers,10,0,1,0,0,0,0
156,154,Jerry Stackhouse,1996-97,December,Philadelphia 76ers,Seattle SuperSonics,6,5,3,1,0,3,1
157,121,Allen Iverson,1996-97,December,Philadelphia 76ers,Seattle SuperSonics,4,5,1,0,1,4,0
159,156,Jerry Stackhouse,1996-97,December,Seattle SuperSonics,Philadelphia 76ers,6,5,3,2,0,3,1
160,149,Clar. Weatherspoon,1996-97,December,Philadelphia 76ers,Seattle SuperSonics,8,1,3,0,0,1,1
161,159,Jerry Stackhouse,1996-97,December,Philadelphia 76ers,Seattle SuperSonics,6,6,3,2,0,3,1
162,140,Gary Payton,1996-97,December,Seattle SuperSonics,Philadelphia 76ers,8,2,0,0,1,0,2
163,155,Sam Perkins,1996-97,December,Seattle SuperSonics,Philadelphia 76ers,10,1,1,0,0,0,0
164,153,Mark Davis,1996-97,December,Philadelphia 76ers,Seattle SuperSonics,10,0,0,1,0,0,1
165,160,Clar. Weatherspoon,1996-97,December,Philadelphia 76ers,Seattle SuperSonics,8,2,3,0,0,1,1
166,163,Sam Perkins,1996-97,December,Seattle SuperSonics,Philadelphia 76ers,12,1,1,0,0,0,0
167,101,Hersey Hawkins,1996-97,December,Seattle SuperSonics,Philadelphia 76ers,0,4,1,0,1,0,1
168,157,Allen Iverson,1996-97,December,Philadelphia 76ers,Seattle SuperSonics,7,5,1,0,1,4,0
169,167,Hersey Hawkins,1996-97,December,Seattle SuperSonics,Philadelphia 76ers,2,4,1,0,1,0,1
170,150,Detlef Schrempf,1996-97,December,Seattle SuperSonics,Philadelphia 76ers,4,3,1,0,1,0,0
172,165,Clar. Weatherspoon,1996-97,December,Philadelphia 76ers,Seattle SuperSonics,8,2,4,0,0,1,1
173,170,Detlef Schrempf,1996-97,December,Seattle SuperSonics,Philadelphia 76ers,4,3,1,0,1,0,1
175,161,Jerry Stackhouse,1996-97,December,Philadelphia 76ers,Seattle SuperSonics,7,6,3,2,0,3,1
176,175,Jerry Stackhouse,1996-97,December,Philadelphia 76ers,Seattle SuperSonics,8,6,3,2,0,3,1
178,104,Derrick Coleman,1996-97,December,Philadelphia 76ers,Seattle SuperSonics,7,1,4,0,0,1,3
180,173,Detlef Schrempf,1996-97,December,Seattle SuperSonics,Philadelphia 76ers,4,3,2,0,1,0,1
181,169,Hersey Hawkins,1996-97,December,Seattle SuperSonics,Philadelphia 76ers,4,4,1,0,1,0,1
182,180,Detlef Schrempf,1996-97,December,Seattle SuperSonics,Philadelphia 76ers,4,4,2,0,1,0,1
184,166,Sam Perkins,1996-97,December,Seattle SuperSonics,Philadelphia 76ers,12,1,2,0,0,0,0
185,168,Allen Iverson,1996-97,December,Philadelphia 76ers,Seattle SuperSonics,7,5,1,0,1,4,1
186,162,Gary Payton,1996-97,December,Seattle SuperSonics,Philadelphia 76ers,10,2,0,0,1,0,2
187,182,Detlef Schrempf,1996-97,December,Seattle SuperSonics,Philadelphia 76ers,4,5,2,0,1,0,1
189,178,Derrick Coleman,1996-97,December,Philadelphia 76ers,Seattle SuperSonics,7,1,5,0,0,1,3
190,172,Clar. Weatherspoon,1996-97,December,Philadelphia 76ers,Seattle SuperSonics,10,2,4,0,0,1,1
191,164,Mark Davis,1996-97,December,Philadelphia 76ers,Seattle SuperSonics,10,1,0,1,0,0,1
192,186,Gary Payton,1996-97,December,Seattle SuperSonics,Philadelphia 76ers,12,2,0,0,1,0,2
194,191,Mark Davis,1996-97,December,Philadelphia 76ers,Seattle SuperSonics,10,1,1,1,0,0,1
195,185,Allen Iverson,1996-97,December,Philadelphia 76ers,Seattle SuperSonics,7,5,1,0,1,5,1
196,64,Scott Williams,1996-97,December,Philadelphia 76ers,Seattle SuperSonics,4,0,4,0,0,0,3
197,187,Detlef Schrempf,1996-97,December,Seattle SuperSonics,Philadelphia 76ers,6,5,2,0,1,0,1
199,72,Jim McIlvaine,1996-97,December,Philadelphia 76ers,Seattle SuperSonics,3,0,1,3,0,0,0
200,131,Shawn Kemp,1996-97,December,Seattle SuperSonics,Philadelphia 76ers,12,0,7,0,1,4,1
202,200,Shawn Kemp,1996-97,December,Seattle SuperSonics,Philadelphia 76ers,12,0,8,0,1,4,1
204,192,Gary Payton,1996-97,December,Seattle SuperSonics,Philadelphia 76ers,12,2,1,0,1,0,2
205,204,Gary Payton,1996-97,December,Seattle SuperSonics,Philadelphia 76ers,14,2,1,0,1,0,2
206,176,Jerry Stackhouse,1996-97,December,Philadelphia 76ers,Seattle SuperSonics,10,6,3,2,0,3,1
207,195,Allen Iverson,1996-97,December,Philadelphia 76ers,Seattle SuperSonics,7,6,1,0,1,5,1
208,199,Jim McIlvaine,1996-97,December,Seattle SuperSonics,Philadelphia 76ers,3,0,1,3,0,0,1
209,206,Jerry Stackhouse,1996-97,December,Philadelphia 76ers,Seattle SuperSonics,11,6,3,2,0,3,1
210,205,Gary Payton,1996-97,December,Seattle SuperSonics,Philadelphia 76ers,16,2,1,0,1,0,2
211,196,Scott Williams,1996-97,December,Philadelphia 76ers,Seattle SuperSonics,6,0,4,0,0,0,3
212,207,Allen Iverson,1996-97,December,Philadelphia 76ers,Seattle SuperSonics,7,7,1,0,1,5,1
213,202,Shawn Kemp,1996-97,December,Seattle SuperSonics,Philadelphia 76ers,12,0,8,0,1,4,2
214,213,Shawn Kemp,1996-97,December,Seattle SuperSonics,Philadelphia 76ers,12,0,8,0,1,5,2
216,197,Detlef Schrempf,1996-97,December,Seattle SuperSonics,Philadelphia 76ers,6,5,3,0,1,0,1
219,181,Hersey Hawkins,1996-97,December,Seattle SuperSonics,Philadelphia 76ers,4,4,2,0,1,0,1
221,211,Scott Williams,1996-97,December,Philadelphia 76ers,Seattle SuperSonics,6,0,5,0,0,0,3
223,210,Gary Payton,1996-97,December,Seattle SuperSonics,Philadelphia 76ers,16,2,2,0,1,0,2
224,223,Gary Payton,1996-97,December,Seattle SuperSonics,Philadelphia 76ers,18,2,2,0,1,0,2
225,219,Hersey Hawkins,1996-97,December,Seattle SuperSonics,Philadelphia 76ers,4,5,2,0,1,0,1
226,212,Allen Iverson,1996-97,December,Philadelphia 76ers,Seattle SuperSonics,7,7,1,0,1,6,1
227,224,Gary Payton,1996-97,December,Philadelphia 76ers,Seattle SuperSonics,18,2,2,0,2,0,2
228,216,Detlef Schrempf,1996-97,December,Seattle SuperSonics,Philadelphia 76ers,8,5,3,0,1,0,1
229,227,Gary Payton,1996-97,December,Seattle SuperSonics,Philadelphia 76ers,18,3,2,0,2,0,2
230,209,Jerry Stackhouse,1996-97,December,Philadelphia 76ers,Seattle SuperSonics,14,6,3,2,0,3,1
231,190,Clar. Weatherspoon,1996-97,December,Philadelphia 76ers,Seattle SuperSonics,10,3,4,0,0,1,1
232,214,Shawn Kemp,1996-97,December,Seattle SuperSonics,Philadelphia 76ers,14,0,8,0,1,5,2
233,228,Detlef Schrempf,1996-97,December,Seattle SuperSonics,Philadelphia 76ers,8,6,3,0,1,0,1
234,230,Jerry Stackhouse,1996-97,December,Philadelphia 76ers,Seattle SuperSonics,17,6,3,2,0,3,1
235,231,Clar. Weatherspoon,1996-97,December,Philadelphia 76ers,Seattle SuperSonics,10,4,4,0,0,1,1
236,233,Detlef Schrempf,1996-97,December,Seattle SuperSonics,Philadelphia 76ers,11,6,3,0,1,0,1
237,229,Gary Payton,1996-97,December,Seattle SuperSonics,Philadelphia 76ers,18,4,2,0,2,0,2
239,208,Jim McIlvaine,1996-97,December,Philadelphia 76ers,Seattle SuperSonics,3,0,1,4,0,0,1
240,237,Gary Payton,1996-97,December,Seattle SuperSonics,Philadelphia 76ers,18,4,3,0,2,0,2
242,226,Allen Iverson,1996-97,December,Philadelphia 76ers,Seattle SuperSonics,7,7,2,0,1,6,1
243,239,Jim McIlvaine,1996-97,December,Seattle SuperSonics,Philadelphia 76ers,3,0,1,4,0,0,2
246,240,Gary Payton,1996-97,December,Seattle SuperSonics,Philadelphia 76ers,18,4,4,0,2,0,2
248,232,Shawn Kemp,1996-97,December,Seattle SuperSonics,Philadelphia 76ers,14,0,9,0,1,5,2
250,246,Gary Payton,1996-97,December,Seattle SuperSonics,Philadelphia 76ers,18,4,5,0,2,0,2
251,250,Gary Payton,1996-97,December,Seattle SuperSonics,Philadelphia 76ers,20,4,5,0,2,0,2
252,189,Derrick Coleman,1996-97,December,Philadelphia 76ers,Seattle SuperSonics,7,1,5,0,0,2,3
254,252,Derrick Coleman,1996-97,December,Philadelphia 76ers,Seattle SuperSonics,7,1,6,0,0,2,3
256,243,Jim McIlvaine,1996-97,December,Philadelphia 76ers,Seattle SuperSonics,3,0,1,5,0,0,2
257,236,Detlef Schrempf,1996-97,December,Seattle SuperSonics,Philadelphia 76ers,11,6,4,0,1,0,1
258,251,Gary Payton,1996-97,December,Seattle SuperSonics,Philadelphia 76ers,22,4,5,0,2,0,2
259,225,Hersey Hawkins,1996-97,December,Seattle SuperSonics,Philadelphia 76ers,4,6,2,0,1,0,1
260,257,Detlef Schrempf,1996-97,December,Seattle SuperSonics,Philadelphia 76ers,11,6,4,0,1,0,2
261,235,Clar. Weatherspoon,1996-97,December,Philadelphia 76ers,Seattle SuperSonics,11,4,4,0,0,1,1
263,248,Shawn Kemp,1996-97,December,Seattle SuperSonics,Philadelphia 76ers,14,0,10,0,1,5,2
264,254,Derrick Coleman,1996-97,December,Philadelphia 76ers,Seattle SuperSonics,7,1,6,0,0,2,4
267,256,Jim McIlvaine,1996-97,December,Seattle SuperSonics,Philadelphia 76ers,3,0,2,5,0,0,2
268,132,Lucious Harris,1996-97,December,Philadelphia 76ers,Seattle SuperSonics,0,0,0,0,0,1,1
270,259,Hersey Hawkins,1996-97,December,Seattle SuperSonics,Philadelphia 76ers,5,6,2,0,1,0,1
272,263,Shawn Kemp,1996-97,December,Philadelphia 76ers,Seattle SuperSonics,14,0,10,1,1,5,2
273,264,Derrick Coleman,1996-97,December,Philadelphia 76ers,Seattle SuperSonics,7,1,7,0,0,2,4
274,273,Derrick Coleman,1996-97,December,Philadelphia 76ers,Seattle SuperSonics,9,1,7,0,0,2,4
275,194,Mark Davis,1996-97,December,Philadelphia 76ers,Seattle SuperSonics,10,1,1,1,0,0,2
276,275,Mark Davis,1996-97,December,Philadelphia 76ers,Seattle SuperSonics,10,1,1,1,0,0,3
277,260,Detlef Schrempf,1996-97,December,Seattle SuperSonics,Philadelphia 76ers,12,6,4,0,1,0,2
278,277,Detlef Schrempf,1996-97,December,Seattle SuperSonics,Philadelphia 76ers,13,6,4,0,1,0,2
279,221,Scott Williams,1996-97,December,Philadelphia 76ers,Seattle SuperSonics,8,0,5,0,0,0,3
280,242,Allen Iverson,1996-97,December,Philadelphia 76ers,Seattle SuperSonics,7,8,2,0,1,6,1
281,258,Gary Payton,1996-97,December,Seattle SuperSonics,Philadelphia 76ers,22,4,5,0,2,1,2
282,268,Lucious Harris,1996-97,December,Seattle SuperSonics,Philadelphia 76ers,0,0,0,0,1,1,1
284,276,Mark Davis,1996-97,December,Philadelphia 76ers,Seattle SuperSonics,10,1,2,1,0,0,3
285,284,Mark Davis,1996-97,December,Philadelphia 76ers,Seattle SuperSonics,12,1,2,1,0,0,3
286,285,Mark Davis,1996-97,December,Philadelphia 76ers,Seattle SuperSonics,12,1,2,1,0,0,4
288,278,Detlef Schrempf,1996-97,December,Seattle SuperSonics,Philadelphia 76ers,14,6,4,0,1,0,2
289,272,Shawn Kemp,1996-97,December,Seattle SuperSonics,Philadelphia 76ers,14,0,10,1,1,5,3
292,274,Derrick Coleman,1996-97,December,Philadelphia 76ers,Seattle SuperSonics,9,1,8,0,0,2,4
294,267,Jim McIlvaine,1996-97,December,Philadelphia 76ers,Seattle SuperSonics,3,0,2,6,0,0,2
295,279,Scott Williams,1996-97,December,Philadelphia 76ers,Seattle SuperSonics,8,0,6,0,0,0,3
296,289,Shawn Kemp,1996-97,December,Seattle SuperSonics,Philadelphia 76ers,14,0,10,1,1,5,4
297,295,Scott Williams,1996-97,December,Philadelphia 76ers,Seattle SuperSonics,9,0,6,0,0,0,3
298,297,Scott Williams,1996-97,December,Philadelphia 76ers,Seattle SuperSonics,10,0,6,0,0,0,3
300,294,Jim McIlvaine,1996-97,December,Seattle SuperSonics,Philadelphia 76ers,3,0,3,6,0,0,2
301,300,Jim McIlvaine,1996-97,December,Seattle SuperSonics,Philadelphia 76ers,5,0,3,6,0,0,2
302,184,Sam Perkins,1996-97,December,Seattle SuperSonics,Philadelphia 76ers,12,1,2,0,0,0,1
303,280,Allen Iverson,1996-97,December,Philadelphia 76ers,Seattle SuperSonics,8,8,2,0,1,6,1
304,303,Allen Iverson,1996-97,December,Philadelphia 76ers,Seattle SuperSonics,9,8,2,0,1,6,1
305,281,Gary Payton,1996-97,December,Seattle SuperSonics,Philadelphia 76ers,22,4,5,0,2,2,2
306,298,Scott Williams,1996-97,December,Seattle SuperSonics,Philadelphia 76ers,10,0,6,0,1,0,3
307,304,Allen Iverson,1996-97,December,Philadelphia 76ers,Seattle SuperSonics,9,8,2,0,1,7,1
308,301,Jim McIlvaine,1996-97,December,Philadelphia 76ers,Seattle SuperSonics,5,0,3,6,1,0,2
309,308,Jim McIlvaine,1996-97,December,Seattle SuperSonics,Philadelphia 76ers,5,0,3,6,1,1,2
311,302,Sam Perkins,1996-97,December,Seattle SuperSonics,Philadelphia 76ers,12,1,3,0,0,0,1
312,305,Gary Payton,1996-97,December,Seattle SuperSonics,Philadelphia 76ers,24,4,5,0,2,2,2
313,312,Gary Payton,1996-97,December,Seattle SuperSonics,Philadelphia 76ers,24,4,5,0,2,2,3
314,307,Allen Iverson,1996-97,December,Philadelphia 76ers,Seattle SuperSonics,10,8,2,0,1,7,1
316,311,Sam Perkins,1996-97,December,Seattle SuperSonics,Philadelphia 76ers,12,1,4,0,0,0,1
318,316,Sam Perkins,1996-97,December,Seattle SuperSonics,Philadelphia 76ers,12,1,5,0,0,0,1
319,318,Sam Perkins,1996-97,December,Seattle SuperSonics,Philadelphia 76ers,15,1,5,0,0,0,1
320,148,Eric Snow,1996-97,December,Seattle SuperSonics,Philadelphia 76ers,2,5,0,0,0,1,2
321,292,Derrick Coleman,1996-97,December,Philadelphia 76ers,Seattle SuperSonics,11,1,8,0,0,2,4
322,286,Mark Davis,1996-97,December,Philadelphia 76ers,Seattle SuperSonics,12,2,2,1,0,0,4
323,313,Gary Payton,1996-97,December,Seattle SuperSonics,Philadelphia 76ers,26,4,5,0,2,2,3
324,321,Derrick Coleman,1996-97,December,Philadelphia 76ers,Seattle SuperSonics,11,1,8,0,0,3,4
325,319,Sam Perkins,1996-97,December,Philadelphia 76ers,Seattle SuperSonics,15,1,5,0,1,0,1
327,325,Sam Perkins,1996-97,December,Seattle SuperSonics,Philadelphia 76ers,17,1,5,0,1,0,1
328,234,Jerry Stackhouse,1996-97,December,Philadelphia 76ers,Seattle SuperSonics,19,6,3,2,0,3,1
329,314,Allen Iverson,1996-97,December,Philadelphia 76ers,Seattle SuperSonics,10,9,2,0,1,7,1
330,144,Craig Ehlo,1996-97,December,Seattle SuperSonics,Philadelphia 76ers,4,0,0,0,1,1,0
331,320,Eric Snow,1996-97,December,Seattle SuperSonics,Philadelphia 76ers,2,6,0,0,0,1,2
332,322,Mark Davis,1996-97,December,Philadelphia 76ers,Seattle SuperSonics,14,2,2,1,0,0,4
333,329,Allen Iverson,1996-97,December,Philadelphia 76ers,Seattle SuperSonics,10,10,2,0,1,7,1
334,309,Jim McIlvaine,1996-97,December,Seattle SuperSonics,Philadelphia 76ers,7,0,3,6,1,1,2
335,330,Craig Ehlo,1996-97,December,Seattle SuperSonics,Philadelphia 76ers,4,1,0,0,1,1,0
338,335,Craig Ehlo,1996-97,December,Seattle SuperSonics,Philadelphia 76ers,4,1,1,0,1,1,0
340,324,Derrick Coleman,1996-97,December,Seattle SuperSonics,Philadelphia 76ers,11,1,8,1,0,3,4
341,282,Lucious Harris,1996-97,December,Philadelphia 76ers,Seattle SuperSonics,0,0,1,0,1,1,1
342,333,Allen Iverson,1996-97,December,Philadelphia 76ers,Seattle SuperSonics,12,10,2,0,1,7,1
343,340,Derrick Coleman,1996-97,December,Philadelphia 76ers,Seattle SuperSonics,11,1,8,1,0,3,5
344,296,Shawn Kemp,1996-97,December,Seattle SuperSonics,Philadelphia 76ers,16,0,10,1,1,5,4
345,327,Sam Perkins,1996-97,December,Seattle SuperSonics,Philadelphia 76ers,17,2,5,0,1,0,1
346,306,Scott Williams,1996-97,December,Philadelphia 76ers,Seattle SuperSonics,12,0,6,0,1,0,3
347,332,Mark Davis,1996-97,December,Philadelphia 76ers,Seattle SuperSonics,14,3,2,1,0,0,4
348,331,Eric Snow,1996-97,December,Seattle SuperSonics,Philadelphia 76ers,4,6,0,0,0,1,2
349,344,Shawn Kemp,1996-97,December,Seattle SuperSonics,Philadelphia 76ers,16,1,10,1,1,5,4
350,338,Craig Ehlo,1996-97,December,Seattle SuperSonics,Philadelphia 76ers,4,1,1,0,1,1,1
351,347,Mark Davis,1996-97,December,Philadelphia 76ers,Seattle SuperSonics,16,3,2,1,0,0,4
352,342,Allen Iverson,1996-97,December,Philadelphia 76ers,Seattle SuperSonics,12,11,2,0,1,7,1
353,350,Craig Ehlo,1996-97,December,Seattle SuperSonics,Philadelphia 76ers,4,1,1,0,1,1,2
354,351,Mark Davis,1996-97,December,Philadelphia 76ers,Seattle SuperSonics,17,3,2,1,0,0,4
355,261,Clar. Weatherspoon,1996-97,December,Philadelphia 76ers,Seattle SuperSonics,11,4,4,0,0,1,2
356,345,Sam Perkins,1996-97,December,Seattle SuperSonics,Philadelphia 76ers,19,2,5,0,1,0,1
358,348,Eric Snow,1996-97,December,Seattle SuperSonics,Philadelphia 76ers,6,6,0,0,0,1,2
359,288,Detlef Schrempf,1996-97,December,Seattle SuperSonics,Philadelphia 76ers,14,7,4,0,1,0,2
360,341,Lucious Harris,1996-97,December,Philadelphia 76ers,Seattle SuperSonics,0,0,1,0,1,1,2
361,346,Scott Williams,1996-97,December,Philadelphia 76ers,Seattle SuperSonics,12,0,6,0,1,1,3
362,358,Eric Snow,1996-97,December,Seattle SuperSonics,Philadelphia 76ers,7,6,0,0,0,1,2
364,349,Shawn Kemp,1996-97,December,Seattle SuperSonics,Philadelphia 76ers,16,1,11,1,1,5,4
365,362,Eric Snow,1996-97,December,Seattle SuperSonics,Philadelphia 76ers,9,6,0,0,0,1,2
366,359,Detlef Schrempf,1996-97,December,Seattle SuperSonics,Philadelphia 76ers,14,8,4,0,1,0,2
368,364,Shawn Kemp,1996-97,December,Seattle SuperSonics,Philadelphia 76ers,16,1,12,1,1,5,4
369,354,Mark Davis,1996-97,December,Philadelphia 76ers,Seattle SuperSonics,17,3,2,1,0,0,5
371,368,Shawn Kemp,1996-97,December,Seattle SuperSonics,Philadelphia 76ers,16,1,13,1,1,5,4
372,355,Clar. Weatherspoon,1996-97,December,Philadelphia 76ers,Seattle SuperSonics,11,4,4,0,0,1,3
374,371,Shawn Kemp,1996-97,December,Seattle SuperSonics,Philadelphia 76ers,17,1,13,1,1,5,4
376,365,Eric Snow,1996-97,December,Seattle SuperSonics,Philadelphia 76ers,9,6,1,0,0,1,2
377,374,Shawn Kemp,1996-97,December,Seattle SuperSonics,Philadelphia 76ers,19,1,13,1,1,5,4
378,376,Eric Snow,1996-97,December,Seattle SuperSonics,Philadelphia 76ers,9,7,1,0,0,1,2
379,377,Shawn Kemp,1996-97,December,Seattle SuperSonics,Philadelphia 76ers,19,1,13,1,1,5,4
380,360,Lucious Harris,1996-97,December,Philadelphia 76ers,Seattle SuperSonics,1,0,1,0,1,1,2
381,343,Derrick Coleman,1996-97,December,Philadelphia 76ers,Seattle SuperSonics,13,1,8,1,0,3,5
382,369,Mark Davis,1996-97,December,Philadelphia 76ers,Seattle SuperSonics,17,4,2,1,0,0,5
384,381,Derrick Coleman,1996-97,December,Philadelphia 76ers,Seattle SuperSonics,13,1,9,1,0,3,5
385,380,Lucious Harris,1996-97,December,Philadelphia 76ers,Seattle SuperSonics,3,0,1,0,1,1,2
386,384,Derrick Coleman,1996-97,December,Philadelphia 76ers,Seattle SuperSonics,13,2,9,1,0,3,5
387,356,Sam Perkins,1996-97,December,Seattle SuperSonics,Philadelphia 76ers,19,2,5,0,1,1,1
388,372,Clar. Weatherspoon,1996-97,December,Seattle SuperSonics,Philadelphia 76ers,11,4,4,0,1,1,3
390,379,Shawn Kemp,1996-97,December,Seattle SuperSonics,Philadelphia 76ers,19,1,14,1,1,5,4
391,387,Sam Perkins,1996-97,December,Seattle SuperSonics,Philadelphia 76ers,22,2,5,0,1,1,1
392,378,Eric Snow,1996-97,December,Seattle SuperSonics,Philadelphia 76ers,9,8,1,0,0,1,2
394,353,Craig Ehlo,1996-97,December,Seattle SuperSonics,Philadelphia 76ers,4,1,2,0,1,1,2
395,390,Shawn Kemp,1996-97,December,Seattle SuperSonics,Philadelphia 76ers,21,1,14,1,1,5,4
396,394,Craig Ehlo,1996-97,December,Seattle SuperSonics,Philadelphia 76ers,4,2,2,0,1,1,2
398,395,Shawn Kemp,1996-97,December,Philadelphia 76ers,Seattle SuperSonics,21,1,14,2,1,5,4
399,398,Shawn Kemp,1996-97,December,Seattle SuperSonics,Philadelphia 76ers,21,1,15,2,1,5,4
400,396,Craig Ehlo,1996-97,December,Seattle SuperSonics,Philadelphia 76ers,6,2,2,0,1,1,2
401,399,Shawn Kemp,1996-97,December,Seattle SuperSonics,Philadelphia 76ers,21,2,15,2,1,5,4
402,382,Mark Davis,1996-97,December,Philadelphia 76ers,Seattle SuperSonics,17,4,2,1,0,1,5
404,0,Mark Hendrickson,1996-97,December,Seattle SuperSonics,Philadelphia 76ers,0,0,0,1,0,0,0
405,404,Mark Hendrickson,1996-97,December,Philadelphia 76ers,Seattle SuperSonics,0,0,1,1,0,0,0
407,400,Craig Ehlo,1996-97,December,Seattle SuperSonics,Philadelphia 76ers,6,2,3,0,1,1,2
409,334,Jim McIlvaine,1996-97,December,Seattle SuperSonics,Philadelphia 76ers,7,0,4,6,1,1,2
410,409,Jim McIlvaine,1996-97,December,Seattle SuperSonics,Philadelphia 76ers,9,0,4,6,1,1,2
411,407,Craig Ehlo,1996-97,December,Seattle SuperSonics,Philadelphia 76ers,6,2,3,0,1,1,3
412,0,Mark Bradtke,1996-97,December,Philadelphia 76ers,Seattle SuperSonics,2,0,0,0,0,0,0
413,402,Mark Davis,1996-97,December,Philadelphia 76ers,Seattle SuperSonics,17,5,2,1,0,1,5
414,392,Eric Snow,1996-97,December,Seattle SuperSonics,Philadelphia 76ers,11,8,1,0,0,1,2
416,0,Antonio Harvey,1996-97,December,Seattle SuperSonics,Philadelphia 76ers,0,0,1,0,0,0,0
417,414,Eric Snow,1996-97,December,Seattle SuperSonics,Philadelphia 76ers,11,8,1,0,0,2,2
418,385,Lucious Harris,1996-97,December,Seattle SuperSonics,Philadelphia 76ers,3,0,1,0,2,1,2
419,126,Doug Overton,1996-97,December,Philadelphia 76ers,Seattle SuperSonics,2,0,0,0,0,1,0
420,125,Larry Stewart,1996-97,December,Philadelphia 76ers,Seattle SuperSonics,0,0,0,0,1,0,1
422,413,Mark Davis,1996-97,December,Philadelphia 76ers,Seattle SuperSonics,17,5,3,1,0,1,5
424,0,Greg Graham,1996-97,December,Seattle SuperSonics,Philadelphia 76ers,0,0,1,0,0,0,0
425,405,Mark Hendrickson,1996-97,December,Philadelphia 76ers,Seattle SuperSonics,0,0,1,1,0,0,1
426,416,Antonio Harvey,1996-97,December,Seattle SuperSonics,Philadelphia 76ers,1,0,1,0,0,0,0
427,426,Antonio Harvey,1996-97,December,Seattle SuperSonics,Philadelphia 76ers,2,0,1,0,0,0,0
428,424,Greg Graham,1996-97,December,Seattle SuperSonics,Philadelphia 76ers,0,0,1,0,0,0,1
429,422,Mark Davis,1996-97,December,Philadelphia 76ers,Seattle SuperSonics,20,5,3,1,0,1,5
430,419,Doug Overton,1996-97,December,Philadelphia 76ers,Seattle SuperSonics,2,1,0,0,0,1,0
432,429,Mark Davis,1996-97,December,Philadelphia 76ers,Seattle SuperSonics,20,5,4,1,0,1,5
433,430,Doug Overton,1996-97,December,Philadelphia 76ers,Seattle SuperSonics,2,1,0,0,0,2,0
435,420,Larry Stewart,1996-97,December,Seattle SuperSonics,Philadelphia 76ers,0,0,1,0,1,0,1
436,435,Larry Stewart,1996-97,December,Seattle SuperSonics,Philadelphia 76ers,2,0,1,0,1,0,1
438,425,Mark Hendrickson,1996-97,December,Philadelphia 76ers,Seattle SuperSonics,0,0,2,1,0,0,1
440,417,Eric Snow,1996-97,December,Seattle SuperSonics,Philadelphia 76ers,11,8,2,0,0,2,2
442,418,Lucious Harris,1996-97,December,Seattle SuperSonics,Philadelphia 76ers,3,0,1,1,2,1,2
443,428,Greg Graham,1996-97,December,Seattle SuperSonics,Philadelphia 76ers,0,0,2,0,0,0,1
445,427,Antonio Harvey,1996-97,December,Seattle SuperSonics,Philadelphia 76ers,2,0,2,0,0,0,0
447,412,Mark Bradtke,1996-97,December,Philadelphia 76ers,Seattle SuperSonics,2,0,1,0,0,0,0
