id,previous_id,player,season,month,team,opponent_team,points,assists,rebounds,blocks,steals,turnovers,personal fouls
2,0,Mark Jackson,1996-97,December,Denver Nuggets,Atlanta Hawks,0,0,1,0,0,0,0
4,0,Mookie Blaylock,1996-97,December,Atlanta Hawks,Denver Nuggets,0,0,1,0,0,0,0
6,0,Ervin Johnson,1996-97,December,Denver Nuggets,Atlanta Hawks,0,0,1,0,0,0,0
8,6,Ervin Johnson,1996-97,December,Denver Nuggets,Atlanta Hawks,0,0,2,0,0,0,0
10,0,Bryant Stith,1996-97,December,Denver Nuggets,Atlanta Hawks,0,0,1,0,0,0,0
12,0,Dikembe Mutombo,1996-97,December,Atlanta Hawks,Denver Nuggets,0,0,0,1,0,0,0
13,12,Dikembe Mutombo,1996-97,December,Atlanta Hawks,Denver Nuggets,0,0,1,1,0,0,0
14,0,Christian Laettner,1996-97,December,Atlanta Hawks,Denver Nuggets,2,0,0,0,0,0,0
15,8,Ervin Johnson,1996-97,December,Denver Nuggets,Atlanta Hawks,0,0,2,0,0,1,0
16,0,Tyrone Corbin,1996-97,December,Atlanta Hawks,Denver Nuggets,2,0,0,0,0,0,0
17,4,Mookie Blaylock,1996-97,December,Atlanta Hawks,Denver Nuggets,0,1,1,0,0,0,0
18,0,Dale Ellis,1996-97,December,Denver Nuggets,Atlanta Hawks,3,0,0,0,0,0,0
19,10,Bryant Stith,1996-97,December,Denver Nuggets,Atlanta Hawks,0,1,1,0,0,0,0
21,13,Dikembe Mutombo,1996-97,December,Atlanta Hawks,Denver Nuggets,0,0,2,1,0,0,0
23,0,Antonio McDyess,1996-97,December,Denver Nuggets,Atlanta Hawks,0,0,1,0,0,0,0
24,19,Bryant Stith,1996-97,December,Denver Nuggets,Atlanta Hawks,2,1,1,0,0,0,0
25,2,Mark Jackson,1996-97,December,Denver Nuggets,Atlanta Hawks,0,1,1,0,0,0,0
26,17,Mookie Blaylock,1996-97,December,Atlanta Hawks,Denver Nuggets,2,1,1,0,0,0,0
28,23,Antonio McDyess,1996-97,December,Denver Nuggets,Atlanta Hawks,0,0,2,0,0,0,0
29,25,Mark Jackson,1996-97,December,Denver Nuggets,Atlanta Hawks,2,1,1,0,0,0,0
30,21,Dikembe Mutombo,1996-97,December,Atlanta Hawks,Denver Nuggets,0,0,2,1,0,1,0
31,24,Bryant Stith,1996-97,December,Denver Nuggets,Atlanta Hawks,2,1,1,0,1,0,0
32,31,Bryant Stith,1996-97,December,Denver Nuggets,Atlanta Hawks,4,1,1,0,1,0,0
34,18,Dale Ellis,1996-97,December,Denver Nuggets,Atlanta Hawks,3,0,1,0,0,0,0
36,32,Bryant Stith,1996-97,December,Denver Nuggets,Atlanta Hawks,4,1,2,0,1,0,0
37,36,Bryant Stith,1996-97,December,Denver Nuggets,Atlanta Hawks,6,1,2,0,1,0,0
38,16,Tyrone Corbin,1996-97,December,Atlanta Hawks,Denver Nuggets,2,0,0,0,0,1,0
39,28,Antonio McDyess,1996-97,December,Denver Nuggets,Atlanta Hawks,0,0,2,0,1,0,0
41,0,Steven Smith,1996-97,December,Atlanta Hawks,Denver Nuggets,0,0,1,0,0,0,0
42,15,Ervin Johnson,1996-97,December,Denver Nuggets,Atlanta Hawks,0,0,2,0,0,1,1
43,26,Mookie Blaylock,1996-97,December,Atlanta Hawks,Denver Nuggets,3,1,1,0,0,0,0
44,43,Mookie Blaylock,1996-97,December,Atlanta Hawks,Denver Nuggets,4,1,1,0,0,0,0
46,41,Steven Smith,1996-97,December,Atlanta Hawks,Denver Nuggets,0,0,2,0,0,0,0
47,38,Tyrone Corbin,1996-97,December,Atlanta Hawks,Denver Nuggets,4,0,0,0,0,1,0
49,44,Mookie Blaylock,1996-97,December,Atlanta Hawks,Denver Nuggets,4,1,2,0,0,0,0
51,47,Tyrone Corbin,1996-97,December,Atlanta Hawks,Denver Nuggets,4,0,1,0,0,1,0
53,42,Ervin Johnson,1996-97,December,Denver Nuggets,Atlanta Hawks,0,0,3,0,0,1,1
55,51,Tyrone Corbin,1996-97,December,Atlanta Hawks,Denver Nuggets,4,0,2,0,0,1,0
56,46,Steven Smith,1996-97,December,Atlanta Hawks,Denver Nuggets,0,0,2,0,0,1,0
57,34,Dale Ellis,1996-97,December,Denver Nuggets,Atlanta Hawks,5,0,1,0,0,0,0
58,29,Mark Jackson,1996-97,December,Denver Nuggets,Atlanta Hawks,2,2,1,0,0,0,0
60,58,Mark Jackson,1996-97,December,Denver Nuggets,Atlanta Hawks,2,2,2,0,0,0,0
61,57,Dale Ellis,1996-97,December,Denver Nuggets,Atlanta Hawks,5,0,1,0,0,1,0
62,30,Dikembe Mutombo,1996-97,December,Atlanta Hawks,Denver Nuggets,0,0,2,1,1,1,0
63,53,Ervin Johnson,1996-97,December,Denver Nuggets,Atlanta Hawks,0,0,3,0,0,1,2
65,55,Tyrone Corbin,1996-97,December,Atlanta Hawks,Denver Nuggets,4,0,3,0,0,1,0
67,62,Dikembe Mutombo,1996-97,December,Atlanta Hawks,Denver Nuggets,0,0,2,1,1,1,1
69,39,Antonio McDyess,1996-97,December,Denver Nuggets,Atlanta Hawks,0,0,3,0,1,0,0
71,67,Dikembe Mutombo,1996-97,December,Atlanta Hawks,Denver Nuggets,0,0,3,1,1,1,1
72,14,Christian Laettner,1996-97,December,Atlanta Hawks,Denver Nuggets,4,0,0,0,0,0,0
73,69,Antonio McDyess,1996-97,December,Denver Nuggets,Atlanta Hawks,0,0,3,0,1,0,1
74,72,Christian Laettner,1996-97,December,Atlanta Hawks,Denver Nuggets,5,0,0,0,0,0,0
76,37,Bryant Stith,1996-97,December,Denver Nuggets,Atlanta Hawks,6,1,3,0,1,0,0
78,74,Christian Laettner,1996-97,December,Atlanta Hawks,Denver Nuggets,5,0,1,0,0,0,0
79,78,Christian Laettner,1996-97,December,Atlanta Hawks,Denver Nuggets,7,0,1,0,0,0,0
80,56,Steven Smith,1996-97,December,Atlanta Hawks,Denver Nuggets,0,1,2,0,0,1,0
81,79,Christian Laettner,1996-97,December,Atlanta Hawks,Denver Nuggets,7,0,1,0,0,0,1
83,65,Tyrone Corbin,1996-97,December,Atlanta Hawks,Denver Nuggets,4,0,4,0,0,1,0
85,73,Antonio McDyess,1996-97,December,Denver Nuggets,Atlanta Hawks,0,0,4,0,1,0,1
86,61,Dale Ellis,1996-97,December,Denver Nuggets,Atlanta Hawks,8,0,1,0,0,1,0
87,60,Mark Jackson,1996-97,December,Denver Nuggets,Atlanta Hawks,2,3,2,0,0,0,0
89,71,Dikembe Mutombo,1996-97,December,Atlanta Hawks,Denver Nuggets,0,0,4,1,1,1,1
90,89,Dikembe Mutombo,1996-97,December,Atlanta Hawks,Denver Nuggets,2,0,4,1,1,1,1
92,85,Antonio McDyess,1996-97,December,Denver Nuggets,Atlanta Hawks,0,0,4,0,1,0,2
94,0,LaPhonso Ellis,1996-97,December,Denver Nuggets,Atlanta Hawks,0,0,0,1,0,0,0
95,76,Bryant Stith,1996-97,December,Denver Nuggets,Atlanta Hawks,6,1,4,0,1,0,0
96,95,Bryant Stith,1996-97,December,Denver Nuggets,Atlanta Hawks,6,1,4,0,1,0,1
97,96,Bryant Stith,1996-97,December,Denver Nuggets,Atlanta Hawks,6,1,4,0,1,1,1
98,81,Christian Laettner,1996-97,December,Atlanta Hawks,Denver Nuggets,7,0,1,0,0,1,1
99,86,Dale Ellis,1996-97,December,Denver Nuggets,Atlanta Hawks,8,0,1,0,1,1,0
100,94,LaPhonso Ellis,1996-97,December,Denver Nuggets,Atlanta Hawks,0,0,0,1,0,0,1
101,100,LaPhonso Ellis,1996-97,December,Denver Nuggets,Atlanta Hawks,0,0,0,1,0,1,1
102,49,Mookie Blaylock,1996-97,December,Atlanta Hawks,Denver Nuggets,6,1,2,0,0,0,0
103,87,Mark Jackson,1996-97,December,Denver Nuggets,Atlanta Hawks,4,3,2,0,0,0,0
106,98,Christian Laettner,1996-97,December,Atlanta Hawks,Denver Nuggets,7,0,2,0,0,1,1
107,0,Eldridge Recasner,1996-97,December,Atlanta Hawks,Denver Nuggets,3,0,0,0,0,0,0
108,83,Tyrone Corbin,1996-97,December,Atlanta Hawks,Denver Nuggets,4,1,4,0,0,1,0
110,0,Ivano Newbill,1996-97,December,Atlanta Hawks,Denver Nuggets,0,0,1,0,0,0,0
111,102,Mookie Blaylock,1996-97,December,Atlanta Hawks,Denver Nuggets,8,1,2,0,0,0,0
112,101,LaPhonso Ellis,1996-97,December,Denver Nuggets,Atlanta Hawks,2,0,0,1,0,1,1
113,0,Tom Hammonds,1996-97,December,Denver Nuggets,Atlanta Hawks,0,0,0,0,0,0,1
114,106,Christian Laettner,1996-97,December,Atlanta Hawks,Denver Nuggets,8,0,2,0,0,1,1
115,114,Christian Laettner,1996-97,December,Atlanta Hawks,Denver Nuggets,9,0,2,0,0,1,1
116,115,Christian Laettner,1996-97,December,Atlanta Hawks,Denver Nuggets,9,0,2,0,0,1,2
117,99,Dale Ellis,1996-97,December,Denver Nuggets,Atlanta Hawks,8,0,1,0,1,2,0
118,116,Christian Laettner,1996-97,December,Atlanta Hawks,Denver Nuggets,9,0,2,0,1,1,2
120,113,Tom Hammonds,1996-97,December,Denver Nuggets,Atlanta Hawks,0,0,1,0,0,0,1
122,110,Ivano Newbill,1996-97,December,Atlanta Hawks,Denver Nuggets,0,0,1,1,0,0,0
123,122,Ivano Newbill,1996-97,December,Atlanta Hawks,Denver Nuggets,0,0,2,1,0,0,0
124,111,Mookie Blaylock,1996-97,December,Atlanta Hawks,Denver Nuggets,11,1,2,0,0,0,0
125,107,Eldridge Recasner,1996-97,December,Atlanta Hawks,Denver Nuggets,3,1,0,0,0,0,0
127,120,Tom Hammonds,1996-97,December,Denver Nuggets,Atlanta Hawks,0,0,2,0,0,0,1
129,127,Tom Hammonds,1996-97,December,Denver Nuggets,Atlanta Hawks,0,0,3,0,0,0,1
131,123,Ivano Newbill,1996-97,December,Atlanta Hawks,Denver Nuggets,0,0,3,1,0,0,0
132,117,Dale Ellis,1996-97,December,Denver Nuggets,Atlanta Hawks,8,0,1,0,1,2,1
133,131,Ivano Newbill,1996-97,December,Atlanta Hawks,Denver Nuggets,0,0,3,1,0,1,0
134,132,Dale Ellis,1996-97,December,Denver Nuggets,Atlanta Hawks,8,0,1,0,2,2,1
136,108,Tyrone Corbin,1996-97,December,Atlanta Hawks,Denver Nuggets,4,1,5,0,0,1,0
137,0,Willie Burton,1996-97,December,Atlanta Hawks,Denver Nuggets,2,0,0,0,0,0,0
138,136,Tyrone Corbin,1996-97,December,Atlanta Hawks,Denver Nuggets,4,2,5,0,0,1,0
139,137,Willie Burton,1996-97,December,Atlanta Hawks,Denver Nuggets,2,0,0,0,0,0,1
140,129,Tom Hammonds,1996-97,December,Denver Nuggets,Atlanta Hawks,1,0,3,0,0,0,1
142,90,Dikembe Mutombo,1996-97,December,Atlanta Hawks,Denver Nuggets,2,0,5,1,1,1,1
143,0,Brooks Thompson,1996-97,December,Denver Nuggets,Atlanta Hawks,0,0,0,0,0,0,1
144,139,Willie Burton,1996-97,December,Atlanta Hawks,Denver Nuggets,4,0,0,0,0,0,1
145,80,Steven Smith,1996-97,December,Atlanta Hawks,Denver Nuggets,0,2,2,0,0,1,0
147,143,Brooks Thompson,1996-97,December,Denver Nuggets,Atlanta Hawks,0,0,1,0,0,0,1
148,147,Brooks Thompson,1996-97,December,Denver Nuggets,Atlanta Hawks,2,0,1,0,0,0,1
149,142,Dikembe Mutombo,1996-97,December,Atlanta Hawks,Denver Nuggets,2,0,5,1,1,2,1
150,0,Jeff McInnis,1996-97,December,Denver Nuggets,Atlanta Hawks,0,0,0,0,1,0,0
152,0,Ken Norman,1996-97,December,Atlanta Hawks,Denver Nuggets,0,0,1,0,0,0,0
155,144,Willie Burton,1996-97,December,Atlanta Hawks,Denver Nuggets,4,0,1,0,0,0,1
156,155,Willie Burton,1996-97,December,Atlanta Hawks,Denver Nuggets,4,0,1,0,0,0,2
157,156,Willie Burton,1996-97,December,Atlanta Hawks,Denver Nuggets,4,0,1,0,0,1,2
159,92,Antonio McDyess,1996-97,December,Denver Nuggets,Atlanta Hawks,0,0,5,0,1,0,2
160,159,Antonio McDyess,1996-97,December,Denver Nuggets,Atlanta Hawks,2,0,5,0,1,0,2
162,160,Antonio McDyess,1996-97,December,Denver Nuggets,Atlanta Hawks,2,0,6,0,1,0,2
163,125,Eldridge Recasner,1996-97,December,Atlanta Hawks,Denver Nuggets,3,1,0,0,0,0,1
164,162,Antonio McDyess,1996-97,December,Denver Nuggets,Atlanta Hawks,4,0,6,0,1,0,2
166,112,LaPhonso Ellis,1996-97,December,Denver Nuggets,Atlanta Hawks,2,0,0,2,0,1,1
167,152,Ken Norman,1996-97,December,Atlanta Hawks,Denver Nuggets,0,0,2,0,0,0,0
169,163,Eldridge Recasner,1996-97,December,Atlanta Hawks,Denver Nuggets,3,1,1,0,0,0,1
170,148,Brooks Thompson,1996-97,December,Denver Nuggets,Atlanta Hawks,2,0,1,0,0,0,2
171,169,Eldridge Recasner,1996-97,December,Atlanta Hawks,Denver Nuggets,6,1,1,0,0,0,1
172,166,LaPhonso Ellis,1996-97,December,Denver Nuggets,Atlanta Hawks,4,0,0,2,0,1,1
174,172,LaPhonso Ellis,1996-97,December,Denver Nuggets,Atlanta Hawks,4,0,0,3,0,1,1
175,103,Mark Jackson,1996-97,December,Denver Nuggets,Atlanta Hawks,4,3,3,0,0,0,0
177,149,Dikembe Mutombo,1996-97,December,Atlanta Hawks,Denver Nuggets,2,0,6,1,1,2,1
179,171,Eldridge Recasner,1996-97,December,Atlanta Hawks,Denver Nuggets,6,1,2,0,0,0,1
180,179,Eldridge Recasner,1996-97,December,Atlanta Hawks,Denver Nuggets,6,1,2,0,0,1,1
181,170,Brooks Thompson,1996-97,December,Denver Nuggets,Atlanta Hawks,2,0,1,0,1,0,2
182,181,Brooks Thompson,1996-97,December,Denver Nuggets,Atlanta Hawks,5,0,1,0,1,0,2
184,167,Ken Norman,1996-97,December,Atlanta Hawks,Denver Nuggets,0,0,3,0,0,0,0
186,140,Tom Hammonds,1996-97,December,Denver Nuggets,Atlanta Hawks,1,0,4,0,0,0,1
188,177,Dikembe Mutombo,1996-97,December,Atlanta Hawks,Denver Nuggets,2,0,7,1,1,2,1
189,188,Dikembe Mutombo,1996-97,December,Atlanta Hawks,Denver Nuggets,2,0,7,1,1,2,1
190,134,Dale Ellis,1996-97,December,Denver Nuggets,Atlanta Hawks,9,0,1,0,2,2,1
192,164,Antonio McDyess,1996-97,December,Denver Nuggets,Atlanta Hawks,4,0,7,0,1,0,2
195,175,Mark Jackson,1996-97,December,Denver Nuggets,Atlanta Hawks,4,3,4,0,0,0,0
197,118,Christian Laettner,1996-97,December,Atlanta Hawks,Denver Nuggets,9,0,3,0,1,1,2
199,192,Antonio McDyess,1996-97,December,Denver Nuggets,Atlanta Hawks,4,0,7,1,1,0,2
200,197,Christian Laettner,1996-97,December,Atlanta Hawks,Denver Nuggets,9,0,4,0,1,1,2
202,186,Tom Hammonds,1996-97,December,Denver Nuggets,Atlanta Hawks,1,0,5,0,0,0,1
204,189,Dikembe Mutombo,1996-97,December,Atlanta Hawks,Denver Nuggets,2,0,7,2,1,2,1
205,138,Tyrone Corbin,1996-97,December,Atlanta Hawks,Denver Nuggets,4,2,6,0,0,1,0
206,182,Brooks Thompson,1996-97,December,Denver Nuggets,Atlanta Hawks,5,0,1,0,1,0,3
207,124,Mookie Blaylock,1996-97,December,Atlanta Hawks,Denver Nuggets,12,1,2,0,0,0,0
208,207,Mookie Blaylock,1996-97,December,Atlanta Hawks,Denver Nuggets,13,1,2,0,0,0,0
209,145,Steven Smith,1996-97,December,Atlanta Hawks,Denver Nuggets,0,2,2,0,0,1,1
210,190,Dale Ellis,1996-97,December,Denver Nuggets,Atlanta Hawks,11,0,1,0,2,2,1
211,195,Mark Jackson,1996-97,December,Denver Nuggets,Atlanta Hawks,4,4,4,0,0,0,0
212,209,Steven Smith,1996-97,December,Atlanta Hawks,Denver Nuggets,2,2,2,0,0,1,1
214,199,Antonio McDyess,1996-97,December,Denver Nuggets,Atlanta Hawks,4,0,8,1,1,0,2
216,210,Dale Ellis,1996-97,December,Denver Nuggets,Atlanta Hawks,11,0,2,0,2,2,1
218,204,Dikembe Mutombo,1996-97,December,Atlanta Hawks,Denver Nuggets,2,0,8,2,1,2,1
219,63,Ervin Johnson,1996-97,December,Denver Nuggets,Atlanta Hawks,0,0,3,0,0,1,3
220,219,Ervin Johnson,1996-97,December,Denver Nuggets,Atlanta Hawks,0,0,3,0,0,1,4
221,212,Steven Smith,1996-97,December,Atlanta Hawks,Denver Nuggets,3,2,2,0,0,1,1
222,221,Steven Smith,1996-97,December,Atlanta Hawks,Denver Nuggets,4,2,2,0,0,1,1
223,222,Steven Smith,1996-97,December,Atlanta Hawks,Denver Nuggets,4,2,2,0,0,1,2
225,97,Bryant Stith,1996-97,December,Denver Nuggets,Atlanta Hawks,6,1,5,0,1,1,1
226,200,Christian Laettner,1996-97,December,Atlanta Hawks,Denver Nuggets,9,0,4,0,1,1,3
227,225,Bryant Stith,1996-97,December,Denver Nuggets,Atlanta Hawks,7,1,5,0,1,1,1
228,227,Bryant Stith,1996-97,December,Denver Nuggets,Atlanta Hawks,8,1,5,0,1,1,1
230,211,Mark Jackson,1996-97,December,Denver Nuggets,Atlanta Hawks,4,4,5,0,0,0,0
231,228,Bryant Stith,1996-97,December,Denver Nuggets,Atlanta Hawks,10,1,5,0,1,1,1
232,214,Antonio McDyess,1996-97,December,Denver Nuggets,Atlanta Hawks,4,0,8,1,1,0,3
233,226,Christian Laettner,1996-97,December,Atlanta Hawks,Denver Nuggets,10,0,4,0,1,1,3
234,233,Christian Laettner,1996-97,December,Atlanta Hawks,Denver Nuggets,11,0,4,0,1,1,3
236,205,Tyrone Corbin,1996-97,December,Atlanta Hawks,Denver Nuggets,4,2,7,0,0,1,0
237,234,Christian Laettner,1996-97,December,Atlanta Hawks,Denver Nuggets,13,0,4,0,1,1,3
239,231,Bryant Stith,1996-97,December,Denver Nuggets,Atlanta Hawks,10,1,5,0,1,1,2
240,237,Christian Laettner,1996-97,December,Atlanta Hawks,Denver Nuggets,15,0,4,0,1,1,3
241,208,Mookie Blaylock,1996-97,December,Atlanta Hawks,Denver Nuggets,13,2,2,0,0,0,0
242,230,Mark Jackson,1996-97,December,Denver Nuggets,Atlanta Hawks,6,4,5,0,0,0,0
244,240,Christian Laettner,1996-97,December,Atlanta Hawks,Denver Nuggets,15,0,5,0,1,1,3
246,244,Christian Laettner,1996-97,December,Atlanta Hawks,Denver Nuggets,15,0,6,0,1,1,3
247,223,Steven Smith,1996-97,December,Atlanta Hawks,Denver Nuggets,6,2,2,0,0,1,2
248,246,Christian Laettner,1996-97,December,Atlanta Hawks,Denver Nuggets,15,1,6,0,1,1,3
250,218,Dikembe Mutombo,1996-97,December,Atlanta Hawks,Denver Nuggets,2,0,9,2,1,2,1
251,248,Christian Laettner,1996-97,December,Atlanta Hawks,Denver Nuggets,17,1,6,0,1,1,3
252,241,Mookie Blaylock,1996-97,December,Atlanta Hawks,Denver Nuggets,13,3,2,0,0,0,0
254,250,Dikembe Mutombo,1996-97,December,Atlanta Hawks,Denver Nuggets,2,0,10,2,1,2,1
255,247,Steven Smith,1996-97,December,Atlanta Hawks,Denver Nuggets,8,2,2,0,0,1,2
256,252,Mookie Blaylock,1996-97,December,Atlanta Hawks,Denver Nuggets,13,4,2,0,0,0,0
257,254,Dikembe Mutombo,1996-97,December,Atlanta Hawks,Denver Nuggets,2,0,10,2,1,2,2
258,242,Mark Jackson,1996-97,December,Denver Nuggets,Atlanta Hawks,7,4,5,0,0,0,0
260,257,Dikembe Mutombo,1996-97,December,Atlanta Hawks,Denver Nuggets,2,0,11,2,1,2,2
261,255,Steven Smith,1996-97,December,Atlanta Hawks,Denver Nuggets,10,2,2,0,0,1,2
263,174,LaPhonso Ellis,1996-97,December,Denver Nuggets,Atlanta Hawks,4,0,1,3,0,1,1
265,236,Tyrone Corbin,1996-97,December,Atlanta Hawks,Denver Nuggets,4,2,8,0,0,1,0
266,216,Dale Ellis,1996-97,December,Denver Nuggets,Atlanta Hawks,11,0,2,0,2,2,2
267,261,Steven Smith,1996-97,December,Atlanta Hawks,Denver Nuggets,11,2,2,0,0,1,2
268,267,Steven Smith,1996-97,December,Atlanta Hawks,Denver Nuggets,12,2,2,0,0,1,2
269,206,Brooks Thompson,1996-97,December,Denver Nuggets,Atlanta Hawks,5,0,1,0,1,1,3
270,263,LaPhonso Ellis,1996-97,December,Denver Nuggets,Atlanta Hawks,4,0,1,3,0,1,2
272,251,Christian Laettner,1996-97,December,Atlanta Hawks,Denver Nuggets,18,1,6,0,1,1,3
274,256,Mookie Blaylock,1996-97,December,Atlanta Hawks,Denver Nuggets,13,4,3,0,0,0,0
275,260,Dikembe Mutombo,1996-97,December,Atlanta Hawks,Denver Nuggets,4,0,11,2,1,2,2
276,268,Steven Smith,1996-97,December,Atlanta Hawks,Denver Nuggets,12,3,2,0,0,1,2
277,265,Tyrone Corbin,1996-97,December,Atlanta Hawks,Denver Nuggets,4,2,8,0,0,1,1
278,202,Tom Hammonds,1996-97,December,Denver Nuggets,Atlanta Hawks,2,0,5,0,0,0,1
280,272,Christian Laettner,1996-97,December,Atlanta Hawks,Denver Nuggets,18,1,7,0,1,1,3
282,280,Christian Laettner,1996-97,December,Atlanta Hawks,Denver Nuggets,18,1,7,0,1,1,4
283,232,Antonio McDyess,1996-97,December,Denver Nuggets,Atlanta Hawks,5,0,8,1,1,0,3
285,275,Dikembe Mutombo,1996-97,December,Atlanta Hawks,Denver Nuggets,4,0,12,2,1,2,2
287,283,Antonio McDyess,1996-97,December,Denver Nuggets,Atlanta Hawks,5,0,9,1,1,0,3
288,270,LaPhonso Ellis,1996-97,December,Denver Nuggets,Atlanta Hawks,6,0,1,3,0,1,2
289,258,Mark Jackson,1996-97,December,Denver Nuggets,Atlanta Hawks,7,5,5,0,0,0,0
291,287,Antonio McDyess,1996-97,December,Denver Nuggets,Atlanta Hawks,5,0,10,1,1,0,3
292,278,Tom Hammonds,1996-97,December,Denver Nuggets,Atlanta Hawks,4,0,5,0,0,0,1
293,291,Antonio McDyess,1996-97,December,Denver Nuggets,Atlanta Hawks,5,1,10,1,1,0,3
295,276,Steven Smith,1996-97,December,Atlanta Hawks,Denver Nuggets,12,3,3,0,0,1,2
297,293,Antonio McDyess,1996-97,December,Denver Nuggets,Atlanta Hawks,5,1,11,1,1,0,3
298,269,Brooks Thompson,1996-97,December,Denver Nuggets,Atlanta Hawks,8,0,1,0,1,1,3
300,298,Brooks Thompson,1996-97,December,Denver Nuggets,Atlanta Hawks,8,0,2,0,1,1,3
302,277,Tyrone Corbin,1996-97,December,Atlanta Hawks,Denver Nuggets,4,2,8,1,0,1,1
303,288,LaPhonso Ellis,1996-97,December,Denver Nuggets,Atlanta Hawks,8,0,1,3,0,1,2
304,300,Brooks Thompson,1996-97,December,Denver Nuggets,Atlanta Hawks,8,1,2,0,1,1,3
305,274,Mookie Blaylock,1996-97,December,Atlanta Hawks,Denver Nuggets,13,4,3,0,0,1,0
306,303,LaPhonso Ellis,1996-97,December,Denver Nuggets,Atlanta Hawks,8,0,1,3,1,1,2
307,302,Tyrone Corbin,1996-97,December,Atlanta Hawks,Denver Nuggets,4,2,8,1,0,1,2
309,306,LaPhonso Ellis,1996-97,December,Denver Nuggets,Atlanta Hawks,9,0,1,3,1,1,2
310,297,Antonio McDyess,1996-97,December,Denver Nuggets,Atlanta Hawks,5,1,11,1,1,0,4
311,157,Willie Burton,1996-97,December,Atlanta Hawks,Denver Nuggets,5,0,1,0,0,1,2
312,311,Willie Burton,1996-97,December,Atlanta Hawks,Denver Nuggets,6,0,1,0,0,1,2
313,180,Eldridge Recasner,1996-97,December,Atlanta Hawks,Denver Nuggets,6,1,2,0,0,1,2
316,133,Ivano Newbill,1996-97,December,Atlanta Hawks,Denver Nuggets,0,0,4,1,0,1,0
318,305,Mookie Blaylock,1996-97,December,Atlanta Hawks,Denver Nuggets,13,4,4,0,0,1,0
319,318,Mookie Blaylock,1996-97,December,Atlanta Hawks,Denver Nuggets,15,4,4,0,0,1,0
320,309,LaPhonso Ellis,1996-97,December,Denver Nuggets,Atlanta Hawks,9,0,1,3,1,1,3
321,320,LaPhonso Ellis,1996-97,December,Denver Nuggets,Atlanta Hawks,9,0,1,3,1,2,3
322,319,Mookie Blaylock,1996-97,December,Atlanta Hawks,Denver Nuggets,18,4,4,0,0,1,0
323,307,Tyrone Corbin,1996-97,December,Atlanta Hawks,Denver Nuggets,4,3,8,1,0,1,2
324,289,Mark Jackson,1996-97,December,Denver Nuggets,Atlanta Hawks,9,5,5,0,0,0,0
326,316,Ivano Newbill,1996-97,December,Atlanta Hawks,Denver Nuggets,0,0,4,1,0,1,1
327,326,Ivano Newbill,1996-97,December,Atlanta Hawks,Denver Nuggets,0,0,4,1,0,2,1
328,324,Mark Jackson,1996-97,December,Denver Nuggets,Atlanta Hawks,9,5,5,0,0,1,0
329,323,Tyrone Corbin,1996-97,December,Atlanta Hawks,Denver Nuggets,4,3,8,1,1,1,2
330,312,Willie Burton,1996-97,December,Atlanta Hawks,Denver Nuggets,8,0,1,0,0,1,2
331,322,Mookie Blaylock,1996-97,December,Atlanta Hawks,Denver Nuggets,18,5,4,0,0,1,0
332,304,Brooks Thompson,1996-97,December,Denver Nuggets,Atlanta Hawks,11,1,2,0,1,1,3
333,328,Mark Jackson,1996-97,December,Denver Nuggets,Atlanta Hawks,9,6,5,0,0,1,0
335,321,LaPhonso Ellis,1996-97,December,Denver Nuggets,Atlanta Hawks,9,0,2,3,1,2,3
336,266,Dale Ellis,1996-97,December,Denver Nuggets,Atlanta Hawks,14,0,2,0,2,2,2
337,332,Brooks Thompson,1996-97,December,Denver Nuggets,Atlanta Hawks,11,2,2,0,1,1,3
339,335,LaPhonso Ellis,1996-97,December,Denver Nuggets,Atlanta Hawks,9,0,2,4,1,2,3
340,333,Mark Jackson,1996-97,December,Denver Nuggets,Atlanta Hawks,9,6,6,0,0,1,0
341,327,Ivano Newbill,1996-97,December,Atlanta Hawks,Denver Nuggets,0,0,4,1,0,2,2
343,292,Tom Hammonds,1996-97,December,Denver Nuggets,Atlanta Hawks,4,0,6,0,0,0,1
344,295,Steven Smith,1996-97,December,Atlanta Hawks,Denver Nuggets,12,3,3,0,0,1,3
346,336,Dale Ellis,1996-97,December,Denver Nuggets,Atlanta Hawks,15,0,2,0,2,2,2
347,339,LaPhonso Ellis,1996-97,December,Denver Nuggets,Atlanta Hawks,9,0,2,4,1,2,4
348,282,Christian Laettner,1996-97,December,Atlanta Hawks,Denver Nuggets,19,1,7,0,1,1,4
349,348,Christian Laettner,1996-97,December,Atlanta Hawks,Denver Nuggets,20,1,7,0,1,1,4
351,349,Christian Laettner,1996-97,December,Atlanta Hawks,Denver Nuggets,20,1,8,0,1,1,4
352,313,Eldridge Recasner,1996-97,December,Atlanta Hawks,Denver Nuggets,6,1,2,0,0,2,2
353,337,Brooks Thompson,1996-97,December,Denver Nuggets,Atlanta Hawks,11,2,2,0,2,1,3
354,343,Tom Hammonds,1996-97,December,Denver Nuggets,Atlanta Hawks,6,0,6,0,0,0,1
355,353,Brooks Thompson,1996-97,December,Denver Nuggets,Atlanta Hawks,11,3,2,0,2,1,3
356,330,Willie Burton,1996-97,December,Atlanta Hawks,Denver Nuggets,10,0,1,0,0,1,2
357,351,Christian Laettner,1996-97,December,Atlanta Hawks,Denver Nuggets,20,2,8,0,1,1,4
358,347,LaPhonso Ellis,1996-97,December,Denver Nuggets,Atlanta Hawks,11,0,2,4,1,2,4
359,340,Mark Jackson,1996-97,December,Denver Nuggets,Atlanta Hawks,9,7,6,0,0,1,0
360,357,Christian Laettner,1996-97,December,Atlanta Hawks,Denver Nuggets,20,2,8,0,1,2,4
361,355,Brooks Thompson,1996-97,December,Denver Nuggets,Atlanta Hawks,11,3,2,0,3,1,3
364,354,Tom Hammonds,1996-97,December,Denver Nuggets,Atlanta Hawks,6,0,7,0,0,0,1
366,360,Christian Laettner,1996-97,December,Atlanta Hawks,Denver Nuggets,20,2,9,0,1,2,4
367,364,Tom Hammonds,1996-97,December,Denver Nuggets,Atlanta Hawks,6,0,7,0,0,0,2
368,366,Christian Laettner,1996-97,December,Atlanta Hawks,Denver Nuggets,21,2,9,0,1,2,4
369,368,Christian Laettner,1996-97,December,Atlanta Hawks,Denver Nuggets,22,2,9,0,1,2,4
370,346,Dale Ellis,1996-97,December,Denver Nuggets,Atlanta Hawks,18,0,2,0,2,2,2
371,359,Mark Jackson,1996-97,December,Denver Nuggets,Atlanta Hawks,9,8,6,0,0,1,0
373,358,LaPhonso Ellis,1996-97,December,Denver Nuggets,Atlanta Hawks,11,0,3,4,1,2,4
375,356,Willie Burton,1996-97,December,Atlanta Hawks,Denver Nuggets,10,0,1,0,0,1,3
377,285,Dikembe Mutombo,1996-97,December,Atlanta Hawks,Denver Nuggets,4,0,12,3,1,2,2
379,361,Brooks Thompson,1996-97,December,Denver Nuggets,Atlanta Hawks,11,3,3,0,3,1,3
380,379,Brooks Thompson,1996-97,December,Denver Nuggets,Atlanta Hawks,13,3,3,0,3,1,3
381,371,Mark Jackson,1996-97,December,Denver Nuggets,Atlanta Hawks,9,8,6,0,0,1,1
382,344,Steven Smith,1996-97,December,Atlanta Hawks,Denver Nuggets,13,3,3,0,0,1,3
384,367,Tom Hammonds,1996-97,December,Denver Nuggets,Atlanta Hawks,6,0,8,0,0,0,2
385,373,LaPhonso Ellis,1996-97,December,Denver Nuggets,Atlanta Hawks,13,0,3,4,1,2,4
386,381,Mark Jackson,1996-97,December,Denver Nuggets,Atlanta Hawks,9,9,6,0,0,1,1
387,329,Tyrone Corbin,1996-97,December,Atlanta Hawks,Denver Nuggets,6,3,8,1,1,1,2
388,382,Steven Smith,1996-97,December,Atlanta Hawks,Denver Nuggets,13,4,3,0,0,1,3
389,384,Tom Hammonds,1996-97,December,Denver Nuggets,Atlanta Hawks,8,0,8,0,0,0,2
390,385,LaPhonso Ellis,1996-97,December,Denver Nuggets,Atlanta Hawks,13,1,3,4,1,2,4
391,388,Steven Smith,1996-97,December,Atlanta Hawks,Denver Nuggets,15,4,3,0,0,1,3
393,390,LaPhonso Ellis,1996-97,December,Denver Nuggets,Atlanta Hawks,13,1,4,4,1,2,4
394,393,LaPhonso Ellis,1996-97,December,Denver Nuggets,Atlanta Hawks,15,1,4,4,1,2,4
395,391,Steven Smith,1996-97,December,Atlanta Hawks,Denver Nuggets,17,4,3,0,0,1,3
396,370,Dale Ellis,1996-97,December,Denver Nuggets,Atlanta Hawks,21,0,2,0,2,2,2
397,386,Mark Jackson,1996-97,December,Denver Nuggets,Atlanta Hawks,9,10,6,0,0,1,1
398,389,Tom Hammonds,1996-97,December,Denver Nuggets,Atlanta Hawks,8,0,8,0,0,0,3
399,395,Steven Smith,1996-97,December,Atlanta Hawks,Denver Nuggets,18,4,3,0,0,1,3
401,398,Tom Hammonds,1996-97,December,Denver Nuggets,Atlanta Hawks,8,0,9,0,0,0,3
402,399,Steven Smith,1996-97,December,Atlanta Hawks,Denver Nuggets,18,4,3,0,0,1,4
403,380,Brooks Thompson,1996-97,December,Denver Nuggets,Atlanta Hawks,15,3,3,0,3,1,3
404,402,Steven Smith,1996-97,December,Atlanta Hawks,Denver Nuggets,18,4,3,0,0,1,5
405,403,Brooks Thompson,1996-97,December,Denver Nuggets,Atlanta Hawks,16,3,3,0,3,1,3
406,331,Mookie Blaylock,1996-97,December,Atlanta Hawks,Denver Nuggets,20,5,4,0,0,1,0
407,394,LaPhonso Ellis,1996-97,December,Denver Nuggets,Atlanta Hawks,17,1,4,4,1,2,4
409,407,LaPhonso Ellis,1996-97,December,Denver Nuggets,Atlanta Hawks,17,1,5,4,1,2,4
410,401,Tom Hammonds,1996-97,December,Denver Nuggets,Atlanta Hawks,8,0,9,0,0,1,3
411,397,Mark Jackson,1996-97,December,Denver Nuggets,Atlanta Hawks,9,10,6,0,0,1,2
412,406,Mookie Blaylock,1996-97,December,Atlanta Hawks,Denver Nuggets,21,5,4,0,0,1,0
414,409,LaPhonso Ellis,1996-97,December,Denver Nuggets,Atlanta Hawks,17,1,6,4,1,2,4
415,414,LaPhonso Ellis,1996-97,December,Denver Nuggets,Atlanta Hawks,19,1,6,4,1,2,4
417,411,Mark Jackson,1996-97,December,Denver Nuggets,Atlanta Hawks,9,10,7,0,0,1,2
419,377,Dikembe Mutombo,1996-97,December,Atlanta Hawks,Denver Nuggets,4,0,13,3,1,2,2
420,404,Steven Smith,1996-97,December,Atlanta Hawks,Denver Nuggets,20,4,3,0,0,1,5
422,387,Tyrone Corbin,1996-97,December,Atlanta Hawks,Denver Nuggets,6,3,9,1,1,1,2
