id,previous_id,player,season,month,team,opponent_team,points,assists,rebounds,blocks,steals,turnovers,personal fouls
1,0,Ervin Johnson,1996-97,December,Denver Nuggets,Charlotte Hornets,2,0,0,0,0,0,0
2,0,Mark Jackson,1996-97,December,Denver Nuggets,Charlotte Hornets,0,1,0,0,0,0,0
3,0,Anthony Mason,1996-97,December,Charlotte Hornets,Denver Nuggets,2,0,0,0,0,0,0
4,0,Glen Rice,1996-97,December,Charlotte Hornets,Denver Nuggets,0,0,0,0,0,0,1
5,0,Dale Ellis,1996-97,December,Denver Nuggets,Charlotte Hornets,1,0,0,0,0,0,0
6,5,Dale Ellis,1996-97,December,Denver Nuggets,Charlotte Hornets,2,0,0,0,0,0,0
7,3,Anthony Mason,1996-97,December,Charlotte Hornets,Denver Nuggets,4,0,0,0,0,0,0
8,0,Bryant Stith,1996-97,December,Denver Nuggets,Charlotte Hornets,3,0,0,0,0,0,0
9,2,Mark Jackson,1996-97,December,Denver Nuggets,Charlotte Hornets,0,2,0,0,0,0,0
10,4,Glen Rice,1996-97,December,Charlotte Hornets,Denver Nuggets,2,0,0,0,0,0,1
11,0,Muggsy Bogues,1996-97,December,Charlotte Hornets,Denver Nuggets,0,1,0,0,0,0,0
12,0,Matt Geiger,1996-97,December,Charlotte Hornets,Denver Nuggets,0,0,0,0,0,0,1
13,1,Ervin Johnson,1996-97,December,Denver Nuggets,Charlotte Hornets,4,0,0,0,0,0,0
14,8,Bryant Stith,1996-97,December,Denver Nuggets,Charlotte Hornets,3,1,0,0,0,0,0
16,11,Muggsy Bogues,1996-97,December,Charlotte Hornets,Denver Nuggets,0,1,1,0,0,0,0
17,16,Muggsy Bogues,1996-97,December,Charlotte Hornets,Denver Nuggets,2,1,1,0,0,0,0
18,6,Dale Ellis,1996-97,December,Denver Nuggets,Charlotte Hornets,2,0,0,0,0,1,0
19,17,Muggsy Bogues,1996-97,December,Denver Nuggets,Charlotte Hornets,2,1,1,0,1,0,0
20,0,Dell Curry,1996-97,December,Charlotte Hornets,Denver Nuggets,2,0,0,0,0,0,0
21,19,Muggsy Bogues,1996-97,December,Charlotte Hornets,Denver Nuggets,2,2,1,0,1,0,0
23,7,Anthony Mason,1996-97,December,Charlotte Hornets,Denver Nuggets,4,0,1,0,0,0,0
24,12,Matt Geiger,1996-97,December,Charlotte Hornets,Denver Nuggets,0,0,0,0,0,0,2
25,24,Matt Geiger,1996-97,December,Charlotte Hornets,Denver Nuggets,0,0,0,0,0,1,2
26,9,Mark Jackson,1996-97,December,Denver Nuggets,Charlotte Hornets,3,2,0,0,0,0,0
27,14,Bryant Stith,1996-97,December,Denver Nuggets,Charlotte Hornets,3,2,0,0,0,0,0
29,13,Ervin Johnson,1996-97,December,Denver Nuggets,Charlotte Hornets,4,0,1,0,0,0,0
31,10,Glen Rice,1996-97,December,Charlotte Hornets,Denver Nuggets,2,0,1,0,0,0,1
33,29,Ervin Johnson,1996-97,December,Denver Nuggets,Charlotte Hornets,4,0,2,0,0,0,0
35,33,Ervin Johnson,1996-97,December,Denver Nuggets,Charlotte Hornets,4,0,2,0,0,0,1
36,25,Matt Geiger,1996-97,December,Charlotte Hornets,Denver Nuggets,1,0,0,0,0,1,2
37,36,Matt Geiger,1996-97,December,Charlotte Hornets,Denver Nuggets,2,0,0,0,0,1,2
38,26,Mark Jackson,1996-97,December,Denver Nuggets,Charlotte Hornets,3,2,0,0,0,1,0
39,31,Glen Rice,1996-97,December,Denver Nuggets,Charlotte Hornets,2,0,1,0,1,0,1
40,21,Muggsy Bogues,1996-97,December,Charlotte Hornets,Denver Nuggets,2,2,1,0,1,1,0
41,38,Mark Jackson,1996-97,December,Charlotte Hornets,Denver Nuggets,3,2,0,0,1,1,0
42,27,Bryant Stith,1996-97,December,Denver Nuggets,Charlotte Hornets,5,2,0,0,0,0,0
43,41,Mark Jackson,1996-97,December,Denver Nuggets,Charlotte Hornets,3,3,0,0,1,1,0
44,18,Dale Ellis,1996-97,December,Denver Nuggets,Charlotte Hornets,2,0,0,0,0,1,1
46,0,Antonio McDyess,1996-97,December,Charlotte Hornets,Denver Nuggets,0,0,0,1,0,0,0
47,43,Mark Jackson,1996-97,December,Denver Nuggets,Charlotte Hornets,3,3,1,0,1,1,0
48,46,Antonio McDyess,1996-97,December,Denver Nuggets,Charlotte Hornets,0,0,0,1,0,1,0
50,20,Dell Curry,1996-97,December,Charlotte Hornets,Denver Nuggets,2,0,1,0,0,0,0
52,48,Antonio McDyess,1996-97,December,Denver Nuggets,Charlotte Hornets,0,0,1,1,0,1,0
53,52,Antonio McDyess,1996-97,December,Denver Nuggets,Charlotte Hornets,2,0,1,1,0,1,0
54,47,Mark Jackson,1996-97,December,Denver Nuggets,Charlotte Hornets,3,4,1,0,1,1,0
58,23,Anthony Mason,1996-97,December,Charlotte Hornets,Denver Nuggets,4,0,2,0,0,0,0
59,35,Ervin Johnson,1996-97,December,Denver Nuggets,Charlotte Hornets,4,0,2,0,0,0,2
60,58,Anthony Mason,1996-97,December,Charlotte Hornets,Denver Nuggets,5,0,2,0,0,0,0
61,60,Anthony Mason,1996-97,December,Charlotte Hornets,Denver Nuggets,6,0,2,0,0,0,0
62,44,Dale Ellis,1996-97,December,Denver Nuggets,Charlotte Hornets,4,0,0,0,0,1,1
63,54,Mark Jackson,1996-97,December,Denver Nuggets,Charlotte Hornets,3,5,1,0,1,1,0
64,37,Matt Geiger,1996-97,December,Charlotte Hornets,Denver Nuggets,4,0,0,0,0,1,2
65,40,Muggsy Bogues,1996-97,December,Charlotte Hornets,Denver Nuggets,2,3,1,0,1,1,0
67,61,Anthony Mason,1996-97,December,Charlotte Hornets,Denver Nuggets,6,0,3,0,0,0,0
68,39,Glen Rice,1996-97,December,Charlotte Hornets,Denver Nuggets,4,0,1,0,1,0,1
69,67,Anthony Mason,1996-97,December,Charlotte Hornets,Denver Nuggets,6,1,3,0,0,0,0
70,63,Mark Jackson,1996-97,December,Denver Nuggets,Charlotte Hornets,6,5,1,0,1,1,0
71,42,Bryant Stith,1996-97,December,Denver Nuggets,Charlotte Hornets,5,3,0,0,0,0,0
72,65,Muggsy Bogues,1996-97,December,Charlotte Hornets,Denver Nuggets,2,3,1,0,1,2,0
74,64,Matt Geiger,1996-97,December,Charlotte Hornets,Denver Nuggets,4,0,1,0,0,1,2
75,72,Muggsy Bogues,1996-97,December,Charlotte Hornets,Denver Nuggets,4,3,1,0,1,2,0
76,0,Malik Rose,1996-97,December,Charlotte Hornets,Denver Nuggets,0,0,0,0,0,0,1
79,76,Malik Rose,1996-97,December,Charlotte Hornets,Denver Nuggets,0,0,1,0,0,0,1
81,79,Malik Rose,1996-97,December,Charlotte Hornets,Denver Nuggets,0,0,1,0,0,1,1
82,81,Malik Rose,1996-97,December,Charlotte Hornets,Denver Nuggets,0,0,1,0,0,1,2
84,69,Anthony Mason,1996-97,December,Charlotte Hornets,Denver Nuggets,6,1,4,0,0,0,0
85,84,Anthony Mason,1996-97,December,Charlotte Hornets,Denver Nuggets,6,1,4,0,0,1,0
86,70,Mark Jackson,1996-97,December,Charlotte Hornets,Denver Nuggets,6,5,1,0,2,1,0
87,75,Muggsy Bogues,1996-97,December,Charlotte Hornets,Denver Nuggets,4,3,1,0,1,2,1
88,71,Bryant Stith,1996-97,December,Denver Nuggets,Charlotte Hornets,6,3,0,0,0,0,0
89,88,Bryant Stith,1996-97,December,Denver Nuggets,Charlotte Hornets,7,3,0,0,0,0,0
90,68,Glen Rice,1996-97,December,Charlotte Hornets,Denver Nuggets,6,0,1,0,1,0,1
91,0,Scott Burrell,1996-97,December,Charlotte Hornets,Denver Nuggets,0,1,0,0,0,0,0
93,85,Anthony Mason,1996-97,December,Charlotte Hornets,Denver Nuggets,6,1,5,0,0,1,0
94,82,Malik Rose,1996-97,December,Charlotte Hornets,Denver Nuggets,2,0,1,0,0,1,2
95,91,Scott Burrell,1996-97,December,Charlotte Hornets,Denver Nuggets,0,2,0,0,0,0,0
96,86,Mark Jackson,1996-97,December,Denver Nuggets,Charlotte Hornets,8,5,1,0,2,1,0
98,62,Dale Ellis,1996-97,December,Denver Nuggets,Charlotte Hornets,4,0,1,0,0,1,1
100,90,Glen Rice,1996-97,December,Charlotte Hornets,Denver Nuggets,6,0,2,0,1,0,1
101,0,Tony Smith,1996-97,December,Charlotte Hornets,Denver Nuggets,2,0,0,0,0,0,0
102,94,Malik Rose,1996-97,December,Charlotte Hornets,Denver Nuggets,2,1,1,0,0,1,2
103,0,LaPhonso Ellis,1996-97,December,Denver Nuggets,Charlotte Hornets,0,0,0,0,0,1,0
104,102,Malik Rose,1996-97,December,Denver Nuggets,Charlotte Hornets,2,1,1,0,1,1,2
105,0,Tom Hammonds,1996-97,December,Denver Nuggets,Charlotte Hornets,0,0,0,0,0,0,1
106,104,Malik Rose,1996-97,December,Charlotte Hornets,Denver Nuggets,3,1,1,0,1,1,2
107,106,Malik Rose,1996-97,December,Charlotte Hornets,Denver Nuggets,4,1,1,0,1,1,2
109,100,Glen Rice,1996-97,December,Charlotte Hornets,Denver Nuggets,6,0,3,0,1,0,1
110,95,Scott Burrell,1996-97,December,Charlotte Hornets,Denver Nuggets,3,2,0,0,0,0,0
111,101,Tony Smith,1996-97,December,Charlotte Hornets,Denver Nuggets,2,1,0,0,0,0,0
113,105,Tom Hammonds,1996-97,December,Denver Nuggets,Charlotte Hornets,0,0,1,0,0,0,1
114,0,Brooks Thompson,1996-97,December,Denver Nuggets,Charlotte Hornets,0,0,0,0,0,1,0
115,93,Anthony Mason,1996-97,December,Charlotte Hornets,Denver Nuggets,8,1,5,0,0,1,0
116,110,Scott Burrell,1996-97,December,Charlotte Hornets,Denver Nuggets,3,3,0,0,0,0,0
117,113,Tom Hammonds,1996-97,December,Denver Nuggets,Charlotte Hornets,0,0,1,0,0,0,2
118,115,Anthony Mason,1996-97,December,Charlotte Hornets,Denver Nuggets,9,1,5,0,0,1,0
119,103,LaPhonso Ellis,1996-97,December,Denver Nuggets,Charlotte Hornets,2,0,0,0,0,1,0
120,114,Brooks Thompson,1996-97,December,Denver Nuggets,Charlotte Hornets,0,1,0,0,0,1,0
121,109,Glen Rice,1996-97,December,Charlotte Hornets,Denver Nuggets,8,0,3,0,1,0,1
122,118,Anthony Mason,1996-97,December,Charlotte Hornets,Denver Nuggets,9,2,5,0,0,1,0
123,117,Tom Hammonds,1996-97,December,Denver Nuggets,Charlotte Hornets,0,0,1,0,0,0,3
124,123,Tom Hammonds,1996-97,December,Denver Nuggets,Charlotte Hornets,0,0,1,0,0,1,3
125,120,Brooks Thompson,1996-97,December,Denver Nuggets,Charlotte Hornets,0,1,0,0,0,1,1
126,124,Tom Hammonds,1996-97,December,Denver Nuggets,Charlotte Hornets,0,0,1,0,0,1,3
127,121,Glen Rice,1996-97,December,Charlotte Hornets,Denver Nuggets,9,0,3,0,1,0,1
128,116,Scott Burrell,1996-97,December,Charlotte Hornets,Denver Nuggets,4,3,0,0,0,0,0
129,128,Scott Burrell,1996-97,December,Charlotte Hornets,Denver Nuggets,5,3,0,0,0,0,0
130,98,Dale Ellis,1996-97,December,Denver Nuggets,Charlotte Hornets,4,0,1,0,0,2,1
131,107,Malik Rose,1996-97,December,Denver Nuggets,Charlotte Hornets,4,1,1,0,2,1,2
132,131,Malik Rose,1996-97,December,Charlotte Hornets,Denver Nuggets,6,1,1,0,2,1,2
133,129,Scott Burrell,1996-97,December,Charlotte Hornets,Denver Nuggets,5,3,0,0,0,0,1
134,89,Bryant Stith,1996-97,December,Denver Nuggets,Charlotte Hornets,10,3,0,0,0,0,0
135,130,Dale Ellis,1996-97,December,Denver Nuggets,Charlotte Hornets,4,1,1,0,0,2,1
136,133,Scott Burrell,1996-97,December,Charlotte Hornets,Denver Nuggets,7,3,0,0,0,0,1
137,111,Tony Smith,1996-97,December,Charlotte Hornets,Denver Nuggets,2,2,0,0,0,0,0
138,96,Mark Jackson,1996-97,December,Denver Nuggets,Charlotte Hornets,8,5,1,0,2,2,0
139,136,Scott Burrell,1996-97,December,Denver Nuggets,Charlotte Hornets,7,3,0,0,1,0,1
140,138,Mark Jackson,1996-97,December,Denver Nuggets,Charlotte Hornets,8,5,1,0,2,2,1
141,139,Scott Burrell,1996-97,December,Charlotte Hornets,Denver Nuggets,8,3,0,0,1,0,1
142,141,Scott Burrell,1996-97,December,Charlotte Hornets,Denver Nuggets,9,3,0,0,1,0,1
143,53,Antonio McDyess,1996-97,December,Denver Nuggets,Charlotte Hornets,4,0,1,1,0,1,0
144,134,Bryant Stith,1996-97,December,Denver Nuggets,Charlotte Hornets,10,4,0,0,0,0,0
147,143,Antonio McDyess,1996-97,December,Denver Nuggets,Charlotte Hornets,4,0,2,1,0,1,0
148,132,Malik Rose,1996-97,December,Charlotte Hornets,Denver Nuggets,6,1,1,0,2,1,3
149,50,Dell Curry,1996-97,December,Charlotte Hornets,Denver Nuggets,2,0,1,0,0,0,1
150,144,Bryant Stith,1996-97,December,Denver Nuggets,Charlotte Hornets,11,4,0,0,0,0,0
151,150,Bryant Stith,1996-97,December,Denver Nuggets,Charlotte Hornets,12,4,0,0,0,0,0
153,74,Matt Geiger,1996-97,December,Charlotte Hornets,Denver Nuggets,4,0,2,0,0,1,2
154,153,Matt Geiger,1996-97,December,Charlotte Hornets,Denver Nuggets,6,0,2,0,0,1,2
156,147,Antonio McDyess,1996-97,December,Denver Nuggets,Charlotte Hornets,4,0,3,1,0,1,0
159,122,Anthony Mason,1996-97,December,Charlotte Hornets,Denver Nuggets,9,2,6,0,0,1,0
161,159,Anthony Mason,1996-97,December,Charlotte Hornets,Denver Nuggets,9,2,7,0,0,1,0
162,119,LaPhonso Ellis,1996-97,December,Denver Nuggets,Charlotte Hornets,2,0,0,0,0,1,1
163,161,Anthony Mason,1996-97,December,Charlotte Hornets,Denver Nuggets,10,2,7,0,0,1,0
164,163,Anthony Mason,1996-97,December,Charlotte Hornets,Denver Nuggets,11,2,7,0,0,1,0
166,164,Anthony Mason,1996-97,December,Charlotte Hornets,Denver Nuggets,11,2,8,0,0,1,0
167,59,Ervin Johnson,1996-97,December,Denver Nuggets,Charlotte Hornets,4,0,2,0,0,0,3
168,154,Matt Geiger,1996-97,December,Charlotte Hornets,Denver Nuggets,7,0,2,0,0,1,2
170,156,Antonio McDyess,1996-97,December,Denver Nuggets,Charlotte Hornets,4,0,4,1,0,1,0
171,170,Antonio McDyess,1996-97,December,Denver Nuggets,Charlotte Hornets,6,0,4,1,0,1,0
172,151,Bryant Stith,1996-97,December,Denver Nuggets,Charlotte Hornets,12,5,0,0,0,0,0
174,166,Anthony Mason,1996-97,December,Charlotte Hornets,Denver Nuggets,11,2,9,0,0,1,0
176,174,Anthony Mason,1996-97,December,Charlotte Hornets,Denver Nuggets,11,2,10,0,0,1,0
178,135,Dale Ellis,1996-97,December,Denver Nuggets,Charlotte Hornets,4,1,2,0,0,2,1
180,176,Anthony Mason,1996-97,December,Charlotte Hornets,Denver Nuggets,11,2,11,0,0,1,0
181,180,Anthony Mason,1996-97,December,Charlotte Hornets,Denver Nuggets,13,2,11,0,0,1,0
182,87,Muggsy Bogues,1996-97,December,Charlotte Hornets,Denver Nuggets,4,4,1,0,1,2,1
183,178,Dale Ellis,1996-97,December,Denver Nuggets,Charlotte Hornets,6,1,2,0,0,2,1
184,140,Mark Jackson,1996-97,December,Denver Nuggets,Charlotte Hornets,8,6,1,0,2,2,1
186,183,Dale Ellis,1996-97,December,Denver Nuggets,Charlotte Hornets,6,1,3,0,0,2,1
188,171,Antonio McDyess,1996-97,December,Denver Nuggets,Charlotte Hornets,6,0,5,1,0,1,0
189,181,Anthony Mason,1996-97,December,Charlotte Hornets,Denver Nuggets,13,2,11,0,0,1,1
190,188,Antonio McDyess,1996-97,December,Denver Nuggets,Charlotte Hornets,7,0,5,1,0,1,0
191,190,Antonio McDyess,1996-97,December,Denver Nuggets,Charlotte Hornets,8,0,5,1,0,1,0
193,168,Matt Geiger,1996-97,December,Charlotte Hornets,Denver Nuggets,7,0,3,0,0,1,2
194,193,Matt Geiger,1996-97,December,Charlotte Hornets,Denver Nuggets,9,0,3,0,0,1,2
195,186,Dale Ellis,1996-97,December,Denver Nuggets,Charlotte Hornets,8,1,3,0,0,2,1
196,184,Mark Jackson,1996-97,December,Denver Nuggets,Charlotte Hornets,8,7,1,0,2,2,1
198,162,LaPhonso Ellis,1996-97,December,Denver Nuggets,Charlotte Hornets,2,0,1,0,0,1,1
199,191,Antonio McDyess,1996-97,December,Denver Nuggets,Charlotte Hornets,10,0,5,1,0,1,0
200,196,Mark Jackson,1996-97,December,Denver Nuggets,Charlotte Hornets,8,8,1,0,2,2,1
201,148,Malik Rose,1996-97,December,Charlotte Hornets,Denver Nuggets,6,1,1,0,2,2,3
202,201,Malik Rose,1996-97,December,Charlotte Hornets,Denver Nuggets,6,1,1,0,2,2,4
203,199,Antonio McDyess,1996-97,December,Denver Nuggets,Charlotte Hornets,11,0,5,1,0,1,0
204,203,Antonio McDyess,1996-97,December,Denver Nuggets,Charlotte Hornets,12,0,5,1,0,1,0
205,189,Anthony Mason,1996-97,December,Charlotte Hornets,Denver Nuggets,15,2,11,0,0,1,1
207,195,Dale Ellis,1996-97,December,Denver Nuggets,Charlotte Hornets,8,1,4,0,0,2,1
208,194,Matt Geiger,1996-97,December,Charlotte Hornets,Denver Nuggets,9,0,3,0,0,1,3
209,207,Dale Ellis,1996-97,December,Denver Nuggets,Charlotte Hornets,9,1,4,0,0,2,1
211,205,Anthony Mason,1996-97,December,Charlotte Hornets,Denver Nuggets,15,2,12,0,0,1,1
213,182,Muggsy Bogues,1996-97,December,Charlotte Hornets,Denver Nuggets,4,4,2,0,1,2,1
215,198,LaPhonso Ellis,1996-97,December,Denver Nuggets,Charlotte Hornets,2,0,2,0,0,1,1
216,204,Antonio McDyess,1996-97,December,Denver Nuggets,Charlotte Hornets,14,0,5,1,0,1,0
217,200,Mark Jackson,1996-97,December,Denver Nuggets,Charlotte Hornets,8,9,1,0,2,2,1
218,213,Muggsy Bogues,1996-97,December,Charlotte Hornets,Denver Nuggets,4,4,2,0,1,3,1
219,209,Dale Ellis,1996-97,December,Charlotte Hornets,Denver Nuggets,9,1,4,0,1,2,1
220,127,Glen Rice,1996-97,December,Charlotte Hornets,Denver Nuggets,9,0,3,0,1,1,1
221,219,Dale Ellis,1996-97,December,Charlotte Hornets,Denver Nuggets,9,1,4,0,2,2,1
223,221,Dale Ellis,1996-97,December,Denver Nuggets,Charlotte Hornets,9,1,5,0,2,2,1
224,223,Dale Ellis,1996-97,December,Denver Nuggets,Charlotte Hornets,11,1,5,0,2,2,1
225,218,Muggsy Bogues,1996-97,December,Charlotte Hornets,Denver Nuggets,6,4,2,0,1,3,1
226,211,Anthony Mason,1996-97,December,Charlotte Hornets,Denver Nuggets,15,3,12,0,0,1,1
227,149,Dell Curry,1996-97,December,Charlotte Hornets,Denver Nuggets,2,0,1,0,0,0,2
228,172,Bryant Stith,1996-97,December,Denver Nuggets,Charlotte Hornets,13,5,0,0,0,0,0
229,228,Bryant Stith,1996-97,December,Denver Nuggets,Charlotte Hornets,14,5,0,0,0,0,0
230,215,LaPhonso Ellis,1996-97,December,Denver Nuggets,Charlotte Hornets,2,0,2,0,0,1,2
231,208,Matt Geiger,1996-97,December,Charlotte Hornets,Denver Nuggets,10,0,3,0,0,1,3
232,231,Matt Geiger,1996-97,December,Charlotte Hornets,Denver Nuggets,11,0,3,0,0,1,3
233,230,LaPhonso Ellis,1996-97,December,Denver Nuggets,Charlotte Hornets,4,0,2,0,0,1,2
234,217,Mark Jackson,1996-97,December,Denver Nuggets,Charlotte Hornets,8,10,1,0,2,2,1
236,229,Bryant Stith,1996-97,December,Denver Nuggets,Charlotte Hornets,14,5,1,0,0,0,0
237,216,Antonio McDyess,1996-97,December,Denver Nuggets,Charlotte Hornets,16,0,5,1,0,1,0
238,224,Dale Ellis,1996-97,December,Denver Nuggets,Charlotte Hornets,11,2,5,0,2,2,1
239,227,Dell Curry,1996-97,December,Charlotte Hornets,Denver Nuggets,5,0,1,0,0,0,2
240,225,Muggsy Bogues,1996-97,December,Charlotte Hornets,Denver Nuggets,6,5,2,0,1,3,1
242,237,Antonio McDyess,1996-97,December,Denver Nuggets,Charlotte Hornets,16,0,6,1,0,1,0
243,240,Muggsy Bogues,1996-97,December,Charlotte Hornets,Denver Nuggets,6,5,2,0,1,3,2
246,233,LaPhonso Ellis,1996-97,December,Denver Nuggets,Charlotte Hornets,4,0,3,0,0,1,2
247,243,Muggsy Bogues,1996-97,December,Charlotte Hornets,Denver Nuggets,6,5,2,0,1,3,3
249,247,Muggsy Bogues,1996-97,December,Charlotte Hornets,Denver Nuggets,6,5,3,0,1,3,3
250,220,Glen Rice,1996-97,December,Charlotte Hornets,Denver Nuggets,9,0,3,0,1,2,1
251,246,LaPhonso Ellis,1996-97,December,Denver Nuggets,Charlotte Hornets,6,0,3,0,0,1,2
252,234,Mark Jackson,1996-97,December,Denver Nuggets,Charlotte Hornets,8,11,1,0,2,2,1
254,238,Dale Ellis,1996-97,December,Denver Nuggets,Charlotte Hornets,11,2,6,0,2,2,1
256,226,Anthony Mason,1996-97,December,Charlotte Hornets,Denver Nuggets,15,3,13,0,0,1,1
257,249,Muggsy Bogues,1996-97,December,Charlotte Hornets,Denver Nuggets,8,5,3,0,1,3,3
258,252,Mark Jackson,1996-97,December,Denver Nuggets,Charlotte Hornets,10,11,1,0,2,2,1
260,256,Anthony Mason,1996-97,December,Charlotte Hornets,Denver Nuggets,15,3,14,0,0,1,1
261,260,Anthony Mason,1996-97,December,Charlotte Hornets,Denver Nuggets,17,3,14,0,0,1,1
262,251,LaPhonso Ellis,1996-97,December,Denver Nuggets,Charlotte Hornets,8,0,3,0,0,1,2
263,236,Bryant Stith,1996-97,December,Denver Nuggets,Charlotte Hornets,14,6,1,0,0,0,0
265,263,Bryant Stith,1996-97,December,Denver Nuggets,Charlotte Hornets,14,6,2,0,0,0,0
266,202,Malik Rose,1996-97,December,Charlotte Hornets,Denver Nuggets,6,1,1,0,2,2,5
269,142,Scott Burrell,1996-97,December,Charlotte Hornets,Denver Nuggets,9,3,1,0,1,0,1
270,254,Dale Ellis,1996-97,December,Denver Nuggets,Charlotte Hornets,11,2,6,0,2,2,2
271,250,Glen Rice,1996-97,December,Charlotte Hornets,Denver Nuggets,9,0,3,0,1,3,1
273,266,Malik Rose,1996-97,December,Charlotte Hornets,Denver Nuggets,6,1,2,0,2,2,5
275,242,Antonio McDyess,1996-97,December,Charlotte Hornets,Denver Nuggets,16,0,6,2,0,1,0
276,261,Anthony Mason,1996-97,December,Charlotte Hornets,Denver Nuggets,17,3,15,0,0,1,1
277,276,Anthony Mason,1996-97,December,Charlotte Hornets,Denver Nuggets,17,3,15,0,0,2,1
279,275,Antonio McDyess,1996-97,December,Denver Nuggets,Charlotte Hornets,16,0,7,2,0,1,0
281,277,Anthony Mason,1996-97,December,Charlotte Hornets,Denver Nuggets,17,3,16,0,0,2,1
282,273,Malik Rose,1996-97,December,Charlotte Hornets,Denver Nuggets,8,1,2,0,2,2,5
283,281,Anthony Mason,1996-97,December,Charlotte Hornets,Denver Nuggets,17,4,16,0,0,2,1
285,283,Anthony Mason,1996-97,December,Denver Nuggets,Charlotte Hornets,17,4,16,1,0,2,1
286,279,Antonio McDyess,1996-97,December,Denver Nuggets,Charlotte Hornets,16,0,8,2,0,1,0
287,286,Antonio McDyess,1996-97,December,Denver Nuggets,Charlotte Hornets,18,0,8,2,0,1,0
288,282,Malik Rose,1996-97,December,Charlotte Hornets,Denver Nuggets,8,1,2,0,2,3,5
289,258,Mark Jackson,1996-97,December,Charlotte Hornets,Denver Nuggets,10,11,1,0,3,2,1
290,137,Tony Smith,1996-97,December,Charlotte Hornets,Denver Nuggets,2,2,0,0,0,0,1
291,289,Mark Jackson,1996-97,December,Denver Nuggets,Charlotte Hornets,11,11,1,0,3,2,1
292,291,Mark Jackson,1996-97,December,Denver Nuggets,Charlotte Hornets,12,11,1,0,3,2,1
293,287,Antonio McDyess,1996-97,December,Denver Nuggets,Charlotte Hornets,18,0,8,2,0,1,1
294,271,Glen Rice,1996-97,December,Charlotte Hornets,Denver Nuggets,10,0,3,0,1,3,1
295,294,Glen Rice,1996-97,December,Charlotte Hornets,Denver Nuggets,11,0,3,0,1,3,1
297,285,Anthony Mason,1996-97,December,Charlotte Hornets,Denver Nuggets,17,4,17,1,0,2,1
299,262,LaPhonso Ellis,1996-97,December,Denver Nuggets,Charlotte Hornets,8,0,4,0,0,1,2
301,288,Malik Rose,1996-97,December,Charlotte Hornets,Denver Nuggets,8,1,3,0,2,3,5
302,290,Tony Smith,1996-97,December,Charlotte Hornets,Denver Nuggets,2,2,0,0,0,1,1
303,269,Scott Burrell,1996-97,December,Charlotte Hornets,Denver Nuggets,9,3,1,0,1,0,2
304,270,Dale Ellis,1996-97,December,Denver Nuggets,Charlotte Hornets,12,2,6,0,2,2,2
305,304,Dale Ellis,1996-97,December,Denver Nuggets,Charlotte Hornets,13,2,6,0,2,2,2
307,126,Tom Hammonds,1996-97,December,Denver Nuggets,Charlotte Hornets,0,0,2,0,0,1,3
309,301,Malik Rose,1996-97,December,Denver Nuggets,Charlotte Hornets,8,1,3,1,2,3,5
310,309,Malik Rose,1996-97,December,Charlotte Hornets,Denver Nuggets,8,1,4,1,2,3,5
311,297,Anthony Mason,1996-97,December,Charlotte Hornets,Denver Nuggets,17,4,17,1,0,3,1
312,292,Mark Jackson,1996-97,December,Denver Nuggets,Charlotte Hornets,14,11,1,0,3,2,1
313,311,Anthony Mason,1996-97,December,Charlotte Hornets,Denver Nuggets,17,4,17,1,0,4,1
314,305,Dale Ellis,1996-97,December,Charlotte Hornets,Denver Nuggets,13,2,6,0,3,2,2
315,314,Dale Ellis,1996-97,December,Denver Nuggets,Charlotte Hornets,15,2,6,0,3,2,2
316,295,Glen Rice,1996-97,December,Charlotte Hornets,Denver Nuggets,13,0,3,0,1,3,1
317,302,Tony Smith,1996-97,December,Charlotte Hornets,Denver Nuggets,2,3,0,0,0,1,1
319,313,Anthony Mason,1996-97,December,Charlotte Hornets,Denver Nuggets,17,4,18,1,0,4,1
320,317,Tony Smith,1996-97,December,Charlotte Hornets,Denver Nuggets,4,3,0,0,0,1,1
321,316,Glen Rice,1996-97,December,Charlotte Hornets,Denver Nuggets,13,1,3,0,1,3,1
322,315,Dale Ellis,1996-97,December,Denver Nuggets,Charlotte Hornets,15,2,6,0,3,2,3
323,320,Tony Smith,1996-97,December,Charlotte Hornets,Denver Nuggets,5,3,0,0,0,1,1
326,303,Scott Burrell,1996-97,December,Charlotte Hornets,Denver Nuggets,9,3,2,0,1,0,2
328,312,Mark Jackson,1996-97,December,Denver Nuggets,Charlotte Hornets,14,11,2,0,3,2,1
329,322,Dale Ellis,1996-97,December,Denver Nuggets,Charlotte Hornets,18,2,6,0,3,2,3
330,265,Bryant Stith,1996-97,December,Denver Nuggets,Charlotte Hornets,14,7,2,0,0,0,0
331,321,Glen Rice,1996-97,December,Charlotte Hornets,Denver Nuggets,15,1,3,0,1,3,1
332,323,Tony Smith,1996-97,December,Charlotte Hornets,Denver Nuggets,5,4,0,0,0,1,1
333,329,Dale Ellis,1996-97,December,Denver Nuggets,Charlotte Hornets,18,2,6,0,3,3,3
334,326,Scott Burrell,1996-97,December,Denver Nuggets,Charlotte Hornets,9,3,2,0,2,0,2
335,332,Tony Smith,1996-97,December,Charlotte Hornets,Denver Nuggets,7,4,0,0,0,1,1
337,334,Scott Burrell,1996-97,December,Charlotte Hornets,Denver Nuggets,9,3,3,0,2,0,2
339,337,Scott Burrell,1996-97,December,Charlotte Hornets,Denver Nuggets,9,3,4,0,2,0,2
341,328,Mark Jackson,1996-97,December,Denver Nuggets,Charlotte Hornets,14,11,3,0,3,2,1
343,341,Mark Jackson,1996-97,December,Denver Nuggets,Charlotte Hornets,14,11,3,0,3,2,2
345,343,Mark Jackson,1996-97,December,Denver Nuggets,Charlotte Hornets,14,11,3,0,3,2,3
346,319,Anthony Mason,1996-97,December,Charlotte Hornets,Denver Nuggets,19,4,18,1,0,4,1
348,346,Anthony Mason,1996-97,December,Charlotte Hornets,Denver Nuggets,19,4,19,1,0,4,1
349,348,Anthony Mason,1996-97,December,Charlotte Hornets,Denver Nuggets,19,4,19,1,0,5,1
351,293,Antonio McDyess,1996-97,December,Denver Nuggets,Charlotte Hornets,18,0,9,2,0,1,1
352,349,Anthony Mason,1996-97,December,Charlotte Hornets,Denver Nuggets,19,4,19,1,0,5,2
353,351,Antonio McDyess,1996-97,December,Denver Nuggets,Charlotte Hornets,19,0,9,2,0,1,1
354,353,Antonio McDyess,1996-97,December,Denver Nuggets,Charlotte Hornets,20,0,9,2,0,1,1
355,352,Anthony Mason,1996-97,December,Charlotte Hornets,Denver Nuggets,21,4,19,1,0,5,2
356,330,Bryant Stith,1996-97,December,Denver Nuggets,Charlotte Hornets,14,7,2,0,0,1,0
357,339,Scott Burrell,1996-97,December,Denver Nuggets,Charlotte Hornets,9,3,4,0,3,0,2
359,354,Antonio McDyess,1996-97,December,Denver Nuggets,Charlotte Hornets,20,0,10,2,0,1,1
361,310,Malik Rose,1996-97,December,Charlotte Hornets,Denver Nuggets,8,1,5,1,2,3,5
362,307,Tom Hammonds,1996-97,December,Denver Nuggets,Charlotte Hornets,0,0,2,0,0,1,4
364,362,Tom Hammonds,1996-97,December,Denver Nuggets,Charlotte Hornets,0,0,3,0,0,1,4
365,299,LaPhonso Ellis,1996-97,December,Denver Nuggets,Charlotte Hornets,10,0,4,0,0,1,2
366,365,LaPhonso Ellis,1996-97,December,Denver Nuggets,Charlotte Hornets,10,0,4,0,0,1,3
368,355,Anthony Mason,1996-97,December,Charlotte Hornets,Denver Nuggets,22,4,19,1,0,5,2
369,366,LaPhonso Ellis,1996-97,December,Denver Nuggets,Charlotte Hornets,12,0,4,0,0,1,3
370,369,LaPhonso Ellis,1996-97,December,Denver Nuggets,Charlotte Hornets,12,0,4,0,0,1,4
371,335,Tony Smith,1996-97,December,Charlotte Hornets,Denver Nuggets,8,4,0,0,0,1,1
372,371,Tony Smith,1996-97,December,Charlotte Hornets,Denver Nuggets,9,4,0,0,0,1,1
374,361,Malik Rose,1996-97,December,Charlotte Hornets,Denver Nuggets,8,1,6,1,2,3,5
376,331,Glen Rice,1996-97,December,Charlotte Hornets,Denver Nuggets,15,1,4,0,1,3,1
377,125,Brooks Thompson,1996-97,December,Denver Nuggets,Charlotte Hornets,0,1,0,0,0,1,2
378,357,Scott Burrell,1996-97,December,Charlotte Hornets,Denver Nuggets,10,3,4,0,3,0,2
379,378,Scott Burrell,1996-97,December,Charlotte Hornets,Denver Nuggets,11,3,4,0,3,0,2
380,368,Anthony Mason,1996-97,December,Charlotte Hornets,Denver Nuggets,22,4,19,1,0,5,3
381,356,Bryant Stith,1996-97,December,Denver Nuggets,Charlotte Hornets,17,7,2,0,0,1,0
382,364,Tom Hammonds,1996-97,December,Denver Nuggets,Charlotte Hornets,0,0,3,0,0,1,5
384,380,Anthony Mason,1996-97,December,Charlotte Hornets,Denver Nuggets,23,4,19,1,0,5,3
386,384,Anthony Mason,1996-97,December,Charlotte Hornets,Denver Nuggets,23,4,20,1,0,5,3
388,370,LaPhonso Ellis,1996-97,December,Denver Nuggets,Charlotte Hornets,12,0,5,0,0,1,4
389,374,Malik Rose,1996-97,December,Charlotte Hornets,Denver Nuggets,8,1,6,1,2,3,6
390,372,Tony Smith,1996-97,December,Charlotte Hornets,Denver Nuggets,9,4,0,0,0,1,2
391,333,Dale Ellis,1996-97,December,Denver Nuggets,Charlotte Hornets,19,2,6,0,3,3,3
392,391,Dale Ellis,1996-97,December,Denver Nuggets,Charlotte Hornets,20,2,6,0,3,3,3
394,386,Anthony Mason,1996-97,December,Charlotte Hornets,Denver Nuggets,23,4,21,1,0,5,3
397,382,Tom Hammonds,1996-97,December,Denver Nuggets,Charlotte Hornets,0,0,4,0,0,1,5
398,376,Glen Rice,1996-97,December,Charlotte Hornets,Denver Nuggets,15,1,4,0,1,3,2
399,392,Dale Ellis,1996-97,December,Denver Nuggets,Charlotte Hornets,21,2,6,0,3,3,3
400,399,Dale Ellis,1996-97,December,Denver Nuggets,Charlotte Hornets,22,2,6,0,3,3,3
402,394,Anthony Mason,1996-97,December,Charlotte Hornets,Denver Nuggets,23,4,21,1,0,5,4
403,397,Tom Hammonds,1996-97,December,Denver Nuggets,Charlotte Hornets,1,0,4,0,0,1,5
404,403,Tom Hammonds,1996-97,December,Denver Nuggets,Charlotte Hornets,2,0,4,0,0,1,5
405,232,Matt Geiger,1996-97,December,Charlotte Hornets,Denver Nuggets,11,0,3,0,0,2,3
406,402,Anthony Mason,1996-97,December,Charlotte Hornets,Denver Nuggets,23,4,21,1,0,5,5
408,404,Tom Hammonds,1996-97,December,Denver Nuggets,Charlotte Hornets,3,0,4,0,0,1,5
409,390,Tony Smith,1996-97,December,Charlotte Hornets,Denver Nuggets,11,4,0,0,0,1,2
410,400,Dale Ellis,1996-97,December,Denver Nuggets,Charlotte Hornets,24,2,6,0,3,3,3
411,345,Mark Jackson,1996-97,December,Denver Nuggets,Charlotte Hornets,14,12,3,0,3,2,3
412,406,Anthony Mason,1996-97,December,Charlotte Hornets,Denver Nuggets,25,4,21,1,0,5,5
414,239,Dell Curry,1996-97,December,Charlotte Hornets,Denver Nuggets,8,0,1,0,0,0,2
415,409,Tony Smith,1996-97,December,Charlotte Hornets,Denver Nuggets,11,5,0,0,0,1,2
417,408,Tom Hammonds,1996-97,December,Denver Nuggets,Charlotte Hornets,3,0,5,0,0,1,5
419,379,Scott Burrell,1996-97,December,Charlotte Hornets,Denver Nuggets,11,3,5,0,3,0,2
420,388,LaPhonso Ellis,1996-97,December,Denver Nuggets,Charlotte Hornets,12,0,5,0,0,1,5
421,398,Glen Rice,1996-97,December,Charlotte Hornets,Denver Nuggets,16,1,4,0,1,3,2
423,415,Tony Smith,1996-97,December,Charlotte Hornets,Denver Nuggets,11,5,1,0,0,1,2
424,381,Bryant Stith,1996-97,December,Denver Nuggets,Charlotte Hornets,17,7,2,0,0,1,1
425,423,Tony Smith,1996-97,December,Charlotte Hornets,Denver Nuggets,12,5,1,0,0,1,2
426,425,Tony Smith,1996-97,December,Charlotte Hornets,Denver Nuggets,13,5,1,0,0,1,2
427,424,Bryant Stith,1996-97,December,Denver Nuggets,Charlotte Hornets,17,7,2,0,0,2,1
428,405,Matt Geiger,1996-97,December,Denver Nuggets,Charlotte Hornets,11,0,3,0,1,2,3
429,420,LaPhonso Ellis,1996-97,December,Denver Nuggets,Charlotte Hornets,12,0,5,0,0,1,6
430,428,Matt Geiger,1996-97,December,Charlotte Hornets,Denver Nuggets,12,0,3,0,1,2,3
432,411,Mark Jackson,1996-97,December,Denver Nuggets,Charlotte Hornets,14,12,4,0,3,2,3
434,419,Scott Burrell,1996-97,December,Charlotte Hornets,Denver Nuggets,11,3,6,0,3,0,2
435,434,Scott Burrell,1996-97,December,Charlotte Hornets,Denver Nuggets,11,3,6,0,3,1,2
436,432,Mark Jackson,1996-97,December,Charlotte Hornets,Denver Nuggets,14,12,4,0,4,2,3
437,427,Bryant Stith,1996-97,December,Denver Nuggets,Charlotte Hornets,20,7,2,0,0,2,1
