id,previous_id,player,season,month,team,opponent_team,points,assists,rebounds,blocks,steals,turnovers,personal fouls
2,0,Arvydas Sabonis,1996-97,November,Portland Trail Blazers,Atlanta Hawks,0,0,0,1,0,0,0
3,0,Dikembe Mutombo,1996-97,November,Atlanta Hawks,Portland Trail Blazers,0,0,1,0,0,0,0
4,3,Dikembe Mutombo,1996-97,November,Atlanta Hawks,Portland Trail Blazers,2,0,1,0,0,0,0
5,2,Arvydas Sabonis,1996-97,November,Portland Trail Blazers,Atlanta Hawks,2,0,0,1,0,0,0
6,0,Clifford Robinson,1996-97,November,Portland Trail Blazers,Atlanta Hawks,0,1,0,0,0,0,0
8,0,Rasheed Wallace,1996-97,November,Portland Trail Blazers,Atlanta Hawks,0,0,1,0,0,0,0
10,0,Christian Laettner,1996-97,November,Atlanta Hawks,Portland Trail Blazers,0,0,1,0,0,0,0
11,0,Kenny Anderson,1996-97,November,Portland Trail Blazers,Atlanta Hawks,0,0,0,0,0,0,1
12,0,Mookie Blaylock,1996-97,November,Atlanta Hawks,Portland Trail Blazers,1,0,0,0,0,0,0
13,12,Mookie Blaylock,1996-97,November,Atlanta Hawks,Portland Trail Blazers,2,0,0,0,0,0,0
14,5,Arvydas Sabonis,1996-97,November,Portland Trail Blazers,Atlanta Hawks,4,0,0,1,0,0,0
15,6,Clifford Robinson,1996-97,November,Portland Trail Blazers,Atlanta Hawks,0,2,0,0,0,0,0
17,8,Rasheed Wallace,1996-97,November,Portland Trail Blazers,Atlanta Hawks,0,0,2,0,0,0,0
19,10,Christian Laettner,1996-97,November,Atlanta Hawks,Portland Trail Blazers,2,0,1,0,0,0,0
20,17,Rasheed Wallace,1996-97,November,Portland Trail Blazers,Atlanta Hawks,0,0,2,0,0,0,1
21,19,Christian Laettner,1996-97,November,Atlanta Hawks,Portland Trail Blazers,3,0,1,0,0,0,0
23,4,Dikembe Mutombo,1996-97,November,Atlanta Hawks,Portland Trail Blazers,2,0,1,1,0,0,0
24,0,Tyrone Corbin,1996-97,November,Atlanta Hawks,Portland Trail Blazers,0,0,1,0,0,0,0
25,21,Christian Laettner,1996-97,November,Atlanta Hawks,Portland Trail Blazers,3,0,1,0,0,0,1
26,25,Christian Laettner,1996-97,November,Atlanta Hawks,Portland Trail Blazers,3,0,1,0,0,1,1
27,20,Rasheed Wallace,1996-97,November,Portland Trail Blazers,Atlanta Hawks,0,0,2,0,0,1,1
29,26,Christian Laettner,1996-97,November,Atlanta Hawks,Portland Trail Blazers,3,0,2,0,0,1,1
31,27,Rasheed Wallace,1996-97,November,Portland Trail Blazers,Atlanta Hawks,0,0,2,1,0,1,1
32,23,Dikembe Mutombo,1996-97,November,Atlanta Hawks,Portland Trail Blazers,2,0,2,1,0,0,0
34,0,Isaiah Rider,1996-97,November,Portland Trail Blazers,Atlanta Hawks,0,0,1,0,0,0,0
36,29,Christian Laettner,1996-97,November,Atlanta Hawks,Portland Trail Blazers,3,0,3,0,0,1,1
37,0,Steven Smith,1996-97,November,Atlanta Hawks,Portland Trail Blazers,0,0,0,0,0,1,0
38,36,Christian Laettner,1996-97,November,Atlanta Hawks,Portland Trail Blazers,3,0,3,0,0,1,2
39,15,Clifford Robinson,1996-97,November,Portland Trail Blazers,Atlanta Hawks,1,2,0,0,0,0,0
40,39,Clifford Robinson,1996-97,November,Portland Trail Blazers,Atlanta Hawks,2,2,0,0,0,0,0
41,14,Arvydas Sabonis,1996-97,November,Portland Trail Blazers,Atlanta Hawks,4,0,0,1,0,0,1
43,32,Dikembe Mutombo,1996-97,November,Atlanta Hawks,Portland Trail Blazers,3,0,2,1,0,0,0
44,13,Mookie Blaylock,1996-97,November,Atlanta Hawks,Portland Trail Blazers,2,0,0,0,0,0,1
46,24,Tyrone Corbin,1996-97,November,Atlanta Hawks,Portland Trail Blazers,0,0,2,0,0,0,0
48,31,Rasheed Wallace,1996-97,November,Portland Trail Blazers,Atlanta Hawks,0,0,3,1,0,1,1
50,37,Steven Smith,1996-97,November,Atlanta Hawks,Portland Trail Blazers,0,0,1,0,0,1,0
51,50,Steven Smith,1996-97,November,Atlanta Hawks,Portland Trail Blazers,2,0,1,0,0,1,0
52,41,Arvydas Sabonis,1996-97,November,Portland Trail Blazers,Atlanta Hawks,4,0,0,1,0,1,1
53,44,Mookie Blaylock,1996-97,November,Atlanta Hawks,Portland Trail Blazers,2,0,0,0,1,0,1
54,43,Dikembe Mutombo,1996-97,November,Atlanta Hawks,Portland Trail Blazers,5,0,2,1,0,0,0
55,53,Mookie Blaylock,1996-97,November,Atlanta Hawks,Portland Trail Blazers,2,1,0,0,1,0,1
57,40,Clifford Robinson,1996-97,November,Portland Trail Blazers,Atlanta Hawks,2,2,0,0,0,1,0
58,51,Steven Smith,1996-97,November,Atlanta Hawks,Portland Trail Blazers,5,0,1,0,0,1,0
59,55,Mookie Blaylock,1996-97,November,Atlanta Hawks,Portland Trail Blazers,2,2,0,0,1,0,1
61,54,Dikembe Mutombo,1996-97,November,Atlanta Hawks,Portland Trail Blazers,5,0,2,2,0,0,0
62,52,Arvydas Sabonis,1996-97,November,Portland Trail Blazers,Atlanta Hawks,4,0,1,1,0,1,1
64,59,Mookie Blaylock,1996-97,November,Atlanta Hawks,Portland Trail Blazers,2,2,1,0,1,0,1
65,64,Mookie Blaylock,1996-97,November,Atlanta Hawks,Portland Trail Blazers,5,2,1,0,1,0,1
67,0,Ivano Newbill,1996-97,November,Atlanta Hawks,Portland Trail Blazers,0,0,1,0,0,0,0
68,46,Tyrone Corbin,1996-97,November,Atlanta Hawks,Portland Trail Blazers,2,0,2,0,0,0,0
69,62,Arvydas Sabonis,1996-97,November,Portland Trail Blazers,Atlanta Hawks,6,0,1,1,0,1,1
70,34,Isaiah Rider,1996-97,November,Portland Trail Blazers,Atlanta Hawks,0,1,1,0,0,0,0
72,69,Arvydas Sabonis,1996-97,November,Portland Trail Blazers,Atlanta Hawks,6,0,2,1,0,1,1
73,67,Ivano Newbill,1996-97,November,Atlanta Hawks,Portland Trail Blazers,0,0,1,0,0,0,1
74,72,Arvydas Sabonis,1996-97,November,Portland Trail Blazers,Atlanta Hawks,6,0,2,1,0,2,1
75,61,Dikembe Mutombo,1996-97,November,Atlanta Hawks,Portland Trail Blazers,5,0,2,2,1,0,0
76,68,Tyrone Corbin,1996-97,November,Atlanta Hawks,Portland Trail Blazers,5,0,2,0,0,0,0
77,58,Steven Smith,1996-97,November,Atlanta Hawks,Portland Trail Blazers,5,1,1,0,0,1,0
78,70,Isaiah Rider,1996-97,November,Portland Trail Blazers,Atlanta Hawks,3,1,1,0,0,0,0
79,57,Clifford Robinson,1996-97,November,Portland Trail Blazers,Atlanta Hawks,2,2,0,0,0,1,1
81,73,Ivano Newbill,1996-97,November,Atlanta Hawks,Portland Trail Blazers,0,0,2,0,0,0,1
83,75,Dikembe Mutombo,1996-97,November,Atlanta Hawks,Portland Trail Blazers,5,0,3,2,1,0,0
84,83,Dikembe Mutombo,1996-97,November,Atlanta Hawks,Portland Trail Blazers,7,0,3,2,1,0,0
85,74,Arvydas Sabonis,1996-97,November,Portland Trail Blazers,Atlanta Hawks,6,0,2,1,0,3,1
86,76,Tyrone Corbin,1996-97,November,Atlanta Hawks,Portland Trail Blazers,8,0,2,0,0,0,0
87,81,Ivano Newbill,1996-97,November,Atlanta Hawks,Portland Trail Blazers,0,1,2,0,0,0,1
88,0,Chris Dudley,1996-97,November,Portland Trail Blazers,Atlanta Hawks,0,0,0,0,0,1,0
89,65,Mookie Blaylock,1996-97,November,Atlanta Hawks,Portland Trail Blazers,5,2,1,0,2,0,1
90,86,Tyrone Corbin,1996-97,November,Atlanta Hawks,Portland Trail Blazers,10,0,2,0,0,0,0
91,89,Mookie Blaylock,1996-97,November,Atlanta Hawks,Portland Trail Blazers,5,3,1,0,2,0,1
92,0,Aaron McKie,1996-97,November,Portland Trail Blazers,Atlanta Hawks,0,0,0,0,0,1,0
94,48,Rasheed Wallace,1996-97,November,Portland Trail Blazers,Atlanta Hawks,0,0,4,1,0,1,1
95,94,Rasheed Wallace,1996-97,November,Portland Trail Blazers,Atlanta Hawks,0,0,4,1,0,2,1
96,91,Mookie Blaylock,1996-97,November,Atlanta Hawks,Portland Trail Blazers,7,3,1,0,2,0,1
97,95,Rasheed Wallace,1996-97,November,Portland Trail Blazers,Atlanta Hawks,2,0,4,1,0,2,1
99,92,Aaron McKie,1996-97,November,Portland Trail Blazers,Atlanta Hawks,0,0,1,0,0,1,0
100,96,Mookie Blaylock,1996-97,November,Atlanta Hawks,Portland Trail Blazers,10,3,1,0,2,0,1
101,0,Jon Barry,1996-97,November,Atlanta Hawks,Portland Trail Blazers,0,1,0,0,0,0,0
102,100,Mookie Blaylock,1996-97,November,Atlanta Hawks,Portland Trail Blazers,10,3,1,0,2,0,2
103,99,Aaron McKie,1996-97,November,Portland Trail Blazers,Atlanta Hawks,0,0,1,0,0,2,0
105,103,Aaron McKie,1996-97,November,Portland Trail Blazers,Atlanta Hawks,0,0,2,0,0,2,0
106,90,Tyrone Corbin,1996-97,November,Atlanta Hawks,Portland Trail Blazers,10,0,2,0,0,0,1
107,105,Aaron McKie,1996-97,November,Portland Trail Blazers,Atlanta Hawks,1,0,2,0,0,2,0
108,107,Aaron McKie,1996-97,November,Portland Trail Blazers,Atlanta Hawks,2,0,2,0,0,2,0
110,108,Aaron McKie,1996-97,November,Portland Trail Blazers,Atlanta Hawks,2,0,3,0,0,2,0
111,106,Tyrone Corbin,1996-97,November,Atlanta Hawks,Portland Trail Blazers,10,0,2,0,0,0,2
112,0,Willie Burton,1996-97,November,Atlanta Hawks,Portland Trail Blazers,0,0,0,0,0,0,1
113,79,Clifford Robinson,1996-97,November,Portland Trail Blazers,Atlanta Hawks,3,2,0,0,0,1,1
114,113,Clifford Robinson,1996-97,November,Portland Trail Blazers,Atlanta Hawks,4,2,0,0,0,1,1
116,0,Gary Trent,1996-97,November,Portland Trail Blazers,Atlanta Hawks,0,0,1,0,0,0,0
118,84,Dikembe Mutombo,1996-97,November,Atlanta Hawks,Portland Trail Blazers,7,0,3,3,1,0,0
119,77,Steven Smith,1996-97,November,Atlanta Hawks,Portland Trail Blazers,5,1,2,0,0,1,0
120,112,Willie Burton,1996-97,November,Atlanta Hawks,Portland Trail Blazers,2,0,0,0,0,0,1
121,119,Steven Smith,1996-97,November,Atlanta Hawks,Portland Trail Blazers,5,2,2,0,0,1,0
122,114,Clifford Robinson,1996-97,November,Portland Trail Blazers,Atlanta Hawks,4,2,0,0,0,1,2
123,122,Clifford Robinson,1996-97,November,Portland Trail Blazers,Atlanta Hawks,4,2,0,0,0,2,2
124,101,Jon Barry,1996-97,November,Atlanta Hawks,Portland Trail Blazers,0,1,0,0,0,1,0
125,38,Christian Laettner,1996-97,November,Atlanta Hawks,Portland Trail Blazers,3,0,3,0,0,1,3
126,116,Gary Trent,1996-97,November,Portland Trail Blazers,Atlanta Hawks,1,0,1,0,0,0,0
127,126,Gary Trent,1996-97,November,Portland Trail Blazers,Atlanta Hawks,2,0,1,0,0,0,0
128,121,Steven Smith,1996-97,November,Atlanta Hawks,Portland Trail Blazers,7,2,2,0,0,1,0
129,87,Ivano Newbill,1996-97,November,Atlanta Hawks,Portland Trail Blazers,0,2,2,0,0,0,1
131,0,Dontonio Wingfield,1996-97,November,Portland Trail Blazers,Atlanta Hawks,0,0,1,0,0,0,0
133,88,Chris Dudley,1996-97,November,Portland Trail Blazers,Atlanta Hawks,0,0,1,0,0,1,0
135,131,Dontonio Wingfield,1996-97,November,Portland Trail Blazers,Atlanta Hawks,0,0,2,0,0,0,0
136,124,Jon Barry,1996-97,November,Atlanta Hawks,Portland Trail Blazers,0,1,0,0,0,1,1
137,110,Aaron McKie,1996-97,November,Portland Trail Blazers,Atlanta Hawks,3,0,3,0,0,2,0
138,137,Aaron McKie,1996-97,November,Portland Trail Blazers,Atlanta Hawks,4,0,3,0,0,2,0
139,118,Dikembe Mutombo,1996-97,November,Atlanta Hawks,Portland Trail Blazers,9,0,3,3,1,0,0
141,136,Jon Barry,1996-97,November,Atlanta Hawks,Portland Trail Blazers,0,1,1,0,0,1,1
142,128,Steven Smith,1996-97,November,Atlanta Hawks,Portland Trail Blazers,10,2,2,0,0,1,0
143,141,Jon Barry,1996-97,November,Atlanta Hawks,Portland Trail Blazers,0,2,1,0,0,1,1
144,138,Aaron McKie,1996-97,November,Portland Trail Blazers,Atlanta Hawks,6,0,3,0,0,2,0
145,120,Willie Burton,1996-97,November,Atlanta Hawks,Portland Trail Blazers,5,0,0,0,0,0,1
146,142,Steven Smith,1996-97,November,Atlanta Hawks,Portland Trail Blazers,10,3,2,0,0,1,0
147,127,Gary Trent,1996-97,November,Portland Trail Blazers,Atlanta Hawks,4,0,1,0,0,0,0
148,78,Isaiah Rider,1996-97,November,Portland Trail Blazers,Atlanta Hawks,3,2,1,0,0,0,0
149,143,Jon Barry,1996-97,November,Atlanta Hawks,Portland Trail Blazers,3,2,1,0,0,1,1
150,146,Steven Smith,1996-97,November,Atlanta Hawks,Portland Trail Blazers,10,4,2,0,0,1,0
151,148,Isaiah Rider,1996-97,November,Portland Trail Blazers,Atlanta Hawks,3,2,1,0,0,0,1
152,151,Isaiah Rider,1996-97,November,Portland Trail Blazers,Atlanta Hawks,3,2,1,0,0,1,1
154,150,Steven Smith,1996-97,November,Atlanta Hawks,Portland Trail Blazers,10,4,2,0,0,1,1
156,123,Clifford Robinson,1996-97,November,Portland Trail Blazers,Atlanta Hawks,5,2,0,0,0,2,2
157,147,Gary Trent,1996-97,November,Portland Trail Blazers,Atlanta Hawks,4,0,1,0,0,0,1
158,154,Steven Smith,1996-97,November,Atlanta Hawks,Portland Trail Blazers,10,4,2,0,0,2,1
160,129,Ivano Newbill,1996-97,November,Atlanta Hawks,Portland Trail Blazers,0,2,3,0,0,0,1
161,158,Steven Smith,1996-97,November,Atlanta Hawks,Portland Trail Blazers,10,4,2,0,0,3,1
162,133,Chris Dudley,1996-97,November,Portland Trail Blazers,Atlanta Hawks,0,0,1,0,1,1,0
163,152,Isaiah Rider,1996-97,November,Portland Trail Blazers,Atlanta Hawks,3,2,1,0,0,2,1
165,162,Chris Dudley,1996-97,November,Portland Trail Blazers,Atlanta Hawks,0,0,2,0,1,1,0
166,161,Steven Smith,1996-97,November,Atlanta Hawks,Portland Trail Blazers,10,4,2,0,0,3,1
167,11,Kenny Anderson,1996-97,November,Portland Trail Blazers,Atlanta Hawks,1,0,0,0,0,0,1
169,139,Dikembe Mutombo,1996-97,November,Atlanta Hawks,Portland Trail Blazers,9,0,3,4,1,0,0
170,160,Ivano Newbill,1996-97,November,Atlanta Hawks,Portland Trail Blazers,0,2,4,0,0,0,1
171,157,Gary Trent,1996-97,November,Portland Trail Blazers,Atlanta Hawks,4,0,1,0,0,0,2
172,156,Clifford Robinson,1996-97,November,Portland Trail Blazers,Atlanta Hawks,5,2,0,0,0,2,3
173,145,Willie Burton,1996-97,November,Atlanta Hawks,Portland Trail Blazers,6,0,0,0,0,0,1
174,173,Willie Burton,1996-97,November,Atlanta Hawks,Portland Trail Blazers,7,0,0,0,0,0,1
175,171,Gary Trent,1996-97,November,Portland Trail Blazers,Atlanta Hawks,6,0,1,0,0,0,2
176,167,Kenny Anderson,1996-97,November,Portland Trail Blazers,Atlanta Hawks,1,1,0,0,0,0,1
178,85,Arvydas Sabonis,1996-97,November,Portland Trail Blazers,Atlanta Hawks,6,0,3,1,0,3,1
179,172,Clifford Robinson,1996-97,November,Portland Trail Blazers,Atlanta Hawks,8,2,0,0,0,2,3
180,175,Gary Trent,1996-97,November,Portland Trail Blazers,Atlanta Hawks,6,1,1,0,0,0,2
181,163,Isaiah Rider,1996-97,November,Portland Trail Blazers,Atlanta Hawks,3,2,1,0,0,2,2
182,166,Steven Smith,1996-97,November,Atlanta Hawks,Portland Trail Blazers,11,4,2,0,0,3,1
183,182,Steven Smith,1996-97,November,Atlanta Hawks,Portland Trail Blazers,12,4,2,0,0,3,1
184,180,Gary Trent,1996-97,November,Portland Trail Blazers,Atlanta Hawks,8,1,1,0,0,0,2
185,102,Mookie Blaylock,1996-97,November,Atlanta Hawks,Portland Trail Blazers,10,3,1,0,2,1,2
186,178,Arvydas Sabonis,1996-97,November,Portland Trail Blazers,Atlanta Hawks,6,0,3,1,1,3,1
187,181,Isaiah Rider,1996-97,November,Portland Trail Blazers,Atlanta Hawks,5,2,1,0,0,2,2
188,186,Arvydas Sabonis,1996-97,November,Portland Trail Blazers,Atlanta Hawks,6,0,3,1,1,3,2
189,169,Dikembe Mutombo,1996-97,November,Atlanta Hawks,Portland Trail Blazers,10,0,3,4,1,0,0
190,189,Dikembe Mutombo,1996-97,November,Atlanta Hawks,Portland Trail Blazers,11,0,3,4,1,0,0
192,185,Mookie Blaylock,1996-97,November,Atlanta Hawks,Portland Trail Blazers,10,3,2,0,2,1,2
193,111,Tyrone Corbin,1996-97,November,Atlanta Hawks,Portland Trail Blazers,12,0,2,0,0,0,2
194,192,Mookie Blaylock,1996-97,November,Atlanta Hawks,Portland Trail Blazers,10,4,2,0,2,1,2
195,188,Arvydas Sabonis,1996-97,November,Portland Trail Blazers,Atlanta Hawks,6,0,3,1,1,4,2
196,193,Tyrone Corbin,1996-97,November,Atlanta Hawks,Portland Trail Blazers,12,0,2,0,0,1,2
197,187,Isaiah Rider,1996-97,November,Portland Trail Blazers,Atlanta Hawks,5,2,1,0,1,2,2
199,176,Kenny Anderson,1996-97,November,Portland Trail Blazers,Atlanta Hawks,1,1,1,0,0,0,1
201,199,Kenny Anderson,1996-97,November,Portland Trail Blazers,Atlanta Hawks,1,1,2,0,0,0,1
202,201,Kenny Anderson,1996-97,November,Portland Trail Blazers,Atlanta Hawks,3,1,2,0,0,0,1
203,183,Steven Smith,1996-97,November,Atlanta Hawks,Portland Trail Blazers,14,4,2,0,0,3,1
204,197,Isaiah Rider,1996-97,November,Portland Trail Blazers,Atlanta Hawks,7,2,1,0,1,2,2
205,203,Steven Smith,1996-97,November,Atlanta Hawks,Portland Trail Blazers,14,4,2,0,0,4,1
206,202,Kenny Anderson,1996-97,November,Portland Trail Blazers,Atlanta Hawks,3,1,2,0,1,0,1
208,194,Mookie Blaylock,1996-97,November,Atlanta Hawks,Portland Trail Blazers,10,4,2,1,2,1,2
209,204,Isaiah Rider,1996-97,November,Portland Trail Blazers,Atlanta Hawks,7,2,2,0,1,2,2
211,208,Mookie Blaylock,1996-97,November,Atlanta Hawks,Portland Trail Blazers,10,4,2,2,2,1,2
212,190,Dikembe Mutombo,1996-97,November,Atlanta Hawks,Portland Trail Blazers,11,0,3,4,1,0,1
213,179,Clifford Robinson,1996-97,November,Portland Trail Blazers,Atlanta Hawks,9,2,0,0,0,2,3
215,213,Clifford Robinson,1996-97,November,Portland Trail Blazers,Atlanta Hawks,9,2,1,0,0,2,3
216,215,Clifford Robinson,1996-97,November,Portland Trail Blazers,Atlanta Hawks,9,2,1,0,0,2,4
217,216,Clifford Robinson,1996-97,November,Portland Trail Blazers,Atlanta Hawks,9,2,1,0,0,3,4
218,125,Christian Laettner,1996-97,November,Atlanta Hawks,Portland Trail Blazers,3,0,3,0,0,1,4
219,218,Christian Laettner,1996-97,November,Atlanta Hawks,Portland Trail Blazers,3,0,3,0,0,2,4
220,209,Isaiah Rider,1996-97,November,Portland Trail Blazers,Atlanta Hawks,7,2,2,0,1,3,2
221,212,Dikembe Mutombo,1996-97,November,Atlanta Hawks,Portland Trail Blazers,11,0,3,4,2,0,1
222,211,Mookie Blaylock,1996-97,November,Atlanta Hawks,Portland Trail Blazers,10,4,2,2,2,2,2
223,206,Kenny Anderson,1996-97,November,Portland Trail Blazers,Atlanta Hawks,6,1,2,0,1,0,1
224,220,Isaiah Rider,1996-97,November,Portland Trail Blazers,Atlanta Hawks,7,3,2,0,1,3,2
225,170,Ivano Newbill,1996-97,November,Atlanta Hawks,Portland Trail Blazers,0,2,4,0,0,1,1
227,221,Dikembe Mutombo,1996-97,November,Atlanta Hawks,Portland Trail Blazers,11,0,4,4,2,0,1
228,222,Mookie Blaylock,1996-97,November,Atlanta Hawks,Portland Trail Blazers,13,4,2,2,2,2,2
229,195,Arvydas Sabonis,1996-97,November,Portland Trail Blazers,Atlanta Hawks,8,0,3,1,1,4,2
230,223,Kenny Anderson,1996-97,November,Portland Trail Blazers,Atlanta Hawks,6,2,2,0,1,0,1
232,230,Kenny Anderson,1996-97,November,Portland Trail Blazers,Atlanta Hawks,6,2,3,0,1,0,1
233,97,Rasheed Wallace,1996-97,November,Portland Trail Blazers,Atlanta Hawks,4,0,4,1,0,2,1
235,229,Arvydas Sabonis,1996-97,November,Portland Trail Blazers,Atlanta Hawks,8,0,4,1,1,4,2
236,184,Gary Trent,1996-97,November,Portland Trail Blazers,Atlanta Hawks,8,1,1,0,0,1,2
237,196,Tyrone Corbin,1996-97,November,Atlanta Hawks,Portland Trail Blazers,12,0,2,0,1,1,2
238,235,Arvydas Sabonis,1996-97,November,Portland Trail Blazers,Atlanta Hawks,8,0,4,1,1,4,3
239,237,Tyrone Corbin,1996-97,November,Atlanta Hawks,Portland Trail Blazers,13,0,2,0,1,1,2
240,239,Tyrone Corbin,1996-97,November,Atlanta Hawks,Portland Trail Blazers,14,0,2,0,1,1,2
242,238,Arvydas Sabonis,1996-97,November,Portland Trail Blazers,Atlanta Hawks,8,0,5,1,1,4,3
243,233,Rasheed Wallace,1996-97,November,Portland Trail Blazers,Atlanta Hawks,6,0,4,1,0,2,1
244,224,Isaiah Rider,1996-97,November,Portland Trail Blazers,Atlanta Hawks,7,4,2,0,1,3,2
245,228,Mookie Blaylock,1996-97,November,Atlanta Hawks,Portland Trail Blazers,16,4,2,2,2,2,2
247,240,Tyrone Corbin,1996-97,November,Atlanta Hawks,Portland Trail Blazers,14,0,3,0,1,1,2
249,244,Isaiah Rider,1996-97,November,Portland Trail Blazers,Atlanta Hawks,7,4,3,0,1,3,2
251,243,Rasheed Wallace,1996-97,November,Portland Trail Blazers,Atlanta Hawks,6,0,5,1,0,2,1
252,232,Kenny Anderson,1996-97,November,Portland Trail Blazers,Atlanta Hawks,9,2,3,0,1,0,1
253,251,Rasheed Wallace,1996-97,November,Portland Trail Blazers,Atlanta Hawks,6,1,5,1,0,2,1
255,242,Arvydas Sabonis,1996-97,November,Portland Trail Blazers,Atlanta Hawks,8,0,5,2,1,4,3
256,252,Kenny Anderson,1996-97,November,Portland Trail Blazers,Atlanta Hawks,9,2,4,0,1,0,1
258,227,Dikembe Mutombo,1996-97,November,Atlanta Hawks,Portland Trail Blazers,11,0,5,4,2,0,1
259,236,Gary Trent,1996-97,November,Portland Trail Blazers,Atlanta Hawks,8,1,1,0,0,1,3
260,245,Mookie Blaylock,1996-97,November,Atlanta Hawks,Portland Trail Blazers,18,4,2,2,2,2,2
261,205,Steven Smith,1996-97,November,Atlanta Hawks,Portland Trail Blazers,14,5,2,0,0,4,1
263,225,Ivano Newbill,1996-97,November,Atlanta Hawks,Portland Trail Blazers,0,2,5,0,0,1,1
264,249,Isaiah Rider,1996-97,November,Portland Trail Blazers,Atlanta Hawks,7,4,3,0,1,3,3
266,253,Rasheed Wallace,1996-97,November,Portland Trail Blazers,Atlanta Hawks,6,1,5,2,0,2,1
268,255,Arvydas Sabonis,1996-97,November,Portland Trail Blazers,Atlanta Hawks,8,0,6,2,1,4,3
269,268,Arvydas Sabonis,1996-97,November,Portland Trail Blazers,Atlanta Hawks,8,0,6,2,1,5,3
270,247,Tyrone Corbin,1996-97,November,Atlanta Hawks,Portland Trail Blazers,14,0,3,0,2,1,2
272,144,Aaron McKie,1996-97,November,Portland Trail Blazers,Atlanta Hawks,6,0,4,0,0,2,0
274,258,Dikembe Mutombo,1996-97,November,Atlanta Hawks,Portland Trail Blazers,11,0,5,5,2,0,1
276,274,Dikembe Mutombo,1996-97,November,Atlanta Hawks,Portland Trail Blazers,11,0,6,5,2,0,1
277,261,Steven Smith,1996-97,November,Atlanta Hawks,Portland Trail Blazers,17,5,2,0,0,4,1
278,260,Mookie Blaylock,1996-97,November,Atlanta Hawks,Portland Trail Blazers,18,5,2,2,2,2,2
279,259,Gary Trent,1996-97,November,Portland Trail Blazers,Atlanta Hawks,8,1,1,0,0,2,3
281,217,Clifford Robinson,1996-97,November,Portland Trail Blazers,Atlanta Hawks,9,2,2,0,0,3,4
282,277,Steven Smith,1996-97,November,Atlanta Hawks,Portland Trail Blazers,17,5,2,0,0,4,2
284,256,Kenny Anderson,1996-97,November,Portland Trail Blazers,Atlanta Hawks,10,2,4,0,1,0,1
285,263,Ivano Newbill,1996-97,November,Atlanta Hawks,Portland Trail Blazers,0,2,5,0,0,2,1
286,281,Clifford Robinson,1996-97,November,Portland Trail Blazers,Atlanta Hawks,9,2,2,0,0,4,4
287,285,Ivano Newbill,1996-97,November,Atlanta Hawks,Portland Trail Blazers,0,2,5,0,1,2,1
289,270,Tyrone Corbin,1996-97,November,Atlanta Hawks,Portland Trail Blazers,14,0,4,0,2,1,2
291,286,Clifford Robinson,1996-97,November,Portland Trail Blazers,Atlanta Hawks,9,2,3,0,0,4,4
292,272,Aaron McKie,1996-97,November,Portland Trail Blazers,Atlanta Hawks,9,0,4,0,0,2,0
293,284,Kenny Anderson,1996-97,November,Portland Trail Blazers,Atlanta Hawks,10,3,4,0,1,0,1
294,282,Steven Smith,1996-97,November,Atlanta Hawks,Portland Trail Blazers,19,5,2,0,0,4,2
295,289,Tyrone Corbin,1996-97,November,Atlanta Hawks,Portland Trail Blazers,14,0,4,0,2,1,3
296,266,Rasheed Wallace,1996-97,November,Portland Trail Blazers,Atlanta Hawks,8,1,5,2,0,2,1
297,264,Isaiah Rider,1996-97,November,Portland Trail Blazers,Atlanta Hawks,7,5,3,0,1,3,3
298,149,Jon Barry,1996-97,November,Atlanta Hawks,Portland Trail Blazers,3,2,1,0,0,2,1
299,297,Isaiah Rider,1996-97,November,Portland Trail Blazers,Atlanta Hawks,7,5,3,0,2,3,3
300,292,Aaron McKie,1996-97,November,Portland Trail Blazers,Atlanta Hawks,9,0,4,0,0,3,0
301,165,Chris Dudley,1996-97,November,Portland Trail Blazers,Atlanta Hawks,0,0,2,0,1,1,1
303,296,Rasheed Wallace,1996-97,November,Portland Trail Blazers,Atlanta Hawks,8,1,6,2,0,2,1
304,300,Aaron McKie,1996-97,November,Portland Trail Blazers,Atlanta Hawks,9,0,4,0,0,4,0
305,298,Jon Barry,1996-97,November,Atlanta Hawks,Portland Trail Blazers,3,2,1,0,1,2,1
306,278,Mookie Blaylock,1996-97,November,Atlanta Hawks,Portland Trail Blazers,20,5,2,2,2,2,2
308,291,Clifford Robinson,1996-97,November,Portland Trail Blazers,Atlanta Hawks,9,2,4,0,0,4,4
309,308,Clifford Robinson,1996-97,November,Portland Trail Blazers,Atlanta Hawks,9,2,4,0,0,5,4
310,295,Tyrone Corbin,1996-97,November,Atlanta Hawks,Portland Trail Blazers,14,0,4,0,3,1,3
312,301,Chris Dudley,1996-97,November,Portland Trail Blazers,Atlanta Hawks,0,0,3,0,1,1,1
313,299,Isaiah Rider,1996-97,November,Portland Trail Blazers,Atlanta Hawks,7,5,3,0,2,4,3
314,305,Jon Barry,1996-97,November,Atlanta Hawks,Portland Trail Blazers,3,2,1,0,2,2,1
315,313,Isaiah Rider,1996-97,November,Portland Trail Blazers,Atlanta Hawks,7,5,3,0,2,4,4
317,309,Clifford Robinson,1996-97,November,Portland Trail Blazers,Atlanta Hawks,9,2,5,0,0,5,4
318,276,Dikembe Mutombo,1996-97,November,Atlanta Hawks,Portland Trail Blazers,11,0,6,5,2,0,2
321,306,Mookie Blaylock,1996-97,November,Atlanta Hawks,Portland Trail Blazers,20,5,3,2,2,2,2
323,279,Gary Trent,1996-97,November,Portland Trail Blazers,Atlanta Hawks,8,1,2,0,0,2,3
324,323,Gary Trent,1996-97,November,Portland Trail Blazers,Atlanta Hawks,8,1,2,0,0,3,3
325,321,Mookie Blaylock,1996-97,November,Atlanta Hawks,Portland Trail Blazers,22,5,3,2,2,2,2
327,314,Jon Barry,1996-97,November,Atlanta Hawks,Portland Trail Blazers,3,2,2,0,2,2,1
329,287,Ivano Newbill,1996-97,November,Atlanta Hawks,Portland Trail Blazers,0,2,6,0,1,2,1
331,329,Ivano Newbill,1996-97,November,Atlanta Hawks,Portland Trail Blazers,0,2,7,0,1,2,1
333,327,Jon Barry,1996-97,November,Atlanta Hawks,Portland Trail Blazers,3,2,2,0,2,3,1
334,293,Kenny Anderson,1996-97,November,Portland Trail Blazers,Atlanta Hawks,10,3,4,0,2,0,1
335,334,Kenny Anderson,1996-97,November,Portland Trail Blazers,Atlanta Hawks,12,3,4,0,2,0,1
336,333,Jon Barry,1996-97,November,Atlanta Hawks,Portland Trail Blazers,3,2,2,0,2,3,2
337,335,Kenny Anderson,1996-97,November,Portland Trail Blazers,Atlanta Hawks,13,3,4,0,2,0,1
339,317,Clifford Robinson,1996-97,November,Portland Trail Blazers,Atlanta Hawks,9,2,5,1,0,5,4
340,331,Ivano Newbill,1996-97,November,Atlanta Hawks,Portland Trail Blazers,0,2,8,0,1,2,1
342,312,Chris Dudley,1996-97,November,Portland Trail Blazers,Atlanta Hawks,0,0,3,1,1,1,1
343,337,Kenny Anderson,1996-97,November,Portland Trail Blazers,Atlanta Hawks,13,3,5,0,2,0,1
344,340,Ivano Newbill,1996-97,November,Atlanta Hawks,Portland Trail Blazers,0,2,8,0,1,2,2
346,342,Chris Dudley,1996-97,November,Portland Trail Blazers,Atlanta Hawks,0,0,4,1,1,1,1
347,346,Chris Dudley,1996-97,November,Portland Trail Blazers,Atlanta Hawks,2,0,4,1,1,1,1
348,339,Clifford Robinson,1996-97,November,Portland Trail Blazers,Atlanta Hawks,9,2,5,1,0,5,5
349,174,Willie Burton,1996-97,November,Atlanta Hawks,Portland Trail Blazers,8,0,0,0,0,0,1
350,349,Willie Burton,1996-97,November,Atlanta Hawks,Portland Trail Blazers,9,0,0,0,0,0,1
352,350,Willie Burton,1996-97,November,Atlanta Hawks,Portland Trail Blazers,9,0,0,1,0,0,1
353,219,Christian Laettner,1996-97,November,Atlanta Hawks,Portland Trail Blazers,3,0,4,0,0,2,4
355,347,Chris Dudley,1996-97,November,Portland Trail Blazers,Atlanta Hawks,2,0,5,1,1,1,1
357,315,Isaiah Rider,1996-97,November,Portland Trail Blazers,Atlanta Hawks,9,5,3,0,2,4,4
358,353,Christian Laettner,1996-97,November,Atlanta Hawks,Portland Trail Blazers,5,0,4,0,0,2,4
360,352,Willie Burton,1996-97,November,Atlanta Hawks,Portland Trail Blazers,9,0,1,1,0,0,1
361,355,Chris Dudley,1996-97,November,Portland Trail Blazers,Atlanta Hawks,2,0,5,1,1,1,2
363,361,Chris Dudley,1996-97,November,Portland Trail Blazers,Atlanta Hawks,2,0,6,1,1,1,2
365,360,Willie Burton,1996-97,November,Atlanta Hawks,Portland Trail Blazers,9,0,2,1,0,0,1
366,294,Steven Smith,1996-97,November,Atlanta Hawks,Portland Trail Blazers,19,5,2,0,0,5,2
367,363,Chris Dudley,1996-97,November,Portland Trail Blazers,Atlanta Hawks,2,0,6,1,2,1,2
368,318,Dikembe Mutombo,1996-97,November,Atlanta Hawks,Portland Trail Blazers,11,0,6,5,2,0,3
369,343,Kenny Anderson,1996-97,November,Portland Trail Blazers,Atlanta Hawks,14,3,5,0,2,0,1
371,368,Dikembe Mutombo,1996-97,November,Atlanta Hawks,Portland Trail Blazers,11,0,7,5,2,0,3
372,371,Dikembe Mutombo,1996-97,November,Atlanta Hawks,Portland Trail Blazers,13,0,7,5,2,0,3
374,348,Clifford Robinson,1996-97,November,Portland Trail Blazers,Atlanta Hawks,9,2,5,1,0,5,6
375,324,Gary Trent,1996-97,November,Portland Trail Blazers,Atlanta Hawks,8,1,2,0,0,3,4
378,367,Chris Dudley,1996-97,November,Portland Trail Blazers,Atlanta Hawks,2,0,7,1,2,1,2
379,378,Chris Dudley,1996-97,November,Portland Trail Blazers,Atlanta Hawks,4,0,7,1,2,1,2
380,357,Isaiah Rider,1996-97,November,Portland Trail Blazers,Atlanta Hawks,9,6,3,0,2,4,4
382,380,Isaiah Rider,1996-97,November,Portland Trail Blazers,Atlanta Hawks,9,6,4,0,2,4,4
383,375,Gary Trent,1996-97,November,Portland Trail Blazers,Atlanta Hawks,8,1,2,0,0,4,4
385,379,Chris Dudley,1996-97,November,Portland Trail Blazers,Atlanta Hawks,4,0,7,2,2,1,2
386,336,Jon Barry,1996-97,November,Atlanta Hawks,Portland Trail Blazers,5,2,2,0,2,3,2
387,365,Willie Burton,1996-97,November,Atlanta Hawks,Portland Trail Blazers,9,1,2,1,0,0,1
388,382,Isaiah Rider,1996-97,November,Portland Trail Blazers,Atlanta Hawks,12,6,4,0,2,4,4
389,135,Dontonio Wingfield,1996-97,November,Portland Trail Blazers,Atlanta Hawks,0,1,2,0,0,0,0
391,369,Kenny Anderson,1996-97,November,Portland Trail Blazers,Atlanta Hawks,14,3,6,0,2,0,1
393,385,Chris Dudley,1996-97,November,Portland Trail Blazers,Atlanta Hawks,4,0,8,2,2,1,2
394,393,Chris Dudley,1996-97,November,Portland Trail Blazers,Atlanta Hawks,4,0,8,2,2,2,2
395,0,Donnie Boyce,1996-97,November,Atlanta Hawks,Portland Trail Blazers,0,0,0,0,0,1,0
396,0,Reggie Jordan,1996-97,November,Portland Trail Blazers,Atlanta Hawks,0,0,0,0,1,0,0
398,387,Willie Burton,1996-97,November,Atlanta Hawks,Portland Trail Blazers,9,1,3,1,0,0,1
399,396,Reggie Jordan,1996-97,November,Portland Trail Blazers,Atlanta Hawks,0,0,0,0,1,0,1
400,398,Willie Burton,1996-97,November,Atlanta Hawks,Portland Trail Blazers,10,1,3,1,0,0,1
402,0,Priest Lauderdale,1996-97,November,Atlanta Hawks,Portland Trail Blazers,0,0,1,0,0,0,0
403,402,Priest Lauderdale,1996-97,November,Atlanta Hawks,Portland Trail Blazers,2,0,1,0,0,0,0
404,389,Dontonio Wingfield,1996-97,November,Portland Trail Blazers,Atlanta Hawks,3,1,2,0,0,0,0
405,399,Reggie Jordan,1996-97,November,Portland Trail Blazers,Atlanta Hawks,0,1,0,0,1,0,1
406,383,Gary Trent,1996-97,November,Portland Trail Blazers,Atlanta Hawks,8,1,2,0,0,4,5
407,400,Willie Burton,1996-97,November,Atlanta Hawks,Portland Trail Blazers,11,1,3,1,0,0,1
408,407,Willie Burton,1996-97,November,Atlanta Hawks,Portland Trail Blazers,12,1,3,1,0,0,1
410,394,Chris Dudley,1996-97,November,Portland Trail Blazers,Atlanta Hawks,4,0,9,2,2,2,2
411,403,Priest Lauderdale,1996-97,November,Atlanta Hawks,Portland Trail Blazers,2,0,1,0,0,0,1
413,410,Chris Dudley,1996-97,November,Portland Trail Blazers,Atlanta Hawks,5,0,9,2,2,2,2
414,406,Gary Trent,1996-97,November,Portland Trail Blazers,Atlanta Hawks,8,1,2,0,0,4,6
415,395,Donnie Boyce,1996-97,November,Atlanta Hawks,Portland Trail Blazers,1,0,0,0,0,1,0
416,415,Donnie Boyce,1996-97,November,Atlanta Hawks,Portland Trail Blazers,2,0,0,0,0,1,0
