id,previous_id,player,season,month,team,opponent_team,points,assists,rebounds,blocks,steals,turnovers,personal fouls
2,0,Felton Spencer,1996-97,December,Golden State Warriors,New York Knicks,0,0,0,0,0,0,1
4,0,Joe Smith,1996-97,December,Golden State Warriors,New York Knicks,0,0,1,0,0,0,0
5,0,Latrell Sprewell,1996-97,December,Golden State Warriors,New York Knicks,2,0,0,0,0,0,0
6,0,Larry Johnson,1996-97,December,New York Knicks,Golden State Warriors,2,0,0,0,0,0,0
7,0,Chris Childs,1996-97,December,New York Knicks,Golden State Warriors,0,1,0,0,0,0,0
8,5,Latrell Sprewell,1996-97,December,Golden State Warriors,New York Knicks,4,0,0,0,0,0,0
9,0,Allan Houston,1996-97,December,New York Knicks,Golden State Warriors,3,0,0,0,0,0,0
11,6,Larry Johnson,1996-97,December,New York Knicks,Golden State Warriors,2,0,1,0,0,0,0
13,0,Chris Mullin,1996-97,December,Golden State Warriors,New York Knicks,0,0,1,0,0,0,0
14,13,Chris Mullin,1996-97,December,Golden State Warriors,New York Knicks,2,0,1,0,0,0,0
15,4,Joe Smith,1996-97,December,Golden State Warriors,New York Knicks,0,1,1,0,0,0,0
17,0,Charles Oakley,1996-97,December,New York Knicks,Golden State Warriors,0,0,1,0,0,0,0
19,11,Larry Johnson,1996-97,December,New York Knicks,Golden State Warriors,2,0,2,0,0,0,0
21,19,Larry Johnson,1996-97,December,New York Knicks,Golden State Warriors,2,0,3,0,0,0,0
22,9,Allan Houston,1996-97,December,New York Knicks,Golden State Warriors,6,0,0,0,0,0,0
23,7,Chris Childs,1996-97,December,New York Knicks,Golden State Warriors,0,2,0,0,0,0,0
24,8,Latrell Sprewell,1996-97,December,Golden State Warriors,New York Knicks,4,0,0,0,0,1,0
25,15,Joe Smith,1996-97,December,Golden State Warriors,New York Knicks,2,1,1,0,0,0,0
26,14,Chris Mullin,1996-97,December,Golden State Warriors,New York Knicks,2,1,1,0,0,0,0
28,2,Felton Spencer,1996-97,December,Golden State Warriors,New York Knicks,0,0,1,0,0,0,1
29,22,Allan Houston,1996-97,December,New York Knicks,Golden State Warriors,6,0,0,0,0,0,1
31,17,Charles Oakley,1996-97,December,New York Knicks,Golden State Warriors,0,0,2,0,0,0,0
33,25,Joe Smith,1996-97,December,Golden State Warriors,New York Knicks,2,1,2,0,0,0,0
35,28,Felton Spencer,1996-97,December,Golden State Warriors,New York Knicks,0,0,2,0,0,0,1
37,0,Patrick Ewing,1996-97,December,New York Knicks,Golden State Warriors,0,0,1,0,0,0,0
38,21,Larry Johnson,1996-97,December,New York Knicks,Golden State Warriors,4,0,3,0,0,0,0
39,31,Charles Oakley,1996-97,December,New York Knicks,Golden State Warriors,0,1,2,0,0,0,0
40,24,Latrell Sprewell,1996-97,December,Golden State Warriors,New York Knicks,7,0,0,0,0,1,0
41,0,Mark Price,1996-97,December,Golden State Warriors,New York Knicks,0,1,0,0,0,0,0
43,40,Latrell Sprewell,1996-97,December,Golden State Warriors,New York Knicks,7,0,1,0,0,1,0
45,37,Patrick Ewing,1996-97,December,New York Knicks,Golden State Warriors,0,0,2,0,0,0,0
46,45,Patrick Ewing,1996-97,December,New York Knicks,Golden State Warriors,2,0,2,0,0,0,0
47,29,Allan Houston,1996-97,December,New York Knicks,Golden State Warriors,6,0,0,0,0,0,2
49,46,Patrick Ewing,1996-97,December,New York Knicks,Golden State Warriors,2,0,3,0,0,0,0
51,39,Charles Oakley,1996-97,December,New York Knicks,Golden State Warriors,0,1,2,0,0,0,1
53,49,Patrick Ewing,1996-97,December,New York Knicks,Golden State Warriors,2,0,4,0,0,0,0
55,38,Larry Johnson,1996-97,December,New York Knicks,Golden State Warriors,4,0,4,0,0,0,0
56,33,Joe Smith,1996-97,December,Golden State Warriors,New York Knicks,2,1,2,0,0,0,1
59,35,Felton Spencer,1996-97,December,Golden State Warriors,New York Knicks,0,0,3,0,0,0,1
60,43,Latrell Sprewell,1996-97,December,Golden State Warriors,New York Knicks,9,0,1,0,0,1,0
62,53,Patrick Ewing,1996-97,December,New York Knicks,Golden State Warriors,2,0,5,0,0,0,0
64,62,Patrick Ewing,1996-97,December,New York Knicks,Golden State Warriors,2,0,6,0,0,0,0
66,64,Patrick Ewing,1996-97,December,New York Knicks,Golden State Warriors,2,0,7,0,0,0,0
67,66,Patrick Ewing,1996-97,December,New York Knicks,Golden State Warriors,4,0,7,0,0,0,0
69,67,Patrick Ewing,1996-97,December,New York Knicks,Golden State Warriors,4,0,8,0,0,0,0
71,59,Felton Spencer,1996-97,December,Golden State Warriors,New York Knicks,0,0,4,0,0,0,1
73,56,Joe Smith,1996-97,December,Golden State Warriors,New York Knicks,2,1,3,0,0,0,1
74,73,Joe Smith,1996-97,December,Golden State Warriors,New York Knicks,4,1,3,0,0,0,1
75,69,Patrick Ewing,1996-97,December,New York Knicks,Golden State Warriors,6,0,8,0,0,0,0
76,23,Chris Childs,1996-97,December,New York Knicks,Golden State Warriors,0,3,0,0,0,0,0
77,0,John Starks,1996-97,December,New York Knicks,Golden State Warriors,0,0,0,0,0,0,1
78,55,Larry Johnson,1996-97,December,New York Knicks,Golden State Warriors,4,0,4,0,0,0,1
79,26,Chris Mullin,1996-97,December,Golden State Warriors,New York Knicks,3,1,1,0,0,0,0
80,79,Chris Mullin,1996-97,December,Golden State Warriors,New York Knicks,4,1,1,0,0,0,0
82,80,Chris Mullin,1996-97,December,Golden State Warriors,New York Knicks,4,1,2,0,0,0,0
83,82,Chris Mullin,1996-97,December,Golden State Warriors,New York Knicks,6,1,2,0,0,0,0
84,41,Mark Price,1996-97,December,Golden State Warriors,New York Knicks,0,2,0,0,0,0,0
86,71,Felton Spencer,1996-97,December,Golden State Warriors,New York Knicks,0,0,5,0,0,0,1
87,60,Latrell Sprewell,1996-97,December,Golden State Warriors,New York Knicks,12,0,1,0,0,1,0
88,77,John Starks,1996-97,December,New York Knicks,Golden State Warriors,3,0,0,0,0,0,1
89,51,Charles Oakley,1996-97,December,New York Knicks,Golden State Warriors,0,2,2,0,0,0,1
91,86,Felton Spencer,1996-97,December,Golden State Warriors,New York Knicks,0,0,6,0,0,0,1
92,91,Felton Spencer,1996-97,December,Golden State Warriors,New York Knicks,2,0,6,0,0,0,1
94,89,Charles Oakley,1996-97,December,New York Knicks,Golden State Warriors,0,2,3,0,0,0,1
95,94,Charles Oakley,1996-97,December,New York Knicks,Golden State Warriors,2,2,3,0,0,0,1
97,78,Larry Johnson,1996-97,December,New York Knicks,Golden State Warriors,4,0,5,0,0,0,1
98,0,Buck Williams,1996-97,December,New York Knicks,Golden State Warriors,2,0,0,0,0,0,0
99,76,Chris Childs,1996-97,December,New York Knicks,Golden State Warriors,0,4,0,0,0,0,0
100,83,Chris Mullin,1996-97,December,Golden State Warriors,New York Knicks,6,1,2,0,0,1,0
101,97,Larry Johnson,1996-97,December,Golden State Warriors,New York Knicks,4,0,5,0,1,0,1
102,95,Charles Oakley,1996-97,December,New York Knicks,Golden State Warriors,4,2,3,0,0,0,1
103,99,Chris Childs,1996-97,December,New York Knicks,Golden State Warriors,0,5,0,0,0,0,0
104,92,Felton Spencer,1996-97,December,Golden State Warriors,New York Knicks,2,0,6,0,0,0,2
106,84,Mark Price,1996-97,December,Golden State Warriors,New York Knicks,0,2,1,0,0,0,0
107,100,Chris Mullin,1996-97,December,Golden State Warriors,New York Knicks,8,1,2,0,0,1,0
108,106,Mark Price,1996-97,December,Golden State Warriors,New York Knicks,0,3,1,0,0,0,0
110,101,Larry Johnson,1996-97,December,New York Knicks,Golden State Warriors,6,0,5,0,1,0,1
112,98,Buck Williams,1996-97,December,New York Knicks,Golden State Warriors,2,0,1,0,0,0,0
114,74,Joe Smith,1996-97,December,New York Knicks,Golden State Warriors,4,1,3,1,0,0,1
115,110,Larry Johnson,1996-97,December,New York Knicks,Golden State Warriors,6,0,6,0,1,0,1
116,0,Andrew DeClercq,1996-97,December,Golden State Warriors,New York Knicks,0,0,0,0,0,0,1
117,112,Buck Williams,1996-97,December,New York Knicks,Golden State Warriors,3,0,1,0,0,0,0
119,114,Joe Smith,1996-97,December,Golden State Warriors,New York Knicks,4,1,4,1,0,0,1
120,0,B.J. Armstrong,1996-97,December,Golden State Warriors,New York Knicks,1,0,0,0,0,0,0
121,0,Donald Royal,1996-97,December,Golden State Warriors,New York Knicks,0,0,0,0,0,0,1
122,121,Donald Royal,1996-97,December,Golden State Warriors,New York Knicks,0,0,0,0,0,1,1
124,102,Charles Oakley,1996-97,December,New York Knicks,Golden State Warriors,4,2,3,0,0,0,2
126,122,Donald Royal,1996-97,December,Golden State Warriors,New York Knicks,0,0,1,0,0,1,1
128,0,Charlie Ward,1996-97,December,New York Knicks,Golden State Warriors,0,0,1,0,0,0,0
130,117,Buck Williams,1996-97,December,New York Knicks,Golden State Warriors,3,0,2,0,0,0,0
131,115,Larry Johnson,1996-97,December,New York Knicks,Golden State Warriors,6,0,6,0,1,1,1
133,116,Andrew DeClercq,1996-97,December,Golden State Warriors,New York Knicks,0,0,1,0,0,0,1
134,133,Andrew DeClercq,1996-97,December,Golden State Warriors,New York Knicks,2,0,1,0,0,0,1
135,75,Patrick Ewing,1996-97,December,New York Knicks,Golden State Warriors,6,0,8,0,0,1,0
136,107,Chris Mullin,1996-97,December,New York Knicks,Golden State Warriors,8,1,2,0,1,1,0
138,0,Walter McCarty,1996-97,December,New York Knicks,Golden State Warriors,0,0,1,0,0,0,0
139,88,John Starks,1996-97,December,New York Knicks,Golden State Warriors,3,0,0,0,0,0,2
140,139,John Starks,1996-97,December,New York Knicks,Golden State Warriors,3,0,0,0,0,1,2
142,140,John Starks,1996-97,December,New York Knicks,Golden State Warriors,3,0,1,0,0,1,2
143,142,John Starks,1996-97,December,New York Knicks,Golden State Warriors,3,0,1,0,0,2,2
144,138,Walter McCarty,1996-97,December,New York Knicks,Golden State Warriors,0,0,1,0,0,0,1
146,135,Patrick Ewing,1996-97,December,New York Knicks,Golden State Warriors,6,0,9,0,0,1,0
147,144,Walter McCarty,1996-97,December,New York Knicks,Golden State Warriors,2,0,1,0,0,0,1
148,128,Charlie Ward,1996-97,December,New York Knicks,Golden State Warriors,0,1,1,0,0,0,0
149,136,Chris Mullin,1996-97,December,Golden State Warriors,New York Knicks,8,1,2,0,1,2,0
150,143,John Starks,1996-97,December,New York Knicks,Golden State Warriors,6,0,1,0,0,2,2
151,130,Buck Williams,1996-97,December,New York Knicks,Golden State Warriors,3,1,2,0,0,0,0
152,149,Chris Mullin,1996-97,December,Golden State Warriors,New York Knicks,11,1,2,0,1,2,0
153,120,B.J. Armstrong,1996-97,December,Golden State Warriors,New York Knicks,1,1,0,0,0,0,0
155,151,Buck Williams,1996-97,December,New York Knicks,Golden State Warriors,3,1,3,0,0,0,0
156,155,Buck Williams,1996-97,December,New York Knicks,Golden State Warriors,3,1,3,0,0,1,0
157,134,Andrew DeClercq,1996-97,December,New York Knicks,Golden State Warriors,2,0,1,0,1,0,1
158,148,Charlie Ward,1996-97,December,New York Knicks,Golden State Warriors,0,1,1,0,0,0,1
159,0,Bimbo Coles,1996-97,December,Golden State Warriors,New York Knicks,2,0,0,0,0,0,0
160,153,B.J. Armstrong,1996-97,December,Golden State Warriors,New York Knicks,1,2,0,0,0,0,0
161,147,Walter McCarty,1996-97,December,New York Knicks,Golden State Warriors,5,0,1,0,0,0,1
162,158,Charlie Ward,1996-97,December,New York Knicks,Golden State Warriors,0,2,1,0,0,0,1
164,146,Patrick Ewing,1996-97,December,Golden State Warriors,New York Knicks,6,0,9,1,0,1,0
165,164,Patrick Ewing,1996-97,December,New York Knicks,Golden State Warriors,6,0,10,1,0,1,0
166,152,Chris Mullin,1996-97,December,Golden State Warriors,New York Knicks,11,1,2,0,1,2,1
167,165,Patrick Ewing,1996-97,December,New York Knicks,Golden State Warriors,8,0,10,1,0,1,0
168,162,Charlie Ward,1996-97,December,New York Knicks,Golden State Warriors,0,3,1,0,0,0,1
170,47,Allan Houston,1996-97,December,New York Knicks,Golden State Warriors,6,0,1,0,0,0,2
172,156,Buck Williams,1996-97,December,New York Knicks,Golden State Warriors,3,1,4,0,0,1,0
174,157,Andrew DeClercq,1996-97,December,Golden State Warriors,New York Knicks,2,0,2,0,1,0,1
175,166,Chris Mullin,1996-97,December,Golden State Warriors,New York Knicks,11,1,2,0,1,3,1
176,168,Charlie Ward,1996-97,December,Golden State Warriors,New York Knicks,0,3,1,0,1,0,1
177,176,Charlie Ward,1996-97,December,New York Knicks,Golden State Warriors,2,3,1,0,1,0,1
178,174,Andrew DeClercq,1996-97,December,Golden State Warriors,New York Knicks,2,0,2,0,1,0,2
179,177,Charlie Ward,1996-97,December,New York Knicks,Golden State Warriors,3,3,1,0,1,0,1
181,172,Buck Williams,1996-97,December,New York Knicks,Golden State Warriors,3,1,5,0,0,1,0
183,104,Felton Spencer,1996-97,December,Golden State Warriors,New York Knicks,2,0,7,0,0,0,2
184,161,Walter McCarty,1996-97,December,New York Knicks,Golden State Warriors,5,0,1,0,0,0,2
186,87,Latrell Sprewell,1996-97,December,Golden State Warriors,New York Knicks,13,0,1,0,0,1,0
188,186,Latrell Sprewell,1996-97,December,New York Knicks,Golden State Warriors,13,0,1,1,0,1,0
190,124,Charles Oakley,1996-97,December,New York Knicks,Golden State Warriors,4,2,4,0,0,0,2
192,190,Charles Oakley,1996-97,December,New York Knicks,Golden State Warriors,4,2,5,0,0,0,2
193,192,Charles Oakley,1996-97,December,New York Knicks,Golden State Warriors,4,2,5,0,0,1,2
194,159,Bimbo Coles,1996-97,December,New York Knicks,Golden State Warriors,2,0,0,0,1,0,0
196,167,Patrick Ewing,1996-97,December,New York Knicks,Golden State Warriors,8,0,11,1,0,1,0
197,196,Patrick Ewing,1996-97,December,New York Knicks,Golden State Warriors,8,0,11,1,0,2,0
198,119,Joe Smith,1996-97,December,New York Knicks,Golden State Warriors,4,1,4,1,1,0,1
199,198,Joe Smith,1996-97,December,Golden State Warriors,New York Knicks,6,1,4,1,1,0,1
201,188,Latrell Sprewell,1996-97,December,Golden State Warriors,New York Knicks,13,0,2,1,0,1,0
203,194,Bimbo Coles,1996-97,December,Golden State Warriors,New York Knicks,2,0,1,0,1,0,0
204,201,Latrell Sprewell,1996-97,December,Golden State Warriors,New York Knicks,13,0,2,1,0,2,0
205,193,Charles Oakley,1996-97,December,Golden State Warriors,New York Knicks,4,2,5,0,1,1,2
206,203,Bimbo Coles,1996-97,December,Golden State Warriors,New York Knicks,2,0,1,0,1,0,1
207,179,Charlie Ward,1996-97,December,New York Knicks,Golden State Warriors,4,3,1,0,1,0,1
208,207,Charlie Ward,1996-97,December,New York Knicks,Golden State Warriors,5,3,1,0,1,0,1
209,170,Allan Houston,1996-97,December,New York Knicks,Golden State Warriors,6,0,1,0,0,0,3
210,204,Latrell Sprewell,1996-97,December,Golden State Warriors,New York Knicks,14,0,2,1,0,2,0
211,210,Latrell Sprewell,1996-97,December,Golden State Warriors,New York Knicks,15,0,2,1,0,2,0
213,131,Larry Johnson,1996-97,December,New York Knicks,Golden State Warriors,6,0,7,0,1,1,1
214,183,Felton Spencer,1996-97,December,Golden State Warriors,New York Knicks,2,0,7,0,0,0,3
215,205,Charles Oakley,1996-97,December,New York Knicks,Golden State Warriors,5,2,5,0,1,1,2
216,215,Charles Oakley,1996-97,December,New York Knicks,Golden State Warriors,6,2,5,0,1,1,2
217,175,Chris Mullin,1996-97,December,Golden State Warriors,New York Knicks,13,1,2,0,1,3,1
218,206,Bimbo Coles,1996-97,December,Golden State Warriors,New York Knicks,2,1,1,0,1,0,1
220,178,Andrew DeClercq,1996-97,December,Golden State Warriors,New York Knicks,2,0,2,0,1,0,3
221,197,Patrick Ewing,1996-97,December,New York Knicks,Golden State Warriors,9,0,11,1,0,2,0
223,199,Joe Smith,1996-97,December,Golden State Warriors,New York Knicks,6,1,5,1,1,0,1
225,216,Charles Oakley,1996-97,December,New York Knicks,Golden State Warriors,6,2,6,0,1,1,2
226,225,Charles Oakley,1996-97,December,New York Knicks,Golden State Warriors,6,2,6,0,1,2,2
227,211,Latrell Sprewell,1996-97,December,New York Knicks,Golden State Warriors,15,0,2,1,1,2,0
229,209,Allan Houston,1996-97,December,New York Knicks,Golden State Warriors,9,0,1,0,0,0,3
230,103,Chris Childs,1996-97,December,New York Knicks,Golden State Warriors,0,6,0,0,0,0,0
231,221,Patrick Ewing,1996-97,December,New York Knicks,Golden State Warriors,9,0,11,1,0,2,1
233,108,Mark Price,1996-97,December,Golden State Warriors,New York Knicks,0,3,2,0,0,0,0
235,231,Patrick Ewing,1996-97,December,New York Knicks,Golden State Warriors,9,0,12,1,0,2,1
236,229,Allan Houston,1996-97,December,New York Knicks,Golden State Warriors,9,0,1,0,0,1,3
237,227,Latrell Sprewell,1996-97,December,New York Knicks,Golden State Warriors,15,0,2,1,2,2,0
238,214,Felton Spencer,1996-97,December,Golden State Warriors,New York Knicks,2,0,7,0,0,0,4
239,238,Felton Spencer,1996-97,December,Golden State Warriors,New York Knicks,2,0,7,0,0,1,4
240,236,Allan Houston,1996-97,December,New York Knicks,Golden State Warriors,9,0,1,0,0,2,3
241,217,Chris Mullin,1996-97,December,Golden State Warriors,New York Knicks,15,1,2,0,1,3,1
242,237,Latrell Sprewell,1996-97,December,Golden State Warriors,New York Knicks,15,1,2,1,2,2,0
243,235,Patrick Ewing,1996-97,December,New York Knicks,Golden State Warriors,11,0,12,1,0,2,1
244,230,Chris Childs,1996-97,December,New York Knicks,Golden State Warriors,0,7,0,0,0,0,0
245,233,Mark Price,1996-97,December,Golden State Warriors,New York Knicks,3,3,2,0,0,0,0
246,241,Chris Mullin,1996-97,December,Golden State Warriors,New York Knicks,15,2,2,0,1,3,1
248,0,Todd Fuller,1996-97,December,New York Knicks,Golden State Warriors,0,0,0,1,0,0,0
250,223,Joe Smith,1996-97,December,Golden State Warriors,New York Knicks,6,1,6,1,1,0,1
251,226,Charles Oakley,1996-97,December,New York Knicks,Golden State Warriors,6,2,6,0,1,2,3
253,213,Larry Johnson,1996-97,December,New York Knicks,Golden State Warriors,6,0,8,0,1,1,1
255,243,Patrick Ewing,1996-97,December,New York Knicks,Golden State Warriors,11,0,13,1,0,2,1
257,255,Patrick Ewing,1996-97,December,New York Knicks,Golden State Warriors,11,0,14,1,0,2,1
259,240,Allan Houston,1996-97,December,New York Knicks,Golden State Warriors,9,0,2,0,0,2,3
260,257,Patrick Ewing,1996-97,December,New York Knicks,Golden State Warriors,11,0,14,1,0,3,1
261,245,Mark Price,1996-97,December,New York Knicks,Golden State Warriors,3,3,2,0,1,0,0
263,260,Patrick Ewing,1996-97,December,Golden State Warriors,New York Knicks,11,0,14,2,0,3,1
264,251,Charles Oakley,1996-97,December,New York Knicks,Golden State Warriors,6,2,7,0,1,2,3
265,264,Charles Oakley,1996-97,December,New York Knicks,Golden State Warriors,6,2,7,0,1,2,4
266,265,Charles Oakley,1996-97,December,New York Knicks,Golden State Warriors,6,2,7,0,1,3,4
267,181,Buck Williams,1996-97,December,New York Knicks,Golden State Warriors,3,1,5,0,0,1,1
269,263,Patrick Ewing,1996-97,December,New York Knicks,Golden State Warriors,11,0,15,2,0,3,1
270,253,Larry Johnson,1996-97,December,New York Knicks,Golden State Warriors,8,0,8,0,1,1,1
271,244,Chris Childs,1996-97,December,New York Knicks,Golden State Warriors,0,8,0,0,0,0,0
273,267,Buck Williams,1996-97,December,New York Knicks,Golden State Warriors,3,1,6,0,0,1,1
274,271,Chris Childs,1996-97,December,New York Knicks,Golden State Warriors,0,8,0,0,0,1,0
276,259,Allan Houston,1996-97,December,New York Knicks,Golden State Warriors,9,0,2,0,0,2,4
277,261,Mark Price,1996-97,December,Golden State Warriors,New York Knicks,6,3,2,0,1,0,0
278,246,Chris Mullin,1996-97,December,Golden State Warriors,New York Knicks,15,3,2,0,1,3,1
280,273,Buck Williams,1996-97,December,New York Knicks,Golden State Warriors,3,1,7,0,0,1,1
281,274,Chris Childs,1996-97,December,New York Knicks,Golden State Warriors,3,8,0,0,0,1,0
282,269,Patrick Ewing,1996-97,December,New York Knicks,Golden State Warriors,11,1,15,2,0,3,1
284,282,Patrick Ewing,1996-97,December,New York Knicks,Golden State Warriors,11,1,16,2,0,3,1
285,270,Larry Johnson,1996-97,December,New York Knicks,Golden State Warriors,10,0,8,0,1,1,1
286,281,Chris Childs,1996-97,December,New York Knicks,Golden State Warriors,3,9,0,0,0,1,0
288,286,Chris Childs,1996-97,December,New York Knicks,Golden State Warriors,3,9,1,0,0,1,0
289,285,Larry Johnson,1996-97,December,New York Knicks,Golden State Warriors,12,0,8,0,1,1,1
290,288,Chris Childs,1996-97,December,New York Knicks,Golden State Warriors,3,10,1,0,0,1,0
292,284,Patrick Ewing,1996-97,December,Golden State Warriors,New York Knicks,11,1,16,3,0,3,1
293,280,Buck Williams,1996-97,December,New York Knicks,Golden State Warriors,3,1,8,0,0,1,1
294,292,Patrick Ewing,1996-97,December,New York Knicks,Golden State Warriors,11,1,16,3,0,4,1
295,248,Todd Fuller,1996-97,December,Golden State Warriors,New York Knicks,0,0,0,1,0,1,0
296,294,Patrick Ewing,1996-97,December,Golden State Warriors,New York Knicks,11,1,16,3,1,4,1
297,290,Chris Childs,1996-97,December,New York Knicks,Golden State Warriors,5,10,1,0,0,1,0
299,296,Patrick Ewing,1996-97,December,Golden State Warriors,New York Knicks,11,1,16,4,1,4,1
300,299,Patrick Ewing,1996-97,December,New York Knicks,Golden State Warriors,11,1,17,4,1,4,1
302,277,Mark Price,1996-97,December,Golden State Warriors,New York Knicks,6,3,3,0,1,0,0
303,297,Chris Childs,1996-97,December,New York Knicks,Golden State Warriors,5,10,1,0,0,1,1
304,302,Mark Price,1996-97,December,Golden State Warriors,New York Knicks,7,3,3,0,1,0,0
305,304,Mark Price,1996-97,December,Golden State Warriors,New York Knicks,8,3,3,0,1,0,0
306,293,Buck Williams,1996-97,December,New York Knicks,Golden State Warriors,5,1,8,0,0,1,1
307,303,Chris Childs,1996-97,December,New York Knicks,Golden State Warriors,5,11,1,0,0,1,1
308,250,Joe Smith,1996-97,December,Golden State Warriors,New York Knicks,8,1,6,1,1,0,1
309,278,Chris Mullin,1996-97,December,Golden State Warriors,New York Knicks,15,4,2,0,1,3,1
311,306,Buck Williams,1996-97,December,New York Knicks,Golden State Warriors,5,1,9,0,0,1,1
312,311,Buck Williams,1996-97,December,New York Knicks,Golden State Warriors,7,1,9,0,0,1,1
313,220,Andrew DeClercq,1996-97,December,Golden State Warriors,New York Knicks,4,0,2,0,1,0,3
314,305,Mark Price,1996-97,December,Golden State Warriors,New York Knicks,8,4,3,0,1,0,0
315,312,Buck Williams,1996-97,December,New York Knicks,Golden State Warriors,7,1,9,0,0,1,2
317,300,Patrick Ewing,1996-97,December,New York Knicks,Golden State Warriors,11,1,18,4,1,4,1
318,315,Buck Williams,1996-97,December,New York Knicks,Golden State Warriors,7,1,9,0,0,2,2
319,313,Andrew DeClercq,1996-97,December,New York Knicks,Golden State Warriors,4,0,2,0,2,0,3
321,317,Patrick Ewing,1996-97,December,New York Knicks,Golden State Warriors,11,1,19,4,1,4,1
323,318,Buck Williams,1996-97,December,New York Knicks,Golden State Warriors,7,1,10,0,0,2,2
325,323,Buck Williams,1996-97,December,New York Knicks,Golden State Warriors,7,1,11,0,0,2,2
326,325,Buck Williams,1996-97,December,New York Knicks,Golden State Warriors,9,1,11,0,0,2,2
327,242,Latrell Sprewell,1996-97,December,Golden State Warriors,New York Knicks,15,1,2,1,2,3,0
328,150,John Starks,1996-97,December,Golden State Warriors,New York Knicks,6,0,1,0,1,2,2
329,328,John Starks,1996-97,December,New York Knicks,Golden State Warriors,8,0,1,0,1,2,2
331,308,Joe Smith,1996-97,December,Golden State Warriors,New York Knicks,8,1,6,1,1,0,2
333,321,Patrick Ewing,1996-97,December,New York Knicks,Golden State Warriors,11,1,20,4,1,4,1
334,333,Patrick Ewing,1996-97,December,New York Knicks,Golden State Warriors,13,1,20,4,1,4,1
335,126,Donald Royal,1996-97,December,Golden State Warriors,New York Knicks,0,0,1,0,0,2,1
336,307,Chris Childs,1996-97,December,New York Knicks,Golden State Warriors,7,11,1,0,0,1,1
338,289,Larry Johnson,1996-97,December,Golden State Warriors,New York Knicks,12,0,8,1,1,1,1
339,338,Larry Johnson,1996-97,December,New York Knicks,Golden State Warriors,12,0,9,1,1,1,1
340,339,Larry Johnson,1996-97,December,New York Knicks,Golden State Warriors,12,0,9,1,1,2,1
341,218,Bimbo Coles,1996-97,December,New York Knicks,Golden State Warriors,2,1,1,0,2,0,1
342,331,Joe Smith,1996-97,December,Golden State Warriors,New York Knicks,10,1,6,1,1,0,2
343,329,John Starks,1996-97,December,New York Knicks,Golden State Warriors,10,0,1,0,1,2,2
344,336,Chris Childs,1996-97,December,New York Knicks,Golden State Warriors,7,12,1,0,0,1,1
345,342,Joe Smith,1996-97,December,Golden State Warriors,New York Knicks,12,1,6,1,1,0,2
346,341,Bimbo Coles,1996-97,December,Golden State Warriors,New York Knicks,2,2,1,0,2,0,1
350,340,Larry Johnson,1996-97,December,New York Knicks,Golden State Warriors,12,0,10,1,1,2,1
351,350,Larry Johnson,1996-97,December,New York Knicks,Golden State Warriors,14,0,10,1,1,2,1
353,346,Bimbo Coles,1996-97,December,Golden State Warriors,New York Knicks,2,2,2,0,2,0,1
354,326,Buck Williams,1996-97,December,New York Knicks,Golden State Warriors,9,1,11,0,0,2,3
355,327,Latrell Sprewell,1996-97,December,Golden State Warriors,New York Knicks,16,1,2,1,2,3,0
356,355,Latrell Sprewell,1996-97,December,Golden State Warriors,New York Knicks,17,1,2,1,2,3,0
357,343,John Starks,1996-97,December,New York Knicks,Golden State Warriors,13,0,1,0,1,2,2
358,266,Charles Oakley,1996-97,December,New York Knicks,Golden State Warriors,6,3,7,0,1,3,4
360,335,Donald Royal,1996-97,December,Golden State Warriors,New York Knicks,0,0,2,0,0,2,1
362,208,Charlie Ward,1996-97,December,New York Knicks,Golden State Warriors,5,3,2,0,1,0,1
364,0,Ray Owes,1996-97,December,Golden State Warriors,New York Knicks,0,0,1,0,0,0,0
365,357,John Starks,1996-97,December,New York Knicks,Golden State Warriors,13,0,1,0,1,2,3
367,358,Charles Oakley,1996-97,December,New York Knicks,Golden State Warriors,6,3,8,0,1,3,4
368,364,Ray Owes,1996-97,December,Golden State Warriors,New York Knicks,0,0,1,0,0,0,1
370,160,B.J. Armstrong,1996-97,December,Golden State Warriors,New York Knicks,1,2,1,0,0,0,0
372,368,Ray Owes,1996-97,December,Golden State Warriors,New York Knicks,0,0,2,0,0,0,1
373,362,Charlie Ward,1996-97,December,New York Knicks,Golden State Warriors,5,3,2,0,1,0,2
375,373,Charlie Ward,1996-97,December,Golden State Warriors,New York Knicks,5,3,2,1,1,0,2
376,375,Charlie Ward,1996-97,December,New York Knicks,Golden State Warriors,5,3,3,1,1,0,2
378,372,Ray Owes,1996-97,December,Golden State Warriors,New York Knicks,0,0,3,0,0,0,1
380,367,Charles Oakley,1996-97,December,New York Knicks,Golden State Warriors,6,3,9,0,1,3,4
381,380,Charles Oakley,1996-97,December,New York Knicks,Golden State Warriors,6,3,9,0,1,4,4
383,381,Charles Oakley,1996-97,December,New York Knicks,Golden State Warriors,6,3,10,0,1,4,4
384,309,Chris Mullin,1996-97,December,Golden State Warriors,New York Knicks,15,4,2,0,1,3,2
385,276,Allan Houston,1996-97,December,New York Knicks,Golden State Warriors,11,0,2,0,0,2,4
386,383,Charles Oakley,1996-97,December,New York Knicks,Golden State Warriors,6,4,10,0,1,4,4
387,370,B.J. Armstrong,1996-97,December,Golden State Warriors,New York Knicks,4,2,1,0,0,0,0
388,384,Chris Mullin,1996-97,December,Golden State Warriors,New York Knicks,15,5,2,0,1,3,2
390,387,B.J. Armstrong,1996-97,December,Golden State Warriors,New York Knicks,4,2,2,0,0,0,0
392,388,Chris Mullin,1996-97,December,Golden State Warriors,New York Knicks,15,5,3,0,1,3,2
393,390,B.J. Armstrong,1996-97,December,Golden State Warriors,New York Knicks,4,2,2,0,0,1,0
395,0,Donyell Marshall,1996-97,December,Golden State Warriors,New York Knicks,0,0,1,0,0,0,0
396,239,Felton Spencer,1996-97,December,Golden State Warriors,New York Knicks,2,0,7,0,0,2,4
397,334,Patrick Ewing,1996-97,December,Golden State Warriors,New York Knicks,13,1,20,4,2,4,1
398,385,Allan Houston,1996-97,December,New York Knicks,Golden State Warriors,13,0,2,0,0,2,4
399,376,Charlie Ward,1996-97,December,New York Knicks,Golden State Warriors,5,4,3,1,1,0,2
400,393,B.J. Armstrong,1996-97,December,Golden State Warriors,New York Knicks,4,2,2,0,0,2,0
401,399,Charlie Ward,1996-97,December,Golden State Warriors,New York Knicks,5,4,3,1,2,0,2
402,398,Allan Houston,1996-97,December,New York Knicks,Golden State Warriors,15,0,2,0,0,2,4
403,401,Charlie Ward,1996-97,December,New York Knicks,Golden State Warriors,5,5,3,1,2,0,2
404,395,Donyell Marshall,1996-97,December,Golden State Warriors,New York Knicks,2,0,1,0,0,0,0
405,353,Bimbo Coles,1996-97,December,Golden State Warriors,New York Knicks,2,3,2,0,2,0,1
407,400,B.J. Armstrong,1996-97,December,Golden State Warriors,New York Knicks,4,2,3,0,0,2,0
408,405,Bimbo Coles,1996-97,December,Golden State Warriors,New York Knicks,4,3,2,0,2,0,1
409,407,B.J. Armstrong,1996-97,December,Golden State Warriors,New York Knicks,4,3,3,0,0,2,0
410,402,Allan Houston,1996-97,December,New York Knicks,Golden State Warriors,15,0,2,0,0,2,5
411,408,Bimbo Coles,1996-97,December,Golden State Warriors,New York Knicks,5,3,2,0,2,0,1
412,403,Charlie Ward,1996-97,December,New York Knicks,Golden State Warriors,5,5,3,1,2,1,2
413,184,Walter McCarty,1996-97,December,New York Knicks,Golden State Warriors,5,0,1,0,0,0,3
415,404,Donyell Marshall,1996-97,December,Golden State Warriors,New York Knicks,3,0,1,0,0,0,0
417,378,Ray Owes,1996-97,December,Golden State Warriors,New York Knicks,0,0,4,0,0,0,1
418,295,Todd Fuller,1996-97,December,Golden State Warriors,New York Knicks,0,0,0,1,0,2,0
419,351,Larry Johnson,1996-97,December,New York Knicks,Golden State Warriors,14,0,10,1,1,3,1
420,411,Bimbo Coles,1996-97,December,New York Knicks,Golden State Warriors,5,3,2,0,3,0,1
421,420,Bimbo Coles,1996-97,December,Golden State Warriors,New York Knicks,5,3,2,0,3,1,1
422,410,Allan Houston,1996-97,December,New York Knicks,Golden State Warriors,18,0,2,0,0,2,5
423,413,Walter McCarty,1996-97,December,New York Knicks,Golden State Warriors,5,1,1,0,0,0,3
425,386,Charles Oakley,1996-97,December,New York Knicks,Golden State Warriors,6,4,11,0,1,4,4
427,409,B.J. Armstrong,1996-97,December,Golden State Warriors,New York Knicks,4,3,4,0,0,2,0
429,418,Todd Fuller,1996-97,December,Golden State Warriors,New York Knicks,0,0,1,1,0,2,0
430,417,Ray Owes,1996-97,December,Golden State Warriors,New York Knicks,2,0,4,0,0,0,1
431,427,B.J. Armstrong,1996-97,December,Golden State Warriors,New York Knicks,4,4,4,0,0,2,0
433,430,Ray Owes,1996-97,December,Golden State Warriors,New York Knicks,2,0,5,0,0,0,1
434,425,Charles Oakley,1996-97,December,New York Knicks,Golden State Warriors,6,4,11,0,1,4,5
435,433,Ray Owes,1996-97,December,Golden State Warriors,New York Knicks,3,0,5,0,0,0,1
436,435,Ray Owes,1996-97,December,Golden State Warriors,New York Knicks,4,0,5,0,0,0,1
437,434,Charles Oakley,1996-97,December,New York Knicks,Golden State Warriors,6,4,11,0,1,4,6
438,437,Charles Oakley,1996-97,December,New York Knicks,Golden State Warriors,6,4,11,0,1,5,6
439,0,Scott Brooks,1996-97,December,New York Knicks,Golden State Warriors,0,0,0,0,0,0,1
440,438,Charles Oakley,1996-97,December,New York Knicks,Golden State Warriors,6,4,11,0,1,5,6
441,431,B.J. Armstrong,1996-97,December,Golden State Warriors,New York Knicks,5,4,4,0,0,2,0
442,441,B.J. Armstrong,1996-97,December,Golden State Warriors,New York Knicks,6,4,4,0,0,2,0
443,442,B.J. Armstrong,1996-97,December,Golden State Warriors,New York Knicks,7,4,4,0,0,2,0
444,0,John Wallace,1996-97,December,New York Knicks,Golden State Warriors,0,0,0,0,0,1,0
445,423,Walter McCarty,1996-97,December,New York Knicks,Golden State Warriors,5,1,1,0,0,0,4
448,445,Walter McCarty,1996-97,December,New York Knicks,Golden State Warriors,5,1,2,0,0,0,4
450,429,Todd Fuller,1996-97,December,Golden State Warriors,New York Knicks,0,0,2,1,0,2,0
451,415,Donyell Marshall,1996-97,December,Golden State Warriors,New York Knicks,5,0,1,0,0,0,0
452,421,Bimbo Coles,1996-97,December,Golden State Warriors,New York Knicks,5,4,2,0,3,1,1
