id,previous_id,player,season,month,team,opponent_team,points,assists,rebounds,blocks,steals,turnovers,personal fouls
2,0,Samaki Walker,1996-97,December,Dallas Mavericks,Sacramento Kings,0,0,1,0,0,0,0
3,2,Samaki Walker,1996-97,December,Dallas Mavericks,Sacramento Kings,2,0,1,0,0,0,0
5,0,Billy Owens,1996-97,December,Sacramento Kings,Dallas Mavericks,0,0,1,0,0,0,0
6,5,Billy Owens,1996-97,December,Sacramento Kings,Dallas Mavericks,2,0,1,0,0,0,0
7,0,Jason Kidd,1996-97,December,Dallas Mavericks,Sacramento Kings,0,0,0,0,0,1,0
9,0,Eric Montross,1996-97,December,Sacramento Kings,Dallas Mavericks,0,0,0,1,0,0,0
10,9,Eric Montross,1996-97,December,Dallas Mavericks,Sacramento Kings,2,0,0,1,0,0,0
11,0,Mitch Richmond,1996-97,December,Sacramento Kings,Dallas Mavericks,2,0,0,0,0,0,0
12,0,Jim Jackson,1996-97,December,Dallas Mavericks,Sacramento Kings,0,0,0,0,0,1,0
13,3,Samaki Walker,1996-97,December,Dallas Mavericks,Sacramento Kings,2,0,1,0,0,0,1
14,0,Tyus Edney,1996-97,December,Sacramento Kings,Dallas Mavericks,1,0,0,0,0,0,0
15,14,Tyus Edney,1996-97,December,Sacramento Kings,Dallas Mavericks,2,0,0,0,0,0,0
16,10,Eric Montross,1996-97,December,Dallas Mavericks,Sacramento Kings,2,0,0,1,0,1,0
17,15,Tyus Edney,1996-97,December,Dallas Mavericks,Sacramento Kings,2,0,0,0,1,0,0
18,0,Michael Smith,1996-97,December,Sacramento Kings,Dallas Mavericks,2,0,0,0,0,0,0
19,17,Tyus Edney,1996-97,December,Sacramento Kings,Dallas Mavericks,2,1,0,0,1,0,0
20,7,Jason Kidd,1996-97,December,Dallas Mavericks,Sacramento Kings,2,0,0,0,0,1,0
22,6,Billy Owens,1996-97,December,Sacramento Kings,Dallas Mavericks,2,0,2,0,0,0,0
23,22,Billy Owens,1996-97,December,Sacramento Kings,Dallas Mavericks,4,0,2,0,0,0,0
25,20,Jason Kidd,1996-97,December,Dallas Mavericks,Sacramento Kings,2,0,1,0,0,1,0
27,0,Olden Polynice,1996-97,December,Sacramento Kings,Dallas Mavericks,0,0,1,0,0,0,0
28,11,Mitch Richmond,1996-97,December,Sacramento Kings,Dallas Mavericks,4,0,0,0,0,0,0
29,23,Billy Owens,1996-97,December,Sacramento Kings,Dallas Mavericks,4,1,2,0,0,0,0
30,13,Samaki Walker,1996-97,December,Dallas Mavericks,Sacramento Kings,2,0,1,0,0,1,1
31,29,Billy Owens,1996-97,December,Sacramento Kings,Dallas Mavericks,6,1,2,0,0,0,0
32,28,Mitch Richmond,1996-97,December,Sacramento Kings,Dallas Mavericks,4,1,0,0,0,0,0
33,0,George McCloud,1996-97,December,Dallas Mavericks,Sacramento Kings,2,0,0,0,0,0,0
34,25,Jason Kidd,1996-97,December,Dallas Mavericks,Sacramento Kings,2,1,1,0,0,1,0
35,31,Billy Owens,1996-97,December,Sacramento Kings,Dallas Mavericks,8,1,2,0,0,0,0
36,18,Michael Smith,1996-97,December,Sacramento Kings,Dallas Mavericks,2,1,0,0,0,0,0
38,16,Eric Montross,1996-97,December,Dallas Mavericks,Sacramento Kings,2,0,1,1,0,1,0
40,27,Olden Polynice,1996-97,December,Dallas Mavericks,Sacramento Kings,0,0,1,1,0,0,0
41,35,Billy Owens,1996-97,December,Sacramento Kings,Dallas Mavericks,8,1,3,0,0,0,0
43,38,Eric Montross,1996-97,December,Dallas Mavericks,Sacramento Kings,2,0,2,1,0,1,0
45,41,Billy Owens,1996-97,December,Sacramento Kings,Dallas Mavericks,8,1,4,0,0,0,0
46,36,Michael Smith,1996-97,December,Sacramento Kings,Dallas Mavericks,4,1,0,0,0,0,0
47,32,Mitch Richmond,1996-97,December,Sacramento Kings,Dallas Mavericks,4,2,0,0,0,0,0
48,34,Jason Kidd,1996-97,December,Dallas Mavericks,Sacramento Kings,5,1,1,0,0,1,0
49,30,Samaki Walker,1996-97,December,Dallas Mavericks,Sacramento Kings,2,1,1,0,0,1,1
50,12,Jim Jackson,1996-97,December,Dallas Mavericks,Sacramento Kings,0,0,0,0,0,1,1
52,47,Mitch Richmond,1996-97,December,Sacramento Kings,Dallas Mavericks,5,2,0,0,0,0,0
53,40,Olden Polynice,1996-97,December,Sacramento Kings,Dallas Mavericks,0,0,1,1,0,0,1
55,53,Olden Polynice,1996-97,December,Sacramento Kings,Dallas Mavericks,0,0,2,1,0,0,1
56,55,Olden Polynice,1996-97,December,Sacramento Kings,Dallas Mavericks,0,0,2,1,0,1,1
57,48,Jason Kidd,1996-97,December,Sacramento Kings,Dallas Mavericks,5,1,1,0,1,1,0
58,33,George McCloud,1996-97,December,Dallas Mavericks,Sacramento Kings,4,0,0,0,0,0,0
59,57,Jason Kidd,1996-97,December,Dallas Mavericks,Sacramento Kings,5,2,1,0,1,1,0
60,56,Olden Polynice,1996-97,December,Sacramento Kings,Dallas Mavericks,0,0,2,1,0,1,2
61,58,George McCloud,1996-97,December,Dallas Mavericks,Sacramento Kings,5,0,0,0,0,0,0
62,52,Mitch Richmond,1996-97,December,Sacramento Kings,Dallas Mavericks,8,2,0,0,0,0,0
63,59,Jason Kidd,1996-97,December,Dallas Mavericks,Sacramento Kings,7,2,1,0,1,1,0
64,49,Samaki Walker,1996-97,December,Dallas Mavericks,Sacramento Kings,2,2,1,0,0,1,1
65,63,Jason Kidd,1996-97,December,Dallas Mavericks,Sacramento Kings,7,2,1,0,1,1,1
66,60,Olden Polynice,1996-97,December,Sacramento Kings,Dallas Mavericks,2,0,2,1,0,1,2
67,46,Michael Smith,1996-97,December,Sacramento Kings,Dallas Mavericks,4,2,0,0,0,0,0
68,61,George McCloud,1996-97,December,Dallas Mavericks,Sacramento Kings,7,0,0,0,0,0,0
69,65,Jason Kidd,1996-97,December,Dallas Mavericks,Sacramento Kings,7,3,1,0,1,1,1
70,43,Eric Montross,1996-97,December,Dallas Mavericks,Sacramento Kings,2,0,2,1,0,1,1
71,19,Tyus Edney,1996-97,December,Sacramento Kings,Dallas Mavericks,3,1,0,0,1,0,0
72,71,Tyus Edney,1996-97,December,Sacramento Kings,Dallas Mavericks,4,1,0,0,1,0,0
73,50,Jim Jackson,1996-97,December,Dallas Mavericks,Sacramento Kings,0,0,0,0,0,2,1
74,67,Michael Smith,1996-97,December,Dallas Mavericks,Sacramento Kings,4,2,0,0,1,0,0
75,62,Mitch Richmond,1996-97,December,Sacramento Kings,Dallas Mavericks,10,2,0,0,0,0,0
76,74,Michael Smith,1996-97,December,Sacramento Kings,Dallas Mavericks,4,3,0,0,1,0,0
77,70,Eric Montross,1996-97,December,Dallas Mavericks,Sacramento Kings,4,0,2,1,0,1,1
78,64,Samaki Walker,1996-97,December,Dallas Mavericks,Sacramento Kings,2,3,1,0,0,1,1
79,73,Jim Jackson,1996-97,December,Dallas Mavericks,Sacramento Kings,0,0,0,0,0,2,2
80,75,Mitch Richmond,1996-97,December,Sacramento Kings,Dallas Mavericks,11,2,0,0,0,0,0
81,80,Mitch Richmond,1996-97,December,Sacramento Kings,Dallas Mavericks,12,2,0,0,0,0,0
83,45,Billy Owens,1996-97,December,Sacramento Kings,Dallas Mavericks,8,1,5,0,0,0,0
85,78,Samaki Walker,1996-97,December,Dallas Mavericks,Sacramento Kings,2,3,2,0,0,1,1
86,85,Samaki Walker,1996-97,December,Dallas Mavericks,Sacramento Kings,4,3,2,0,0,1,1
87,72,Tyus Edney,1996-97,December,Sacramento Kings,Dallas Mavericks,6,1,0,0,1,0,0
89,76,Michael Smith,1996-97,December,Sacramento Kings,Dallas Mavericks,4,3,1,0,1,0,0
90,81,Mitch Richmond,1996-97,December,Sacramento Kings,Dallas Mavericks,14,2,0,0,0,0,0
91,89,Michael Smith,1996-97,December,Sacramento Kings,Dallas Mavericks,4,4,1,0,1,0,0
92,68,George McCloud,1996-97,December,Dallas Mavericks,Sacramento Kings,9,0,0,0,0,0,0
93,69,Jason Kidd,1996-97,December,Dallas Mavericks,Sacramento Kings,7,4,1,0,1,1,1
94,66,Olden Polynice,1996-97,December,Sacramento Kings,Dallas Mavericks,4,0,2,1,0,1,2
96,91,Michael Smith,1996-97,December,Sacramento Kings,Dallas Mavericks,4,4,2,0,1,0,0
97,96,Michael Smith,1996-97,December,Sacramento Kings,Dallas Mavericks,4,4,2,0,1,1,0
98,97,Michael Smith,1996-97,December,Sacramento Kings,Dallas Mavericks,4,4,2,0,1,1,1
100,98,Michael Smith,1996-97,December,Dallas Mavericks,Sacramento Kings,4,4,2,1,1,1,1
101,94,Olden Polynice,1996-97,December,Sacramento Kings,Dallas Mavericks,4,0,2,1,0,2,2
103,0,Chris Gatling,1996-97,December,Dallas Mavericks,Sacramento Kings,0,0,1,0,0,0,0
104,0,Derek Harper,1996-97,December,Dallas Mavericks,Sacramento Kings,0,0,0,0,0,0,1
105,104,Derek Harper,1996-97,December,Dallas Mavericks,Sacramento Kings,0,0,0,0,0,1,1
106,83,Billy Owens,1996-97,December,Sacramento Kings,Dallas Mavericks,8,1,5,0,0,1,0
108,106,Billy Owens,1996-97,December,Sacramento Kings,Dallas Mavericks,8,1,6,0,0,1,0
110,0,Tony Dumas,1996-97,December,Sacramento Kings,Dallas Mavericks,0,0,0,1,0,0,0
111,103,Chris Gatling,1996-97,December,Dallas Mavericks,Sacramento Kings,0,0,2,0,0,0,0
113,108,Billy Owens,1996-97,December,Sacramento Kings,Dallas Mavericks,8,1,7,0,0,1,0
114,0,Oliver Miller,1996-97,December,Dallas Mavericks,Sacramento Kings,0,0,0,0,0,0,1
115,113,Billy Owens,1996-97,December,Sacramento Kings,Dallas Mavericks,9,1,7,0,0,1,0
117,105,Derek Harper,1996-97,December,Dallas Mavericks,Sacramento Kings,0,0,1,0,0,1,1
119,100,Michael Smith,1996-97,December,Sacramento Kings,Dallas Mavericks,4,4,3,1,1,1,1
120,115,Billy Owens,1996-97,December,Sacramento Kings,Dallas Mavericks,9,1,7,0,0,2,0
121,110,Tony Dumas,1996-97,December,Dallas Mavericks,Sacramento Kings,0,0,0,1,0,1,0
122,0,Mahmoud Abdul-Rauf,1996-97,December,Dallas Mavericks,Sacramento Kings,0,0,0,0,1,0,0
124,119,Michael Smith,1996-97,December,Sacramento Kings,Dallas Mavericks,4,4,4,1,1,1,1
126,0,Jamal Mashburn,1996-97,December,Dallas Mavericks,Sacramento Kings,0,0,1,0,0,0,0
127,111,Chris Gatling,1996-97,December,Dallas Mavericks,Sacramento Kings,2,0,2,0,0,0,0
128,122,Mahmoud Abdul-Rauf,1996-97,December,Sacramento Kings,Dallas Mavericks,2,0,0,0,1,0,0
129,87,Tyus Edney,1996-97,December,Sacramento Kings,Dallas Mavericks,6,2,0,0,1,0,0
131,127,Chris Gatling,1996-97,December,Dallas Mavericks,Sacramento Kings,2,0,3,0,0,0,0
132,114,Oliver Miller,1996-97,December,Dallas Mavericks,Sacramento Kings,2,0,0,0,0,0,1
133,131,Chris Gatling,1996-97,December,Dallas Mavericks,Sacramento Kings,2,1,3,0,0,0,0
134,120,Billy Owens,1996-97,December,Sacramento Kings,Dallas Mavericks,9,1,7,0,0,2,1
135,132,Oliver Miller,1996-97,December,Dallas Mavericks,Sacramento Kings,3,0,0,0,0,0,1
136,128,Mahmoud Abdul-Rauf,1996-97,December,Sacramento Kings,Dallas Mavericks,2,0,0,0,1,1,0
137,0,Corliss Williamson,1996-97,December,Sacramento Kings,Dallas Mavericks,0,0,0,0,0,0,1
138,124,Michael Smith,1996-97,December,Sacramento Kings,Dallas Mavericks,4,4,4,1,1,1,2
139,117,Derek Harper,1996-97,December,Dallas Mavericks,Sacramento Kings,0,0,1,0,0,2,1
140,138,Michael Smith,1996-97,December,Dallas Mavericks,Sacramento Kings,4,4,4,1,2,1,2
142,126,Jamal Mashburn,1996-97,December,Dallas Mavericks,Sacramento Kings,0,0,2,0,0,0,0
144,137,Corliss Williamson,1996-97,December,Sacramento Kings,Dallas Mavericks,0,0,1,0,0,0,1
145,136,Mahmoud Abdul-Rauf,1996-97,December,Sacramento Kings,Dallas Mavericks,5,0,0,0,1,1,0
146,90,Mitch Richmond,1996-97,December,Sacramento Kings,Dallas Mavericks,14,3,0,0,0,0,0
148,140,Michael Smith,1996-97,December,Sacramento Kings,Dallas Mavericks,4,4,5,1,2,1,2
149,101,Olden Polynice,1996-97,December,Sacramento Kings,Dallas Mavericks,6,0,2,1,0,2,2
150,146,Mitch Richmond,1996-97,December,Sacramento Kings,Dallas Mavericks,14,4,0,0,0,0,0
152,148,Michael Smith,1996-97,December,Sacramento Kings,Dallas Mavericks,4,4,6,1,2,1,2
153,121,Tony Dumas,1996-97,December,Dallas Mavericks,Sacramento Kings,0,0,0,1,0,1,1
155,150,Mitch Richmond,1996-97,December,Sacramento Kings,Dallas Mavericks,14,4,1,0,0,0,0
156,155,Mitch Richmond,1996-97,December,Sacramento Kings,Dallas Mavericks,14,4,1,0,0,1,0
157,142,Jamal Mashburn,1996-97,December,Sacramento Kings,Dallas Mavericks,0,0,2,0,1,0,0
159,134,Billy Owens,1996-97,December,Sacramento Kings,Dallas Mavericks,9,1,8,0,0,2,1
160,133,Chris Gatling,1996-97,December,Dallas Mavericks,Sacramento Kings,2,1,3,0,0,0,0
161,145,Mahmoud Abdul-Rauf,1996-97,December,Sacramento Kings,Dallas Mavericks,6,0,0,0,1,1,0
163,0,Duane Causwell,1996-97,December,Sacramento Kings,Dallas Mavericks,0,0,1,0,0,0,0
164,156,Mitch Richmond,1996-97,December,Sacramento Kings,Dallas Mavericks,16,4,1,0,0,1,0
165,163,Duane Causwell,1996-97,December,Sacramento Kings,Dallas Mavericks,0,1,1,0,0,0,0
166,165,Duane Causwell,1996-97,December,Sacramento Kings,Dallas Mavericks,0,1,1,0,0,0,1
168,86,Samaki Walker,1996-97,December,Dallas Mavericks,Sacramento Kings,6,3,2,0,0,1,1
169,161,Mahmoud Abdul-Rauf,1996-97,December,Sacramento Kings,Dallas Mavericks,9,0,0,0,1,1,0
170,159,Billy Owens,1996-97,December,Sacramento Kings,Dallas Mavericks,9,2,8,0,0,2,1
171,157,Jamal Mashburn,1996-97,December,Dallas Mavericks,Sacramento Kings,2,0,2,0,1,0,0
173,171,Jamal Mashburn,1996-97,December,Dallas Mavericks,Sacramento Kings,2,0,3,0,1,0,0
174,169,Mahmoud Abdul-Rauf,1996-97,December,Sacramento Kings,Dallas Mavericks,9,0,0,0,1,1,1
176,168,Samaki Walker,1996-97,December,Dallas Mavericks,Sacramento Kings,7,3,2,0,0,1,1
178,176,Samaki Walker,1996-97,December,Dallas Mavericks,Sacramento Kings,7,3,3,0,0,1,1
179,170,Billy Owens,1996-97,December,Sacramento Kings,Dallas Mavericks,9,2,8,0,0,2,2
180,173,Jamal Mashburn,1996-97,December,Dallas Mavericks,Sacramento Kings,3,0,3,0,1,0,0
181,180,Jamal Mashburn,1996-97,December,Dallas Mavericks,Sacramento Kings,4,0,3,0,1,0,0
183,181,Jamal Mashburn,1996-97,December,Dallas Mavericks,Sacramento Kings,4,0,4,0,1,0,0
184,179,Billy Owens,1996-97,December,Sacramento Kings,Dallas Mavericks,9,2,8,0,0,2,3
185,183,Jamal Mashburn,1996-97,December,Dallas Mavericks,Sacramento Kings,5,0,4,0,1,0,0
187,164,Mitch Richmond,1996-97,December,Sacramento Kings,Dallas Mavericks,16,4,2,0,0,1,0
188,135,Oliver Miller,1996-97,December,Dallas Mavericks,Sacramento Kings,3,0,0,0,0,0,2
189,187,Mitch Richmond,1996-97,December,Sacramento Kings,Dallas Mavericks,18,4,2,0,0,1,0
190,185,Jamal Mashburn,1996-97,December,Dallas Mavericks,Sacramento Kings,7,0,4,0,1,0,0
191,174,Mahmoud Abdul-Rauf,1996-97,December,Sacramento Kings,Dallas Mavericks,9,0,0,0,1,2,1
192,178,Samaki Walker,1996-97,December,Sacramento Kings,Dallas Mavericks,7,3,3,0,1,1,1
193,79,Jim Jackson,1996-97,December,Dallas Mavericks,Sacramento Kings,2,0,0,0,0,2,2
194,190,Jamal Mashburn,1996-97,December,Dallas Mavericks,Sacramento Kings,7,1,4,0,1,0,0
195,144,Corliss Williamson,1996-97,December,Sacramento Kings,Dallas Mavericks,2,0,1,0,0,0,1
196,189,Mitch Richmond,1996-97,December,Sacramento Kings,Dallas Mavericks,18,5,2,0,0,1,0
197,194,Jamal Mashburn,1996-97,December,Dallas Mavericks,Sacramento Kings,9,1,4,0,1,0,0
199,192,Samaki Walker,1996-97,December,Dallas Mavericks,Sacramento Kings,7,3,4,0,1,1,1
200,188,Oliver Miller,1996-97,December,Dallas Mavericks,Sacramento Kings,5,0,0,0,0,0,2
201,93,Jason Kidd,1996-97,December,Dallas Mavericks,Sacramento Kings,7,5,1,0,1,1,1
202,191,Mahmoud Abdul-Rauf,1996-97,December,Sacramento Kings,Dallas Mavericks,11,0,0,0,1,2,1
203,200,Oliver Miller,1996-97,December,Dallas Mavericks,Sacramento Kings,5,0,0,0,0,1,2
204,196,Mitch Richmond,1996-97,December,Dallas Mavericks,Sacramento Kings,18,5,2,0,1,1,0
205,149,Olden Polynice,1996-97,December,Sacramento Kings,Dallas Mavericks,8,0,2,1,0,2,2
206,129,Tyus Edney,1996-97,December,Sacramento Kings,Dallas Mavericks,6,3,0,0,1,0,0
207,204,Mitch Richmond,1996-97,December,Sacramento Kings,Dallas Mavericks,18,5,2,0,1,1,1
208,193,Jim Jackson,1996-97,December,Dallas Mavericks,Sacramento Kings,4,0,0,0,0,2,2
209,152,Michael Smith,1996-97,December,Sacramento Kings,Dallas Mavericks,4,4,6,1,2,2,2
210,208,Jim Jackson,1996-97,December,Dallas Mavericks,Sacramento Kings,6,0,0,0,0,2,2
211,201,Jason Kidd,1996-97,December,Dallas Mavericks,Sacramento Kings,7,6,1,0,1,1,1
212,92,George McCloud,1996-97,December,Dallas Mavericks,Sacramento Kings,9,0,0,0,0,0,1
214,184,Billy Owens,1996-97,December,Sacramento Kings,Dallas Mavericks,9,2,9,0,0,2,3
216,214,Billy Owens,1996-97,December,Sacramento Kings,Dallas Mavericks,9,2,10,0,0,2,3
218,207,Mitch Richmond,1996-97,December,Sacramento Kings,Dallas Mavericks,18,5,3,0,1,1,1
219,218,Mitch Richmond,1996-97,December,Sacramento Kings,Dallas Mavericks,20,5,3,0,1,1,1
220,211,Jason Kidd,1996-97,December,Dallas Mavericks,Sacramento Kings,9,6,1,0,1,1,1
221,210,Jim Jackson,1996-97,December,Dallas Mavericks,Sacramento Kings,6,1,0,0,0,2,2
223,209,Michael Smith,1996-97,December,Sacramento Kings,Dallas Mavericks,4,4,7,1,2,2,2
225,199,Samaki Walker,1996-97,December,Dallas Mavericks,Sacramento Kings,7,3,5,0,1,1,1
227,219,Mitch Richmond,1996-97,December,Sacramento Kings,Dallas Mavericks,22,5,3,0,1,1,1
228,225,Samaki Walker,1996-97,December,Dallas Mavericks,Sacramento Kings,9,3,5,0,1,1,1
230,205,Olden Polynice,1996-97,December,Sacramento Kings,Dallas Mavericks,8,0,2,1,0,2,3
231,212,George McCloud,1996-97,December,Dallas Mavericks,Sacramento Kings,11,0,0,0,0,0,1
232,220,Jason Kidd,1996-97,December,Dallas Mavericks,Sacramento Kings,9,7,1,0,1,1,1
234,77,Eric Montross,1996-97,December,Dallas Mavericks,Sacramento Kings,4,0,3,1,0,1,1
235,227,Mitch Richmond,1996-97,December,Sacramento Kings,Dallas Mavericks,22,5,3,0,1,1,2
237,216,Billy Owens,1996-97,December,Sacramento Kings,Dallas Mavericks,9,2,11,0,0,2,3
240,223,Michael Smith,1996-97,December,Sacramento Kings,Dallas Mavericks,4,4,8,1,2,2,2
242,228,Samaki Walker,1996-97,December,Dallas Mavericks,Sacramento Kings,9,3,6,0,1,1,1
243,231,George McCloud,1996-97,December,Dallas Mavericks,Sacramento Kings,13,0,0,0,0,0,1
244,232,Jason Kidd,1996-97,December,Dallas Mavericks,Sacramento Kings,9,8,1,0,1,1,1
245,244,Jason Kidd,1996-97,December,Dallas Mavericks,Sacramento Kings,9,8,1,0,1,1,2
246,230,Olden Polynice,1996-97,December,Sacramento Kings,Dallas Mavericks,10,0,2,1,0,2,3
247,234,Eric Montross,1996-97,December,Dallas Mavericks,Sacramento Kings,4,0,3,1,0,2,1
249,247,Eric Montross,1996-97,December,Dallas Mavericks,Sacramento Kings,4,0,4,1,0,2,1
250,243,George McCloud,1996-97,December,Dallas Mavericks,Sacramento Kings,15,0,0,0,0,0,1
251,221,Jim Jackson,1996-97,December,Dallas Mavericks,Sacramento Kings,6,2,0,0,0,2,2
252,235,Mitch Richmond,1996-97,December,Sacramento Kings,Dallas Mavericks,22,5,3,0,1,2,2
253,246,Olden Polynice,1996-97,December,Sacramento Kings,Dallas Mavericks,10,0,2,1,0,2,3
254,251,Jim Jackson,1996-97,December,Dallas Mavericks,Sacramento Kings,7,2,0,0,0,2,2
255,253,Olden Polynice,1996-97,December,Sacramento Kings,Dallas Mavericks,10,0,2,1,0,2,3
256,254,Jim Jackson,1996-97,December,Dallas Mavericks,Sacramento Kings,8,2,0,0,0,2,2
257,237,Billy Owens,1996-97,December,Sacramento Kings,Dallas Mavericks,9,2,11,0,0,2,4
259,255,Olden Polynice,1996-97,December,Sacramento Kings,Dallas Mavericks,10,0,3,1,0,2,3
260,257,Billy Owens,1996-97,December,Sacramento Kings,Dallas Mavericks,11,2,11,0,0,2,4
261,252,Mitch Richmond,1996-97,December,Sacramento Kings,Dallas Mavericks,22,6,3,0,1,2,2
262,245,Jason Kidd,1996-97,December,Dallas Mavericks,Sacramento Kings,9,8,1,0,1,2,2
263,206,Tyus Edney,1996-97,December,Dallas Mavericks,Sacramento Kings,6,3,0,0,2,0,0
264,263,Tyus Edney,1996-97,December,Sacramento Kings,Dallas Mavericks,6,3,0,0,2,1,0
265,262,Jason Kidd,1996-97,December,Sacramento Kings,Dallas Mavericks,9,8,1,0,2,2,2
266,260,Billy Owens,1996-97,December,Sacramento Kings,Dallas Mavericks,11,2,11,0,0,2,5
267,250,George McCloud,1996-97,December,Dallas Mavericks,Sacramento Kings,16,0,0,0,0,0,1
268,267,George McCloud,1996-97,December,Dallas Mavericks,Sacramento Kings,17,0,0,0,0,0,1
269,259,Olden Polynice,1996-97,December,Sacramento Kings,Dallas Mavericks,10,0,3,1,0,3,3
271,240,Michael Smith,1996-97,December,Sacramento Kings,Dallas Mavericks,4,4,8,1,2,2,3
273,160,Chris Gatling,1996-97,December,Dallas Mavericks,Sacramento Kings,3,1,3,0,0,0,0
274,271,Michael Smith,1996-97,December,Sacramento Kings,Dallas Mavericks,4,4,8,1,2,3,3
275,273,Chris Gatling,1996-97,December,Dallas Mavericks,Sacramento Kings,3,1,3,0,0,1,0
276,202,Mahmoud Abdul-Rauf,1996-97,December,Sacramento Kings,Dallas Mavericks,13,0,0,0,1,2,1
277,269,Olden Polynice,1996-97,December,Sacramento Kings,Dallas Mavericks,10,1,3,1,0,3,3
278,139,Derek Harper,1996-97,December,Dallas Mavericks,Sacramento Kings,0,0,1,0,0,2,2
279,276,Mahmoud Abdul-Rauf,1996-97,December,Sacramento Kings,Dallas Mavericks,14,0,0,0,1,2,1
280,275,Chris Gatling,1996-97,December,Dallas Mavericks,Sacramento Kings,5,1,3,0,0,1,0
282,261,Mitch Richmond,1996-97,December,Sacramento Kings,Dallas Mavericks,22,6,4,0,1,2,2
284,268,George McCloud,1996-97,December,Dallas Mavericks,Sacramento Kings,17,0,0,0,0,0,2
285,277,Olden Polynice,1996-97,December,Sacramento Kings,Dallas Mavericks,10,1,3,1,0,4,3
287,274,Michael Smith,1996-97,December,Sacramento Kings,Dallas Mavericks,4,4,9,1,2,3,3
288,279,Mahmoud Abdul-Rauf,1996-97,December,Sacramento Kings,Dallas Mavericks,16,0,0,0,1,2,1
289,280,Chris Gatling,1996-97,December,Dallas Mavericks,Sacramento Kings,5,1,3,0,0,2,0
290,249,Eric Montross,1996-97,December,Dallas Mavericks,Sacramento Kings,4,0,4,1,0,2,2
291,195,Corliss Williamson,1996-97,December,Sacramento Kings,Dallas Mavericks,3,0,1,0,0,0,1
292,291,Corliss Williamson,1996-97,December,Sacramento Kings,Dallas Mavericks,4,0,1,0,0,0,1
294,292,Corliss Williamson,1996-97,December,Sacramento Kings,Dallas Mavericks,4,0,2,0,0,0,1
296,289,Chris Gatling,1996-97,December,Dallas Mavericks,Sacramento Kings,7,1,3,0,0,2,0
297,288,Mahmoud Abdul-Rauf,1996-97,December,Sacramento Kings,Dallas Mavericks,18,0,0,0,1,2,1
299,296,Chris Gatling,1996-97,December,Dallas Mavericks,Sacramento Kings,7,1,4,0,0,2,0
301,287,Michael Smith,1996-97,December,Sacramento Kings,Dallas Mavericks,4,4,10,1,2,3,3
302,294,Corliss Williamson,1996-97,December,Sacramento Kings,Dallas Mavericks,6,0,2,0,0,0,1
303,299,Chris Gatling,1996-97,December,Dallas Mavericks,Sacramento Kings,9,1,4,0,0,2,0
305,301,Michael Smith,1996-97,December,Sacramento Kings,Dallas Mavericks,4,4,11,1,2,3,3
307,303,Chris Gatling,1996-97,December,Dallas Mavericks,Sacramento Kings,9,1,5,0,0,2,0
308,197,Jamal Mashburn,1996-97,December,Dallas Mavericks,Sacramento Kings,11,1,4,0,1,0,0
309,203,Oliver Miller,1996-97,December,Dallas Mavericks,Sacramento Kings,5,1,0,0,0,1,2
311,153,Tony Dumas,1996-97,December,Dallas Mavericks,Sacramento Kings,0,0,1,1,0,1,1
313,302,Corliss Williamson,1996-97,December,Sacramento Kings,Dallas Mavericks,6,0,3,0,0,0,1
314,309,Oliver Miller,1996-97,December,Dallas Mavericks,Sacramento Kings,5,1,0,0,0,1,3
316,314,Oliver Miller,1996-97,December,Sacramento Kings,Dallas Mavericks,5,1,0,1,0,1,3
317,308,Jamal Mashburn,1996-97,December,Dallas Mavericks,Sacramento Kings,11,1,5,0,1,0,0
318,307,Chris Gatling,1996-97,December,Dallas Mavericks,Sacramento Kings,11,1,5,0,0,2,0
319,278,Derek Harper,1996-97,December,Dallas Mavericks,Sacramento Kings,0,1,1,0,0,2,2
321,317,Jamal Mashburn,1996-97,December,Dallas Mavericks,Sacramento Kings,11,1,6,0,1,0,0
323,285,Olden Polynice,1996-97,December,Sacramento Kings,Dallas Mavericks,10,1,4,1,0,4,3
325,323,Olden Polynice,1996-97,December,Sacramento Kings,Dallas Mavericks,10,1,5,1,0,4,3
327,325,Olden Polynice,1996-97,December,Sacramento Kings,Dallas Mavericks,10,1,6,1,0,4,3
328,327,Olden Polynice,1996-97,December,Sacramento Kings,Dallas Mavericks,12,1,6,1,0,4,3
330,328,Olden Polynice,1996-97,December,Sacramento Kings,Dallas Mavericks,12,1,7,1,0,4,3
331,313,Corliss Williamson,1996-97,December,Sacramento Kings,Dallas Mavericks,8,0,3,0,0,0,1
332,266,Billy Owens,1996-97,December,Sacramento Kings,Dallas Mavericks,11,3,11,0,0,2,5
334,316,Oliver Miller,1996-97,December,Dallas Mavericks,Sacramento Kings,5,1,1,1,0,1,3
336,318,Chris Gatling,1996-97,December,Dallas Mavericks,Sacramento Kings,11,1,6,0,0,2,0
337,336,Chris Gatling,1996-97,December,Dallas Mavericks,Sacramento Kings,13,1,6,0,0,2,0
338,337,Chris Gatling,1996-97,December,Dallas Mavericks,Sacramento Kings,13,1,6,0,0,2,0
341,330,Olden Polynice,1996-97,December,Sacramento Kings,Dallas Mavericks,12,1,8,1,0,4,3
343,321,Jamal Mashburn,1996-97,December,Dallas Mavericks,Sacramento Kings,11,1,7,0,1,0,0
344,338,Chris Gatling,1996-97,December,Dallas Mavericks,Sacramento Kings,15,1,6,0,0,2,0
345,331,Corliss Williamson,1996-97,December,Sacramento Kings,Dallas Mavericks,10,0,3,0,0,0,1
346,332,Billy Owens,1996-97,December,Sacramento Kings,Dallas Mavericks,11,3,11,0,0,2,6
347,334,Oliver Miller,1996-97,December,Dallas Mavericks,Sacramento Kings,7,1,1,1,0,1,3
348,343,Jamal Mashburn,1996-97,December,Dallas Mavericks,Sacramento Kings,11,2,7,0,1,0,0
349,305,Michael Smith,1996-97,December,Sacramento Kings,Dallas Mavericks,4,4,11,1,2,4,3
350,344,Chris Gatling,1996-97,December,Dallas Mavericks,Sacramento Kings,17,1,6,0,0,2,0
351,265,Jason Kidd,1996-97,December,Dallas Mavericks,Sacramento Kings,9,9,1,0,2,2,2
353,350,Chris Gatling,1996-97,December,Dallas Mavericks,Sacramento Kings,17,1,7,0,0,2,0
354,348,Jamal Mashburn,1996-97,December,Dallas Mavericks,Sacramento Kings,11,2,7,0,1,1,0
356,351,Jason Kidd,1996-97,December,Dallas Mavericks,Sacramento Kings,9,9,2,0,2,2,2
357,341,Olden Polynice,1996-97,December,Sacramento Kings,Dallas Mavericks,12,1,8,1,0,4,4
359,264,Tyus Edney,1996-97,December,Sacramento Kings,Dallas Mavericks,6,3,1,0,2,1,0
360,359,Tyus Edney,1996-97,December,Sacramento Kings,Dallas Mavericks,8,3,1,0,2,1,0
361,356,Jason Kidd,1996-97,December,Dallas Mavericks,Sacramento Kings,9,9,2,0,2,3,2
362,349,Michael Smith,1996-97,December,Dallas Mavericks,Sacramento Kings,4,4,11,1,3,4,3
363,354,Jamal Mashburn,1996-97,December,Dallas Mavericks,Sacramento Kings,11,2,7,0,1,1,1
365,256,Jim Jackson,1996-97,December,Dallas Mavericks,Sacramento Kings,8,2,1,0,0,2,2
366,353,Chris Gatling,1996-97,December,Dallas Mavericks,Sacramento Kings,19,1,7,0,0,2,0
368,345,Corliss Williamson,1996-97,December,Sacramento Kings,Dallas Mavericks,10,0,4,0,0,0,1
369,368,Corliss Williamson,1996-97,December,Sacramento Kings,Dallas Mavericks,12,0,4,0,0,0,1
371,366,Chris Gatling,1996-97,December,Dallas Mavericks,Sacramento Kings,19,1,8,0,0,2,0
372,362,Michael Smith,1996-97,December,Sacramento Kings,Dallas Mavericks,4,4,11,1,3,4,4
374,372,Michael Smith,1996-97,December,Sacramento Kings,Dallas Mavericks,4,4,11,1,3,5,4
376,282,Mitch Richmond,1996-97,December,Sacramento Kings,Dallas Mavericks,22,6,5,0,1,2,2
378,371,Chris Gatling,1996-97,December,Dallas Mavericks,Sacramento Kings,19,1,9,0,0,2,0
380,365,Jim Jackson,1996-97,December,Dallas Mavericks,Sacramento Kings,8,2,2,0,0,2,2
381,378,Chris Gatling,1996-97,December,Dallas Mavericks,Sacramento Kings,21,1,9,0,0,2,0
382,380,Jim Jackson,1996-97,December,Dallas Mavericks,Sacramento Kings,8,3,2,0,0,2,2
383,369,Corliss Williamson,1996-97,December,Sacramento Kings,Dallas Mavericks,12,0,4,0,0,0,2
385,357,Olden Polynice,1996-97,December,Sacramento Kings,Dallas Mavericks,12,1,9,1,0,4,4
386,361,Jason Kidd,1996-97,December,Dallas Mavericks,Sacramento Kings,9,9,2,0,2,3,3
387,386,Jason Kidd,1996-97,December,Dallas Mavericks,Sacramento Kings,9,9,2,0,2,3,4
388,297,Mahmoud Abdul-Rauf,1996-97,December,Sacramento Kings,Dallas Mavericks,19,0,0,0,1,2,1
389,388,Mahmoud Abdul-Rauf,1996-97,December,Sacramento Kings,Dallas Mavericks,20,0,0,0,1,2,1
391,374,Michael Smith,1996-97,December,Sacramento Kings,Dallas Mavericks,4,4,12,1,3,5,4
392,363,Jamal Mashburn,1996-97,December,Dallas Mavericks,Sacramento Kings,11,2,7,0,1,1,2
393,376,Mitch Richmond,1996-97,December,Sacramento Kings,Dallas Mavericks,23,6,5,0,1,2,2
394,393,Mitch Richmond,1996-97,December,Sacramento Kings,Dallas Mavericks,24,6,5,0,1,2,2
396,385,Olden Polynice,1996-97,December,Sacramento Kings,Dallas Mavericks,12,1,10,1,0,4,4
397,392,Jamal Mashburn,1996-97,December,Dallas Mavericks,Sacramento Kings,11,2,7,0,1,1,3
398,389,Mahmoud Abdul-Rauf,1996-97,December,Sacramento Kings,Dallas Mavericks,21,0,0,0,1,2,1
399,398,Mahmoud Abdul-Rauf,1996-97,December,Sacramento Kings,Dallas Mavericks,22,0,0,0,1,2,1
401,383,Corliss Williamson,1996-97,December,Dallas Mavericks,Sacramento Kings,12,0,4,1,0,0,2
402,396,Olden Polynice,1996-97,December,Sacramento Kings,Dallas Mavericks,12,1,11,1,0,4,4
