id,previous_id,player,season,month,team,opponent_team,points,assists,rebounds,blocks,steals,turnovers,personal fouls
2,0,Juwan Howard,1996-97,December,Washington Bullets,Denver Nuggets,0,0,1,0,0,0,0
3,0,Gheorghe Muresan,1996-97,December,Washington Bullets,Denver Nuggets,2,0,0,0,0,0,0
4,0,Bryant Stith,1996-97,December,Denver Nuggets,Washington Bullets,3,0,0,0,0,0,0
5,0,Antonio McDyess,1996-97,December,Denver Nuggets,Washington Bullets,0,1,0,0,0,0,0
6,3,Gheorghe Muresan,1996-97,December,Washington Bullets,Denver Nuggets,4,0,0,0,0,0,0
7,2,Juwan Howard,1996-97,December,Washington Bullets,Denver Nuggets,0,1,1,0,0,0,0
8,0,Dale Ellis,1996-97,December,Denver Nuggets,Washington Bullets,3,0,0,0,0,0,0
9,0,Mark Jackson,1996-97,December,Denver Nuggets,Washington Bullets,0,1,0,0,0,0,0
11,6,Gheorghe Muresan,1996-97,December,Washington Bullets,Denver Nuggets,4,0,1,0,0,0,0
13,0,Ervin Johnson,1996-97,December,Denver Nuggets,Washington Bullets,0,0,1,0,0,0,0
14,8,Dale Ellis,1996-97,December,Denver Nuggets,Washington Bullets,6,0,0,0,0,0,0
15,9,Mark Jackson,1996-97,December,Denver Nuggets,Washington Bullets,0,2,0,0,0,0,0
16,5,Antonio McDyess,1996-97,December,Denver Nuggets,Washington Bullets,0,1,0,0,0,0,1
18,11,Gheorghe Muresan,1996-97,December,Washington Bullets,Denver Nuggets,4,0,2,0,0,0,0
19,18,Gheorghe Muresan,1996-97,December,Washington Bullets,Denver Nuggets,6,0,2,0,0,0,0
21,16,Antonio McDyess,1996-97,December,Denver Nuggets,Washington Bullets,0,1,1,0,0,0,1
23,15,Mark Jackson,1996-97,December,Denver Nuggets,Washington Bullets,0,2,1,0,0,0,0
25,0,Rod Strickland,1996-97,December,Denver Nuggets,Washington Bullets,0,0,0,1,0,0,0
26,25,Rod Strickland,1996-97,December,Washington Bullets,Denver Nuggets,0,0,1,1,0,0,0
27,0,Calbert Cheaney,1996-97,December,Washington Bullets,Denver Nuggets,0,0,0,0,0,0,1
28,27,Calbert Cheaney,1996-97,December,Washington Bullets,Denver Nuggets,0,0,0,0,0,1,1
29,21,Antonio McDyess,1996-97,December,Denver Nuggets,Washington Bullets,2,1,1,0,0,0,1
30,4,Bryant Stith,1996-97,December,Denver Nuggets,Washington Bullets,3,1,0,0,0,0,0
32,29,Antonio McDyess,1996-97,December,Denver Nuggets,Washington Bullets,4,1,1,0,0,0,1
33,23,Mark Jackson,1996-97,December,Denver Nuggets,Washington Bullets,0,3,1,0,0,0,0
34,7,Juwan Howard,1996-97,December,Washington Bullets,Denver Nuggets,2,1,1,0,0,0,0
35,28,Calbert Cheaney,1996-97,December,Washington Bullets,Denver Nuggets,0,1,0,0,0,1,1
36,32,Antonio McDyess,1996-97,December,Denver Nuggets,Washington Bullets,6,1,1,0,0,0,1
38,13,Ervin Johnson,1996-97,December,Denver Nuggets,Washington Bullets,0,0,2,0,0,0,0
39,0,Chris Webber,1996-97,December,Washington Bullets,Denver Nuggets,0,0,0,0,0,0,1
41,35,Calbert Cheaney,1996-97,December,Washington Bullets,Denver Nuggets,0,1,1,0,0,1,1
43,33,Mark Jackson,1996-97,December,Denver Nuggets,Washington Bullets,0,3,2,0,0,0,0
44,36,Antonio McDyess,1996-97,December,Denver Nuggets,Washington Bullets,8,1,1,0,0,0,1
45,43,Mark Jackson,1996-97,December,Denver Nuggets,Washington Bullets,0,4,2,0,0,0,0
47,38,Ervin Johnson,1996-97,December,Denver Nuggets,Washington Bullets,0,0,3,0,0,0,0
49,39,Chris Webber,1996-97,December,Washington Bullets,Denver Nuggets,0,0,1,0,0,0,1
50,19,Gheorghe Muresan,1996-97,December,Washington Bullets,Denver Nuggets,6,0,2,0,0,1,0
51,14,Dale Ellis,1996-97,December,Washington Bullets,Denver Nuggets,6,0,0,0,1,0,0
53,26,Rod Strickland,1996-97,December,Washington Bullets,Denver Nuggets,0,0,2,1,0,0,0
55,47,Ervin Johnson,1996-97,December,Denver Nuggets,Washington Bullets,0,0,4,0,0,0,0
56,45,Mark Jackson,1996-97,December,Denver Nuggets,Washington Bullets,0,4,2,0,0,1,0
57,41,Calbert Cheaney,1996-97,December,Denver Nuggets,Washington Bullets,0,1,1,0,1,1,1
58,53,Rod Strickland,1996-97,December,Washington Bullets,Denver Nuggets,0,0,2,1,0,1,0
59,56,Mark Jackson,1996-97,December,Washington Bullets,Denver Nuggets,0,4,2,0,1,1,0
61,55,Ervin Johnson,1996-97,December,Denver Nuggets,Washington Bullets,0,0,4,0,0,0,1
62,34,Juwan Howard,1996-97,December,Washington Bullets,Denver Nuggets,4,1,1,0,0,0,0
63,49,Chris Webber,1996-97,December,Washington Bullets,Denver Nuggets,0,1,1,0,0,0,1
64,50,Gheorghe Muresan,1996-97,December,Washington Bullets,Denver Nuggets,6,0,2,0,0,1,1
65,51,Dale Ellis,1996-97,December,Denver Nuggets,Washington Bullets,7,0,0,0,1,0,0
66,65,Dale Ellis,1996-97,December,Denver Nuggets,Washington Bullets,8,0,0,0,1,0,0
67,62,Juwan Howard,1996-97,December,Washington Bullets,Denver Nuggets,6,1,1,0,0,0,0
69,66,Dale Ellis,1996-97,December,Denver Nuggets,Washington Bullets,8,0,1,0,1,0,0
70,30,Bryant Stith,1996-97,December,Denver Nuggets,Washington Bullets,3,1,0,0,0,1,0
71,67,Juwan Howard,1996-97,December,Washington Bullets,Denver Nuggets,8,1,1,0,0,0,0
72,58,Rod Strickland,1996-97,December,Washington Bullets,Denver Nuggets,0,1,2,1,0,1,0
74,61,Ervin Johnson,1996-97,December,Denver Nuggets,Washington Bullets,0,0,5,0,0,0,1
75,0,LaPhonso Ellis,1996-97,December,Denver Nuggets,Washington Bullets,2,0,0,0,0,0,0
76,59,Mark Jackson,1996-97,December,Denver Nuggets,Washington Bullets,0,5,2,0,1,1,0
77,75,LaPhonso Ellis,1996-97,December,Denver Nuggets,Washington Bullets,2,0,0,0,0,0,1
78,71,Juwan Howard,1996-97,December,Washington Bullets,Denver Nuggets,9,1,1,0,0,0,0
79,78,Juwan Howard,1996-97,December,Washington Bullets,Denver Nuggets,10,1,1,0,0,0,0
80,79,Juwan Howard,1996-97,December,Washington Bullets,Denver Nuggets,10,1,1,0,0,0,1
81,69,Dale Ellis,1996-97,December,Denver Nuggets,Washington Bullets,11,0,1,0,1,0,0
82,74,Ervin Johnson,1996-97,December,Denver Nuggets,Washington Bullets,0,1,5,0,0,0,1
84,77,LaPhonso Ellis,1996-97,December,Denver Nuggets,Washington Bullets,2,0,1,0,0,0,1
85,84,LaPhonso Ellis,1996-97,December,Denver Nuggets,Washington Bullets,5,0,1,0,0,0,1
86,76,Mark Jackson,1996-97,December,Denver Nuggets,Washington Bullets,0,6,2,0,1,1,0
87,72,Rod Strickland,1996-97,December,Washington Bullets,Denver Nuggets,2,1,2,1,0,1,0
88,81,Dale Ellis,1996-97,December,Denver Nuggets,Washington Bullets,11,0,1,0,1,1,0
89,63,Chris Webber,1996-97,December,Washington Bullets,Denver Nuggets,2,1,1,0,0,0,1
91,89,Chris Webber,1996-97,December,Washington Bullets,Denver Nuggets,2,1,2,0,0,0,1
93,86,Mark Jackson,1996-97,December,Denver Nuggets,Washington Bullets,0,6,3,0,1,1,0
94,93,Mark Jackson,1996-97,December,Denver Nuggets,Washington Bullets,0,6,3,0,1,2,0
95,0,Jaren Jackson,1996-97,December,Denver Nuggets,Washington Bullets,0,0,0,0,1,0,0
97,70,Bryant Stith,1996-97,December,Denver Nuggets,Washington Bullets,5,1,0,0,0,1,0
98,94,Mark Jackson,1996-97,December,Denver Nuggets,Washington Bullets,0,7,3,0,1,2,0
100,91,Chris Webber,1996-97,December,Washington Bullets,Denver Nuggets,2,1,3,0,0,0,1
101,87,Rod Strickland,1996-97,December,Washington Bullets,Denver Nuggets,5,1,2,1,0,1,0
102,100,Chris Webber,1996-97,December,Washington Bullets,Denver Nuggets,2,2,3,0,0,0,1
103,95,Jaren Jackson,1996-97,December,Washington Bullets,Denver Nuggets,0,0,0,0,1,0,1
104,97,Bryant Stith,1996-97,December,Denver Nuggets,Washington Bullets,7,1,0,0,0,1,0
105,85,LaPhonso Ellis,1996-97,December,Denver Nuggets,Washington Bullets,5,1,1,0,0,0,1
107,0,Tom Hammonds,1996-97,December,Denver Nuggets,Washington Bullets,2,0,0,0,0,0,0
108,98,Mark Jackson,1996-97,December,Denver Nuggets,Washington Bullets,0,8,3,0,1,2,0
110,107,Tom Hammonds,1996-97,December,Denver Nuggets,Washington Bullets,2,0,1,0,0,0,0
111,102,Chris Webber,1996-97,December,Washington Bullets,Denver Nuggets,4,2,3,0,0,0,1
112,44,Antonio McDyess,1996-97,December,Denver Nuggets,Washington Bullets,10,1,1,0,0,0,1
113,104,Bryant Stith,1996-97,December,Denver Nuggets,Washington Bullets,7,2,0,0,0,1,0
115,105,LaPhonso Ellis,1996-97,December,Denver Nuggets,Washington Bullets,5,1,2,0,0,0,1
117,0,Tracy Murray,1996-97,December,Washington Bullets,Denver Nuggets,0,0,1,0,0,0,0
118,111,Chris Webber,1996-97,December,Washington Bullets,Denver Nuggets,6,2,3,0,0,0,1
120,112,Antonio McDyess,1996-97,December,Denver Nuggets,Washington Bullets,10,1,2,0,0,0,1
121,115,LaPhonso Ellis,1996-97,December,Denver Nuggets,Washington Bullets,7,1,2,0,0,0,1
122,120,Antonio McDyess,1996-97,December,Denver Nuggets,Washington Bullets,10,2,2,0,0,0,1
123,121,LaPhonso Ellis,1996-97,December,Denver Nuggets,Washington Bullets,7,1,2,0,0,0,2
124,103,Jaren Jackson,1996-97,December,Washington Bullets,Denver Nuggets,1,0,0,0,1,0,1
126,122,Antonio McDyess,1996-97,December,Denver Nuggets,Washington Bullets,10,2,3,0,0,0,1
127,0,Brooks Thompson,1996-97,December,Denver Nuggets,Washington Bullets,2,0,0,0,0,0,0
128,124,Jaren Jackson,1996-97,December,Washington Bullets,Denver Nuggets,4,0,0,0,1,0,1
129,117,Tracy Murray,1996-97,December,Washington Bullets,Denver Nuggets,0,1,1,0,0,0,0
130,128,Jaren Jackson,1996-97,December,Washington Bullets,Denver Nuggets,4,0,0,0,1,0,2
132,110,Tom Hammonds,1996-97,December,Denver Nuggets,Washington Bullets,2,0,2,0,0,0,0
134,0,Chris Whitney,1996-97,December,Washington Bullets,Denver Nuggets,0,0,1,0,0,0,0
135,64,Gheorghe Muresan,1996-97,December,Washington Bullets,Denver Nuggets,8,0,2,0,0,1,1
137,134,Chris Whitney,1996-97,December,Washington Bullets,Denver Nuggets,0,0,2,0,0,0,0
138,126,Antonio McDyess,1996-97,December,Denver Nuggets,Washington Bullets,10,2,3,0,0,0,2
140,135,Gheorghe Muresan,1996-97,December,Washington Bullets,Denver Nuggets,9,0,2,0,0,1,1
142,140,Gheorghe Muresan,1996-97,December,Denver Nuggets,Washington Bullets,9,0,2,1,0,1,1
143,142,Gheorghe Muresan,1996-97,December,Washington Bullets,Denver Nuggets,9,0,3,1,0,1,1
144,129,Tracy Murray,1996-97,December,Washington Bullets,Denver Nuggets,2,1,1,0,0,0,0
145,130,Jaren Jackson,1996-97,December,Washington Bullets,Denver Nuggets,4,1,0,0,1,0,2
146,113,Bryant Stith,1996-97,December,Denver Nuggets,Washington Bullets,7,2,0,0,0,2,0
147,80,Juwan Howard,1996-97,December,Denver Nuggets,Washington Bullets,10,1,1,0,1,0,1
148,137,Chris Whitney,1996-97,December,Washington Bullets,Denver Nuggets,0,0,2,0,0,1,0
149,127,Brooks Thompson,1996-97,December,Washington Bullets,Denver Nuggets,2,0,0,0,1,0,0
151,145,Jaren Jackson,1996-97,December,Denver Nuggets,Washington Bullets,4,1,0,1,1,0,2
152,151,Jaren Jackson,1996-97,December,Washington Bullets,Denver Nuggets,4,1,1,1,1,0,2
154,132,Tom Hammonds,1996-97,December,Denver Nuggets,Washington Bullets,2,0,2,0,0,0,1
156,154,Tom Hammonds,1996-97,December,Denver Nuggets,Washington Bullets,2,0,3,0,0,0,1
157,88,Dale Ellis,1996-97,December,Denver Nuggets,Washington Bullets,13,0,1,0,1,1,0
158,108,Mark Jackson,1996-97,December,Denver Nuggets,Washington Bullets,0,9,3,0,1,2,0
159,143,Gheorghe Muresan,1996-97,December,Washington Bullets,Denver Nuggets,11,0,3,1,0,1,1
160,147,Juwan Howard,1996-97,December,Washington Bullets,Denver Nuggets,10,2,1,0,1,0,1
161,138,Antonio McDyess,1996-97,December,Denver Nuggets,Washington Bullets,12,2,3,0,0,0,2
162,156,Tom Hammonds,1996-97,December,Denver Nuggets,Washington Bullets,2,1,3,0,0,0,1
164,157,Dale Ellis,1996-97,December,Denver Nuggets,Washington Bullets,13,0,2,0,1,1,0
166,148,Chris Whitney,1996-97,December,Washington Bullets,Denver Nuggets,0,0,3,0,0,1,0
168,164,Dale Ellis,1996-97,December,Denver Nuggets,Washington Bullets,13,0,3,0,1,1,0
169,166,Chris Whitney,1996-97,December,Washington Bullets,Denver Nuggets,0,0,3,0,0,1,1
170,158,Mark Jackson,1996-97,December,Denver Nuggets,Washington Bullets,2,9,3,0,1,2,0
171,169,Chris Whitney,1996-97,December,Washington Bullets,Denver Nuggets,2,0,3,0,0,1,1
172,101,Rod Strickland,1996-97,December,Washington Bullets,Denver Nuggets,5,2,2,1,0,1,0
173,161,Antonio McDyess,1996-97,December,Denver Nuggets,Washington Bullets,14,2,3,0,0,0,2
174,170,Mark Jackson,1996-97,December,Denver Nuggets,Washington Bullets,2,10,3,0,1,2,0
175,171,Chris Whitney,1996-97,December,Washington Bullets,Denver Nuggets,5,0,3,0,0,1,1
176,172,Rod Strickland,1996-97,December,Washington Bullets,Denver Nuggets,5,3,2,1,0,1,0
177,149,Brooks Thompson,1996-97,December,Denver Nuggets,Washington Bullets,2,0,0,0,1,1,0
178,160,Juwan Howard,1996-97,December,Denver Nuggets,Washington Bullets,10,2,1,0,2,0,1
179,177,Brooks Thompson,1996-97,December,Denver Nuggets,Washington Bullets,2,0,0,0,1,1,1
180,178,Juwan Howard,1996-97,December,Washington Bullets,Denver Nuggets,12,2,1,0,2,0,1
181,176,Rod Strickland,1996-97,December,Washington Bullets,Denver Nuggets,5,4,2,1,0,1,0
182,174,Mark Jackson,1996-97,December,Denver Nuggets,Washington Bullets,2,10,3,0,1,3,0
183,144,Tracy Murray,1996-97,December,Denver Nuggets,Washington Bullets,2,1,1,0,1,0,0
184,118,Chris Webber,1996-97,December,Washington Bullets,Denver Nuggets,8,2,3,0,0,0,1
185,181,Rod Strickland,1996-97,December,Washington Bullets,Denver Nuggets,5,5,2,1,0,1,0
186,146,Bryant Stith,1996-97,December,Denver Nuggets,Washington Bullets,9,2,0,0,0,2,0
187,175,Chris Whitney,1996-97,December,Washington Bullets,Denver Nuggets,7,0,3,0,0,1,1
188,185,Rod Strickland,1996-97,December,Washington Bullets,Denver Nuggets,5,6,2,1,0,1,0
189,186,Bryant Stith,1996-97,December,Denver Nuggets,Washington Bullets,9,2,0,0,0,3,0
190,180,Juwan Howard,1996-97,December,Washington Bullets,Denver Nuggets,14,2,1,0,2,0,1
191,123,LaPhonso Ellis,1996-97,December,Denver Nuggets,Washington Bullets,10,1,2,0,0,0,2
192,189,Bryant Stith,1996-97,December,Denver Nuggets,Washington Bullets,9,3,0,0,0,3,0
193,190,Juwan Howard,1996-97,December,Washington Bullets,Denver Nuggets,14,2,1,0,2,0,2
194,193,Juwan Howard,1996-97,December,Washington Bullets,Denver Nuggets,14,2,1,0,2,1,2
195,82,Ervin Johnson,1996-97,December,Denver Nuggets,Washington Bullets,0,1,5,0,0,1,1
196,194,Juwan Howard,1996-97,December,Denver Nuggets,Washington Bullets,14,2,1,0,3,1,2
197,184,Chris Webber,1996-97,December,Washington Bullets,Denver Nuggets,10,2,3,0,0,0,1
198,188,Rod Strickland,1996-97,December,Washington Bullets,Denver Nuggets,5,7,2,1,0,1,0
199,191,LaPhonso Ellis,1996-97,December,Denver Nuggets,Washington Bullets,13,1,2,0,0,0,2
201,199,LaPhonso Ellis,1996-97,December,Denver Nuggets,Washington Bullets,13,1,3,0,0,0,2
204,197,Chris Webber,1996-97,December,Washington Bullets,Denver Nuggets,10,2,4,0,0,0,1
205,204,Chris Webber,1996-97,December,Washington Bullets,Denver Nuggets,12,2,4,0,0,0,1
206,182,Mark Jackson,1996-97,December,Denver Nuggets,Washington Bullets,2,10,3,0,1,4,0
207,159,Gheorghe Muresan,1996-97,December,Denver Nuggets,Washington Bullets,11,0,3,1,1,1,1
208,207,Gheorghe Muresan,1996-97,December,Washington Bullets,Denver Nuggets,13,0,3,1,1,1,1
209,198,Rod Strickland,1996-97,December,Washington Bullets,Denver Nuggets,5,8,2,1,0,1,0
210,168,Dale Ellis,1996-97,December,Denver Nuggets,Washington Bullets,15,0,3,0,1,1,0
211,206,Mark Jackson,1996-97,December,Denver Nuggets,Washington Bullets,2,11,3,0,1,4,0
213,192,Bryant Stith,1996-97,December,Denver Nuggets,Washington Bullets,9,3,1,0,0,3,0
214,173,Antonio McDyess,1996-97,December,Denver Nuggets,Washington Bullets,14,2,3,0,0,1,2
215,57,Calbert Cheaney,1996-97,December,Denver Nuggets,Washington Bullets,0,1,1,0,2,1,1
217,195,Ervin Johnson,1996-97,December,Washington Bullets,Denver Nuggets,0,1,5,1,0,1,1
218,209,Rod Strickland,1996-97,December,Washington Bullets,Denver Nuggets,5,8,3,1,0,1,0
220,205,Chris Webber,1996-97,December,Washington Bullets,Denver Nuggets,12,2,5,0,0,0,1
221,220,Chris Webber,1996-97,December,Washington Bullets,Denver Nuggets,14,2,5,0,0,0,1
222,217,Ervin Johnson,1996-97,December,Denver Nuggets,Washington Bullets,2,1,5,1,0,1,1
223,210,Dale Ellis,1996-97,December,Denver Nuggets,Washington Bullets,15,1,3,0,1,1,0
224,222,Ervin Johnson,1996-97,December,Denver Nuggets,Washington Bullets,2,1,5,1,0,1,2
225,215,Calbert Cheaney,1996-97,December,Washington Bullets,Denver Nuggets,1,1,1,0,2,1,1
226,225,Calbert Cheaney,1996-97,December,Washington Bullets,Denver Nuggets,2,1,1,0,2,1,1
228,218,Rod Strickland,1996-97,December,Washington Bullets,Denver Nuggets,5,8,4,1,0,1,0
229,228,Rod Strickland,1996-97,December,Washington Bullets,Denver Nuggets,7,8,4,1,0,1,0
230,221,Chris Webber,1996-97,December,Washington Bullets,Denver Nuggets,16,2,5,0,0,0,1
231,229,Rod Strickland,1996-97,December,Washington Bullets,Denver Nuggets,7,9,4,1,0,1,0
233,230,Chris Webber,1996-97,December,Washington Bullets,Denver Nuggets,16,2,6,0,0,0,1
235,201,LaPhonso Ellis,1996-97,December,Denver Nuggets,Washington Bullets,16,1,3,0,0,0,2
236,213,Bryant Stith,1996-97,December,Denver Nuggets,Washington Bullets,9,4,1,0,0,3,0
237,224,Ervin Johnson,1996-97,December,Denver Nuggets,Washington Bullets,2,1,5,1,0,1,3
238,208,Gheorghe Muresan,1996-97,December,Washington Bullets,Denver Nuggets,13,0,3,1,1,1,2
239,238,Gheorghe Muresan,1996-97,December,Washington Bullets,Denver Nuggets,13,0,3,1,1,2,2
240,236,Bryant Stith,1996-97,December,Denver Nuggets,Washington Bullets,12,4,1,0,0,3,0
241,211,Mark Jackson,1996-97,December,Denver Nuggets,Washington Bullets,2,12,3,0,1,4,0
243,239,Gheorghe Muresan,1996-97,December,Washington Bullets,Denver Nuggets,13,0,4,1,1,2,2
245,235,LaPhonso Ellis,1996-97,December,Denver Nuggets,Washington Bullets,16,1,4,0,0,0,2
247,243,Gheorghe Muresan,1996-97,December,Washington Bullets,Denver Nuggets,13,0,5,1,1,2,2
249,233,Chris Webber,1996-97,December,Washington Bullets,Denver Nuggets,16,2,6,0,0,0,2
251,249,Chris Webber,1996-97,December,Washington Bullets,Denver Nuggets,16,2,7,0,0,0,2
253,245,LaPhonso Ellis,1996-97,December,Washington Bullets,Denver Nuggets,16,1,4,1,0,0,2
254,162,Tom Hammonds,1996-97,December,Denver Nuggets,Washington Bullets,2,1,4,0,0,0,1
256,247,Gheorghe Muresan,1996-97,December,Washington Bullets,Denver Nuggets,13,0,6,1,1,2,2
257,226,Calbert Cheaney,1996-97,December,Washington Bullets,Denver Nuggets,2,1,1,0,2,1,2
258,257,Calbert Cheaney,1996-97,December,Washington Bullets,Denver Nuggets,2,1,1,0,2,2,2
259,196,Juwan Howard,1996-97,December,Washington Bullets,Denver Nuggets,14,2,1,0,3,1,3
260,253,LaPhonso Ellis,1996-97,December,Denver Nuggets,Washington Bullets,17,1,4,1,0,0,2
261,260,LaPhonso Ellis,1996-97,December,Denver Nuggets,Washington Bullets,18,1,4,1,0,0,2
262,259,Juwan Howard,1996-97,December,Washington Bullets,Denver Nuggets,16,2,1,0,3,1,3
263,256,Gheorghe Muresan,1996-97,December,Washington Bullets,Denver Nuggets,13,1,6,1,1,2,2
265,231,Rod Strickland,1996-97,December,Washington Bullets,Denver Nuggets,7,9,5,1,0,1,0
267,251,Chris Webber,1996-97,December,Washington Bullets,Denver Nuggets,16,2,8,0,0,0,2
268,267,Chris Webber,1996-97,December,Washington Bullets,Denver Nuggets,18,2,8,0,0,0,2
270,263,Gheorghe Muresan,1996-97,December,Washington Bullets,Denver Nuggets,13,1,7,1,1,2,2
271,265,Rod Strickland,1996-97,December,Washington Bullets,Denver Nuggets,9,9,5,1,0,1,0
272,152,Jaren Jackson,1996-97,December,Washington Bullets,Denver Nuggets,4,2,1,1,1,0,2
273,241,Mark Jackson,1996-97,December,Denver Nuggets,Washington Bullets,2,12,3,0,1,4,1
274,271,Rod Strickland,1996-97,December,Washington Bullets,Denver Nuggets,10,9,5,1,0,1,0
275,270,Gheorghe Muresan,1996-97,December,Washington Bullets,Denver Nuggets,13,1,7,1,1,2,3
277,254,Tom Hammonds,1996-97,December,Denver Nuggets,Washington Bullets,2,1,5,0,0,0,1
279,272,Jaren Jackson,1996-97,December,Washington Bullets,Denver Nuggets,4,2,2,1,1,0,2
280,262,Juwan Howard,1996-97,December,Washington Bullets,Denver Nuggets,18,2,1,0,3,1,3
281,274,Rod Strickland,1996-97,December,Washington Bullets,Denver Nuggets,10,10,5,1,0,1,0
283,279,Jaren Jackson,1996-97,December,Washington Bullets,Denver Nuggets,4,2,2,1,1,0,3
284,277,Tom Hammonds,1996-97,December,Denver Nuggets,Washington Bullets,4,1,5,0,0,0,1
285,268,Chris Webber,1996-97,December,Washington Bullets,Denver Nuggets,20,2,8,0,0,0,2
286,281,Rod Strickland,1996-97,December,Washington Bullets,Denver Nuggets,10,11,5,1,0,1,0
287,284,Tom Hammonds,1996-97,December,Denver Nuggets,Washington Bullets,6,1,5,0,0,0,1
289,285,Chris Webber,1996-97,December,Washington Bullets,Denver Nuggets,20,2,9,0,0,0,2
291,273,Mark Jackson,1996-97,December,Denver Nuggets,Washington Bullets,2,12,4,0,1,4,1
293,223,Dale Ellis,1996-97,December,Denver Nuggets,Washington Bullets,15,1,4,0,1,1,0
294,293,Dale Ellis,1996-97,December,Denver Nuggets,Washington Bullets,17,1,4,0,1,1,0
296,287,Tom Hammonds,1996-97,December,Denver Nuggets,Washington Bullets,6,1,6,0,0,0,1
299,296,Tom Hammonds,1996-97,December,Washington Bullets,Denver Nuggets,6,1,6,1,0,0,1
301,291,Mark Jackson,1996-97,December,Denver Nuggets,Washington Bullets,2,12,5,0,1,4,1
302,301,Mark Jackson,1996-97,December,Denver Nuggets,Washington Bullets,2,12,5,0,1,5,1
303,283,Jaren Jackson,1996-97,December,Denver Nuggets,Washington Bullets,4,2,2,1,2,0,3
304,303,Jaren Jackson,1996-97,December,Washington Bullets,Denver Nuggets,6,2,2,1,2,0,3
306,0,Harvey Grant,1996-97,December,Denver Nuggets,Washington Bullets,0,0,0,1,0,0,0
307,306,Harvey Grant,1996-97,December,Washington Bullets,Denver Nuggets,0,0,0,1,0,0,1
310,289,Chris Webber,1996-97,December,Washington Bullets,Denver Nuggets,20,2,10,0,0,0,2
311,302,Mark Jackson,1996-97,December,Denver Nuggets,Washington Bullets,2,12,5,0,1,5,2
313,286,Rod Strickland,1996-97,December,Washington Bullets,Denver Nuggets,11,11,5,1,0,1,0
315,311,Mark Jackson,1996-97,December,Denver Nuggets,Washington Bullets,5,12,5,0,1,5,2
316,214,Antonio McDyess,1996-97,December,Denver Nuggets,Washington Bullets,14,3,3,0,0,1,2
317,187,Chris Whitney,1996-97,December,Washington Bullets,Denver Nuggets,7,0,3,0,0,2,1
318,237,Ervin Johnson,1996-97,December,Denver Nuggets,Washington Bullets,2,1,5,1,0,2,3
319,304,Jaren Jackson,1996-97,December,Denver Nuggets,Washington Bullets,6,2,2,1,3,0,3
320,310,Chris Webber,1996-97,December,Washington Bullets,Denver Nuggets,22,2,10,0,0,0,2
321,183,Tracy Murray,1996-97,December,Washington Bullets,Denver Nuggets,2,2,1,0,1,0,0
322,299,Tom Hammonds,1996-97,December,Denver Nuggets,Washington Bullets,8,1,6,1,0,0,1
323,315,Mark Jackson,1996-97,December,Denver Nuggets,Washington Bullets,5,13,5,0,1,5,2
325,316,Antonio McDyess,1996-97,December,Denver Nuggets,Washington Bullets,14,3,4,0,0,1,2
326,325,Antonio McDyess,1996-97,December,Denver Nuggets,Washington Bullets,16,3,4,0,0,1,2
327,323,Mark Jackson,1996-97,December,Denver Nuggets,Washington Bullets,5,14,5,0,1,5,2
328,318,Ervin Johnson,1996-97,December,Denver Nuggets,Washington Bullets,2,1,5,1,0,2,4
329,320,Chris Webber,1996-97,December,Washington Bullets,Denver Nuggets,24,2,10,0,0,0,2
330,307,Harvey Grant,1996-97,December,Washington Bullets,Denver Nuggets,0,0,0,1,0,0,2
331,294,Dale Ellis,1996-97,December,Denver Nuggets,Washington Bullets,18,1,4,0,1,1,0
332,331,Dale Ellis,1996-97,December,Denver Nuggets,Washington Bullets,19,1,4,0,1,1,0
333,321,Tracy Murray,1996-97,December,Washington Bullets,Denver Nuggets,5,2,1,0,1,0,0
334,317,Chris Whitney,1996-97,December,Washington Bullets,Denver Nuggets,7,1,3,0,0,2,1
336,330,Harvey Grant,1996-97,December,Washington Bullets,Denver Nuggets,0,0,1,1,0,0,2
337,319,Jaren Jackson,1996-97,December,Washington Bullets,Denver Nuggets,8,2,2,1,3,0,3
338,332,Dale Ellis,1996-97,December,Denver Nuggets,Washington Bullets,21,1,4,0,1,1,0
339,327,Mark Jackson,1996-97,December,Denver Nuggets,Washington Bullets,5,15,5,0,1,5,2
340,334,Chris Whitney,1996-97,December,Washington Bullets,Denver Nuggets,7,1,3,0,0,3,1
341,340,Chris Whitney,1996-97,December,Washington Bullets,Denver Nuggets,7,1,3,0,0,3,2
342,339,Mark Jackson,1996-97,December,Denver Nuggets,Washington Bullets,6,15,5,0,1,5,2
343,342,Mark Jackson,1996-97,December,Denver Nuggets,Washington Bullets,7,15,5,0,1,5,2
344,333,Tracy Murray,1996-97,December,Washington Bullets,Denver Nuggets,5,2,1,0,1,1,0
345,338,Dale Ellis,1996-97,December,Washington Bullets,Denver Nuggets,21,1,4,0,2,1,0
346,343,Mark Jackson,1996-97,December,Denver Nuggets,Washington Bullets,10,15,5,0,1,5,2
347,179,Brooks Thompson,1996-97,December,Denver Nuggets,Washington Bullets,2,1,0,0,1,1,1
349,261,LaPhonso Ellis,1996-97,December,Denver Nuggets,Washington Bullets,18,1,5,1,0,0,2
351,275,Gheorghe Muresan,1996-97,December,Washington Bullets,Denver Nuggets,13,1,8,1,1,2,3
353,322,Tom Hammonds,1996-97,December,Denver Nuggets,Washington Bullets,8,1,7,1,0,0,1
355,337,Jaren Jackson,1996-97,December,Washington Bullets,Denver Nuggets,8,2,3,1,3,0,3
356,351,Gheorghe Muresan,1996-97,December,Washington Bullets,Denver Nuggets,15,1,8,1,1,2,3
357,341,Chris Whitney,1996-97,December,Washington Bullets,Denver Nuggets,7,2,3,0,0,3,2
358,345,Dale Ellis,1996-97,December,Denver Nuggets,Washington Bullets,21,1,4,0,2,2,0
359,353,Tom Hammonds,1996-97,December,Denver Nuggets,Washington Bullets,8,1,7,1,0,0,2
360,313,Rod Strickland,1996-97,December,Washington Bullets,Denver Nuggets,12,11,5,1,0,1,0
361,360,Rod Strickland,1996-97,December,Washington Bullets,Denver Nuggets,13,11,5,1,0,1,0
363,357,Chris Whitney,1996-97,December,Washington Bullets,Denver Nuggets,7,2,4,0,0,3,2
365,359,Tom Hammonds,1996-97,December,Denver Nuggets,Washington Bullets,8,1,8,1,0,0,2
366,358,Dale Ellis,1996-97,December,Denver Nuggets,Washington Bullets,21,1,4,0,2,3,0
367,361,Rod Strickland,1996-97,December,Denver Nuggets,Washington Bullets,13,11,5,1,1,1,0
368,346,Mark Jackson,1996-97,December,Denver Nuggets,Washington Bullets,10,15,5,0,1,5,3
369,367,Rod Strickland,1996-97,December,Washington Bullets,Denver Nuggets,14,11,5,1,1,1,0
371,365,Tom Hammonds,1996-97,December,Denver Nuggets,Washington Bullets,8,1,9,1,0,0,2
373,329,Chris Webber,1996-97,December,Denver Nuggets,Washington Bullets,24,2,10,1,0,0,2
374,349,LaPhonso Ellis,1996-97,December,Denver Nuggets,Washington Bullets,18,1,6,1,0,0,2
376,371,Tom Hammonds,1996-97,December,Denver Nuggets,Washington Bullets,8,1,10,1,0,0,2
377,240,Bryant Stith,1996-97,December,Denver Nuggets,Washington Bullets,14,4,1,0,0,3,0
378,366,Dale Ellis,1996-97,December,Denver Nuggets,Washington Bullets,21,2,4,0,2,3,0
379,280,Juwan Howard,1996-97,December,Washington Bullets,Denver Nuggets,20,2,1,0,3,1,3
380,373,Chris Webber,1996-97,December,Washington Bullets,Denver Nuggets,24,3,10,1,0,0,2
382,363,Chris Whitney,1996-97,December,Washington Bullets,Denver Nuggets,7,2,5,0,0,3,2
383,369,Rod Strickland,1996-97,December,Washington Bullets,Denver Nuggets,16,11,5,1,1,1,0
384,380,Chris Webber,1996-97,December,Washington Bullets,Denver Nuggets,24,4,10,1,0,0,2
385,377,Bryant Stith,1996-97,December,Denver Nuggets,Washington Bullets,16,4,1,0,0,3,0
386,368,Mark Jackson,1996-97,December,Denver Nuggets,Washington Bullets,10,16,5,0,1,5,3
387,356,Gheorghe Muresan,1996-97,December,Washington Bullets,Denver Nuggets,17,1,8,1,1,2,3
388,383,Rod Strickland,1996-97,December,Washington Bullets,Denver Nuggets,16,12,5,1,1,1,0
389,388,Rod Strickland,1996-97,December,Washington Bullets,Denver Nuggets,16,12,5,1,1,1,1
390,378,Dale Ellis,1996-97,December,Denver Nuggets,Washington Bullets,22,2,4,0,2,3,0
392,376,Tom Hammonds,1996-97,December,Denver Nuggets,Washington Bullets,8,1,11,1,0,0,2
393,374,LaPhonso Ellis,1996-97,December,Denver Nuggets,Washington Bullets,21,1,6,1,0,0,2
394,386,Mark Jackson,1996-97,December,Denver Nuggets,Washington Bullets,10,17,5,0,1,5,3
395,393,LaPhonso Ellis,1996-97,December,Denver Nuggets,Washington Bullets,21,1,6,1,0,0,3
396,384,Chris Webber,1996-97,December,Washington Bullets,Denver Nuggets,25,4,10,1,0,0,2
398,395,LaPhonso Ellis,1996-97,December,Denver Nuggets,Washington Bullets,21,1,7,1,0,0,3
399,355,Jaren Jackson,1996-97,December,Washington Bullets,Denver Nuggets,8,2,3,1,3,0,4
400,385,Bryant Stith,1996-97,December,Denver Nuggets,Washington Bullets,18,4,1,0,0,3,0
401,394,Mark Jackson,1996-97,December,Denver Nuggets,Washington Bullets,10,18,5,0,1,5,3
402,389,Rod Strickland,1996-97,December,Washington Bullets,Denver Nuggets,18,12,5,1,1,1,1
404,379,Juwan Howard,1996-97,December,Washington Bullets,Denver Nuggets,20,2,2,0,3,1,3
406,398,LaPhonso Ellis,1996-97,December,Washington Bullets,Denver Nuggets,21,1,7,2,0,0,3
407,406,LaPhonso Ellis,1996-97,December,Denver Nuggets,Washington Bullets,21,1,8,2,0,0,3
408,399,Jaren Jackson,1996-97,December,Washington Bullets,Denver Nuggets,8,2,3,1,3,0,5
409,401,Mark Jackson,1996-97,December,Denver Nuggets,Washington Bullets,11,18,5,0,1,5,3
410,409,Mark Jackson,1996-97,December,Denver Nuggets,Washington Bullets,12,18,5,0,1,5,3
412,400,Bryant Stith,1996-97,December,Washington Bullets,Denver Nuggets,18,4,1,1,0,3,0
413,408,Jaren Jackson,1996-97,December,Washington Bullets,Denver Nuggets,8,2,4,1,3,0,5
414,413,Jaren Jackson,1996-97,December,Washington Bullets,Denver Nuggets,11,2,4,1,3,0,5
415,387,Gheorghe Muresan,1996-97,December,Washington Bullets,Denver Nuggets,17,1,8,1,1,2,4
419,396,Chris Webber,1996-97,December,Washington Bullets,Denver Nuggets,25,4,11,1,0,0,2
420,404,Juwan Howard,1996-97,December,Washington Bullets,Denver Nuggets,22,2,2,0,3,1,3
421,419,Chris Webber,1996-97,December,Washington Bullets,Denver Nuggets,25,5,11,1,0,0,2
422,410,Mark Jackson,1996-97,December,Denver Nuggets,Washington Bullets,15,18,5,0,1,5,3
423,390,Dale Ellis,1996-97,December,Denver Nuggets,Washington Bullets,22,2,4,0,2,3,1
424,414,Jaren Jackson,1996-97,December,Washington Bullets,Denver Nuggets,12,2,4,1,3,0,5
426,424,Jaren Jackson,1996-97,December,Washington Bullets,Denver Nuggets,12,2,5,1,3,0,5
