id,previous_id,player,season,month,team,opponent_team,points,assists,rebounds,blocks,steals,turnovers,personal fouls
1,0,Billy Owens,1996-97,December,Sacramento Kings,Los Angeles Clippers,2,0,0,0,0,0,0
2,0,Mitch Richmond,1996-97,December,Sacramento Kings,Los Angeles Clippers,0,1,0,0,0,0,0
3,0,Kevin Duckworth,1996-97,December,Los Angeles Clippers,Sacramento Kings,2,0,0,0,0,0,0
5,3,Kevin Duckworth,1996-97,December,Los Angeles Clippers,Sacramento Kings,2,0,1,0,0,0,0
6,0,Michael Smith,1996-97,December,Sacramento Kings,Los Angeles Clippers,0,0,0,0,0,0,1
7,0,Loy Vaught,1996-97,December,Los Angeles Clippers,Sacramento Kings,2,0,0,0,0,0,0
8,0,Malik Sealy,1996-97,December,Los Angeles Clippers,Sacramento Kings,0,1,0,0,0,0,0
9,0,Tyus Edney,1996-97,December,Sacramento Kings,Los Angeles Clippers,2,0,0,0,0,0,0
12,2,Mitch Richmond,1996-97,December,Sacramento Kings,Los Angeles Clippers,0,1,1,0,0,0,0
14,0,Olden Polynice,1996-97,December,Sacramento Kings,Los Angeles Clippers,0,0,0,0,0,1,0
15,7,Loy Vaught,1996-97,December,Los Angeles Clippers,Sacramento Kings,2,0,0,0,0,1,0
17,15,Loy Vaught,1996-97,December,Los Angeles Clippers,Sacramento Kings,2,0,1,0,0,1,0
19,1,Billy Owens,1996-97,December,Sacramento Kings,Los Angeles Clippers,2,0,1,0,0,0,0
21,17,Loy Vaught,1996-97,December,Los Angeles Clippers,Sacramento Kings,2,0,2,0,0,1,0
23,21,Loy Vaught,1996-97,December,Los Angeles Clippers,Sacramento Kings,2,0,3,0,0,1,0
25,14,Olden Polynice,1996-97,December,Sacramento Kings,Los Angeles Clippers,0,0,0,1,0,1,0
26,5,Kevin Duckworth,1996-97,December,Los Angeles Clippers,Sacramento Kings,2,0,2,0,0,0,0
27,26,Kevin Duckworth,1996-97,December,Los Angeles Clippers,Sacramento Kings,4,0,2,0,0,0,0
28,19,Billy Owens,1996-97,December,Sacramento Kings,Los Angeles Clippers,2,0,1,0,0,1,0
29,0,Darrick Martin,1996-97,December,Los Angeles Clippers,Sacramento Kings,0,0,0,0,1,0,0
31,12,Mitch Richmond,1996-97,December,Sacramento Kings,Los Angeles Clippers,0,1,1,1,0,0,0
32,9,Tyus Edney,1996-97,December,Sacramento Kings,Los Angeles Clippers,2,0,1,0,0,0,0
35,6,Michael Smith,1996-97,December,Sacramento Kings,Los Angeles Clippers,0,0,1,0,0,0,1
36,0,Rodney Rogers,1996-97,December,Los Angeles Clippers,Sacramento Kings,0,0,0,0,0,0,1
38,35,Michael Smith,1996-97,December,Sacramento Kings,Los Angeles Clippers,0,0,2,0,0,0,1
40,23,Loy Vaught,1996-97,December,Los Angeles Clippers,Sacramento Kings,2,0,4,0,0,1,0
41,32,Tyus Edney,1996-97,December,Sacramento Kings,Los Angeles Clippers,2,0,1,0,0,0,1
42,29,Darrick Martin,1996-97,December,Los Angeles Clippers,Sacramento Kings,1,0,0,0,1,0,0
43,42,Darrick Martin,1996-97,December,Los Angeles Clippers,Sacramento Kings,2,0,0,0,1,0,0
44,27,Kevin Duckworth,1996-97,December,Los Angeles Clippers,Sacramento Kings,4,0,2,0,0,0,1
45,41,Tyus Edney,1996-97,December,Sacramento Kings,Los Angeles Clippers,3,0,1,0,0,0,1
46,45,Tyus Edney,1996-97,December,Sacramento Kings,Los Angeles Clippers,4,0,1,0,0,0,1
47,8,Malik Sealy,1996-97,December,Los Angeles Clippers,Sacramento Kings,0,1,0,0,0,1,0
48,28,Billy Owens,1996-97,December,Sacramento Kings,Los Angeles Clippers,2,0,1,0,1,1,0
50,48,Billy Owens,1996-97,December,Sacramento Kings,Los Angeles Clippers,2,0,2,0,1,1,0
51,50,Billy Owens,1996-97,December,Sacramento Kings,Los Angeles Clippers,4,0,2,0,1,1,0
52,31,Mitch Richmond,1996-97,December,Sacramento Kings,Los Angeles Clippers,0,1,1,1,0,0,1
53,43,Darrick Martin,1996-97,December,Los Angeles Clippers,Sacramento Kings,2,0,0,0,1,1,0
55,36,Rodney Rogers,1996-97,December,Los Angeles Clippers,Sacramento Kings,0,0,1,0,0,0,1
56,47,Malik Sealy,1996-97,December,Los Angeles Clippers,Sacramento Kings,2,1,0,0,0,1,0
57,55,Rodney Rogers,1996-97,December,Los Angeles Clippers,Sacramento Kings,0,1,1,0,0,0,1
59,40,Loy Vaught,1996-97,December,Los Angeles Clippers,Sacramento Kings,2,0,5,0,0,1,0
60,51,Billy Owens,1996-97,December,Sacramento Kings,Los Angeles Clippers,4,0,2,0,1,1,1
62,25,Olden Polynice,1996-97,December,Sacramento Kings,Los Angeles Clippers,0,0,1,1,0,1,0
63,60,Billy Owens,1996-97,December,Sacramento Kings,Los Angeles Clippers,6,0,2,0,1,1,1
64,46,Tyus Edney,1996-97,December,Sacramento Kings,Los Angeles Clippers,4,1,1,0,0,0,1
66,52,Mitch Richmond,1996-97,December,Sacramento Kings,Los Angeles Clippers,0,1,2,1,0,0,1
67,62,Olden Polynice,1996-97,December,Sacramento Kings,Los Angeles Clippers,2,0,1,1,0,1,0
68,64,Tyus Edney,1996-97,December,Sacramento Kings,Los Angeles Clippers,4,2,1,0,0,0,1
69,56,Malik Sealy,1996-97,December,Los Angeles Clippers,Sacramento Kings,4,1,0,0,0,1,0
70,53,Darrick Martin,1996-97,December,Los Angeles Clippers,Sacramento Kings,2,1,0,0,1,1,0
72,69,Malik Sealy,1996-97,December,Los Angeles Clippers,Sacramento Kings,4,1,0,1,0,1,0
73,0,Lorenzen Wright,1996-97,December,Los Angeles Clippers,Sacramento Kings,2,0,0,0,0,0,0
74,70,Darrick Martin,1996-97,December,Los Angeles Clippers,Sacramento Kings,2,2,0,0,1,1,0
75,38,Michael Smith,1996-97,December,Sacramento Kings,Los Angeles Clippers,0,0,2,0,0,0,2
76,73,Lorenzen Wright,1996-97,December,Los Angeles Clippers,Sacramento Kings,3,0,0,0,0,0,0
78,59,Loy Vaught,1996-97,December,Los Angeles Clippers,Sacramento Kings,2,0,6,0,0,1,0
79,72,Malik Sealy,1996-97,December,Los Angeles Clippers,Sacramento Kings,4,1,0,1,0,2,0
80,63,Billy Owens,1996-97,December,Sacramento Kings,Los Angeles Clippers,8,0,2,0,1,1,1
82,75,Michael Smith,1996-97,December,Sacramento Kings,Los Angeles Clippers,0,0,3,0,0,0,2
83,66,Mitch Richmond,1996-97,December,Sacramento Kings,Los Angeles Clippers,2,1,2,1,0,0,1
84,57,Rodney Rogers,1996-97,December,Los Angeles Clippers,Sacramento Kings,2,1,1,0,0,0,1
85,79,Malik Sealy,1996-97,December,Los Angeles Clippers,Sacramento Kings,4,1,0,1,0,2,1
86,83,Mitch Richmond,1996-97,December,Sacramento Kings,Los Angeles Clippers,5,1,2,1,0,0,1
87,80,Billy Owens,1996-97,December,Sacramento Kings,Los Angeles Clippers,8,1,2,0,1,1,1
88,84,Rodney Rogers,1996-97,December,Los Angeles Clippers,Sacramento Kings,4,1,1,0,0,0,1
89,87,Billy Owens,1996-97,December,Sacramento Kings,Los Angeles Clippers,8,1,2,0,1,2,1
90,76,Lorenzen Wright,1996-97,December,Los Angeles Clippers,Sacramento Kings,3,0,0,0,1,0,0
92,89,Billy Owens,1996-97,December,Sacramento Kings,Los Angeles Clippers,8,1,3,0,1,2,1
93,86,Mitch Richmond,1996-97,December,Sacramento Kings,Los Angeles Clippers,7,1,2,1,0,0,1
94,68,Tyus Edney,1996-97,December,Sacramento Kings,Los Angeles Clippers,4,3,1,0,0,0,1
95,78,Loy Vaught,1996-97,December,Los Angeles Clippers,Sacramento Kings,2,0,6,0,0,1,1
96,93,Mitch Richmond,1996-97,December,Sacramento Kings,Los Angeles Clippers,8,1,2,1,0,0,1
97,0,Duane Causwell,1996-97,December,Sacramento Kings,Los Angeles Clippers,0,0,0,0,0,0,1
98,90,Lorenzen Wright,1996-97,December,Los Angeles Clippers,Sacramento Kings,4,0,0,0,1,0,0
100,97,Duane Causwell,1996-97,December,Sacramento Kings,Los Angeles Clippers,0,0,1,0,0,0,1
102,88,Rodney Rogers,1996-97,December,Los Angeles Clippers,Sacramento Kings,4,1,2,0,0,0,1
104,98,Lorenzen Wright,1996-97,December,Los Angeles Clippers,Sacramento Kings,4,0,1,0,1,0,0
106,0,Corliss Williamson,1996-97,December,Sacramento Kings,Los Angeles Clippers,0,0,1,0,0,0,0
108,100,Duane Causwell,1996-97,December,Sacramento Kings,Los Angeles Clippers,0,0,2,0,0,0,1
110,0,Brent Barry,1996-97,December,Los Angeles Clippers,Sacramento Kings,0,0,1,0,0,0,0
111,0,Bo Outlaw,1996-97,December,Los Angeles Clippers,Sacramento Kings,2,0,0,0,0,0,0
112,110,Brent Barry,1996-97,December,Los Angeles Clippers,Sacramento Kings,0,1,1,0,0,0,0
113,106,Corliss Williamson,1996-97,December,Sacramento Kings,Los Angeles Clippers,0,0,1,0,0,1,0
114,104,Lorenzen Wright,1996-97,December,Los Angeles Clippers,Sacramento Kings,6,0,1,0,1,0,0
115,102,Rodney Rogers,1996-97,December,Los Angeles Clippers,Sacramento Kings,4,2,2,0,0,0,1
116,74,Darrick Martin,1996-97,December,Los Angeles Clippers,Sacramento Kings,2,2,0,0,1,1,1
117,92,Billy Owens,1996-97,December,Sacramento Kings,Los Angeles Clippers,10,1,3,0,1,2,1
118,113,Corliss Williamson,1996-97,December,Sacramento Kings,Los Angeles Clippers,0,1,1,0,0,1,0
119,112,Brent Barry,1996-97,December,Los Angeles Clippers,Sacramento Kings,0,1,1,0,0,0,1
120,117,Billy Owens,1996-97,December,Sacramento Kings,Los Angeles Clippers,11,1,3,0,1,2,1
122,115,Rodney Rogers,1996-97,December,Los Angeles Clippers,Sacramento Kings,4,2,3,0,0,0,1
123,114,Lorenzen Wright,1996-97,December,Los Angeles Clippers,Sacramento Kings,8,0,1,0,1,0,0
124,67,Olden Polynice,1996-97,December,Sacramento Kings,Los Angeles Clippers,4,0,1,1,0,1,0
125,118,Corliss Williamson,1996-97,December,Sacramento Kings,Los Angeles Clippers,0,2,1,0,0,1,0
126,119,Brent Barry,1996-97,December,Los Angeles Clippers,Sacramento Kings,3,1,1,0,0,0,1
127,123,Lorenzen Wright,1996-97,December,Los Angeles Clippers,Sacramento Kings,8,1,1,0,1,0,0
128,125,Corliss Williamson,1996-97,December,Sacramento Kings,Los Angeles Clippers,0,2,1,0,0,2,0
129,126,Brent Barry,1996-97,December,Los Angeles Clippers,Sacramento Kings,3,1,1,0,1,0,1
130,116,Darrick Martin,1996-97,December,Los Angeles Clippers,Sacramento Kings,2,2,0,0,1,2,1
131,0,Mahmoud Abdul-Rauf,1996-97,December,Sacramento Kings,Los Angeles Clippers,0,0,0,0,1,0,0
133,127,Lorenzen Wright,1996-97,December,Los Angeles Clippers,Sacramento Kings,8,1,2,0,1,0,0
134,108,Duane Causwell,1996-97,December,Sacramento Kings,Los Angeles Clippers,0,0,2,0,0,0,2
135,130,Darrick Martin,1996-97,December,Los Angeles Clippers,Sacramento Kings,3,2,0,0,1,2,1
136,135,Darrick Martin,1996-97,December,Los Angeles Clippers,Sacramento Kings,4,2,0,0,1,2,1
138,134,Duane Causwell,1996-97,December,Sacramento Kings,Los Angeles Clippers,0,0,3,0,0,0,2
140,128,Corliss Williamson,1996-97,December,Sacramento Kings,Los Angeles Clippers,0,2,2,0,0,2,0
141,140,Corliss Williamson,1996-97,December,Sacramento Kings,Los Angeles Clippers,2,2,2,0,0,2,0
142,111,Bo Outlaw,1996-97,December,Los Angeles Clippers,Sacramento Kings,4,0,0,0,0,0,0
143,136,Darrick Martin,1996-97,December,Los Angeles Clippers,Sacramento Kings,4,3,0,0,1,2,1
144,143,Darrick Martin,1996-97,December,Los Angeles Clippers,Sacramento Kings,4,3,0,0,1,2,2
145,131,Mahmoud Abdul-Rauf,1996-97,December,Sacramento Kings,Los Angeles Clippers,1,0,0,0,1,0,0
146,145,Mahmoud Abdul-Rauf,1996-97,December,Sacramento Kings,Los Angeles Clippers,2,0,0,0,1,0,0
147,144,Darrick Martin,1996-97,December,Los Angeles Clippers,Sacramento Kings,5,3,0,0,1,2,2
149,129,Brent Barry,1996-97,December,Los Angeles Clippers,Sacramento Kings,3,1,2,0,1,0,1
150,124,Olden Polynice,1996-97,December,Sacramento Kings,Los Angeles Clippers,4,0,1,1,0,1,1
152,146,Mahmoud Abdul-Rauf,1996-97,December,Sacramento Kings,Los Angeles Clippers,2,0,1,0,1,0,0
153,150,Olden Polynice,1996-97,December,Sacramento Kings,Los Angeles Clippers,4,0,1,1,0,2,1
155,95,Loy Vaught,1996-97,December,Los Angeles Clippers,Sacramento Kings,2,0,7,0,0,1,1
156,153,Olden Polynice,1996-97,December,Sacramento Kings,Los Angeles Clippers,4,0,1,1,0,2,2
157,0,Terry Dehere,1996-97,December,Los Angeles Clippers,Sacramento Kings,1,0,0,0,0,0,0
158,157,Terry Dehere,1996-97,December,Los Angeles Clippers,Sacramento Kings,2,0,0,0,0,0,0
160,142,Bo Outlaw,1996-97,December,Los Angeles Clippers,Sacramento Kings,4,0,0,1,0,0,0
161,160,Bo Outlaw,1996-97,December,Los Angeles Clippers,Sacramento Kings,4,0,1,1,0,0,0
163,96,Mitch Richmond,1996-97,December,Sacramento Kings,Los Angeles Clippers,8,1,3,1,0,0,1
164,152,Mahmoud Abdul-Rauf,1996-97,December,Sacramento Kings,Los Angeles Clippers,4,0,1,0,1,0,0
166,156,Olden Polynice,1996-97,December,Sacramento Kings,Los Angeles Clippers,4,0,2,1,0,2,2
168,166,Olden Polynice,1996-97,December,Sacramento Kings,Los Angeles Clippers,4,0,3,1,0,2,2
170,133,Lorenzen Wright,1996-97,December,Los Angeles Clippers,Sacramento Kings,8,1,3,0,1,0,0
171,168,Olden Polynice,1996-97,December,Sacramento Kings,Los Angeles Clippers,4,0,3,1,0,2,3
172,147,Darrick Martin,1996-97,December,Los Angeles Clippers,Sacramento Kings,6,3,0,0,1,2,2
173,172,Darrick Martin,1996-97,December,Los Angeles Clippers,Sacramento Kings,7,3,0,0,1,2,2
174,163,Mitch Richmond,1996-97,December,Sacramento Kings,Los Angeles Clippers,10,1,3,1,0,0,1
175,155,Loy Vaught,1996-97,December,Los Angeles Clippers,Sacramento Kings,4,0,7,0,0,1,1
176,149,Brent Barry,1996-97,December,Los Angeles Clippers,Sacramento Kings,3,2,2,0,1,0,1
178,138,Duane Causwell,1996-97,December,Sacramento Kings,Los Angeles Clippers,0,0,4,0,0,0,2
179,170,Lorenzen Wright,1996-97,December,Los Angeles Clippers,Sacramento Kings,8,1,3,0,1,0,1
180,174,Mitch Richmond,1996-97,December,Sacramento Kings,Los Angeles Clippers,11,1,3,1,0,0,1
181,180,Mitch Richmond,1996-97,December,Sacramento Kings,Los Angeles Clippers,12,1,3,1,0,0,1
182,178,Duane Causwell,1996-97,December,Sacramento Kings,Los Angeles Clippers,0,0,4,0,0,0,3
183,158,Terry Dehere,1996-97,December,Los Angeles Clippers,Sacramento Kings,3,0,0,0,0,0,0
184,183,Terry Dehere,1996-97,December,Los Angeles Clippers,Sacramento Kings,4,0,0,0,0,0,0
186,175,Loy Vaught,1996-97,December,Los Angeles Clippers,Sacramento Kings,4,0,8,0,0,1,1
187,186,Loy Vaught,1996-97,December,Los Angeles Clippers,Sacramento Kings,4,0,8,0,0,2,1
188,164,Mahmoud Abdul-Rauf,1996-97,December,Sacramento Kings,Los Angeles Clippers,6,0,1,0,1,0,0
189,94,Tyus Edney,1996-97,December,Sacramento Kings,Los Angeles Clippers,4,3,1,0,0,0,2
190,184,Terry Dehere,1996-97,December,Los Angeles Clippers,Sacramento Kings,5,0,0,0,0,0,0
191,190,Terry Dehere,1996-97,December,Los Angeles Clippers,Sacramento Kings,6,0,0,0,0,0,0
192,85,Malik Sealy,1996-97,December,Los Angeles Clippers,Sacramento Kings,4,1,0,1,0,2,2
193,189,Tyus Edney,1996-97,December,Sacramento Kings,Los Angeles Clippers,5,3,1,0,0,0,2
194,193,Tyus Edney,1996-97,December,Sacramento Kings,Los Angeles Clippers,6,3,1,0,0,0,2
195,120,Billy Owens,1996-97,December,Sacramento Kings,Los Angeles Clippers,11,1,3,0,1,2,2
196,161,Bo Outlaw,1996-97,December,Los Angeles Clippers,Sacramento Kings,5,0,1,1,0,0,0
198,195,Billy Owens,1996-97,December,Sacramento Kings,Los Angeles Clippers,11,1,4,0,1,2,2
199,188,Mahmoud Abdul-Rauf,1996-97,December,Sacramento Kings,Los Angeles Clippers,6,0,1,0,1,1,0
200,199,Mahmoud Abdul-Rauf,1996-97,December,Sacramento Kings,Los Angeles Clippers,6,0,1,0,1,1,1
203,179,Lorenzen Wright,1996-97,December,Los Angeles Clippers,Sacramento Kings,8,1,4,0,1,0,1
204,203,Lorenzen Wright,1996-97,December,Los Angeles Clippers,Sacramento Kings,8,1,4,0,1,1,1
206,187,Loy Vaught,1996-97,December,Los Angeles Clippers,Sacramento Kings,4,0,9,0,0,2,1
207,192,Malik Sealy,1996-97,December,Los Angeles Clippers,Sacramento Kings,4,1,0,1,0,3,2
208,200,Mahmoud Abdul-Rauf,1996-97,December,Sacramento Kings,Los Angeles Clippers,6,0,1,0,2,1,1
209,181,Mitch Richmond,1996-97,December,Sacramento Kings,Los Angeles Clippers,14,1,3,1,0,0,1
210,198,Billy Owens,1996-97,December,Sacramento Kings,Los Angeles Clippers,11,2,4,0,1,2,2
211,208,Mahmoud Abdul-Rauf,1996-97,December,Sacramento Kings,Los Angeles Clippers,6,0,1,0,2,1,2
212,207,Malik Sealy,1996-97,December,Los Angeles Clippers,Sacramento Kings,5,1,0,1,0,3,2
213,212,Malik Sealy,1996-97,December,Los Angeles Clippers,Sacramento Kings,6,1,0,1,0,3,2
215,196,Bo Outlaw,1996-97,December,Los Angeles Clippers,Sacramento Kings,5,0,2,1,0,0,0
216,191,Terry Dehere,1996-97,December,Los Angeles Clippers,Sacramento Kings,8,0,0,0,0,0,0
217,213,Malik Sealy,1996-97,December,Los Angeles Clippers,Sacramento Kings,6,2,0,1,0,3,2
219,217,Malik Sealy,1996-97,December,Los Angeles Clippers,Sacramento Kings,6,2,1,1,0,3,2
220,216,Terry Dehere,1996-97,December,Los Angeles Clippers,Sacramento Kings,10,0,0,0,0,0,0
222,82,Michael Smith,1996-97,December,Sacramento Kings,Los Angeles Clippers,0,0,4,0,0,0,2
224,122,Rodney Rogers,1996-97,December,Los Angeles Clippers,Sacramento Kings,4,2,4,0,0,0,1
226,206,Loy Vaught,1996-97,December,Los Angeles Clippers,Sacramento Kings,4,0,10,0,0,2,1
227,194,Tyus Edney,1996-97,December,Sacramento Kings,Los Angeles Clippers,6,3,1,0,0,0,3
228,224,Rodney Rogers,1996-97,December,Los Angeles Clippers,Sacramento Kings,5,2,4,0,0,0,1
230,227,Tyus Edney,1996-97,December,Sacramento Kings,Los Angeles Clippers,6,3,2,0,0,0,3
231,209,Mitch Richmond,1996-97,December,Sacramento Kings,Los Angeles Clippers,16,1,3,1,0,0,1
232,210,Billy Owens,1996-97,December,Sacramento Kings,Los Angeles Clippers,11,2,4,0,1,2,3
233,219,Malik Sealy,1996-97,December,Los Angeles Clippers,Sacramento Kings,7,2,1,1,0,3,2
234,233,Malik Sealy,1996-97,December,Los Angeles Clippers,Sacramento Kings,8,2,1,1,0,3,2
235,171,Olden Polynice,1996-97,December,Sacramento Kings,Los Angeles Clippers,4,0,3,1,0,3,3
236,44,Kevin Duckworth,1996-97,December,Los Angeles Clippers,Sacramento Kings,4,0,2,0,1,0,1
237,226,Loy Vaught,1996-97,December,Los Angeles Clippers,Sacramento Kings,6,0,10,0,0,2,1
238,173,Darrick Martin,1996-97,December,Los Angeles Clippers,Sacramento Kings,7,4,0,0,1,2,2
240,236,Kevin Duckworth,1996-97,December,Los Angeles Clippers,Sacramento Kings,4,0,3,0,1,0,1
241,240,Kevin Duckworth,1996-97,December,Los Angeles Clippers,Sacramento Kings,6,0,3,0,1,0,1
242,238,Darrick Martin,1996-97,December,Los Angeles Clippers,Sacramento Kings,7,5,0,0,1,2,2
243,231,Mitch Richmond,1996-97,December,Sacramento Kings,Los Angeles Clippers,18,1,3,1,0,0,1
244,230,Tyus Edney,1996-97,December,Sacramento Kings,Los Angeles Clippers,6,4,2,0,0,0,3
245,237,Loy Vaught,1996-97,December,Los Angeles Clippers,Sacramento Kings,8,0,10,0,0,2,1
246,242,Darrick Martin,1996-97,December,Los Angeles Clippers,Sacramento Kings,7,6,0,0,1,2,2
247,244,Tyus Edney,1996-97,December,Sacramento Kings,Los Angeles Clippers,6,4,2,0,0,1,3
248,228,Rodney Rogers,1996-97,December,Los Angeles Clippers,Sacramento Kings,5,2,4,0,1,0,1
249,248,Rodney Rogers,1996-97,December,Los Angeles Clippers,Sacramento Kings,7,2,4,0,1,0,1
251,241,Kevin Duckworth,1996-97,December,Los Angeles Clippers,Sacramento Kings,6,0,4,0,1,0,1
253,245,Loy Vaught,1996-97,December,Los Angeles Clippers,Sacramento Kings,8,0,11,0,0,2,1
254,253,Loy Vaught,1996-97,December,Los Angeles Clippers,Sacramento Kings,10,0,11,0,0,2,1
256,232,Billy Owens,1996-97,December,Sacramento Kings,Los Angeles Clippers,11,2,5,0,1,2,3
258,251,Kevin Duckworth,1996-97,December,Los Angeles Clippers,Sacramento Kings,6,0,4,1,1,0,1
259,246,Darrick Martin,1996-97,December,Los Angeles Clippers,Sacramento Kings,7,6,0,0,1,2,3
260,256,Billy Owens,1996-97,December,Sacramento Kings,Los Angeles Clippers,13,2,5,0,1,2,3
261,222,Michael Smith,1996-97,December,Sacramento Kings,Los Angeles Clippers,0,1,4,0,0,0,2
262,234,Malik Sealy,1996-97,December,Los Angeles Clippers,Sacramento Kings,10,2,1,1,0,3,2
263,259,Darrick Martin,1996-97,December,Los Angeles Clippers,Sacramento Kings,7,7,0,0,1,2,3
264,263,Darrick Martin,1996-97,December,Los Angeles Clippers,Sacramento Kings,7,7,0,0,1,2,4
265,211,Mahmoud Abdul-Rauf,1996-97,December,Sacramento Kings,Los Angeles Clippers,8,0,1,0,2,1,2
266,220,Terry Dehere,1996-97,December,Los Angeles Clippers,Sacramento Kings,10,0,0,0,0,0,1
267,265,Mahmoud Abdul-Rauf,1996-97,December,Sacramento Kings,Los Angeles Clippers,9,0,1,0,2,1,2
269,258,Kevin Duckworth,1996-97,December,Los Angeles Clippers,Sacramento Kings,6,0,5,1,1,0,1
270,269,Kevin Duckworth,1996-97,December,Los Angeles Clippers,Sacramento Kings,6,0,5,1,1,1,1
271,267,Mahmoud Abdul-Rauf,1996-97,December,Sacramento Kings,Los Angeles Clippers,9,0,1,0,2,2,2
272,254,Loy Vaught,1996-97,December,Los Angeles Clippers,Sacramento Kings,10,0,11,0,1,2,1
273,270,Kevin Duckworth,1996-97,December,Los Angeles Clippers,Sacramento Kings,6,0,5,1,1,2,1
274,273,Kevin Duckworth,1996-97,December,Los Angeles Clippers,Sacramento Kings,6,0,5,1,1,2,2
276,260,Billy Owens,1996-97,December,Sacramento Kings,Los Angeles Clippers,14,2,5,0,1,2,3
277,249,Rodney Rogers,1996-97,December,Los Angeles Clippers,Sacramento Kings,7,2,4,0,1,1,1
278,235,Olden Polynice,1996-97,December,Sacramento Kings,Los Angeles Clippers,6,0,3,1,0,3,3
279,271,Mahmoud Abdul-Rauf,1996-97,December,Sacramento Kings,Los Angeles Clippers,9,1,1,0,2,2,2
280,262,Malik Sealy,1996-97,December,Los Angeles Clippers,Sacramento Kings,10,2,1,1,0,4,2
281,243,Mitch Richmond,1996-97,December,Sacramento Kings,Los Angeles Clippers,18,1,3,1,1,0,1
282,272,Loy Vaught,1996-97,December,Los Angeles Clippers,Sacramento Kings,10,0,11,0,1,2,2
283,279,Mahmoud Abdul-Rauf,1996-97,December,Sacramento Kings,Los Angeles Clippers,10,1,1,0,2,2,2
284,283,Mahmoud Abdul-Rauf,1996-97,December,Sacramento Kings,Los Angeles Clippers,11,1,1,0,2,2,2
286,278,Olden Polynice,1996-97,December,Sacramento Kings,Los Angeles Clippers,6,0,4,1,0,3,3
287,274,Kevin Duckworth,1996-97,December,Los Angeles Clippers,Sacramento Kings,6,0,5,1,1,2,3
288,286,Olden Polynice,1996-97,December,Sacramento Kings,Los Angeles Clippers,7,0,4,1,0,3,3
290,282,Loy Vaught,1996-97,December,Los Angeles Clippers,Sacramento Kings,10,0,12,0,1,2,2
291,281,Mitch Richmond,1996-97,December,Sacramento Kings,Los Angeles Clippers,18,1,3,1,1,0,2
292,280,Malik Sealy,1996-97,December,Los Angeles Clippers,Sacramento Kings,11,2,1,1,0,4,2
293,292,Malik Sealy,1996-97,December,Los Angeles Clippers,Sacramento Kings,12,2,1,1,0,4,2
295,288,Olden Polynice,1996-97,December,Sacramento Kings,Los Angeles Clippers,7,0,5,1,0,3,3
296,295,Olden Polynice,1996-97,December,Sacramento Kings,Los Angeles Clippers,7,0,5,1,0,4,3
297,293,Malik Sealy,1996-97,December,Los Angeles Clippers,Sacramento Kings,12,2,1,1,1,4,2
299,297,Malik Sealy,1996-97,December,Los Angeles Clippers,Sacramento Kings,12,2,2,1,1,4,2
300,299,Malik Sealy,1996-97,December,Los Angeles Clippers,Sacramento Kings,14,2,2,1,1,4,2
301,276,Billy Owens,1996-97,December,Sacramento Kings,Los Angeles Clippers,16,2,5,0,1,2,3
302,261,Michael Smith,1996-97,December,Sacramento Kings,Los Angeles Clippers,0,2,4,0,0,0,2
303,296,Olden Polynice,1996-97,December,Sacramento Kings,Los Angeles Clippers,7,0,5,1,0,4,4
304,284,Mahmoud Abdul-Rauf,1996-97,December,Sacramento Kings,Los Angeles Clippers,11,1,1,0,2,2,3
305,266,Terry Dehere,1996-97,December,Los Angeles Clippers,Sacramento Kings,11,0,0,0,0,0,1
306,305,Terry Dehere,1996-97,December,Los Angeles Clippers,Sacramento Kings,12,0,0,0,0,0,1
308,290,Loy Vaught,1996-97,December,Los Angeles Clippers,Sacramento Kings,10,0,13,0,1,2,2
310,287,Kevin Duckworth,1996-97,December,Los Angeles Clippers,Sacramento Kings,6,0,6,1,1,2,3
311,310,Kevin Duckworth,1996-97,December,Los Angeles Clippers,Sacramento Kings,8,0,6,1,1,2,3
312,308,Loy Vaught,1996-97,December,Los Angeles Clippers,Sacramento Kings,10,0,13,0,1,2,3
313,291,Mitch Richmond,1996-97,December,Sacramento Kings,Los Angeles Clippers,19,1,3,1,1,0,2
314,313,Mitch Richmond,1996-97,December,Sacramento Kings,Los Angeles Clippers,20,1,3,1,1,0,2
315,300,Malik Sealy,1996-97,December,Los Angeles Clippers,Sacramento Kings,14,2,2,1,1,4,3
316,315,Malik Sealy,1996-97,December,Los Angeles Clippers,Sacramento Kings,14,2,2,1,1,5,3
317,306,Terry Dehere,1996-97,December,Los Angeles Clippers,Sacramento Kings,12,0,0,0,0,0,2
318,304,Mahmoud Abdul-Rauf,1996-97,December,Sacramento Kings,Los Angeles Clippers,12,1,1,0,2,2,3
319,318,Mahmoud Abdul-Rauf,1996-97,December,Sacramento Kings,Los Angeles Clippers,13,1,1,0,2,2,3
320,317,Terry Dehere,1996-97,December,Los Angeles Clippers,Sacramento Kings,14,0,0,0,0,0,2
321,277,Rodney Rogers,1996-97,December,Los Angeles Clippers,Sacramento Kings,7,3,4,0,1,1,1
322,321,Rodney Rogers,1996-97,December,Los Angeles Clippers,Sacramento Kings,7,3,4,0,1,1,2
323,314,Mitch Richmond,1996-97,December,Sacramento Kings,Los Angeles Clippers,21,1,3,1,1,0,2
325,312,Loy Vaught,1996-97,December,Los Angeles Clippers,Sacramento Kings,10,0,14,0,1,2,3
327,141,Corliss Williamson,1996-97,December,Sacramento Kings,Los Angeles Clippers,2,2,3,0,0,2,0
328,320,Terry Dehere,1996-97,December,Los Angeles Clippers,Sacramento Kings,14,0,0,0,0,0,3
329,327,Corliss Williamson,1996-97,December,Sacramento Kings,Los Angeles Clippers,3,2,3,0,0,2,0
330,329,Corliss Williamson,1996-97,December,Sacramento Kings,Los Angeles Clippers,4,2,3,0,0,2,0
332,301,Billy Owens,1996-97,December,Sacramento Kings,Los Angeles Clippers,16,2,6,0,1,2,3
333,323,Mitch Richmond,1996-97,December,Sacramento Kings,Los Angeles Clippers,24,1,3,1,1,0,2
335,325,Loy Vaught,1996-97,December,Los Angeles Clippers,Sacramento Kings,10,0,15,0,1,2,3
336,333,Mitch Richmond,1996-97,December,Sacramento Kings,Los Angeles Clippers,26,1,3,1,1,0,2
337,0,Bobby Hurley,1996-97,December,Sacramento Kings,Los Angeles Clippers,0,1,0,0,0,0,0
338,330,Corliss Williamson,1996-97,December,Sacramento Kings,Los Angeles Clippers,4,2,3,0,0,2,1
341,303,Olden Polynice,1996-97,December,Sacramento Kings,Los Angeles Clippers,7,0,6,1,0,4,4
342,338,Corliss Williamson,1996-97,December,Sacramento Kings,Los Angeles Clippers,6,2,3,0,0,2,1
343,337,Bobby Hurley,1996-97,December,Sacramento Kings,Los Angeles Clippers,0,2,0,0,0,0,0
344,328,Terry Dehere,1996-97,December,Los Angeles Clippers,Sacramento Kings,16,0,0,0,0,0,3
345,332,Billy Owens,1996-97,December,Sacramento Kings,Los Angeles Clippers,16,2,6,0,1,3,3
346,344,Terry Dehere,1996-97,December,Los Angeles Clippers,Sacramento Kings,16,0,0,0,1,0,3
347,343,Bobby Hurley,1996-97,December,Sacramento Kings,Los Angeles Clippers,0,2,0,0,0,0,1
349,316,Malik Sealy,1996-97,December,Los Angeles Clippers,Sacramento Kings,14,2,3,1,1,5,3
351,204,Lorenzen Wright,1996-97,December,Los Angeles Clippers,Sacramento Kings,8,1,4,0,1,1,2
353,341,Olden Polynice,1996-97,December,Sacramento Kings,Los Angeles Clippers,7,0,7,1,0,4,4
355,351,Lorenzen Wright,1996-97,December,Los Angeles Clippers,Sacramento Kings,8,1,5,0,1,1,2
356,215,Bo Outlaw,1996-97,December,Los Angeles Clippers,Sacramento Kings,7,0,2,1,0,0,0
357,336,Mitch Richmond,1996-97,December,Sacramento Kings,Los Angeles Clippers,29,1,3,1,1,0,2
358,342,Corliss Williamson,1996-97,December,Sacramento Kings,Los Angeles Clippers,6,3,3,0,0,2,1
360,356,Bo Outlaw,1996-97,December,Los Angeles Clippers,Sacramento Kings,7,0,3,1,0,0,0
361,357,Mitch Richmond,1996-97,December,Sacramento Kings,Los Angeles Clippers,29,1,3,1,1,0,3
362,322,Rodney Rogers,1996-97,December,Los Angeles Clippers,Sacramento Kings,9,3,4,0,1,1,2
363,302,Michael Smith,1996-97,December,Sacramento Kings,Los Angeles Clippers,0,2,4,0,0,0,3
364,362,Rodney Rogers,1996-97,December,Los Angeles Clippers,Sacramento Kings,10,3,4,0,1,1,2
365,358,Corliss Williamson,1996-97,December,Sacramento Kings,Los Angeles Clippers,8,3,3,0,0,2,1
366,347,Bobby Hurley,1996-97,December,Sacramento Kings,Los Angeles Clippers,0,3,0,0,0,0,1
368,345,Billy Owens,1996-97,December,Sacramento Kings,Los Angeles Clippers,16,2,7,0,1,3,3
370,364,Rodney Rogers,1996-97,December,Los Angeles Clippers,Sacramento Kings,12,3,4,0,1,1,2
371,361,Mitch Richmond,1996-97,December,Sacramento Kings,Los Angeles Clippers,29,1,3,1,1,1,3
372,355,Lorenzen Wright,1996-97,December,Los Angeles Clippers,Sacramento Kings,8,1,5,0,2,1,2
374,370,Rodney Rogers,1996-97,December,Los Angeles Clippers,Sacramento Kings,12,3,5,0,1,1,2
376,363,Michael Smith,1996-97,December,Sacramento Kings,Los Angeles Clippers,0,2,5,0,0,0,3
377,371,Mitch Richmond,1996-97,December,Sacramento Kings,Los Angeles Clippers,31,1,3,1,1,1,3
378,360,Bo Outlaw,1996-97,December,Los Angeles Clippers,Sacramento Kings,9,0,3,1,0,0,0
379,374,Rodney Rogers,1996-97,December,Los Angeles Clippers,Sacramento Kings,12,4,5,0,1,1,2
380,368,Billy Owens,1996-97,December,Sacramento Kings,Los Angeles Clippers,16,2,7,0,1,3,4
381,380,Billy Owens,1996-97,December,Sacramento Kings,Los Angeles Clippers,16,2,7,0,1,4,4
382,376,Michael Smith,1996-97,December,Sacramento Kings,Los Angeles Clippers,0,2,5,0,0,0,4
383,264,Darrick Martin,1996-97,December,Los Angeles Clippers,Sacramento Kings,8,7,0,0,1,2,4
384,383,Darrick Martin,1996-97,December,Los Angeles Clippers,Sacramento Kings,9,7,0,0,1,2,4
386,372,Lorenzen Wright,1996-97,December,Los Angeles Clippers,Sacramento Kings,8,1,6,0,2,1,2
387,176,Brent Barry,1996-97,December,Los Angeles Clippers,Sacramento Kings,6,2,2,0,1,0,1
388,379,Rodney Rogers,1996-97,December,Los Angeles Clippers,Sacramento Kings,12,5,5,0,1,1,2
390,365,Corliss Williamson,1996-97,December,Sacramento Kings,Los Angeles Clippers,8,3,3,0,0,2,2
392,378,Bo Outlaw,1996-97,December,Los Angeles Clippers,Sacramento Kings,10,0,3,1,0,0,0
393,377,Mitch Richmond,1996-97,December,Sacramento Kings,Los Angeles Clippers,33,1,3,1,1,1,3
395,382,Michael Smith,1996-97,December,Sacramento Kings,Los Angeles Clippers,0,2,6,0,0,0,4
396,386,Lorenzen Wright,1996-97,December,Los Angeles Clippers,Sacramento Kings,8,1,6,0,2,1,3
397,353,Olden Polynice,1996-97,December,Sacramento Kings,Los Angeles Clippers,8,0,7,1,0,4,4
398,397,Olden Polynice,1996-97,December,Sacramento Kings,Los Angeles Clippers,9,0,7,1,0,4,4
400,396,Lorenzen Wright,1996-97,December,Los Angeles Clippers,Sacramento Kings,8,1,7,0,2,1,3
401,400,Lorenzen Wright,1996-97,December,Los Angeles Clippers,Sacramento Kings,10,1,7,0,2,1,3
402,388,Rodney Rogers,1996-97,December,Los Angeles Clippers,Sacramento Kings,12,5,5,0,1,1,3
403,395,Michael Smith,1996-97,December,Sacramento Kings,Los Angeles Clippers,1,2,6,0,0,0,4
404,403,Michael Smith,1996-97,December,Sacramento Kings,Los Angeles Clippers,2,2,6,0,0,0,4
406,398,Olden Polynice,1996-97,December,Sacramento Kings,Los Angeles Clippers,9,0,8,1,0,4,4
408,404,Michael Smith,1996-97,December,Sacramento Kings,Los Angeles Clippers,2,2,7,0,0,0,4
410,408,Michael Smith,1996-97,December,Sacramento Kings,Los Angeles Clippers,2,2,7,0,0,0,5
413,393,Mitch Richmond,1996-97,December,Sacramento Kings,Los Angeles Clippers,33,1,4,1,1,1,3
414,319,Mahmoud Abdul-Rauf,1996-97,December,Sacramento Kings,Los Angeles Clippers,13,1,1,0,2,3,3
415,384,Darrick Martin,1996-97,December,Los Angeles Clippers,Sacramento Kings,9,7,0,0,2,2,4
416,406,Olden Polynice,1996-97,December,Sacramento Kings,Los Angeles Clippers,9,0,8,1,0,4,5
417,415,Darrick Martin,1996-97,December,Los Angeles Clippers,Sacramento Kings,10,7,0,0,2,2,4
418,417,Darrick Martin,1996-97,December,Los Angeles Clippers,Sacramento Kings,11,7,0,0,2,2,4
419,390,Corliss Williamson,1996-97,December,Sacramento Kings,Los Angeles Clippers,10,3,3,0,0,2,2
420,392,Bo Outlaw,1996-97,December,Los Angeles Clippers,Sacramento Kings,12,0,3,1,0,0,0
421,387,Brent Barry,1996-97,December,Los Angeles Clippers,Sacramento Kings,6,3,2,0,1,0,1
422,419,Corliss Williamson,1996-97,December,Sacramento Kings,Los Angeles Clippers,10,3,3,0,0,2,3
424,416,Olden Polynice,1996-97,December,Sacramento Kings,Los Angeles Clippers,9,0,9,1,0,4,5
425,414,Mahmoud Abdul-Rauf,1996-97,December,Sacramento Kings,Los Angeles Clippers,16,1,1,0,2,3,3
426,413,Mitch Richmond,1996-97,December,Sacramento Kings,Los Angeles Clippers,33,2,4,1,1,1,3
428,422,Corliss Williamson,1996-97,December,Sacramento Kings,Los Angeles Clippers,10,3,3,1,0,2,3
430,335,Loy Vaught,1996-97,December,Los Angeles Clippers,Sacramento Kings,10,0,16,0,1,2,3
431,425,Mahmoud Abdul-Rauf,1996-97,December,Sacramento Kings,Los Angeles Clippers,16,1,1,0,2,3,4
432,418,Darrick Martin,1996-97,December,Los Angeles Clippers,Sacramento Kings,12,7,0,0,2,2,4
433,432,Darrick Martin,1996-97,December,Los Angeles Clippers,Sacramento Kings,13,7,0,0,2,2,4
435,430,Loy Vaught,1996-97,December,Los Angeles Clippers,Sacramento Kings,10,0,17,0,1,2,3
436,366,Bobby Hurley,1996-97,December,Sacramento Kings,Los Angeles Clippers,0,3,0,0,0,0,2
437,433,Darrick Martin,1996-97,December,Los Angeles Clippers,Sacramento Kings,14,7,0,0,2,2,4
438,437,Darrick Martin,1996-97,December,Los Angeles Clippers,Sacramento Kings,15,7,0,0,2,2,4
439,381,Billy Owens,1996-97,December,Sacramento Kings,Los Angeles Clippers,18,2,7,0,1,4,4
440,436,Bobby Hurley,1996-97,December,Sacramento Kings,Los Angeles Clippers,0,4,0,0,0,0,2
441,439,Billy Owens,1996-97,December,Sacramento Kings,Los Angeles Clippers,18,2,7,0,1,4,5
442,402,Rodney Rogers,1996-97,December,Los Angeles Clippers,Sacramento Kings,13,5,5,0,1,1,3
444,424,Olden Polynice,1996-97,December,Sacramento Kings,Los Angeles Clippers,9,0,10,1,0,4,5
445,444,Olden Polynice,1996-97,December,Sacramento Kings,Los Angeles Clippers,9,0,10,1,0,5,5
446,420,Bo Outlaw,1996-97,December,Los Angeles Clippers,Sacramento Kings,14,0,3,1,0,0,0
447,442,Rodney Rogers,1996-97,December,Los Angeles Clippers,Sacramento Kings,13,6,5,0,1,1,3
450,435,Loy Vaught,1996-97,December,Los Angeles Clippers,Sacramento Kings,10,0,18,0,1,2,3
