id,previous_id,player,season,month,team,opponent_team,points,assists,rebounds,blocks,steals,turnovers,personal fouls
2,0,Jim McIlvaine,1996-97,December,Seattle SuperSonics,Houston Rockets,0,0,1,0,0,0,0
4,2,Jim McIlvaine,1996-97,December,Seattle SuperSonics,Houston Rockets,0,0,2,0,0,0,0
5,4,Jim McIlvaine,1996-97,December,Seattle SuperSonics,Houston Rockets,2,0,2,0,0,0,0
6,0,Mario Elie,1996-97,December,Houston Rockets,Seattle SuperSonics,3,0,0,0,0,0,0
7,0,Hakeem Olajuwon,1996-97,December,Houston Rockets,Seattle SuperSonics,0,1,0,0,0,0,0
9,0,Matt Maloney,1996-97,December,Houston Rockets,Seattle SuperSonics,0,0,1,0,0,0,0
10,9,Matt Maloney,1996-97,December,Houston Rockets,Seattle SuperSonics,3,0,1,0,0,0,0
11,0,Charles Barkley,1996-97,December,Houston Rockets,Seattle SuperSonics,0,1,0,0,0,0,0
13,7,Hakeem Olajuwon,1996-97,December,Houston Rockets,Seattle SuperSonics,0,1,0,1,0,0,0
14,11,Charles Barkley,1996-97,December,Houston Rockets,Seattle SuperSonics,0,1,1,0,0,0,0
15,6,Mario Elie,1996-97,December,Houston Rockets,Seattle SuperSonics,6,0,0,0,0,0,0
16,0,Clyde Drexler,1996-97,December,Houston Rockets,Seattle SuperSonics,0,1,0,0,0,0,0
17,0,Detlef Schrempf,1996-97,December,Seattle SuperSonics,Houston Rockets,3,0,0,0,0,0,0
18,0,Gary Payton,1996-97,December,Seattle SuperSonics,Houston Rockets,0,1,0,0,0,0,0
20,5,Jim McIlvaine,1996-97,December,Seattle SuperSonics,Houston Rockets,2,0,3,0,0,0,0
21,0,Hersey Hawkins,1996-97,December,Seattle SuperSonics,Houston Rockets,0,0,0,0,0,1,0
22,15,Mario Elie,1996-97,December,Houston Rockets,Seattle SuperSonics,6,0,0,0,1,0,0
23,13,Hakeem Olajuwon,1996-97,December,Houston Rockets,Seattle SuperSonics,0,1,0,1,0,1,0
24,21,Hersey Hawkins,1996-97,December,Seattle SuperSonics,Houston Rockets,0,0,0,0,1,1,0
26,18,Gary Payton,1996-97,December,Seattle SuperSonics,Houston Rockets,0,1,0,0,0,0,1
27,16,Clyde Drexler,1996-97,December,Houston Rockets,Seattle SuperSonics,2,1,0,0,0,0,0
28,23,Hakeem Olajuwon,1996-97,December,Houston Rockets,Seattle SuperSonics,0,2,0,1,0,1,0
29,20,Jim McIlvaine,1996-97,December,Seattle SuperSonics,Houston Rockets,2,0,3,0,0,1,0
31,24,Hersey Hawkins,1996-97,December,Seattle SuperSonics,Houston Rockets,0,0,1,0,1,1,0
32,0,Shawn Kemp,1996-97,December,Seattle SuperSonics,Houston Rockets,2,0,0,0,0,0,0
33,31,Hersey Hawkins,1996-97,December,Seattle SuperSonics,Houston Rockets,0,1,1,0,1,1,0
34,27,Clyde Drexler,1996-97,December,Houston Rockets,Seattle SuperSonics,2,1,0,0,0,0,1
35,32,Shawn Kemp,1996-97,December,Seattle SuperSonics,Houston Rockets,3,0,0,0,0,0,0
37,35,Shawn Kemp,1996-97,December,Seattle SuperSonics,Houston Rockets,3,0,1,0,0,0,0
39,28,Hakeem Olajuwon,1996-97,December,Houston Rockets,Seattle SuperSonics,0,2,1,1,0,1,0
40,10,Matt Maloney,1996-97,December,Houston Rockets,Seattle SuperSonics,3,0,1,0,0,1,0
41,0,Sam Perkins,1996-97,December,Seattle SuperSonics,Houston Rockets,0,0,0,0,1,0,0
43,34,Clyde Drexler,1996-97,December,Houston Rockets,Seattle SuperSonics,2,1,0,1,0,0,1
44,22,Mario Elie,1996-97,December,Houston Rockets,Seattle SuperSonics,6,0,1,0,1,0,0
46,39,Hakeem Olajuwon,1996-97,December,Houston Rockets,Seattle SuperSonics,0,2,2,1,0,1,0
47,46,Hakeem Olajuwon,1996-97,December,Houston Rockets,Seattle SuperSonics,2,2,2,1,0,1,0
48,33,Hersey Hawkins,1996-97,December,Seattle SuperSonics,Houston Rockets,3,1,1,0,1,1,0
49,37,Shawn Kemp,1996-97,December,Seattle SuperSonics,Houston Rockets,3,1,1,0,0,0,0
50,44,Mario Elie,1996-97,December,Houston Rockets,Seattle SuperSonics,8,0,1,0,1,0,0
51,43,Clyde Drexler,1996-97,December,Houston Rockets,Seattle SuperSonics,2,2,0,1,0,0,1
53,14,Charles Barkley,1996-97,December,Houston Rockets,Seattle SuperSonics,3,1,1,0,0,0,0
54,40,Matt Maloney,1996-97,December,Houston Rockets,Seattle SuperSonics,3,1,1,0,0,1,0
55,49,Shawn Kemp,1996-97,December,Seattle SuperSonics,Houston Rockets,5,1,1,0,0,0,0
56,26,Gary Payton,1996-97,December,Seattle SuperSonics,Houston Rockets,0,2,0,0,0,0,1
57,53,Charles Barkley,1996-97,December,Houston Rockets,Seattle SuperSonics,5,1,1,0,0,0,0
58,50,Mario Elie,1996-97,December,Houston Rockets,Seattle SuperSonics,8,1,1,0,1,0,0
59,55,Shawn Kemp,1996-97,December,Seattle SuperSonics,Houston Rockets,7,1,1,0,0,0,0
60,48,Hersey Hawkins,1996-97,December,Seattle SuperSonics,Houston Rockets,3,2,1,0,1,1,0
61,54,Matt Maloney,1996-97,December,Houston Rockets,Seattle SuperSonics,6,1,1,0,0,1,0
62,58,Mario Elie,1996-97,December,Houston Rockets,Seattle SuperSonics,8,2,1,0,1,0,0
64,57,Charles Barkley,1996-97,December,Houston Rockets,Seattle SuperSonics,5,1,2,0,0,0,0
66,41,Sam Perkins,1996-97,December,Seattle SuperSonics,Houston Rockets,0,0,1,0,1,0,0
67,59,Shawn Kemp,1996-97,December,Seattle SuperSonics,Houston Rockets,9,1,1,0,0,0,0
68,17,Detlef Schrempf,1996-97,December,Seattle SuperSonics,Houston Rockets,3,0,0,0,0,0,1
71,66,Sam Perkins,1996-97,December,Seattle SuperSonics,Houston Rockets,0,0,2,0,1,0,0
73,64,Charles Barkley,1996-97,December,Houston Rockets,Seattle SuperSonics,5,1,3,0,0,0,0
74,0,Kevin Willis,1996-97,December,Houston Rockets,Seattle SuperSonics,2,0,0,0,0,0,0
75,60,Hersey Hawkins,1996-97,December,Seattle SuperSonics,Houston Rockets,3,2,1,0,1,2,0
76,51,Clyde Drexler,1996-97,December,Houston Rockets,Seattle SuperSonics,2,2,0,1,1,0,1
77,76,Clyde Drexler,1996-97,December,Houston Rockets,Seattle SuperSonics,4,2,0,1,1,0,1
78,68,Detlef Schrempf,1996-97,December,Seattle SuperSonics,Houston Rockets,3,0,0,0,0,0,2
79,77,Clyde Drexler,1996-97,December,Houston Rockets,Seattle SuperSonics,5,2,0,1,1,0,1
81,73,Charles Barkley,1996-97,December,Houston Rockets,Seattle SuperSonics,5,1,4,0,0,0,0
82,74,Kevin Willis,1996-97,December,Houston Rockets,Seattle SuperSonics,4,0,0,0,0,0,0
83,62,Mario Elie,1996-97,December,Houston Rockets,Seattle SuperSonics,8,3,1,0,1,0,0
84,83,Mario Elie,1996-97,December,Houston Rockets,Seattle SuperSonics,8,3,1,0,1,0,1
85,82,Kevin Willis,1996-97,December,Houston Rockets,Seattle SuperSonics,4,0,0,0,0,0,1
86,56,Gary Payton,1996-97,December,Seattle SuperSonics,Houston Rockets,0,2,0,0,0,1,1
87,79,Clyde Drexler,1996-97,December,Houston Rockets,Seattle SuperSonics,5,2,0,1,2,0,1
88,85,Kevin Willis,1996-97,December,Houston Rockets,Seattle SuperSonics,4,0,0,0,0,1,1
89,0,Craig Ehlo,1996-97,December,Seattle SuperSonics,Houston Rockets,0,0,0,0,1,0,0
91,89,Craig Ehlo,1996-97,December,Seattle SuperSonics,Houston Rockets,0,0,1,0,1,0,0
92,91,Craig Ehlo,1996-97,December,Seattle SuperSonics,Houston Rockets,2,0,1,0,1,0,0
93,67,Shawn Kemp,1996-97,December,Seattle SuperSonics,Houston Rockets,9,2,1,0,0,0,0
94,84,Mario Elie,1996-97,December,Houston Rockets,Seattle SuperSonics,8,3,1,0,1,0,2
95,94,Mario Elie,1996-97,December,Houston Rockets,Seattle SuperSonics,8,3,1,0,1,1,2
97,88,Kevin Willis,1996-97,December,Houston Rockets,Seattle SuperSonics,4,0,1,0,0,1,1
99,81,Charles Barkley,1996-97,December,Houston Rockets,Seattle SuperSonics,5,1,5,0,0,0,0
101,93,Shawn Kemp,1996-97,December,Seattle SuperSonics,Houston Rockets,9,2,1,1,0,0,0
102,99,Charles Barkley,1996-97,December,Houston Rockets,Seattle SuperSonics,5,1,6,0,0,0,0
103,101,Shawn Kemp,1996-97,December,Seattle SuperSonics,Houston Rockets,9,2,1,1,0,0,1
104,102,Charles Barkley,1996-97,December,Houston Rockets,Seattle SuperSonics,6,1,6,0,0,0,0
105,104,Charles Barkley,1996-97,December,Houston Rockets,Seattle SuperSonics,7,1,6,0,0,0,0
106,105,Charles Barkley,1996-97,December,Houston Rockets,Seattle SuperSonics,7,1,6,0,0,0,1
107,0,Eric Snow,1996-97,December,Seattle SuperSonics,Houston Rockets,1,0,0,0,0,0,0
109,71,Sam Perkins,1996-97,December,Seattle SuperSonics,Houston Rockets,0,0,3,0,1,0,0
110,109,Sam Perkins,1996-97,December,Seattle SuperSonics,Houston Rockets,2,0,3,0,1,0,0
111,87,Clyde Drexler,1996-97,December,Houston Rockets,Seattle SuperSonics,8,2,0,1,2,0,1
112,0,Randy Livingston,1996-97,December,Houston Rockets,Seattle SuperSonics,0,1,0,0,0,0,0
113,103,Shawn Kemp,1996-97,December,Seattle SuperSonics,Houston Rockets,11,2,1,1,0,0,1
114,86,Gary Payton,1996-97,December,Seattle SuperSonics,Houston Rockets,0,3,0,0,0,1,1
115,111,Clyde Drexler,1996-97,December,Houston Rockets,Seattle SuperSonics,8,2,0,1,2,1,1
116,110,Sam Perkins,1996-97,December,Seattle SuperSonics,Houston Rockets,2,0,3,0,2,0,0
118,0,Matt Bullard,1996-97,December,Houston Rockets,Seattle SuperSonics,0,0,0,1,0,0,0
119,115,Clyde Drexler,1996-97,December,Houston Rockets,Seattle SuperSonics,8,2,1,1,2,1,1
121,112,Randy Livingston,1996-97,December,Houston Rockets,Seattle SuperSonics,0,1,1,0,0,0,0
122,118,Matt Bullard,1996-97,December,Houston Rockets,Seattle SuperSonics,3,0,0,1,0,0,0
123,106,Charles Barkley,1996-97,December,Houston Rockets,Seattle SuperSonics,7,2,6,0,0,0,1
124,113,Shawn Kemp,1996-97,December,Seattle SuperSonics,Houston Rockets,11,2,1,1,0,1,1
125,116,Sam Perkins,1996-97,December,Seattle SuperSonics,Houston Rockets,2,0,3,0,2,0,1
127,97,Kevin Willis,1996-97,December,Houston Rockets,Seattle SuperSonics,5,0,1,0,0,1,1
128,92,Craig Ehlo,1996-97,December,Seattle SuperSonics,Houston Rockets,2,0,1,0,1,1,0
129,127,Kevin Willis,1996-97,December,Houston Rockets,Seattle SuperSonics,5,0,1,0,0,1,1
131,119,Clyde Drexler,1996-97,December,Houston Rockets,Seattle SuperSonics,10,2,1,1,2,1,1
132,121,Randy Livingston,1996-97,December,Houston Rockets,Seattle SuperSonics,0,2,1,0,0,0,0
133,107,Eric Snow,1996-97,December,Seattle SuperSonics,Houston Rockets,3,0,0,0,0,0,0
134,114,Gary Payton,1996-97,December,Seattle SuperSonics,Houston Rockets,0,4,0,0,0,1,1
135,129,Kevin Willis,1996-97,December,Houston Rockets,Seattle SuperSonics,7,0,1,0,0,1,1
136,122,Matt Bullard,1996-97,December,Houston Rockets,Seattle SuperSonics,3,1,0,1,0,0,0
137,131,Clyde Drexler,1996-97,December,Houston Rockets,Seattle SuperSonics,10,2,1,1,2,1,2
138,128,Craig Ehlo,1996-97,December,Seattle SuperSonics,Houston Rockets,5,0,1,0,1,1,0
139,78,Detlef Schrempf,1996-97,December,Seattle SuperSonics,Houston Rockets,3,1,0,0,0,0,2
140,136,Matt Bullard,1996-97,December,Houston Rockets,Seattle SuperSonics,5,1,0,1,0,0,0
141,137,Clyde Drexler,1996-97,December,Houston Rockets,Seattle SuperSonics,10,3,1,1,2,1,2
142,140,Matt Bullard,1996-97,December,Houston Rockets,Seattle SuperSonics,5,1,0,1,0,0,1
143,124,Shawn Kemp,1996-97,December,Seattle SuperSonics,Houston Rockets,13,2,1,1,0,1,1
144,133,Eric Snow,1996-97,December,Seattle SuperSonics,Houston Rockets,3,1,0,0,0,0,0
145,132,Randy Livingston,1996-97,December,Houston Rockets,Seattle SuperSonics,2,2,1,0,0,0,0
146,142,Matt Bullard,1996-97,December,Houston Rockets,Seattle SuperSonics,5,2,0,1,0,0,1
147,75,Hersey Hawkins,1996-97,December,Seattle SuperSonics,Houston Rockets,3,2,1,0,1,3,0
149,135,Kevin Willis,1996-97,December,Houston Rockets,Seattle SuperSonics,7,0,2,0,0,1,1
150,149,Kevin Willis,1996-97,December,Houston Rockets,Seattle SuperSonics,9,0,2,0,0,1,1
151,143,Shawn Kemp,1996-97,December,Seattle SuperSonics,Houston Rockets,15,2,1,1,0,1,1
153,47,Hakeem Olajuwon,1996-97,December,Houston Rockets,Seattle SuperSonics,2,2,3,1,0,1,0
154,144,Eric Snow,1996-97,December,Seattle SuperSonics,Houston Rockets,3,1,0,0,0,0,1
155,95,Mario Elie,1996-97,December,Houston Rockets,Seattle SuperSonics,8,3,1,0,1,2,2
156,139,Detlef Schrempf,1996-97,December,Seattle SuperSonics,Houston Rockets,3,1,0,0,0,1,2
157,145,Randy Livingston,1996-97,December,Houston Rockets,Seattle SuperSonics,2,2,1,0,1,0,0
158,153,Hakeem Olajuwon,1996-97,December,Houston Rockets,Seattle SuperSonics,2,2,3,1,0,2,0
160,151,Shawn Kemp,1996-97,December,Seattle SuperSonics,Houston Rockets,15,2,2,1,0,1,1
161,160,Shawn Kemp,1996-97,December,Seattle SuperSonics,Houston Rockets,15,2,2,1,0,2,1
162,150,Kevin Willis,1996-97,December,Houston Rockets,Seattle SuperSonics,9,0,2,0,1,1,1
164,141,Clyde Drexler,1996-97,December,Houston Rockets,Seattle SuperSonics,10,3,2,1,2,1,2
165,158,Hakeem Olajuwon,1996-97,December,Houston Rockets,Seattle SuperSonics,2,2,3,1,0,3,0
166,29,Jim McIlvaine,1996-97,December,Seattle SuperSonics,Houston Rockets,2,0,3,0,1,1,0
167,166,Jim McIlvaine,1996-97,December,Seattle SuperSonics,Houston Rockets,4,0,3,0,1,1,0
168,156,Detlef Schrempf,1996-97,December,Seattle SuperSonics,Houston Rockets,3,2,0,0,0,1,2
169,168,Detlef Schrempf,1996-97,December,Seattle SuperSonics,Houston Rockets,3,2,0,0,0,1,3
172,138,Craig Ehlo,1996-97,December,Seattle SuperSonics,Houston Rockets,5,0,2,0,1,1,0
174,161,Shawn Kemp,1996-97,December,Seattle SuperSonics,Houston Rockets,15,2,3,1,0,2,1
175,174,Shawn Kemp,1996-97,December,Seattle SuperSonics,Houston Rockets,17,2,3,1,0,2,1
176,167,Jim McIlvaine,1996-97,December,Seattle SuperSonics,Houston Rockets,4,0,3,0,1,1,1
179,147,Hersey Hawkins,1996-97,December,Seattle SuperSonics,Houston Rockets,3,2,2,0,1,3,0
180,134,Gary Payton,1996-97,December,Seattle SuperSonics,Houston Rockets,2,4,0,0,0,1,1
182,165,Hakeem Olajuwon,1996-97,December,Houston Rockets,Seattle SuperSonics,2,2,4,1,0,3,0
184,175,Shawn Kemp,1996-97,December,Seattle SuperSonics,Houston Rockets,17,2,4,1,0,2,1
186,182,Hakeem Olajuwon,1996-97,December,Houston Rockets,Seattle SuperSonics,2,2,5,1,0,3,0
187,146,Matt Bullard,1996-97,December,Houston Rockets,Seattle SuperSonics,8,2,0,1,0,0,1
188,61,Matt Maloney,1996-97,December,Houston Rockets,Seattle SuperSonics,6,2,1,0,0,1,0
189,155,Mario Elie,1996-97,December,Houston Rockets,Seattle SuperSonics,8,3,1,0,1,2,2
190,179,Hersey Hawkins,1996-97,December,Seattle SuperSonics,Houston Rockets,4,2,2,0,1,3,0
191,176,Jim McIlvaine,1996-97,December,Seattle SuperSonics,Houston Rockets,6,0,3,0,1,1,1
192,184,Shawn Kemp,1996-97,December,Seattle SuperSonics,Houston Rockets,17,3,4,1,0,2,1
193,180,Gary Payton,1996-97,December,Seattle SuperSonics,Houston Rockets,2,4,0,0,0,1,2
195,188,Matt Maloney,1996-97,December,Houston Rockets,Seattle SuperSonics,7,2,1,0,0,1,0
197,164,Clyde Drexler,1996-97,December,Houston Rockets,Seattle SuperSonics,10,3,2,2,2,1,2
198,123,Charles Barkley,1996-97,December,Houston Rockets,Seattle SuperSonics,7,2,7,0,0,0,1
199,190,Hersey Hawkins,1996-97,December,Seattle SuperSonics,Houston Rockets,4,2,2,0,1,3,1
200,197,Clyde Drexler,1996-97,December,Houston Rockets,Seattle SuperSonics,11,3,2,2,2,1,2
201,200,Clyde Drexler,1996-97,December,Houston Rockets,Seattle SuperSonics,12,3,2,2,2,1,2
202,192,Shawn Kemp,1996-97,December,Seattle SuperSonics,Houston Rockets,19,3,4,1,0,2,1
203,125,Sam Perkins,1996-97,December,Seattle SuperSonics,Houston Rockets,2,1,3,0,2,0,1
205,172,Craig Ehlo,1996-97,December,Seattle SuperSonics,Houston Rockets,5,0,3,0,1,1,0
206,203,Sam Perkins,1996-97,December,Seattle SuperSonics,Houston Rockets,5,1,3,0,2,0,1
207,205,Craig Ehlo,1996-97,December,Seattle SuperSonics,Houston Rockets,5,0,3,0,1,1,1
208,198,Charles Barkley,1996-97,December,Houston Rockets,Seattle SuperSonics,8,2,7,0,0,0,1
209,208,Charles Barkley,1996-97,December,Houston Rockets,Seattle SuperSonics,9,2,7,0,0,0,1
210,0,Tracy Moore,1996-97,December,Houston Rockets,Seattle SuperSonics,0,0,0,0,0,0,1
212,209,Charles Barkley,1996-97,December,Houston Rockets,Seattle SuperSonics,9,2,8,0,0,0,1
215,212,Charles Barkley,1996-97,December,Houston Rockets,Seattle SuperSonics,9,2,9,0,0,0,1
217,169,Detlef Schrempf,1996-97,December,Seattle SuperSonics,Houston Rockets,3,2,1,0,0,1,3
218,202,Shawn Kemp,1996-97,December,Seattle SuperSonics,Houston Rockets,21,3,4,1,0,2,1
219,217,Detlef Schrempf,1996-97,December,Seattle SuperSonics,Houston Rockets,3,3,1,0,0,1,3
220,215,Charles Barkley,1996-97,December,Houston Rockets,Seattle SuperSonics,9,2,9,0,0,0,2
222,219,Detlef Schrempf,1996-97,December,Seattle SuperSonics,Houston Rockets,3,3,2,0,0,1,3
223,222,Detlef Schrempf,1996-97,December,Seattle SuperSonics,Houston Rockets,3,3,2,0,0,2,3
224,195,Matt Maloney,1996-97,December,Houston Rockets,Seattle SuperSonics,7,2,1,0,1,1,0
225,223,Detlef Schrempf,1996-97,December,Seattle SuperSonics,Houston Rockets,3,3,2,0,0,2,3
226,189,Mario Elie,1996-97,December,Houston Rockets,Seattle SuperSonics,9,3,1,0,1,2,2
228,186,Hakeem Olajuwon,1996-97,December,Houston Rockets,Seattle SuperSonics,2,2,5,1,0,3,1
229,218,Shawn Kemp,1996-97,December,Seattle SuperSonics,Houston Rockets,22,3,4,1,0,2,1
230,229,Shawn Kemp,1996-97,December,Seattle SuperSonics,Houston Rockets,23,3,4,1,0,2,1
231,201,Clyde Drexler,1996-97,December,Houston Rockets,Seattle SuperSonics,15,3,2,2,2,1,2
233,230,Shawn Kemp,1996-97,December,Seattle SuperSonics,Houston Rockets,23,3,5,1,0,2,1
234,228,Hakeem Olajuwon,1996-97,December,Houston Rockets,Seattle SuperSonics,2,2,5,1,0,3,2
235,233,Shawn Kemp,1996-97,December,Seattle SuperSonics,Houston Rockets,24,3,5,1,0,2,1
237,234,Hakeem Olajuwon,1996-97,December,Houston Rockets,Seattle SuperSonics,2,2,6,1,0,3,2
239,220,Charles Barkley,1996-97,December,Houston Rockets,Seattle SuperSonics,9,2,10,0,0,0,2
240,224,Matt Maloney,1996-97,December,Houston Rockets,Seattle SuperSonics,7,2,1,0,1,1,1
241,240,Matt Maloney,1996-97,December,Houston Rockets,Seattle SuperSonics,7,2,1,0,1,2,1
243,225,Detlef Schrempf,1996-97,December,Seattle SuperSonics,Houston Rockets,3,3,3,0,0,2,3
244,193,Gary Payton,1996-97,December,Seattle SuperSonics,Houston Rockets,4,4,0,0,0,1,2
245,243,Detlef Schrempf,1996-97,December,Seattle SuperSonics,Houston Rockets,3,4,3,0,0,2,3
247,235,Shawn Kemp,1996-97,December,Seattle SuperSonics,Houston Rockets,24,3,5,2,0,2,1
248,237,Hakeem Olajuwon,1996-97,December,Houston Rockets,Seattle SuperSonics,2,2,7,1,0,3,2
249,248,Hakeem Olajuwon,1996-97,December,Houston Rockets,Seattle SuperSonics,4,2,7,1,0,3,2
250,249,Hakeem Olajuwon,1996-97,December,Houston Rockets,Seattle SuperSonics,4,2,7,1,0,3,3
252,191,Jim McIlvaine,1996-97,December,Seattle SuperSonics,Houston Rockets,7,0,3,0,1,1,1
254,252,Jim McIlvaine,1996-97,December,Seattle SuperSonics,Houston Rockets,7,0,4,0,1,1,1
256,162,Kevin Willis,1996-97,December,Houston Rockets,Seattle SuperSonics,9,0,3,0,1,1,1
257,250,Hakeem Olajuwon,1996-97,December,Houston Rockets,Seattle SuperSonics,4,2,7,1,0,4,3
258,199,Hersey Hawkins,1996-97,December,Seattle SuperSonics,Houston Rockets,4,2,2,0,2,3,1
260,257,Hakeem Olajuwon,1996-97,December,Houston Rockets,Seattle SuperSonics,4,2,8,1,0,4,3
262,254,Jim McIlvaine,1996-97,December,Seattle SuperSonics,Houston Rockets,7,0,4,1,1,1,1
263,262,Jim McIlvaine,1996-97,December,Seattle SuperSonics,Houston Rockets,7,0,5,1,1,1,1
264,244,Gary Payton,1996-97,December,Seattle SuperSonics,Houston Rockets,6,4,0,0,0,1,2
265,263,Jim McIlvaine,1996-97,December,Seattle SuperSonics,Houston Rockets,7,1,5,1,1,1,1
266,241,Matt Maloney,1996-97,December,Houston Rockets,Seattle SuperSonics,10,2,1,0,1,2,1
267,260,Hakeem Olajuwon,1996-97,December,Houston Rockets,Seattle SuperSonics,4,3,8,1,0,4,3
268,264,Gary Payton,1996-97,December,Seattle SuperSonics,Houston Rockets,8,4,0,0,0,1,2
269,267,Hakeem Olajuwon,1996-97,December,Houston Rockets,Seattle SuperSonics,4,3,8,1,0,5,3
270,268,Gary Payton,1996-97,December,Seattle SuperSonics,Houston Rockets,8,4,0,0,1,1,2
271,231,Clyde Drexler,1996-97,December,Houston Rockets,Seattle SuperSonics,15,3,2,2,2,1,3
273,270,Gary Payton,1996-97,December,Seattle SuperSonics,Houston Rockets,9,4,0,0,1,1,2
275,245,Detlef Schrempf,1996-97,December,Seattle SuperSonics,Houston Rockets,3,4,4,0,0,2,3
276,275,Detlef Schrempf,1996-97,December,Seattle SuperSonics,Houston Rockets,5,4,4,0,0,2,3
278,247,Shawn Kemp,1996-97,December,Seattle SuperSonics,Houston Rockets,24,3,6,2,0,2,1
280,265,Jim McIlvaine,1996-97,December,Seattle SuperSonics,Houston Rockets,7,1,6,1,1,1,1
282,239,Charles Barkley,1996-97,December,Houston Rockets,Seattle SuperSonics,9,2,11,0,0,0,2
283,266,Matt Maloney,1996-97,December,Houston Rockets,Seattle SuperSonics,13,2,1,0,1,2,1
284,282,Charles Barkley,1996-97,December,Houston Rockets,Seattle SuperSonics,9,3,11,0,0,0,2
286,269,Hakeem Olajuwon,1996-97,December,Houston Rockets,Seattle SuperSonics,4,3,9,1,0,5,3
288,271,Clyde Drexler,1996-97,December,Houston Rockets,Seattle SuperSonics,15,3,3,2,2,1,3
290,273,Gary Payton,1996-97,December,Seattle SuperSonics,Houston Rockets,9,4,1,0,1,1,2
292,280,Jim McIlvaine,1996-97,December,Seattle SuperSonics,Houston Rockets,7,1,7,1,1,1,1
294,226,Mario Elie,1996-97,December,Houston Rockets,Seattle SuperSonics,9,3,2,0,1,2,2
295,284,Charles Barkley,1996-97,December,Houston Rockets,Seattle SuperSonics,11,3,11,0,0,0,2
297,283,Matt Maloney,1996-97,December,Houston Rockets,Seattle SuperSonics,13,2,2,0,1,2,1
299,258,Hersey Hawkins,1996-97,December,Seattle SuperSonics,Houston Rockets,4,2,3,0,2,3,1
301,288,Clyde Drexler,1996-97,December,Houston Rockets,Seattle SuperSonics,15,3,3,2,2,1,4
302,276,Detlef Schrempf,1996-97,December,Seattle SuperSonics,Houston Rockets,6,4,4,0,0,2,3
303,302,Detlef Schrempf,1996-97,December,Seattle SuperSonics,Houston Rockets,7,4,4,0,0,2,3
305,278,Shawn Kemp,1996-97,December,Seattle SuperSonics,Houston Rockets,24,3,7,2,0,2,1
306,303,Detlef Schrempf,1996-97,December,Seattle SuperSonics,Houston Rockets,7,4,4,0,0,3,3
307,286,Hakeem Olajuwon,1996-97,December,Houston Rockets,Seattle SuperSonics,6,3,9,1,0,5,3
308,295,Charles Barkley,1996-97,December,Houston Rockets,Seattle SuperSonics,11,4,11,0,0,0,2
310,290,Gary Payton,1996-97,December,Seattle SuperSonics,Houston Rockets,9,4,2,0,1,1,2
312,305,Shawn Kemp,1996-97,December,Seattle SuperSonics,Houston Rockets,24,3,8,2,0,2,1
314,187,Matt Bullard,1996-97,December,Houston Rockets,Seattle SuperSonics,8,2,0,1,0,0,2
315,306,Detlef Schrempf,1996-97,December,Seattle SuperSonics,Houston Rockets,8,4,4,0,0,3,3
316,315,Detlef Schrempf,1996-97,December,Seattle SuperSonics,Houston Rockets,9,4,4,0,0,3,3
318,312,Shawn Kemp,1996-97,December,Seattle SuperSonics,Houston Rockets,24,3,8,3,0,2,1
319,308,Charles Barkley,1996-97,December,Houston Rockets,Seattle SuperSonics,11,4,12,0,0,0,2
320,319,Charles Barkley,1996-97,December,Houston Rockets,Seattle SuperSonics,13,4,12,0,0,0,2
322,320,Charles Barkley,1996-97,December,Houston Rockets,Seattle SuperSonics,13,4,13,0,0,0,2
323,154,Eric Snow,1996-97,December,Seattle SuperSonics,Houston Rockets,3,1,0,0,0,0,2
324,314,Matt Bullard,1996-97,December,Houston Rockets,Seattle SuperSonics,8,2,0,1,0,1,2
325,323,Eric Snow,1996-97,December,Seattle SuperSonics,Houston Rockets,3,1,0,0,1,0,2
326,310,Gary Payton,1996-97,December,Seattle SuperSonics,Houston Rockets,11,4,2,0,1,1,2
327,325,Eric Snow,1996-97,December,Seattle SuperSonics,Houston Rockets,3,2,0,0,1,0,2
328,210,Tracy Moore,1996-97,December,Houston Rockets,Seattle SuperSonics,0,0,0,0,0,1,1
329,322,Charles Barkley,1996-97,December,Houston Rockets,Seattle SuperSonics,13,4,13,0,0,0,3
330,318,Shawn Kemp,1996-97,December,Seattle SuperSonics,Houston Rockets,25,3,8,3,0,2,1
331,330,Shawn Kemp,1996-97,December,Seattle SuperSonics,Houston Rockets,26,3,8,3,0,2,1
332,329,Charles Barkley,1996-97,December,Houston Rockets,Seattle SuperSonics,15,4,13,0,0,0,3
333,324,Matt Bullard,1996-97,December,Houston Rockets,Seattle SuperSonics,8,3,0,1,0,1,2
335,332,Charles Barkley,1996-97,December,Houston Rockets,Seattle SuperSonics,15,4,14,0,0,0,3
336,335,Charles Barkley,1996-97,December,Houston Rockets,Seattle SuperSonics,15,4,14,0,0,1,3
337,331,Shawn Kemp,1996-97,December,Seattle SuperSonics,Houston Rockets,26,3,8,3,1,2,1
338,206,Sam Perkins,1996-97,December,Seattle SuperSonics,Houston Rockets,5,1,3,0,2,1,1
339,157,Randy Livingston,1996-97,December,Houston Rockets,Seattle SuperSonics,2,2,1,0,1,1,0
341,256,Kevin Willis,1996-97,December,Houston Rockets,Seattle SuperSonics,9,0,4,0,1,1,1
342,328,Tracy Moore,1996-97,December,Houston Rockets,Seattle SuperSonics,0,0,0,0,0,1,2
344,326,Gary Payton,1996-97,December,Seattle SuperSonics,Houston Rockets,12,4,2,0,1,1,2
345,338,Sam Perkins,1996-97,December,Seattle SuperSonics,Houston Rockets,5,1,3,0,2,1,2
346,341,Kevin Willis,1996-97,December,Houston Rockets,Seattle SuperSonics,10,0,4,0,1,1,1
347,346,Kevin Willis,1996-97,December,Houston Rockets,Seattle SuperSonics,11,0,4,0,1,1,1
349,327,Eric Snow,1996-97,December,Seattle SuperSonics,Houston Rockets,3,2,1,0,1,0,2
351,292,Jim McIlvaine,1996-97,December,Seattle SuperSonics,Houston Rockets,7,1,8,1,1,1,1
352,207,Craig Ehlo,1996-97,December,Seattle SuperSonics,Houston Rockets,8,0,3,0,1,1,1
353,351,Jim McIlvaine,1996-97,December,Seattle SuperSonics,Houston Rockets,7,2,8,1,1,1,1
354,347,Kevin Willis,1996-97,December,Houston Rockets,Seattle SuperSonics,13,0,4,0,1,1,1
355,336,Charles Barkley,1996-97,December,Houston Rockets,Seattle SuperSonics,15,5,14,0,0,1,3
356,349,Eric Snow,1996-97,December,Seattle SuperSonics,Houston Rockets,6,2,1,0,1,0,2
357,345,Sam Perkins,1996-97,December,Seattle SuperSonics,Houston Rockets,5,2,3,0,2,1,2
358,339,Randy Livingston,1996-97,December,Houston Rockets,Seattle SuperSonics,4,2,1,0,1,1,0
359,355,Charles Barkley,1996-97,December,Houston Rockets,Seattle SuperSonics,15,6,14,0,0,1,3
360,354,Kevin Willis,1996-97,December,Houston Rockets,Seattle SuperSonics,13,0,4,0,1,1,2
361,357,Sam Perkins,1996-97,December,Seattle SuperSonics,Houston Rockets,6,2,3,0,2,1,2
362,361,Sam Perkins,1996-97,December,Seattle SuperSonics,Houston Rockets,7,2,3,0,2,1,2
363,353,Jim McIlvaine,1996-97,December,Seattle SuperSonics,Houston Rockets,7,2,8,1,1,1,2
364,359,Charles Barkley,1996-97,December,Houston Rockets,Seattle SuperSonics,16,6,14,0,0,1,3
365,364,Charles Barkley,1996-97,December,Houston Rockets,Seattle SuperSonics,17,6,14,0,0,1,3
366,356,Eric Snow,1996-97,December,Seattle SuperSonics,Houston Rockets,6,2,1,0,1,1,2
367,307,Hakeem Olajuwon,1996-97,December,Houston Rockets,Seattle SuperSonics,6,3,9,1,1,5,3
368,366,Eric Snow,1996-97,December,Seattle SuperSonics,Houston Rockets,6,2,1,0,1,1,3
369,358,Randy Livingston,1996-97,December,Houston Rockets,Seattle SuperSonics,5,2,1,0,1,1,0
370,369,Randy Livingston,1996-97,December,Houston Rockets,Seattle SuperSonics,6,2,1,0,1,1,0
371,337,Shawn Kemp,1996-97,December,Seattle SuperSonics,Houston Rockets,26,3,8,3,1,3,1
372,294,Mario Elie,1996-97,December,Houston Rockets,Seattle SuperSonics,9,3,2,0,2,2,2
373,363,Jim McIlvaine,1996-97,December,Seattle SuperSonics,Houston Rockets,7,2,8,1,1,1,3
374,373,Jim McIlvaine,1996-97,December,Seattle SuperSonics,Houston Rockets,7,2,8,1,1,1,4
375,365,Charles Barkley,1996-97,December,Houston Rockets,Seattle SuperSonics,18,6,14,0,0,1,3
376,375,Charles Barkley,1996-97,December,Houston Rockets,Seattle SuperSonics,19,6,14,0,0,1,3
377,362,Sam Perkins,1996-97,December,Seattle SuperSonics,Houston Rockets,9,2,3,0,2,1,2
378,372,Mario Elie,1996-97,December,Houston Rockets,Seattle SuperSonics,10,3,2,0,2,2,2
380,376,Charles Barkley,1996-97,December,Houston Rockets,Seattle SuperSonics,19,6,15,0,0,1,3
381,380,Charles Barkley,1996-97,December,Houston Rockets,Seattle SuperSonics,21,6,15,0,0,1,3
382,316,Detlef Schrempf,1996-97,December,Seattle SuperSonics,Houston Rockets,9,4,4,0,0,3,4
384,377,Sam Perkins,1996-97,December,Seattle SuperSonics,Houston Rockets,9,2,4,0,2,1,2
385,367,Hakeem Olajuwon,1996-97,December,Houston Rockets,Seattle SuperSonics,6,3,9,1,1,5,4
387,370,Randy Livingston,1996-97,December,Houston Rockets,Seattle SuperSonics,6,2,2,0,1,1,0
388,344,Gary Payton,1996-97,December,Seattle SuperSonics,Houston Rockets,12,4,2,0,1,1,3
390,385,Hakeem Olajuwon,1996-97,December,Houston Rockets,Seattle SuperSonics,7,3,9,1,1,5,4
391,299,Hersey Hawkins,1996-97,December,Seattle SuperSonics,Houston Rockets,6,2,3,0,2,3,1
392,301,Clyde Drexler,1996-97,December,Houston Rockets,Seattle SuperSonics,18,3,3,2,2,1,4
393,378,Mario Elie,1996-97,December,Houston Rockets,Seattle SuperSonics,10,4,2,0,2,2,2
394,371,Shawn Kemp,1996-97,December,Seattle SuperSonics,Houston Rockets,26,3,8,3,1,4,1
395,392,Clyde Drexler,1996-97,December,Houston Rockets,Seattle SuperSonics,18,3,3,2,3,1,4
396,388,Gary Payton,1996-97,December,Seattle SuperSonics,Houston Rockets,12,4,2,0,1,1,4
397,395,Clyde Drexler,1996-97,December,Houston Rockets,Seattle SuperSonics,19,3,3,2,3,1,4
398,397,Clyde Drexler,1996-97,December,Houston Rockets,Seattle SuperSonics,20,3,3,2,3,1,4
400,398,Clyde Drexler,1996-97,December,Houston Rockets,Seattle SuperSonics,20,3,4,2,3,1,4
402,394,Shawn Kemp,1996-97,December,Seattle SuperSonics,Houston Rockets,26,3,9,3,1,4,1
403,393,Mario Elie,1996-97,December,Houston Rockets,Seattle SuperSonics,10,4,2,0,2,2,3
404,402,Shawn Kemp,1996-97,December,Seattle SuperSonics,Houston Rockets,28,3,9,3,1,4,1
405,403,Mario Elie,1996-97,December,Houston Rockets,Seattle SuperSonics,10,4,2,0,2,3,3
406,405,Mario Elie,1996-97,December,Houston Rockets,Seattle SuperSonics,10,4,2,0,2,3,4
407,396,Gary Payton,1996-97,December,Seattle SuperSonics,Houston Rockets,13,4,2,0,1,1,4
408,407,Gary Payton,1996-97,December,Seattle SuperSonics,Houston Rockets,14,4,2,0,1,1,4
409,384,Sam Perkins,1996-97,December,Seattle SuperSonics,Houston Rockets,9,2,4,0,2,1,3
411,381,Charles Barkley,1996-97,December,Houston Rockets,Seattle SuperSonics,22,6,15,0,0,1,3
412,409,Sam Perkins,1996-97,December,Seattle SuperSonics,Houston Rockets,12,2,4,0,2,1,3
413,404,Shawn Kemp,1996-97,December,Seattle SuperSonics,Houston Rockets,28,4,9,3,1,4,1
414,411,Charles Barkley,1996-97,December,Houston Rockets,Seattle SuperSonics,24,6,15,0,0,1,3
416,390,Hakeem Olajuwon,1996-97,December,Houston Rockets,Seattle SuperSonics,7,3,10,1,1,5,4
417,414,Charles Barkley,1996-97,December,Houston Rockets,Seattle SuperSonics,24,6,15,0,0,2,3
418,412,Sam Perkins,1996-97,December,Seattle SuperSonics,Houston Rockets,12,2,4,0,3,1,3
419,406,Mario Elie,1996-97,December,Houston Rockets,Seattle SuperSonics,10,4,2,0,2,3,5
420,391,Hersey Hawkins,1996-97,December,Seattle SuperSonics,Houston Rockets,7,2,3,0,2,3,1
421,420,Hersey Hawkins,1996-97,December,Seattle SuperSonics,Houston Rockets,8,2,3,0,2,3,1
422,417,Charles Barkley,1996-97,December,Houston Rockets,Seattle SuperSonics,26,6,15,0,0,2,3
423,413,Shawn Kemp,1996-97,December,Seattle SuperSonics,Houston Rockets,28,4,9,3,1,5,1
424,416,Hakeem Olajuwon,1996-97,December,Houston Rockets,Seattle SuperSonics,7,3,10,1,2,5,4
426,423,Shawn Kemp,1996-97,December,Seattle SuperSonics,Houston Rockets,28,4,9,4,1,5,1
427,426,Shawn Kemp,1996-97,December,Seattle SuperSonics,Houston Rockets,28,4,10,4,1,5,1
428,418,Sam Perkins,1996-97,December,Seattle SuperSonics,Houston Rockets,14,2,4,0,3,1,3
429,408,Gary Payton,1996-97,December,Seattle SuperSonics,Houston Rockets,14,5,2,0,1,1,4
430,421,Hersey Hawkins,1996-97,December,Seattle SuperSonics,Houston Rockets,8,2,3,0,2,3,2
431,297,Matt Maloney,1996-97,December,Houston Rockets,Seattle SuperSonics,14,2,2,0,1,2,1
433,428,Sam Perkins,1996-97,December,Seattle SuperSonics,Houston Rockets,14,2,5,0,3,1,3
434,429,Gary Payton,1996-97,December,Seattle SuperSonics,Houston Rockets,16,5,2,0,1,1,4
435,400,Clyde Drexler,1996-97,December,Houston Rockets,Seattle SuperSonics,22,3,4,2,3,1,4
436,382,Detlef Schrempf,1996-97,December,Seattle SuperSonics,Houston Rockets,9,4,4,0,0,3,5
437,435,Clyde Drexler,1996-97,December,Houston Rockets,Seattle SuperSonics,23,3,4,2,3,1,4
438,424,Hakeem Olajuwon,1996-97,December,Houston Rockets,Seattle SuperSonics,7,3,10,1,2,5,5
439,430,Hersey Hawkins,1996-97,December,Seattle SuperSonics,Houston Rockets,9,2,3,0,2,3,2
440,439,Hersey Hawkins,1996-97,December,Seattle SuperSonics,Houston Rockets,10,2,3,0,2,3,2
442,368,Eric Snow,1996-97,December,Seattle SuperSonics,Houston Rockets,6,2,2,0,1,1,3
443,440,Hersey Hawkins,1996-97,December,Seattle SuperSonics,Houston Rockets,12,2,3,0,2,3,2
444,442,Eric Snow,1996-97,December,Seattle SuperSonics,Houston Rockets,6,3,2,0,1,1,3
445,438,Hakeem Olajuwon,1996-97,December,Houston Rockets,Seattle SuperSonics,9,3,10,1,2,5,5
446,437,Clyde Drexler,1996-97,December,Houston Rockets,Seattle SuperSonics,23,4,4,2,3,1,4
