id,previous_id,player,season,month,team,opponent_team,points,assists,rebounds,blocks,steals,turnovers,personal fouls
2,0,Karl Malone,1996-97,December,Utah Jazz,New York Knicks,0,0,1,0,0,0,0
4,0,Patrick Ewing,1996-97,December,New York Knicks,Utah Jazz,0,0,1,0,0,0,0
5,0,Chris Childs,1996-97,December,New York Knicks,Utah Jazz,2,0,0,0,0,0,0
6,0,John Stockton,1996-97,December,Utah Jazz,New York Knicks,0,0,0,0,0,1,0
7,4,Patrick Ewing,1996-97,December,New York Knicks,Utah Jazz,0,0,1,0,1,0,0
9,0,Bryon Russell,1996-97,December,Utah Jazz,New York Knicks,0,0,1,0,0,0,0
10,0,Allan Houston,1996-97,December,New York Knicks,Utah Jazz,0,0,0,0,0,0,1
11,0,Jeff Hornacek,1996-97,December,Utah Jazz,New York Knicks,1,0,0,0,0,0,0
12,11,Jeff Hornacek,1996-97,December,Utah Jazz,New York Knicks,2,0,0,0,0,0,0
13,10,Allan Houston,1996-97,December,New York Knicks,Utah Jazz,0,0,0,0,0,1,1
14,12,Jeff Hornacek,1996-97,December,Utah Jazz,New York Knicks,2,0,0,0,1,0,0
15,14,Jeff Hornacek,1996-97,December,Utah Jazz,New York Knicks,2,0,0,0,1,1,0
16,7,Patrick Ewing,1996-97,December,New York Knicks,Utah Jazz,2,0,1,0,1,0,0
17,5,Chris Childs,1996-97,December,New York Knicks,Utah Jazz,2,1,0,0,0,0,0
18,15,Jeff Hornacek,1996-97,December,Utah Jazz,New York Knicks,4,0,0,0,1,1,0
19,2,Karl Malone,1996-97,December,Utah Jazz,New York Knicks,0,1,1,0,0,0,0
21,19,Karl Malone,1996-97,December,Utah Jazz,New York Knicks,0,1,1,1,0,0,0
22,0,Larry Johnson,1996-97,December,New York Knicks,Utah Jazz,0,0,1,0,0,0,0
24,21,Karl Malone,1996-97,December,Utah Jazz,New York Knicks,0,1,2,1,0,0,0
26,16,Patrick Ewing,1996-97,December,New York Knicks,Utah Jazz,2,0,2,0,1,0,0
28,24,Karl Malone,1996-97,December,Utah Jazz,New York Knicks,0,1,3,1,0,0,0
30,0,Charles Oakley,1996-97,December,New York Knicks,Utah Jazz,0,0,1,0,0,0,0
31,13,Allan Houston,1996-97,December,New York Knicks,Utah Jazz,2,0,0,0,0,1,1
32,17,Chris Childs,1996-97,December,New York Knicks,Utah Jazz,2,2,0,0,0,0,0
33,30,Charles Oakley,1996-97,December,New York Knicks,Utah Jazz,0,0,1,0,0,0,1
34,28,Karl Malone,1996-97,December,Utah Jazz,New York Knicks,2,1,3,1,0,0,0
35,9,Bryon Russell,1996-97,December,Utah Jazz,New York Knicks,0,1,1,0,0,0,0
36,34,Karl Malone,1996-97,December,Utah Jazz,New York Knicks,2,1,3,1,0,0,1
37,22,Larry Johnson,1996-97,December,New York Knicks,Utah Jazz,1,0,1,0,0,0,0
38,37,Larry Johnson,1996-97,December,New York Knicks,Utah Jazz,2,0,1,0,0,0,0
40,18,Jeff Hornacek,1996-97,December,Utah Jazz,New York Knicks,4,0,1,0,1,1,0
42,0,Greg Ostertag,1996-97,December,Utah Jazz,New York Knicks,0,0,1,0,0,0,0
43,42,Greg Ostertag,1996-97,December,Utah Jazz,New York Knicks,2,0,1,0,0,0,0
44,33,Charles Oakley,1996-97,December,New York Knicks,Utah Jazz,0,0,1,0,0,0,2
45,44,Charles Oakley,1996-97,December,New York Knicks,Utah Jazz,0,0,1,0,0,1,2
47,32,Chris Childs,1996-97,December,New York Knicks,Utah Jazz,2,2,1,0,0,0,0
49,36,Karl Malone,1996-97,December,Utah Jazz,New York Knicks,2,1,4,1,0,0,1
51,49,Karl Malone,1996-97,December,Utah Jazz,New York Knicks,2,1,5,1,0,0,1
52,35,Bryon Russell,1996-97,December,Utah Jazz,New York Knicks,2,1,1,0,0,0,0
53,6,John Stockton,1996-97,December,Utah Jazz,New York Knicks,0,0,0,0,0,1,1
54,43,Greg Ostertag,1996-97,December,Utah Jazz,New York Knicks,2,0,1,0,0,0,1
55,26,Patrick Ewing,1996-97,December,New York Knicks,Utah Jazz,3,0,2,0,1,0,0
56,55,Patrick Ewing,1996-97,December,New York Knicks,Utah Jazz,4,0,2,0,1,0,0
58,52,Bryon Russell,1996-97,December,Utah Jazz,New York Knicks,2,1,2,0,0,0,0
59,40,Jeff Hornacek,1996-97,December,Utah Jazz,New York Knicks,7,0,1,0,1,1,0
60,58,Bryon Russell,1996-97,December,Utah Jazz,New York Knicks,2,2,2,0,0,0,0
61,38,Larry Johnson,1996-97,December,New York Knicks,Utah Jazz,2,0,1,0,0,1,0
62,59,Jeff Hornacek,1996-97,December,Utah Jazz,New York Knicks,7,0,1,0,2,1,0
63,62,Jeff Hornacek,1996-97,December,Utah Jazz,New York Knicks,7,0,1,0,2,2,0
64,47,Chris Childs,1996-97,December,New York Knicks,Utah Jazz,2,2,1,0,0,1,0
65,60,Bryon Russell,1996-97,December,Utah Jazz,New York Knicks,2,2,2,0,1,0,0
67,51,Karl Malone,1996-97,December,Utah Jazz,New York Knicks,2,1,6,1,0,0,1
69,54,Greg Ostertag,1996-97,December,Utah Jazz,New York Knicks,2,0,2,0,0,0,1
70,69,Greg Ostertag,1996-97,December,Utah Jazz,New York Knicks,4,0,2,0,0,0,1
71,70,Greg Ostertag,1996-97,December,Utah Jazz,New York Knicks,4,0,2,0,0,0,2
73,67,Karl Malone,1996-97,December,Utah Jazz,New York Knicks,2,1,7,1,0,0,1
74,73,Karl Malone,1996-97,December,Utah Jazz,New York Knicks,2,1,7,1,0,1,1
75,64,Chris Childs,1996-97,December,New York Knicks,Utah Jazz,2,2,1,0,1,1,0
76,31,Allan Houston,1996-97,December,New York Knicks,Utah Jazz,4,0,0,0,0,1,1
77,75,Chris Childs,1996-97,December,New York Knicks,Utah Jazz,2,3,1,0,1,1,0
78,77,Chris Childs,1996-97,December,New York Knicks,Utah Jazz,2,3,1,0,1,1,1
80,0,Howard Eisley,1996-97,December,Utah Jazz,New York Knicks,1,0,0,0,0,0,0
81,78,Chris Childs,1996-97,December,New York Knicks,Utah Jazz,2,3,1,0,1,2,1
82,80,Howard Eisley,1996-97,December,Utah Jazz,New York Knicks,1,0,0,0,1,0,0
83,63,Jeff Hornacek,1996-97,December,Utah Jazz,New York Knicks,9,0,1,0,2,2,0
84,82,Howard Eisley,1996-97,December,Utah Jazz,New York Knicks,1,1,0,0,1,0,0
85,56,Patrick Ewing,1996-97,December,New York Knicks,Utah Jazz,6,0,2,0,1,0,0
86,0,Buck Williams,1996-97,December,New York Knicks,Utah Jazz,0,1,0,0,0,0,0
88,86,Buck Williams,1996-97,December,New York Knicks,Utah Jazz,0,1,1,0,0,0,0
89,84,Howard Eisley,1996-97,December,Utah Jazz,New York Knicks,1,1,0,0,1,0,1
90,76,Allan Houston,1996-97,December,New York Knicks,Utah Jazz,5,0,0,0,0,1,1
91,90,Allan Houston,1996-97,December,New York Knicks,Utah Jazz,6,0,0,0,0,1,1
93,0,Greg Foster,1996-97,December,Utah Jazz,New York Knicks,0,0,1,0,0,0,0
95,85,Patrick Ewing,1996-97,December,New York Knicks,Utah Jazz,6,0,3,0,1,0,0
97,89,Howard Eisley,1996-97,December,Utah Jazz,New York Knicks,1,1,1,0,1,0,1
98,65,Bryon Russell,1996-97,December,Utah Jazz,New York Knicks,2,2,2,0,1,1,0
99,61,Larry Johnson,1996-97,December,New York Knicks,Utah Jazz,2,0,1,0,1,1,0
101,99,Larry Johnson,1996-97,December,New York Knicks,Utah Jazz,2,0,2,0,1,1,0
102,83,Jeff Hornacek,1996-97,December,Utah Jazz,New York Knicks,9,0,1,0,2,2,1
103,101,Larry Johnson,1996-97,December,New York Knicks,Utah Jazz,3,0,2,0,1,1,0
104,103,Larry Johnson,1996-97,December,New York Knicks,Utah Jazz,4,0,2,0,1,1,0
105,88,Buck Williams,1996-97,December,New York Knicks,Utah Jazz,0,1,1,0,0,0,1
107,104,Larry Johnson,1996-97,December,New York Knicks,Utah Jazz,4,0,3,0,1,1,0
108,45,Charles Oakley,1996-97,December,New York Knicks,Utah Jazz,2,0,1,0,0,1,2
109,81,Chris Childs,1996-97,December,New York Knicks,Utah Jazz,2,4,1,0,1,2,1
110,97,Howard Eisley,1996-97,December,Utah Jazz,New York Knicks,1,1,1,0,1,1,1
111,109,Chris Childs,1996-97,December,New York Knicks,Utah Jazz,2,4,1,0,2,2,1
112,111,Chris Childs,1996-97,December,New York Knicks,Utah Jazz,2,4,1,0,2,3,1
113,98,Bryon Russell,1996-97,December,Utah Jazz,New York Knicks,2,2,2,0,2,1,0
114,93,Greg Foster,1996-97,December,Utah Jazz,New York Knicks,0,0,1,0,0,1,0
115,108,Charles Oakley,1996-97,December,New York Knicks,Utah Jazz,4,0,1,0,0,1,2
116,112,Chris Childs,1996-97,December,New York Knicks,Utah Jazz,2,5,1,0,2,3,1
118,0,Shandon Anderson,1996-97,December,Utah Jazz,New York Knicks,0,0,0,0,0,1,0
119,114,Greg Foster,1996-97,December,Utah Jazz,New York Knicks,0,0,1,0,0,1,1
120,107,Larry Johnson,1996-97,December,New York Knicks,Utah Jazz,5,0,3,0,1,1,0
121,120,Larry Johnson,1996-97,December,New York Knicks,Utah Jazz,6,0,3,0,1,1,0
122,0,Charlie Ward,1996-97,December,New York Knicks,Utah Jazz,0,0,0,0,0,0,1
124,53,John Stockton,1996-97,December,Utah Jazz,New York Knicks,0,0,1,0,0,1,1
125,122,Charlie Ward,1996-97,December,New York Knicks,Utah Jazz,0,0,0,0,0,0,2
126,124,John Stockton,1996-97,December,Utah Jazz,New York Knicks,1,0,1,0,0,1,1
127,126,John Stockton,1996-97,December,Utah Jazz,New York Knicks,2,0,1,0,0,1,1
128,121,Larry Johnson,1996-97,December,New York Knicks,Utah Jazz,6,0,3,0,1,2,0
130,105,Buck Williams,1996-97,December,New York Knicks,Utah Jazz,0,1,1,1,0,0,1
132,128,Larry Johnson,1996-97,December,New York Knicks,Utah Jazz,6,0,4,0,1,2,0
133,0,John Starks,1996-97,December,New York Knicks,Utah Jazz,2,0,0,0,0,0,0
134,132,Larry Johnson,1996-97,December,New York Knicks,Utah Jazz,6,1,4,0,1,2,0
135,127,John Stockton,1996-97,December,Utah Jazz,New York Knicks,2,0,1,0,0,2,1
136,134,Larry Johnson,1996-97,December,New York Knicks,Utah Jazz,6,1,4,0,2,2,0
137,135,John Stockton,1996-97,December,Utah Jazz,New York Knicks,2,0,1,0,0,2,2
139,119,Greg Foster,1996-97,December,Utah Jazz,New York Knicks,0,0,2,0,0,1,1
140,118,Shandon Anderson,1996-97,December,Utah Jazz,New York Knicks,2,0,0,0,0,1,0
142,0,Adam Keefe,1996-97,December,Utah Jazz,New York Knicks,0,0,0,0,0,0,1
143,136,Larry Johnson,1996-97,December,New York Knicks,Utah Jazz,7,1,4,0,2,2,0
144,143,Larry Johnson,1996-97,December,New York Knicks,Utah Jazz,8,1,4,0,2,2,0
145,140,Shandon Anderson,1996-97,December,Utah Jazz,New York Knicks,4,0,0,0,0,1,0
146,137,John Stockton,1996-97,December,Utah Jazz,New York Knicks,2,1,1,0,0,2,2
148,142,Adam Keefe,1996-97,December,Utah Jazz,New York Knicks,0,0,1,0,0,0,1
149,139,Greg Foster,1996-97,December,Utah Jazz,New York Knicks,0,0,2,0,0,1,2
150,149,Greg Foster,1996-97,December,Utah Jazz,New York Knicks,0,0,2,0,0,2,2
151,133,John Starks,1996-97,December,New York Knicks,Utah Jazz,5,0,0,0,0,0,0
152,144,Larry Johnson,1996-97,December,New York Knicks,Utah Jazz,8,2,4,0,2,2,0
153,146,John Stockton,1996-97,December,Utah Jazz,New York Knicks,2,1,1,0,0,3,2
154,125,Charlie Ward,1996-97,December,New York Knicks,Utah Jazz,0,0,0,0,1,0,2
155,0,Antoine Carr,1996-97,December,Utah Jazz,New York Knicks,0,0,0,0,0,0,1
157,148,Adam Keefe,1996-97,December,Utah Jazz,New York Knicks,0,0,2,0,0,0,1
158,154,Charlie Ward,1996-97,December,New York Knicks,Utah Jazz,0,0,0,0,1,0,3
159,152,Larry Johnson,1996-97,December,New York Knicks,Utah Jazz,8,2,4,0,2,2,1
161,150,Greg Foster,1996-97,December,Utah Jazz,New York Knicks,1,0,2,0,0,2,2
163,145,Shandon Anderson,1996-97,December,Utah Jazz,New York Knicks,4,0,1,0,0,1,0
164,153,John Stockton,1996-97,December,Utah Jazz,New York Knicks,4,1,1,0,0,3,2
165,151,John Starks,1996-97,December,New York Knicks,Utah Jazz,5,0,0,0,0,0,1
166,164,John Stockton,1996-97,December,Utah Jazz,New York Knicks,5,1,1,0,0,3,2
168,71,Greg Ostertag,1996-97,December,Utah Jazz,New York Knicks,4,0,3,0,0,0,2
170,116,Chris Childs,1996-97,December,New York Knicks,Utah Jazz,2,5,2,0,2,3,1
171,91,Allan Houston,1996-97,December,New York Knicks,Utah Jazz,9,0,0,0,0,1,1
172,170,Chris Childs,1996-97,December,New York Knicks,Utah Jazz,2,6,2,0,2,3,1
173,74,Karl Malone,1996-97,December,Utah Jazz,New York Knicks,4,1,7,1,0,1,1
174,172,Chris Childs,1996-97,December,New York Knicks,Utah Jazz,2,6,2,0,2,3,2
175,173,Karl Malone,1996-97,December,Utah Jazz,New York Knicks,5,1,7,1,0,1,1
176,174,Chris Childs,1996-97,December,New York Knicks,Utah Jazz,2,6,2,0,2,4,2
178,130,Buck Williams,1996-97,December,New York Knicks,Utah Jazz,0,1,2,1,0,0,1
179,168,Greg Ostertag,1996-97,December,Utah Jazz,New York Knicks,4,0,3,0,0,0,3
180,178,Buck Williams,1996-97,December,New York Knicks,Utah Jazz,1,1,2,1,0,0,1
182,175,Karl Malone,1996-97,December,Utah Jazz,New York Knicks,5,1,8,1,0,1,1
184,180,Buck Williams,1996-97,December,New York Knicks,Utah Jazz,1,1,3,1,0,0,1
185,165,John Starks,1996-97,December,New York Knicks,Utah Jazz,8,0,0,0,0,0,1
186,171,Allan Houston,1996-97,December,New York Knicks,Utah Jazz,9,1,0,0,0,1,1
187,182,Karl Malone,1996-97,December,Utah Jazz,New York Knicks,7,1,8,1,0,1,1
188,102,Jeff Hornacek,1996-97,December,Utah Jazz,New York Knicks,9,1,1,0,2,2,1
190,155,Antoine Carr,1996-97,December,Utah Jazz,New York Knicks,0,0,1,0,0,0,1
192,176,Chris Childs,1996-97,December,New York Knicks,Utah Jazz,2,6,3,0,2,4,2
194,163,Shandon Anderson,1996-97,December,Utah Jazz,New York Knicks,4,0,2,0,0,1,0
195,166,John Stockton,1996-97,December,Utah Jazz,New York Knicks,8,1,1,0,0,3,2
197,195,John Stockton,1996-97,December,Utah Jazz,New York Knicks,8,1,2,0,0,3,2
198,187,Karl Malone,1996-97,December,Utah Jazz,New York Knicks,9,1,8,1,0,1,1
199,197,John Stockton,1996-97,December,Utah Jazz,New York Knicks,8,2,2,0,0,3,2
200,190,Antoine Carr,1996-97,December,Utah Jazz,New York Knicks,0,0,1,0,0,0,2
201,95,Patrick Ewing,1996-97,December,New York Knicks,Utah Jazz,7,0,3,0,1,0,0
202,201,Patrick Ewing,1996-97,December,New York Knicks,Utah Jazz,8,0,3,0,1,0,0
203,198,Karl Malone,1996-97,December,Utah Jazz,New York Knicks,11,1,8,1,0,1,1
204,115,Charles Oakley,1996-97,December,New York Knicks,Utah Jazz,4,0,1,0,0,1,3
205,203,Karl Malone,1996-97,December,Utah Jazz,New York Knicks,12,1,8,1,0,1,1
207,199,John Stockton,1996-97,December,Utah Jazz,New York Knicks,8,2,3,0,0,3,2
208,205,Karl Malone,1996-97,December,Utah Jazz,New York Knicks,14,1,8,1,0,1,1
210,113,Bryon Russell,1996-97,December,Utah Jazz,New York Knicks,2,2,3,0,2,1,0
212,200,Antoine Carr,1996-97,December,Utah Jazz,New York Knicks,2,0,1,0,0,0,2
213,210,Bryon Russell,1996-97,December,Utah Jazz,New York Knicks,2,3,3,0,2,1,0
214,184,Buck Williams,1996-97,December,New York Knicks,Utah Jazz,1,1,3,1,0,1,1
215,207,John Stockton,1996-97,December,Utah Jazz,New York Knicks,8,2,3,0,0,4,2
216,202,Patrick Ewing,1996-97,December,New York Knicks,Utah Jazz,10,0,3,0,1,0,0
217,179,Greg Ostertag,1996-97,December,Utah Jazz,New York Knicks,4,0,3,0,0,1,3
218,216,Patrick Ewing,1996-97,December,New York Knicks,Utah Jazz,10,0,3,0,2,0,0
220,208,Karl Malone,1996-97,December,Utah Jazz,New York Knicks,14,1,9,1,0,1,1
222,218,Patrick Ewing,1996-97,December,New York Knicks,Utah Jazz,10,0,4,0,2,0,0
223,192,Chris Childs,1996-97,December,New York Knicks,Utah Jazz,4,6,3,0,2,4,2
224,186,Allan Houston,1996-97,December,New York Knicks,Utah Jazz,9,2,0,0,0,1,1
226,222,Patrick Ewing,1996-97,December,New York Knicks,Utah Jazz,10,0,5,0,2,0,0
228,159,Larry Johnson,1996-97,December,New York Knicks,Utah Jazz,8,2,4,0,2,2,2
230,220,Karl Malone,1996-97,December,Utah Jazz,New York Knicks,14,1,10,1,0,1,1
231,226,Patrick Ewing,1996-97,December,New York Knicks,Utah Jazz,10,0,5,0,2,0,1
232,230,Karl Malone,1996-97,December,Utah Jazz,New York Knicks,15,1,10,1,0,1,1
234,231,Patrick Ewing,1996-97,December,New York Knicks,Utah Jazz,10,0,6,0,2,0,1
235,224,Allan Houston,1996-97,December,New York Knicks,Utah Jazz,11,2,0,0,0,1,1
237,234,Patrick Ewing,1996-97,December,New York Knicks,Utah Jazz,10,0,7,0,2,0,1
238,204,Charles Oakley,1996-97,December,New York Knicks,Utah Jazz,6,0,1,0,0,1,3
239,235,Allan Houston,1996-97,December,New York Knicks,Utah Jazz,11,3,0,0,0,1,1
240,215,John Stockton,1996-97,December,Utah Jazz,New York Knicks,10,2,3,0,0,4,2
241,232,Karl Malone,1996-97,December,Utah Jazz,New York Knicks,15,2,10,1,0,1,1
242,223,Chris Childs,1996-97,December,New York Knicks,Utah Jazz,4,6,3,0,2,4,2
243,188,Jeff Hornacek,1996-97,December,Utah Jazz,New York Knicks,10,1,1,0,2,2,1
244,242,Chris Childs,1996-97,December,New York Knicks,Utah Jazz,6,6,3,0,2,4,2
245,213,Bryon Russell,1996-97,December,Utah Jazz,New York Knicks,2,3,3,0,2,1,1
246,244,Chris Childs,1996-97,December,New York Knicks,Utah Jazz,7,6,3,0,2,4,2
248,246,Chris Childs,1996-97,December,New York Knicks,Utah Jazz,7,6,3,0,2,4,3
249,248,Chris Childs,1996-97,December,New York Knicks,Utah Jazz,7,6,3,0,2,5,3
250,241,Karl Malone,1996-97,December,Utah Jazz,New York Knicks,15,2,10,1,0,2,1
252,249,Chris Childs,1996-97,December,New York Knicks,Utah Jazz,7,6,4,0,2,5,3
253,238,Charles Oakley,1996-97,December,New York Knicks,Utah Jazz,6,0,1,0,0,2,3
254,240,John Stockton,1996-97,December,Utah Jazz,New York Knicks,10,2,3,0,1,4,2
255,250,Karl Malone,1996-97,December,Utah Jazz,New York Knicks,17,2,10,1,0,2,1
256,243,Jeff Hornacek,1996-97,December,Utah Jazz,New York Knicks,10,2,1,0,2,2,1
257,237,Patrick Ewing,1996-97,December,New York Knicks,Utah Jazz,12,0,7,0,2,0,1
258,228,Larry Johnson,1996-97,December,New York Knicks,Utah Jazz,8,3,4,0,2,2,2
260,258,Larry Johnson,1996-97,December,New York Knicks,Utah Jazz,8,3,5,0,2,2,2
261,217,Greg Ostertag,1996-97,December,Utah Jazz,New York Knicks,4,0,3,0,0,1,4
262,253,Charles Oakley,1996-97,December,New York Knicks,Utah Jazz,7,0,1,0,0,2,3
263,262,Charles Oakley,1996-97,December,New York Knicks,Utah Jazz,8,0,1,0,0,2,3
264,260,Larry Johnson,1996-97,December,New York Knicks,Utah Jazz,8,3,5,0,2,2,3
265,245,Bryon Russell,1996-97,December,Utah Jazz,New York Knicks,3,3,3,0,2,1,1
266,265,Bryon Russell,1996-97,December,Utah Jazz,New York Knicks,4,3,3,0,2,1,1
267,161,Greg Foster,1996-97,December,Utah Jazz,New York Knicks,1,0,2,0,0,2,3
269,264,Larry Johnson,1996-97,December,New York Knicks,Utah Jazz,9,3,5,0,2,2,3
270,254,John Stockton,1996-97,December,Utah Jazz,New York Knicks,12,2,3,0,1,4,2
271,255,Karl Malone,1996-97,December,Utah Jazz,New York Knicks,17,3,10,1,0,2,1
272,252,Chris Childs,1996-97,December,New York Knicks,Utah Jazz,9,6,4,0,2,5,3
274,257,Patrick Ewing,1996-97,December,New York Knicks,Utah Jazz,12,0,8,0,2,0,1
275,239,Allan Houston,1996-97,December,New York Knicks,Utah Jazz,14,3,0,0,0,1,1
276,263,Charles Oakley,1996-97,December,New York Knicks,Utah Jazz,8,1,1,0,0,2,3
277,276,Charles Oakley,1996-97,December,New York Knicks,Utah Jazz,8,1,1,0,0,2,4
279,270,John Stockton,1996-97,December,Utah Jazz,New York Knicks,13,2,3,0,1,4,2
280,274,Patrick Ewing,1996-97,December,New York Knicks,Utah Jazz,14,0,8,0,2,0,1
281,267,Greg Foster,1996-97,December,Utah Jazz,New York Knicks,1,0,2,0,0,2,4
282,280,Patrick Ewing,1996-97,December,New York Knicks,Utah Jazz,15,0,8,0,2,0,1
283,266,Bryon Russell,1996-97,December,Utah Jazz,New York Knicks,7,3,3,0,2,1,1
284,110,Howard Eisley,1996-97,December,Utah Jazz,New York Knicks,1,2,1,0,1,1,1
285,272,Chris Childs,1996-97,December,New York Knicks,Utah Jazz,11,6,4,0,2,5,3
286,212,Antoine Carr,1996-97,December,Utah Jazz,New York Knicks,4,0,1,0,0,0,2
287,284,Howard Eisley,1996-97,December,Utah Jazz,New York Knicks,1,3,1,0,1,1,1
288,269,Larry Johnson,1996-97,December,New York Knicks,Utah Jazz,11,3,5,0,2,2,3
289,282,Patrick Ewing,1996-97,December,New York Knicks,Utah Jazz,15,1,8,0,2,0,1
290,287,Howard Eisley,1996-97,December,Utah Jazz,New York Knicks,1,3,1,0,1,1,2
291,288,Larry Johnson,1996-97,December,New York Knicks,Utah Jazz,12,3,5,0,2,2,3
292,214,Buck Williams,1996-97,December,New York Knicks,Utah Jazz,1,1,3,1,0,1,2
293,286,Antoine Carr,1996-97,December,Utah Jazz,New York Knicks,5,0,1,0,0,0,2
294,293,Antoine Carr,1996-97,December,Utah Jazz,New York Knicks,6,0,1,0,0,0,2
295,285,Chris Childs,1996-97,December,New York Knicks,Utah Jazz,14,6,4,0,2,5,3
296,289,Patrick Ewing,1996-97,December,New York Knicks,Utah Jazz,15,2,8,0,2,0,1
298,292,Buck Williams,1996-97,December,New York Knicks,Utah Jazz,1,1,3,2,0,1,2
299,271,Karl Malone,1996-97,December,Utah Jazz,New York Knicks,17,3,10,1,0,2,2
300,299,Karl Malone,1996-97,December,Utah Jazz,New York Knicks,17,3,10,1,0,3,2
302,300,Karl Malone,1996-97,December,Utah Jazz,New York Knicks,17,3,11,1,0,3,2
303,302,Karl Malone,1996-97,December,Utah Jazz,New York Knicks,17,3,11,1,0,3,2
304,275,Allan Houston,1996-97,December,New York Knicks,Utah Jazz,15,3,0,0,0,1,1
306,296,Patrick Ewing,1996-97,December,New York Knicks,Utah Jazz,15,2,9,0,2,0,1
307,291,Larry Johnson,1996-97,December,New York Knicks,Utah Jazz,12,3,5,0,2,3,3
309,283,Bryon Russell,1996-97,December,Utah Jazz,New York Knicks,7,3,4,0,2,1,1
311,295,Chris Childs,1996-97,December,New York Knicks,Utah Jazz,14,6,4,0,2,6,3
312,306,Patrick Ewing,1996-97,December,New York Knicks,Utah Jazz,15,2,9,0,2,0,2
313,294,Antoine Carr,1996-97,December,Utah Jazz,New York Knicks,7,0,1,0,0,0,2
314,313,Antoine Carr,1996-97,December,Utah Jazz,New York Knicks,8,0,1,0,0,0,2
315,303,Karl Malone,1996-97,December,Utah Jazz,New York Knicks,17,3,11,1,0,3,3
316,277,Charles Oakley,1996-97,December,New York Knicks,Utah Jazz,8,1,1,0,0,2,4
317,256,Jeff Hornacek,1996-97,December,Utah Jazz,New York Knicks,11,2,1,0,2,2,1
318,316,Charles Oakley,1996-97,December,New York Knicks,Utah Jazz,9,1,1,0,0,2,4
319,318,Charles Oakley,1996-97,December,New York Knicks,Utah Jazz,10,1,1,0,0,2,4
321,319,Charles Oakley,1996-97,December,New York Knicks,Utah Jazz,10,1,2,0,0,2,4
322,298,Buck Williams,1996-97,December,New York Knicks,Utah Jazz,1,1,3,2,0,2,2
323,194,Shandon Anderson,1996-97,December,Utah Jazz,New York Knicks,6,0,2,0,0,1,0
324,279,John Stockton,1996-97,December,Utah Jazz,New York Knicks,13,3,3,0,1,4,2
326,321,Charles Oakley,1996-97,December,New York Knicks,Utah Jazz,10,1,3,0,0,2,4
327,185,John Starks,1996-97,December,New York Knicks,Utah Jazz,8,0,0,0,0,1,1
328,323,Shandon Anderson,1996-97,December,Utah Jazz,New York Knicks,8,0,2,0,0,1,0
329,324,John Stockton,1996-97,December,Utah Jazz,New York Knicks,13,4,3,0,1,4,2
331,315,Karl Malone,1996-97,December,Utah Jazz,New York Knicks,17,3,12,1,0,3,3
332,331,Karl Malone,1996-97,December,Utah Jazz,New York Knicks,19,3,12,1,0,3,3
333,312,Patrick Ewing,1996-97,December,New York Knicks,Utah Jazz,17,2,9,0,2,0,2
334,327,John Starks,1996-97,December,New York Knicks,Utah Jazz,8,1,0,0,0,1,1
336,326,Charles Oakley,1996-97,December,New York Knicks,Utah Jazz,10,1,4,0,0,2,4
337,333,Patrick Ewing,1996-97,December,New York Knicks,Utah Jazz,19,2,9,0,2,0,2
338,332,Karl Malone,1996-97,December,Utah Jazz,New York Knicks,21,3,12,1,0,3,3
340,314,Antoine Carr,1996-97,December,Utah Jazz,New York Knicks,8,0,2,0,0,0,2
342,334,John Starks,1996-97,December,New York Knicks,Utah Jazz,8,1,1,0,0,1,1
343,342,John Starks,1996-97,December,New York Knicks,Utah Jazz,8,1,1,0,0,2,1
344,329,John Stockton,1996-97,December,Utah Jazz,New York Knicks,13,4,3,0,2,4,2
345,338,Karl Malone,1996-97,December,Utah Jazz,New York Knicks,23,3,12,1,0,3,3
346,157,Adam Keefe,1996-97,December,Utah Jazz,New York Knicks,0,1,2,0,0,0,1
348,346,Adam Keefe,1996-97,December,Utah Jazz,New York Knicks,0,1,3,0,0,0,1
349,344,John Stockton,1996-97,December,Utah Jazz,New York Knicks,15,4,3,0,2,4,2
350,158,Charlie Ward,1996-97,December,New York Knicks,Utah Jazz,0,0,0,0,1,0,4
351,349,John Stockton,1996-97,December,Utah Jazz,New York Knicks,16,4,3,0,2,4,2
352,337,Patrick Ewing,1996-97,December,New York Knicks,Utah Jazz,21,2,9,0,2,0,2
353,304,Allan Houston,1996-97,December,New York Knicks,Utah Jazz,15,4,0,0,0,1,1
355,352,Patrick Ewing,1996-97,December,New York Knicks,Utah Jazz,21,2,10,0,2,0,2
356,311,Chris Childs,1996-97,December,New York Knicks,Utah Jazz,16,6,4,0,2,6,3
358,355,Patrick Ewing,1996-97,December,New York Knicks,Utah Jazz,21,2,10,1,2,0,2
359,348,Adam Keefe,1996-97,December,Utah Jazz,New York Knicks,0,1,4,0,0,0,1
360,345,Karl Malone,1996-97,December,Utah Jazz,New York Knicks,23,3,12,1,0,4,3
361,356,Chris Childs,1996-97,December,New York Knicks,Utah Jazz,19,6,4,0,2,6,3
362,351,John Stockton,1996-97,December,Utah Jazz,New York Knicks,18,4,3,0,2,4,2
364,336,Charles Oakley,1996-97,December,New York Knicks,Utah Jazz,10,1,5,0,0,2,4
365,364,Charles Oakley,1996-97,December,New York Knicks,Utah Jazz,12,1,5,0,0,2,4
366,317,Jeff Hornacek,1996-97,December,Utah Jazz,New York Knicks,13,2,1,0,2,2,1
367,362,John Stockton,1996-97,December,Utah Jazz,New York Knicks,18,5,3,0,2,4,2
368,358,Patrick Ewing,1996-97,December,New York Knicks,Utah Jazz,23,2,10,1,2,0,2
369,353,Allan Houston,1996-97,December,New York Knicks,Utah Jazz,15,5,0,0,0,1,1
370,368,Patrick Ewing,1996-97,December,New York Knicks,Utah Jazz,23,2,10,1,2,0,3
371,365,Charles Oakley,1996-97,December,New York Knicks,Utah Jazz,12,1,5,0,0,2,4
373,360,Karl Malone,1996-97,December,Utah Jazz,New York Knicks,24,3,12,1,0,4,3
375,361,Chris Childs,1996-97,December,New York Knicks,Utah Jazz,19,6,5,0,2,6,3
376,369,Allan Houston,1996-97,December,New York Knicks,Utah Jazz,17,5,0,0,0,1,1
377,375,Chris Childs,1996-97,December,New York Knicks,Utah Jazz,19,7,5,0,2,6,3
378,322,Buck Williams,1996-97,December,New York Knicks,Utah Jazz,1,1,3,2,0,2,3
380,373,Karl Malone,1996-97,December,Utah Jazz,New York Knicks,25,3,12,1,0,4,3
381,370,Patrick Ewing,1996-97,December,New York Knicks,Utah Jazz,23,2,10,1,2,1,3
383,381,Patrick Ewing,1996-97,December,New York Knicks,Utah Jazz,23,2,11,1,2,1,3
384,359,Adam Keefe,1996-97,December,Utah Jazz,New York Knicks,0,1,4,0,0,0,2
386,384,Adam Keefe,1996-97,December,Utah Jazz,New York Knicks,0,1,5,0,0,0,2
387,367,John Stockton,1996-97,December,Utah Jazz,New York Knicks,21,5,3,0,2,4,2
389,380,Karl Malone,1996-97,December,Utah Jazz,New York Knicks,25,3,13,1,0,4,3
390,389,Karl Malone,1996-97,December,Utah Jazz,New York Knicks,27,3,13,1,0,4,3
391,366,Jeff Hornacek,1996-97,December,Utah Jazz,New York Knicks,13,3,1,0,2,2,1
393,390,Karl Malone,1996-97,December,Utah Jazz,New York Knicks,27,3,14,1,0,4,3
394,391,Jeff Hornacek,1996-97,December,Utah Jazz,New York Knicks,15,3,1,0,2,2,1
395,383,Patrick Ewing,1996-97,December,New York Knicks,Utah Jazz,25,2,11,1,2,1,3
396,376,Allan Houston,1996-97,December,New York Knicks,Utah Jazz,17,6,0,0,0,1,1
397,393,Karl Malone,1996-97,December,Utah Jazz,New York Knicks,29,3,14,1,0,4,3
398,340,Antoine Carr,1996-97,December,Utah Jazz,New York Knicks,8,1,2,0,0,0,2
399,377,Chris Childs,1996-97,December,New York Knicks,Utah Jazz,22,7,5,0,2,6,3
400,307,Larry Johnson,1996-97,December,New York Knicks,Utah Jazz,12,4,5,0,2,3,3
403,399,Chris Childs,1996-97,December,New York Knicks,Utah Jazz,22,7,6,0,2,6,3
404,309,Bryon Russell,1996-97,December,Utah Jazz,New York Knicks,7,3,4,0,2,1,2
405,398,Antoine Carr,1996-97,December,Utah Jazz,New York Knicks,8,1,2,0,0,0,3
406,403,Chris Childs,1996-97,December,New York Knicks,Utah Jazz,23,7,6,0,2,6,3
407,406,Chris Childs,1996-97,December,New York Knicks,Utah Jazz,24,7,6,0,2,6,3
409,404,Bryon Russell,1996-97,December,Utah Jazz,New York Knicks,7,3,5,0,2,1,2
411,395,Patrick Ewing,1996-97,December,New York Knicks,Utah Jazz,25,2,12,1,2,1,3
