id,previous_id,player,season,month,team,opponent_team,points,assists,rebounds,blocks,steals,turnovers,personal fouls
1,0,Eddie Jones,1996-97,December,Los Angeles Lakers,Chicago Bulls,2,0,0,0,0,0,0
3,0,Nick Van Exel,1996-97,December,Los Angeles Lakers,Chicago Bulls,3,0,0,0,0,0,0
4,0,Scottie Pippen,1996-97,December,Chicago Bulls,Los Angeles Lakers,3,0,0,0,0,0,0
5,3,Nick Van Exel,1996-97,December,Los Angeles Lakers,Chicago Bulls,3,0,0,0,0,1,0
6,0,Ron Harper,1996-97,December,Chicago Bulls,Los Angeles Lakers,0,0,0,0,1,0,0
8,1,Eddie Jones,1996-97,December,Los Angeles Lakers,Chicago Bulls,2,0,1,0,0,0,0
9,6,Ron Harper,1996-97,December,Chicago Bulls,Los Angeles Lakers,0,0,0,0,1,0,1
10,8,Eddie Jones,1996-97,December,Los Angeles Lakers,Chicago Bulls,3,0,1,0,0,0,0
11,10,Eddie Jones,1996-97,December,Los Angeles Lakers,Chicago Bulls,4,0,1,0,0,0,0
13,0,Michael Jordan,1996-97,December,Chicago Bulls,Los Angeles Lakers,0,0,1,0,0,0,0
15,0,Dennis Rodman,1996-97,December,Chicago Bulls,Los Angeles Lakers,0,0,1,0,0,0,0
16,0,Bill Wennington,1996-97,December,Chicago Bulls,Los Angeles Lakers,2,0,0,0,0,0,0
17,15,Dennis Rodman,1996-97,December,Chicago Bulls,Los Angeles Lakers,0,1,1,0,0,0,0
19,9,Ron Harper,1996-97,December,Chicago Bulls,Los Angeles Lakers,0,0,1,0,1,0,1
20,19,Ron Harper,1996-97,December,Chicago Bulls,Los Angeles Lakers,0,0,1,0,1,1,1
22,20,Ron Harper,1996-97,December,Chicago Bulls,Los Angeles Lakers,0,0,2,0,1,1,1
23,4,Scottie Pippen,1996-97,December,Chicago Bulls,Los Angeles Lakers,5,0,0,0,0,0,0
24,5,Nick Van Exel,1996-97,December,Los Angeles Lakers,Chicago Bulls,5,0,0,0,0,1,0
25,16,Bill Wennington,1996-97,December,Chicago Bulls,Los Angeles Lakers,4,0,0,0,0,0,0
26,17,Dennis Rodman,1996-97,December,Chicago Bulls,Los Angeles Lakers,0,2,1,0,0,0,0
27,0,Elden Campbell,1996-97,December,Los Angeles Lakers,Chicago Bulls,2,0,0,0,0,0,0
28,13,Michael Jordan,1996-97,December,Chicago Bulls,Los Angeles Lakers,2,0,1,0,0,0,0
30,27,Elden Campbell,1996-97,December,Los Angeles Lakers,Chicago Bulls,2,0,1,0,0,0,0
31,0,Shaquille O'Neal,1996-97,December,Los Angeles Lakers,Chicago Bulls,2,0,0,0,0,0,0
32,0,Jerome Kersey,1996-97,December,Los Angeles Lakers,Chicago Bulls,0,1,0,0,0,0,0
34,26,Dennis Rodman,1996-97,December,Chicago Bulls,Los Angeles Lakers,0,2,2,0,0,0,0
36,34,Dennis Rodman,1996-97,December,Chicago Bulls,Los Angeles Lakers,0,2,3,0,0,0,0
37,25,Bill Wennington,1996-97,December,Chicago Bulls,Los Angeles Lakers,6,0,0,0,0,0,0
38,23,Scottie Pippen,1996-97,December,Chicago Bulls,Los Angeles Lakers,5,1,0,0,0,0,0
39,31,Shaquille O'Neal,1996-97,December,Los Angeles Lakers,Chicago Bulls,4,0,0,0,0,0,0
40,37,Bill Wennington,1996-97,December,Chicago Bulls,Los Angeles Lakers,6,0,0,0,0,0,1
41,39,Shaquille O'Neal,1996-97,December,Los Angeles Lakers,Chicago Bulls,5,0,0,0,0,0,0
42,28,Michael Jordan,1996-97,December,Chicago Bulls,Los Angeles Lakers,4,0,1,0,0,0,0
43,40,Bill Wennington,1996-97,December,Chicago Bulls,Los Angeles Lakers,6,1,0,0,0,0,1
45,41,Shaquille O'Neal,1996-97,December,Los Angeles Lakers,Chicago Bulls,5,0,1,0,0,0,0
46,30,Elden Campbell,1996-97,December,Los Angeles Lakers,Chicago Bulls,4,0,1,0,0,0,0
47,45,Shaquille O'Neal,1996-97,December,Los Angeles Lakers,Chicago Bulls,5,1,1,0,0,0,0
48,43,Bill Wennington,1996-97,December,Chicago Bulls,Los Angeles Lakers,8,1,0,0,0,0,1
49,36,Dennis Rodman,1996-97,December,Chicago Bulls,Los Angeles Lakers,0,3,3,0,0,0,0
50,46,Elden Campbell,1996-97,December,Los Angeles Lakers,Chicago Bulls,6,0,1,0,0,0,0
51,24,Nick Van Exel,1996-97,December,Los Angeles Lakers,Chicago Bulls,5,1,0,0,0,1,0
53,42,Michael Jordan,1996-97,December,Chicago Bulls,Los Angeles Lakers,4,0,2,0,0,0,0
55,32,Jerome Kersey,1996-97,December,Los Angeles Lakers,Chicago Bulls,0,1,1,0,0,0,0
56,22,Ron Harper,1996-97,December,Chicago Bulls,Los Angeles Lakers,0,0,2,0,1,1,2
57,51,Nick Van Exel,1996-97,December,Los Angeles Lakers,Chicago Bulls,8,1,0,0,0,1,0
58,38,Scottie Pippen,1996-97,December,Chicago Bulls,Los Angeles Lakers,5,1,0,0,0,1,0
59,55,Jerome Kersey,1996-97,December,Los Angeles Lakers,Chicago Bulls,0,1,1,0,1,0,0
61,47,Shaquille O'Neal,1996-97,December,Los Angeles Lakers,Chicago Bulls,5,1,2,0,0,0,0
62,61,Shaquille O'Neal,1996-97,December,Los Angeles Lakers,Chicago Bulls,7,1,2,0,0,0,0
63,48,Bill Wennington,1996-97,December,Chicago Bulls,Los Angeles Lakers,8,1,0,0,0,1,1
65,49,Dennis Rodman,1996-97,December,Chicago Bulls,Los Angeles Lakers,0,3,4,0,0,0,0
66,57,Nick Van Exel,1996-97,December,Los Angeles Lakers,Chicago Bulls,8,1,0,0,0,1,1
67,58,Scottie Pippen,1996-97,December,Chicago Bulls,Los Angeles Lakers,8,1,0,0,0,1,0
68,53,Michael Jordan,1996-97,December,Chicago Bulls,Los Angeles Lakers,4,1,2,0,0,0,0
69,63,Bill Wennington,1996-97,December,Chicago Bulls,Los Angeles Lakers,8,1,0,0,0,1,2
71,62,Shaquille O'Neal,1996-97,December,Los Angeles Lakers,Chicago Bulls,8,1,2,0,0,0,0
72,67,Scottie Pippen,1996-97,December,Chicago Bulls,Los Angeles Lakers,8,1,0,0,0,2,0
73,71,Shaquille O'Neal,1996-97,December,Los Angeles Lakers,Chicago Bulls,8,1,2,0,1,0,0
75,72,Scottie Pippen,1996-97,December,Chicago Bulls,Los Angeles Lakers,8,1,1,0,0,2,0
77,73,Shaquille O'Neal,1996-97,December,Los Angeles Lakers,Chicago Bulls,8,1,3,0,1,0,0
78,11,Eddie Jones,1996-97,December,Los Angeles Lakers,Chicago Bulls,6,0,1,0,0,0,0
79,75,Scottie Pippen,1996-97,December,Chicago Bulls,Los Angeles Lakers,8,1,1,0,0,3,0
80,78,Eddie Jones,1996-97,December,Los Angeles Lakers,Chicago Bulls,6,0,1,0,1,0,0
81,77,Shaquille O'Neal,1996-97,December,Los Angeles Lakers,Chicago Bulls,10,1,3,0,1,0,0
82,66,Nick Van Exel,1996-97,December,Los Angeles Lakers,Chicago Bulls,8,2,0,0,0,1,1
84,50,Elden Campbell,1996-97,December,Los Angeles Lakers,Chicago Bulls,6,0,2,0,0,0,0
85,80,Eddie Jones,1996-97,December,Los Angeles Lakers,Chicago Bulls,8,0,1,0,1,0,0
86,81,Shaquille O'Neal,1996-97,December,Los Angeles Lakers,Chicago Bulls,10,2,3,0,1,0,0
87,79,Scottie Pippen,1996-97,December,Chicago Bulls,Los Angeles Lakers,10,1,1,0,0,3,0
88,0,Dickey Simpkins,1996-97,December,Chicago Bulls,Los Angeles Lakers,0,1,0,0,0,0,0
90,65,Dennis Rodman,1996-97,December,Chicago Bulls,Los Angeles Lakers,0,3,5,0,0,0,0
91,87,Scottie Pippen,1996-97,December,Chicago Bulls,Los Angeles Lakers,10,1,1,0,0,4,0
92,82,Nick Van Exel,1996-97,December,Los Angeles Lakers,Chicago Bulls,8,2,0,0,0,2,1
93,90,Dennis Rodman,1996-97,December,Chicago Bulls,Los Angeles Lakers,0,3,5,0,1,0,0
95,84,Elden Campbell,1996-97,December,Los Angeles Lakers,Chicago Bulls,6,0,3,0,0,0,0
96,95,Elden Campbell,1996-97,December,Los Angeles Lakers,Chicago Bulls,8,0,3,0,0,0,0
98,96,Elden Campbell,1996-97,December,Los Angeles Lakers,Chicago Bulls,8,0,4,0,0,0,0
99,92,Nick Van Exel,1996-97,December,Los Angeles Lakers,Chicago Bulls,10,2,0,0,0,2,1
101,91,Scottie Pippen,1996-97,December,Chicago Bulls,Los Angeles Lakers,10,1,2,0,0,4,0
103,98,Elden Campbell,1996-97,December,Los Angeles Lakers,Chicago Bulls,8,0,5,0,0,0,0
105,0,Toni Kukoc,1996-97,December,Chicago Bulls,Los Angeles Lakers,0,0,1,0,0,0,0
107,103,Elden Campbell,1996-97,December,Los Angeles Lakers,Chicago Bulls,8,0,6,0,0,0,0
109,0,Travis Knight,1996-97,December,Los Angeles Lakers,Chicago Bulls,0,0,1,0,0,0,0
111,0,Robert Parish,1996-97,December,Chicago Bulls,Los Angeles Lakers,0,0,0,1,0,0,0
112,107,Elden Campbell,1996-97,December,Los Angeles Lakers,Chicago Bulls,8,0,7,0,0,0,0
113,111,Robert Parish,1996-97,December,Chicago Bulls,Los Angeles Lakers,0,0,0,1,0,0,1
115,109,Travis Knight,1996-97,December,Los Angeles Lakers,Chicago Bulls,1,0,1,0,0,0,0
116,85,Eddie Jones,1996-97,December,Los Angeles Lakers,Chicago Bulls,8,0,1,0,1,0,1
117,113,Robert Parish,1996-97,December,Chicago Bulls,Los Angeles Lakers,2,0,0,1,0,0,1
118,0,Steve Kerr,1996-97,December,Chicago Bulls,Los Angeles Lakers,0,1,0,0,0,0,0
119,112,Elden Campbell,1996-97,December,Los Angeles Lakers,Chicago Bulls,10,0,7,0,0,0,0
120,0,Byron Scott,1996-97,December,Los Angeles Lakers,Chicago Bulls,0,1,0,0,0,0,0
122,117,Robert Parish,1996-97,December,Chicago Bulls,Los Angeles Lakers,2,0,1,1,0,0,1
123,122,Robert Parish,1996-97,December,Chicago Bulls,Los Angeles Lakers,4,0,1,1,0,0,1
124,0,Randy Brown,1996-97,December,Chicago Bulls,Los Angeles Lakers,0,0,0,0,0,0,1
125,119,Elden Campbell,1996-97,December,Los Angeles Lakers,Chicago Bulls,12,0,7,0,0,0,0
126,120,Byron Scott,1996-97,December,Los Angeles Lakers,Chicago Bulls,0,2,0,0,0,0,0
127,124,Randy Brown,1996-97,December,Chicago Bulls,Los Angeles Lakers,2,0,0,0,0,0,1
128,101,Scottie Pippen,1996-97,December,Chicago Bulls,Los Angeles Lakers,10,1,2,0,0,4,1
129,125,Elden Campbell,1996-97,December,Los Angeles Lakers,Chicago Bulls,14,0,7,0,0,0,0
130,128,Scottie Pippen,1996-97,December,Chicago Bulls,Los Angeles Lakers,12,1,2,0,0,4,1
132,118,Steve Kerr,1996-97,December,Chicago Bulls,Los Angeles Lakers,0,1,1,0,0,0,0
134,116,Eddie Jones,1996-97,December,Los Angeles Lakers,Chicago Bulls,8,0,2,0,1,0,1
135,0,Derek Fisher,1996-97,December,Los Angeles Lakers,Chicago Bulls,2,0,0,0,0,0,0
136,134,Eddie Jones,1996-97,December,Los Angeles Lakers,Chicago Bulls,8,1,2,0,1,0,1
137,129,Elden Campbell,1996-97,December,Los Angeles Lakers,Chicago Bulls,14,0,7,0,0,0,1
139,105,Toni Kukoc,1996-97,December,Chicago Bulls,Los Angeles Lakers,0,0,2,0,0,0,0
141,135,Derek Fisher,1996-97,December,Los Angeles Lakers,Chicago Bulls,2,0,1,0,0,0,0
142,0,Kobe Bryant,1996-97,December,Los Angeles Lakers,Chicago Bulls,3,0,0,0,0,0,0
143,86,Shaquille O'Neal,1996-97,December,Los Angeles Lakers,Chicago Bulls,10,2,3,0,1,0,1
144,68,Michael Jordan,1996-97,December,Chicago Bulls,Los Angeles Lakers,6,1,2,0,0,0,0
145,143,Shaquille O'Neal,1996-97,December,Los Angeles Lakers,Chicago Bulls,12,2,3,0,1,0,1
146,144,Michael Jordan,1996-97,December,Chicago Bulls,Los Angeles Lakers,6,1,2,0,0,0,1
147,145,Shaquille O'Neal,1996-97,December,Los Angeles Lakers,Chicago Bulls,13,2,3,0,1,0,1
149,147,Shaquille O'Neal,1996-97,December,Los Angeles Lakers,Chicago Bulls,13,2,4,0,1,0,1
151,0,Corie Blount,1996-97,December,Los Angeles Lakers,Chicago Bulls,0,0,1,0,0,0,0
152,142,Kobe Bryant,1996-97,December,Los Angeles Lakers,Chicago Bulls,5,0,0,0,0,0,0
153,151,Corie Blount,1996-97,December,Los Angeles Lakers,Chicago Bulls,0,1,1,0,0,0,0
154,152,Kobe Bryant,1996-97,December,Los Angeles Lakers,Chicago Bulls,5,0,0,0,0,0,1
155,139,Toni Kukoc,1996-97,December,Chicago Bulls,Los Angeles Lakers,1,0,2,0,0,0,0
156,155,Toni Kukoc,1996-97,December,Chicago Bulls,Los Angeles Lakers,2,0,2,0,0,0,0
157,149,Shaquille O'Neal,1996-97,December,Los Angeles Lakers,Chicago Bulls,15,2,4,0,1,0,1
158,123,Robert Parish,1996-97,December,Chicago Bulls,Los Angeles Lakers,6,0,1,1,0,0,1
159,157,Shaquille O'Neal,1996-97,December,Los Angeles Lakers,Chicago Bulls,17,2,4,0,1,0,1
160,146,Michael Jordan,1996-97,December,Chicago Bulls,Los Angeles Lakers,8,1,2,0,0,0,1
161,99,Nick Van Exel,1996-97,December,Los Angeles Lakers,Chicago Bulls,13,2,0,0,0,2,1
162,156,Toni Kukoc,1996-97,December,Chicago Bulls,Los Angeles Lakers,5,0,2,0,0,0,0
163,132,Steve Kerr,1996-97,December,Chicago Bulls,Los Angeles Lakers,0,2,1,0,0,0,0
164,159,Shaquille O'Neal,1996-97,December,Los Angeles Lakers,Chicago Bulls,19,2,4,0,1,0,1
166,93,Dennis Rodman,1996-97,December,Chicago Bulls,Los Angeles Lakers,0,3,6,0,1,0,0
167,160,Michael Jordan,1996-97,December,Chicago Bulls,Los Angeles Lakers,10,1,2,0,0,0,1
168,166,Dennis Rodman,1996-97,December,Chicago Bulls,Los Angeles Lakers,0,4,6,0,1,0,0
169,161,Nick Van Exel,1996-97,December,Los Angeles Lakers,Chicago Bulls,16,2,0,0,0,2,1
171,167,Michael Jordan,1996-97,December,Chicago Bulls,Los Angeles Lakers,10,1,3,0,0,0,1
173,171,Michael Jordan,1996-97,December,Chicago Bulls,Los Angeles Lakers,10,1,4,0,0,0,1
174,173,Michael Jordan,1996-97,December,Chicago Bulls,Los Angeles Lakers,12,1,4,0,0,0,1
176,158,Robert Parish,1996-97,December,Chicago Bulls,Los Angeles Lakers,6,0,2,1,0,0,1
177,126,Byron Scott,1996-97,December,Los Angeles Lakers,Chicago Bulls,0,2,0,0,0,0,1
178,174,Michael Jordan,1996-97,December,Chicago Bulls,Los Angeles Lakers,13,1,4,0,0,0,1
180,168,Dennis Rodman,1996-97,December,Chicago Bulls,Los Angeles Lakers,0,4,7,0,1,0,0
182,130,Scottie Pippen,1996-97,December,Chicago Bulls,Los Angeles Lakers,12,1,3,0,0,4,1
183,182,Scottie Pippen,1996-97,December,Chicago Bulls,Los Angeles Lakers,14,1,3,0,0,4,1
184,137,Elden Campbell,1996-97,December,Los Angeles Lakers,Chicago Bulls,14,0,7,0,0,0,2
185,183,Scottie Pippen,1996-97,December,Chicago Bulls,Los Angeles Lakers,15,1,3,0,0,4,1
186,164,Shaquille O'Neal,1996-97,December,Los Angeles Lakers,Chicago Bulls,21,2,4,0,1,0,1
187,136,Eddie Jones,1996-97,December,Los Angeles Lakers,Chicago Bulls,8,2,2,0,1,0,1
188,178,Michael Jordan,1996-97,December,Chicago Bulls,Los Angeles Lakers,15,1,4,0,0,0,1
189,186,Shaquille O'Neal,1996-97,December,Los Angeles Lakers,Chicago Bulls,23,2,4,0,1,0,1
190,188,Michael Jordan,1996-97,December,Chicago Bulls,Los Angeles Lakers,17,1,4,0,0,0,1
191,185,Scottie Pippen,1996-97,December,Chicago Bulls,Los Angeles Lakers,15,2,3,0,0,4,1
193,189,Shaquille O'Neal,1996-97,December,Los Angeles Lakers,Chicago Bulls,23,2,5,0,1,0,1
195,180,Dennis Rodman,1996-97,December,Chicago Bulls,Los Angeles Lakers,0,4,8,0,1,0,0
197,190,Michael Jordan,1996-97,December,Chicago Bulls,Los Angeles Lakers,17,1,5,0,0,0,1
198,197,Michael Jordan,1996-97,December,Chicago Bulls,Los Angeles Lakers,19,1,5,0,0,0,1
199,184,Elden Campbell,1996-97,December,Los Angeles Lakers,Chicago Bulls,14,0,7,0,0,1,2
200,193,Shaquille O'Neal,1996-97,December,Los Angeles Lakers,Chicago Bulls,23,2,5,0,1,0,2
201,162,Toni Kukoc,1996-97,December,Chicago Bulls,Los Angeles Lakers,6,0,2,0,0,0,0
203,200,Shaquille O'Neal,1996-97,December,Los Angeles Lakers,Chicago Bulls,23,2,6,0,1,0,2
204,203,Shaquille O'Neal,1996-97,December,Los Angeles Lakers,Chicago Bulls,23,2,6,0,1,1,2
205,59,Jerome Kersey,1996-97,December,Los Angeles Lakers,Chicago Bulls,0,1,1,0,1,0,1
206,198,Michael Jordan,1996-97,December,Chicago Bulls,Los Angeles Lakers,20,1,5,0,0,0,1
208,195,Dennis Rodman,1996-97,December,Chicago Bulls,Los Angeles Lakers,0,4,8,0,1,0,1
209,153,Corie Blount,1996-97,December,Los Angeles Lakers,Chicago Bulls,1,1,1,0,0,0,0
211,205,Jerome Kersey,1996-97,December,Los Angeles Lakers,Chicago Bulls,0,1,2,0,1,0,1
212,211,Jerome Kersey,1996-97,December,Los Angeles Lakers,Chicago Bulls,2,1,2,0,1,0,1
215,69,Bill Wennington,1996-97,December,Chicago Bulls,Los Angeles Lakers,8,1,1,0,0,1,2
216,212,Jerome Kersey,1996-97,December,Los Angeles Lakers,Chicago Bulls,2,1,2,0,1,0,2
218,215,Bill Wennington,1996-97,December,Chicago Bulls,Los Angeles Lakers,9,1,1,0,0,1,2
219,204,Shaquille O'Neal,1996-97,December,Los Angeles Lakers,Chicago Bulls,25,2,6,0,1,1,2
220,187,Eddie Jones,1996-97,December,Los Angeles Lakers,Chicago Bulls,8,2,2,0,1,0,2
222,219,Shaquille O'Neal,1996-97,December,Los Angeles Lakers,Chicago Bulls,25,2,7,0,1,1,2
224,191,Scottie Pippen,1996-97,December,Chicago Bulls,Los Angeles Lakers,15,2,4,0,0,4,1
226,222,Shaquille O'Neal,1996-97,December,Los Angeles Lakers,Chicago Bulls,25,2,7,1,1,1,2
227,216,Jerome Kersey,1996-97,December,Los Angeles Lakers,Chicago Bulls,2,1,3,0,1,0,2
228,226,Shaquille O'Neal,1996-97,December,Los Angeles Lakers,Chicago Bulls,25,2,7,1,1,2,2
229,56,Ron Harper,1996-97,December,Chicago Bulls,Los Angeles Lakers,3,0,2,0,1,1,2
230,218,Bill Wennington,1996-97,December,Chicago Bulls,Los Angeles Lakers,9,2,1,0,0,1,2
232,224,Scottie Pippen,1996-97,December,Chicago Bulls,Los Angeles Lakers,15,2,5,0,0,4,1
233,232,Scottie Pippen,1996-97,December,Chicago Bulls,Los Angeles Lakers,18,2,5,0,0,4,1
235,206,Michael Jordan,1996-97,December,Chicago Bulls,Los Angeles Lakers,20,1,6,0,0,0,1
236,208,Dennis Rodman,1996-97,December,Chicago Bulls,Los Angeles Lakers,0,4,8,0,1,1,1
237,230,Bill Wennington,1996-97,December,Chicago Bulls,Los Angeles Lakers,9,2,1,0,0,1,3
238,169,Nick Van Exel,1996-97,December,Los Angeles Lakers,Chicago Bulls,17,2,0,0,0,2,1
239,238,Nick Van Exel,1996-97,December,Los Angeles Lakers,Chicago Bulls,18,2,0,0,0,2,1
241,236,Dennis Rodman,1996-97,December,Chicago Bulls,Los Angeles Lakers,0,4,9,0,1,1,1
243,220,Eddie Jones,1996-97,December,Los Angeles Lakers,Chicago Bulls,8,2,3,0,1,0,2
244,243,Eddie Jones,1996-97,December,Los Angeles Lakers,Chicago Bulls,10,2,3,0,1,0,2
246,229,Ron Harper,1996-97,December,Chicago Bulls,Los Angeles Lakers,3,0,3,0,1,1,2
248,227,Jerome Kersey,1996-97,December,Los Angeles Lakers,Chicago Bulls,2,1,4,0,1,0,2
249,244,Eddie Jones,1996-97,December,Los Angeles Lakers,Chicago Bulls,12,2,3,0,1,0,2
250,248,Jerome Kersey,1996-97,December,Los Angeles Lakers,Chicago Bulls,2,2,4,0,1,0,2
251,233,Scottie Pippen,1996-97,December,Chicago Bulls,Los Angeles Lakers,20,2,5,0,0,4,1
252,241,Dennis Rodman,1996-97,December,Chicago Bulls,Los Angeles Lakers,0,5,9,0,1,1,1
253,228,Shaquille O'Neal,1996-97,December,Los Angeles Lakers,Chicago Bulls,25,2,7,1,1,2,3
254,251,Scottie Pippen,1996-97,December,Chicago Bulls,Los Angeles Lakers,21,2,5,0,0,4,1
255,249,Eddie Jones,1996-97,December,Los Angeles Lakers,Chicago Bulls,14,2,3,0,1,0,2
256,239,Nick Van Exel,1996-97,December,Los Angeles Lakers,Chicago Bulls,18,3,0,0,0,2,1
257,237,Bill Wennington,1996-97,December,Chicago Bulls,Los Angeles Lakers,9,2,1,0,0,1,4
258,255,Eddie Jones,1996-97,December,Los Angeles Lakers,Chicago Bulls,15,2,3,0,1,0,2
259,256,Nick Van Exel,1996-97,December,Los Angeles Lakers,Chicago Bulls,18,3,0,0,0,2,2
260,235,Michael Jordan,1996-97,December,Chicago Bulls,Los Angeles Lakers,21,1,6,0,0,0,1
262,199,Elden Campbell,1996-97,December,Los Angeles Lakers,Chicago Bulls,14,0,8,0,0,1,2
263,253,Shaquille O'Neal,1996-97,December,Los Angeles Lakers,Chicago Bulls,27,2,7,1,1,2,3
264,259,Nick Van Exel,1996-97,December,Los Angeles Lakers,Chicago Bulls,18,4,0,0,0,2,2
265,260,Michael Jordan,1996-97,December,Chicago Bulls,Los Angeles Lakers,21,1,6,0,0,1,1
266,254,Scottie Pippen,1996-97,December,Chicago Bulls,Los Angeles Lakers,21,2,5,0,0,4,2
268,266,Scottie Pippen,1996-97,December,Chicago Bulls,Los Angeles Lakers,21,2,6,0,0,4,2
269,246,Ron Harper,1996-97,December,Chicago Bulls,Los Angeles Lakers,3,0,3,0,1,2,2
270,264,Nick Van Exel,1996-97,December,Los Angeles Lakers,Chicago Bulls,18,4,0,0,1,2,2
271,250,Jerome Kersey,1996-97,December,Los Angeles Lakers,Chicago Bulls,4,2,4,0,1,0,2
272,270,Nick Van Exel,1996-97,December,Los Angeles Lakers,Chicago Bulls,18,5,0,0,1,2,2
273,268,Scottie Pippen,1996-97,December,Chicago Bulls,Los Angeles Lakers,23,2,6,0,0,4,2
274,127,Randy Brown,1996-97,December,Chicago Bulls,Los Angeles Lakers,2,1,0,0,0,0,1
275,201,Toni Kukoc,1996-97,December,Chicago Bulls,Los Angeles Lakers,6,0,2,0,0,0,1
276,262,Elden Campbell,1996-97,December,Los Angeles Lakers,Chicago Bulls,15,0,8,0,0,1,2
277,276,Elden Campbell,1996-97,December,Los Angeles Lakers,Chicago Bulls,16,0,8,0,0,1,2
278,274,Randy Brown,1996-97,December,Chicago Bulls,Los Angeles Lakers,4,1,0,0,0,0,1
279,272,Nick Van Exel,1996-97,December,Los Angeles Lakers,Chicago Bulls,18,5,0,0,1,3,2
280,252,Dennis Rodman,1996-97,December,Chicago Bulls,Los Angeles Lakers,0,5,9,0,2,1,1
281,278,Randy Brown,1996-97,December,Chicago Bulls,Los Angeles Lakers,6,1,0,0,0,0,1
282,275,Toni Kukoc,1996-97,December,Chicago Bulls,Los Angeles Lakers,6,1,2,0,0,0,1
284,265,Michael Jordan,1996-97,December,Chicago Bulls,Los Angeles Lakers,21,1,6,1,0,1,1
286,284,Michael Jordan,1996-97,December,Chicago Bulls,Los Angeles Lakers,23,1,6,1,0,1,1
287,282,Toni Kukoc,1996-97,December,Chicago Bulls,Los Angeles Lakers,6,2,2,0,0,0,1
289,280,Dennis Rodman,1996-97,December,Chicago Bulls,Los Angeles Lakers,0,5,10,0,2,1,1
291,287,Toni Kukoc,1996-97,December,Chicago Bulls,Los Angeles Lakers,6,2,3,0,0,0,1
293,277,Elden Campbell,1996-97,December,Los Angeles Lakers,Chicago Bulls,16,0,9,0,0,1,2
294,279,Nick Van Exel,1996-97,December,Los Angeles Lakers,Chicago Bulls,20,5,0,0,1,3,2
295,289,Dennis Rodman,1996-97,December,Chicago Bulls,Los Angeles Lakers,0,5,10,0,2,1,2
297,295,Dennis Rodman,1996-97,December,Chicago Bulls,Los Angeles Lakers,0,5,11,0,2,1,2
299,294,Nick Van Exel,1996-97,December,Los Angeles Lakers,Chicago Bulls,20,5,1,0,1,3,2
300,299,Nick Van Exel,1996-97,December,Los Angeles Lakers,Chicago Bulls,20,5,1,0,1,4,2
301,281,Randy Brown,1996-97,December,Chicago Bulls,Los Angeles Lakers,6,1,0,0,1,0,1
302,177,Byron Scott,1996-97,December,Los Angeles Lakers,Chicago Bulls,0,2,0,0,0,0,2
303,301,Randy Brown,1996-97,December,Chicago Bulls,Los Angeles Lakers,7,1,0,0,1,0,1
304,303,Randy Brown,1996-97,December,Chicago Bulls,Los Angeles Lakers,8,1,0,0,1,0,1
305,300,Nick Van Exel,1996-97,December,Los Angeles Lakers,Chicago Bulls,23,5,1,0,1,4,2
306,258,Eddie Jones,1996-97,December,Los Angeles Lakers,Chicago Bulls,15,3,3,0,1,0,2
308,263,Shaquille O'Neal,1996-97,December,Los Angeles Lakers,Chicago Bulls,27,2,8,1,1,2,3
309,308,Shaquille O'Neal,1996-97,December,Los Angeles Lakers,Chicago Bulls,27,2,8,1,1,3,3
310,291,Toni Kukoc,1996-97,December,Chicago Bulls,Los Angeles Lakers,6,2,3,0,1,0,1
312,305,Nick Van Exel,1996-97,December,Los Angeles Lakers,Chicago Bulls,23,5,2,0,1,4,2
314,304,Randy Brown,1996-97,December,Chicago Bulls,Los Angeles Lakers,8,1,1,0,1,0,1
316,302,Byron Scott,1996-97,December,Los Angeles Lakers,Chicago Bulls,0,2,1,0,0,0,2
317,273,Scottie Pippen,1996-97,December,Chicago Bulls,Los Angeles Lakers,23,2,6,0,0,4,3
318,316,Byron Scott,1996-97,December,Los Angeles Lakers,Chicago Bulls,1,2,1,0,0,0,2
320,297,Dennis Rodman,1996-97,December,Chicago Bulls,Los Angeles Lakers,0,5,12,0,2,1,2
322,317,Scottie Pippen,1996-97,December,Chicago Bulls,Los Angeles Lakers,23,2,7,0,0,4,3
323,209,Corie Blount,1996-97,December,Los Angeles Lakers,Chicago Bulls,1,1,1,0,0,0,1
324,322,Scottie Pippen,1996-97,December,Chicago Bulls,Los Angeles Lakers,24,2,7,0,0,4,3
326,309,Shaquille O'Neal,1996-97,December,Los Angeles Lakers,Chicago Bulls,27,2,9,1,1,3,3
327,324,Scottie Pippen,1996-97,December,Chicago Bulls,Los Angeles Lakers,24,2,7,0,0,4,4
329,306,Eddie Jones,1996-97,December,Los Angeles Lakers,Chicago Bulls,16,3,3,0,1,0,2
330,327,Scottie Pippen,1996-97,December,Chicago Bulls,Los Angeles Lakers,26,2,7,0,0,4,4
331,314,Randy Brown,1996-97,December,Chicago Bulls,Los Angeles Lakers,8,2,1,0,1,0,1
332,330,Scottie Pippen,1996-97,December,Chicago Bulls,Los Angeles Lakers,26,2,7,0,0,4,5
333,141,Derek Fisher,1996-97,December,Los Angeles Lakers,Chicago Bulls,3,0,1,0,0,0,0
334,333,Derek Fisher,1996-97,December,Los Angeles Lakers,Chicago Bulls,4,0,1,0,0,0,0
335,310,Toni Kukoc,1996-97,December,Chicago Bulls,Los Angeles Lakers,8,2,3,0,1,0,1
336,163,Steve Kerr,1996-97,December,Chicago Bulls,Los Angeles Lakers,0,3,1,0,0,0,0
337,334,Derek Fisher,1996-97,December,Los Angeles Lakers,Chicago Bulls,6,0,1,0,0,0,0
338,331,Randy Brown,1996-97,December,Chicago Bulls,Los Angeles Lakers,8,2,1,0,1,0,2
339,337,Derek Fisher,1996-97,December,Los Angeles Lakers,Chicago Bulls,7,0,1,0,0,0,0
341,154,Kobe Bryant,1996-97,December,Los Angeles Lakers,Chicago Bulls,5,0,0,1,0,0,1
342,341,Kobe Bryant,1996-97,December,Los Angeles Lakers,Chicago Bulls,5,0,1,1,0,0,1
345,176,Robert Parish,1996-97,December,Chicago Bulls,Los Angeles Lakers,6,0,2,2,0,0,1
346,345,Robert Parish,1996-97,December,Chicago Bulls,Los Angeles Lakers,6,0,3,2,0,0,1
347,323,Corie Blount,1996-97,December,Los Angeles Lakers,Chicago Bulls,1,1,1,0,0,0,2
348,286,Michael Jordan,1996-97,December,Chicago Bulls,Los Angeles Lakers,24,1,6,1,0,1,1
349,348,Michael Jordan,1996-97,December,Chicago Bulls,Los Angeles Lakers,25,1,6,1,0,1,1
351,347,Corie Blount,1996-97,December,Los Angeles Lakers,Chicago Bulls,1,1,2,0,0,0,2
352,335,Toni Kukoc,1996-97,December,Chicago Bulls,Los Angeles Lakers,8,2,3,0,1,0,2
354,293,Elden Campbell,1996-97,December,Los Angeles Lakers,Chicago Bulls,17,0,9,0,0,1,2
356,0,Jason Caffey,1996-97,December,Chicago Bulls,Los Angeles Lakers,0,0,1,0,0,0,0
358,318,Byron Scott,1996-97,December,Los Angeles Lakers,Chicago Bulls,1,2,2,0,0,0,2
359,354,Elden Campbell,1996-97,December,Los Angeles Lakers,Chicago Bulls,19,0,9,0,0,1,2
361,346,Robert Parish,1996-97,December,Chicago Bulls,Los Angeles Lakers,6,0,4,2,0,0,1
363,271,Jerome Kersey,1996-97,December,Los Angeles Lakers,Chicago Bulls,4,2,5,0,1,0,2
364,358,Byron Scott,1996-97,December,Los Angeles Lakers,Chicago Bulls,1,2,2,0,0,1,2
365,352,Toni Kukoc,1996-97,December,Chicago Bulls,Los Angeles Lakers,8,2,3,0,2,0,2
366,363,Jerome Kersey,1996-97,December,Los Angeles Lakers,Chicago Bulls,4,2,5,0,1,0,3
367,365,Toni Kukoc,1996-97,December,Chicago Bulls,Los Angeles Lakers,9,2,3,0,2,0,2
368,367,Toni Kukoc,1996-97,December,Chicago Bulls,Los Angeles Lakers,10,2,3,0,2,0,2
369,364,Byron Scott,1996-97,December,Los Angeles Lakers,Chicago Bulls,1,2,2,0,0,2,2
370,368,Toni Kukoc,1996-97,December,Chicago Bulls,Los Angeles Lakers,10,2,3,0,3,0,2
371,370,Toni Kukoc,1996-97,December,Chicago Bulls,Los Angeles Lakers,12,2,3,0,3,0,2
372,339,Derek Fisher,1996-97,December,Los Angeles Lakers,Chicago Bulls,7,0,1,0,0,1,0
373,338,Randy Brown,1996-97,December,Chicago Bulls,Los Angeles Lakers,8,2,1,0,2,0,2
374,372,Derek Fisher,1996-97,December,Los Angeles Lakers,Chicago Bulls,7,0,1,0,0,1,1
375,366,Jerome Kersey,1996-97,December,Los Angeles Lakers,Chicago Bulls,4,2,5,0,1,0,4
376,371,Toni Kukoc,1996-97,December,Chicago Bulls,Los Angeles Lakers,15,2,3,0,3,0,2
377,373,Randy Brown,1996-97,December,Chicago Bulls,Los Angeles Lakers,8,3,1,0,2,0,2
378,329,Eddie Jones,1996-97,December,Los Angeles Lakers,Chicago Bulls,19,3,3,0,1,0,2
379,312,Nick Van Exel,1996-97,December,Los Angeles Lakers,Chicago Bulls,23,6,2,0,1,4,2
381,359,Elden Campbell,1996-97,December,Los Angeles Lakers,Chicago Bulls,19,0,10,0,0,1,2
383,349,Michael Jordan,1996-97,December,Chicago Bulls,Los Angeles Lakers,25,1,7,1,0,1,1
385,375,Jerome Kersey,1996-97,December,Los Angeles Lakers,Chicago Bulls,4,2,5,1,1,0,4
386,376,Toni Kukoc,1996-97,December,Chicago Bulls,Los Angeles Lakers,15,2,4,0,3,0,2
387,383,Michael Jordan,1996-97,December,Chicago Bulls,Los Angeles Lakers,25,1,7,1,0,2,1
388,385,Jerome Kersey,1996-97,December,Los Angeles Lakers,Chicago Bulls,4,2,5,1,2,0,4
390,88,Dickey Simpkins,1996-97,December,Chicago Bulls,Los Angeles Lakers,0,1,1,0,0,0,0
392,386,Toni Kukoc,1996-97,December,Chicago Bulls,Los Angeles Lakers,15,2,5,0,3,0,2
394,326,Shaquille O'Neal,1996-97,December,Los Angeles Lakers,Chicago Bulls,27,2,9,2,1,3,3
395,356,Jason Caffey,1996-97,December,Chicago Bulls,Los Angeles Lakers,0,0,2,0,0,0,0
396,392,Toni Kukoc,1996-97,December,Chicago Bulls,Los Angeles Lakers,18,2,5,0,3,0,2
397,377,Randy Brown,1996-97,December,Chicago Bulls,Los Angeles Lakers,8,4,1,0,2,0,2
399,396,Toni Kukoc,1996-97,December,Chicago Bulls,Los Angeles Lakers,21,2,5,0,3,0,2
400,387,Michael Jordan,1996-97,December,Chicago Bulls,Los Angeles Lakers,25,2,7,1,0,2,1
401,378,Eddie Jones,1996-97,December,Los Angeles Lakers,Chicago Bulls,21,3,3,0,1,0,2
403,381,Elden Campbell,1996-97,December,Los Angeles Lakers,Chicago Bulls,19,0,11,0,0,1,2
405,320,Dennis Rodman,1996-97,December,Chicago Bulls,Los Angeles Lakers,0,5,13,0,2,1,2
407,379,Nick Van Exel,1996-97,December,Los Angeles Lakers,Chicago Bulls,23,6,3,0,1,4,2
408,407,Nick Van Exel,1996-97,December,Los Angeles Lakers,Chicago Bulls,25,6,3,0,1,4,2
409,401,Eddie Jones,1996-97,December,Los Angeles Lakers,Chicago Bulls,21,3,3,0,1,0,3
410,400,Michael Jordan,1996-97,December,Chicago Bulls,Los Angeles Lakers,26,2,7,1,0,2,1
411,410,Michael Jordan,1996-97,December,Chicago Bulls,Los Angeles Lakers,27,2,7,1,0,2,1
413,332,Scottie Pippen,1996-97,December,Chicago Bulls,Los Angeles Lakers,26,2,8,0,0,4,5
414,413,Scottie Pippen,1996-97,December,Chicago Bulls,Los Angeles Lakers,26,2,8,0,0,5,5
415,388,Jerome Kersey,1996-97,December,Los Angeles Lakers,Chicago Bulls,4,2,5,1,3,0,4
416,408,Nick Van Exel,1996-97,December,Los Angeles Lakers,Chicago Bulls,27,6,3,0,1,4,2
417,397,Randy Brown,1996-97,December,Chicago Bulls,Los Angeles Lakers,10,4,1,0,2,0,2
418,414,Scottie Pippen,1996-97,December,Chicago Bulls,Los Angeles Lakers,26,3,8,0,0,5,5
420,415,Jerome Kersey,1996-97,December,Los Angeles Lakers,Chicago Bulls,4,2,6,1,3,0,4
422,420,Jerome Kersey,1996-97,December,Los Angeles Lakers,Chicago Bulls,4,2,7,1,3,0,4
424,399,Toni Kukoc,1996-97,December,Chicago Bulls,Los Angeles Lakers,21,2,6,0,3,0,2
425,418,Scottie Pippen,1996-97,December,Chicago Bulls,Los Angeles Lakers,29,3,8,0,0,5,5
426,417,Randy Brown,1996-97,December,Chicago Bulls,Los Angeles Lakers,10,5,1,0,2,0,2
427,416,Nick Van Exel,1996-97,December,Los Angeles Lakers,Chicago Bulls,27,6,3,0,1,5,2
428,425,Scottie Pippen,1996-97,December,Chicago Bulls,Los Angeles Lakers,31,3,8,0,0,5,5
429,411,Michael Jordan,1996-97,December,Chicago Bulls,Los Angeles Lakers,27,3,7,1,0,2,1
431,405,Dennis Rodman,1996-97,December,Chicago Bulls,Los Angeles Lakers,0,5,14,0,2,1,2
432,428,Scottie Pippen,1996-97,December,Chicago Bulls,Los Angeles Lakers,31,3,8,0,0,6,5
433,409,Eddie Jones,1996-97,December,Los Angeles Lakers,Chicago Bulls,21,3,3,0,2,0,3
434,424,Toni Kukoc,1996-97,December,Chicago Bulls,Los Angeles Lakers,21,2,6,0,3,0,3
435,427,Nick Van Exel,1996-97,December,Los Angeles Lakers,Chicago Bulls,27,6,3,0,1,6,2
436,434,Toni Kukoc,1996-97,December,Chicago Bulls,Los Angeles Lakers,21,2,6,0,4,0,3
437,433,Eddie Jones,1996-97,December,Los Angeles Lakers,Chicago Bulls,21,3,3,0,2,0,4
439,426,Randy Brown,1996-97,December,Chicago Bulls,Los Angeles Lakers,11,5,1,0,2,0,2
440,437,Eddie Jones,1996-97,December,Los Angeles Lakers,Chicago Bulls,21,3,3,0,2,1,4
441,431,Dennis Rodman,1996-97,December,Chicago Bulls,Los Angeles Lakers,0,5,14,0,3,1,2
442,394,Shaquille O'Neal,1996-97,December,Los Angeles Lakers,Chicago Bulls,27,2,9,2,1,3,4
443,432,Scottie Pippen,1996-97,December,Chicago Bulls,Los Angeles Lakers,32,3,8,0,0,6,5
444,443,Scottie Pippen,1996-97,December,Chicago Bulls,Los Angeles Lakers,33,3,8,0,0,6,5
445,429,Michael Jordan,1996-97,December,Chicago Bulls,Los Angeles Lakers,27,3,7,1,0,2,2
447,422,Jerome Kersey,1996-97,December,Los Angeles Lakers,Chicago Bulls,5,2,7,1,3,0,4
448,440,Eddie Jones,1996-97,December,Los Angeles Lakers,Chicago Bulls,21,3,3,0,2,1,5
450,445,Michael Jordan,1996-97,December,Chicago Bulls,Los Angeles Lakers,28,3,7,1,0,2,2
452,442,Shaquille O'Neal,1996-97,December,Los Angeles Lakers,Chicago Bulls,27,2,10,2,1,3,4
454,403,Elden Campbell,1996-97,December,Los Angeles Lakers,Chicago Bulls,19,0,12,0,0,1,2
455,436,Toni Kukoc,1996-97,December,Chicago Bulls,Los Angeles Lakers,21,2,6,0,4,0,4
458,444,Scottie Pippen,1996-97,December,Chicago Bulls,Los Angeles Lakers,33,3,9,0,0,6,5
459,455,Toni Kukoc,1996-97,December,Chicago Bulls,Los Angeles Lakers,24,2,6,0,4,0,4
460,458,Scottie Pippen,1996-97,December,Chicago Bulls,Los Angeles Lakers,33,4,9,0,0,6,5
462,460,Scottie Pippen,1996-97,December,Chicago Bulls,Los Angeles Lakers,33,4,9,1,0,6,5
463,450,Michael Jordan,1996-97,December,Chicago Bulls,Los Angeles Lakers,28,3,8,1,0,2,2
465,452,Shaquille O'Neal,1996-97,December,Los Angeles Lakers,Chicago Bulls,27,2,11,2,1,3,4
466,435,Nick Van Exel,1996-97,December,Los Angeles Lakers,Chicago Bulls,29,6,3,0,1,6,2
467,465,Shaquille O'Neal,1996-97,December,Los Angeles Lakers,Chicago Bulls,27,2,11,2,1,3,5
468,459,Toni Kukoc,1996-97,December,Chicago Bulls,Los Angeles Lakers,25,2,6,0,4,0,4
469,468,Toni Kukoc,1996-97,December,Chicago Bulls,Los Angeles Lakers,26,2,6,0,4,0,4
471,467,Shaquille O'Neal,1996-97,December,Los Angeles Lakers,Chicago Bulls,27,2,11,2,1,4,5
472,463,Michael Jordan,1996-97,December,Chicago Bulls,Los Angeles Lakers,28,3,8,1,1,2,2
475,454,Elden Campbell,1996-97,December,Los Angeles Lakers,Chicago Bulls,19,0,13,0,0,1,2
477,471,Shaquille O'Neal,1996-97,December,Los Angeles Lakers,Chicago Bulls,27,2,12,2,1,4,5
479,472,Michael Jordan,1996-97,December,Chicago Bulls,Los Angeles Lakers,28,3,9,1,1,2,2
481,477,Shaquille O'Neal,1996-97,December,Los Angeles Lakers,Chicago Bulls,27,2,13,2,1,4,5
482,466,Nick Van Exel,1996-97,December,Los Angeles Lakers,Chicago Bulls,31,6,3,0,1,6,2
483,469,Toni Kukoc,1996-97,December,Chicago Bulls,Los Angeles Lakers,28,2,6,0,4,0,4
484,462,Scottie Pippen,1996-97,December,Chicago Bulls,Los Angeles Lakers,33,5,9,1,0,6,5
485,482,Nick Van Exel,1996-97,December,Los Angeles Lakers,Chicago Bulls,33,6,3,0,1,6,2
487,475,Elden Campbell,1996-97,December,Los Angeles Lakers,Chicago Bulls,19,0,14,0,0,1,2
489,484,Scottie Pippen,1996-97,December,Chicago Bulls,Los Angeles Lakers,33,5,10,1,0,6,5
490,439,Randy Brown,1996-97,December,Chicago Bulls,Los Angeles Lakers,13,5,1,0,2,0,2
491,489,Scottie Pippen,1996-97,December,Chicago Bulls,Los Angeles Lakers,33,6,10,1,0,6,5
492,483,Toni Kukoc,1996-97,December,Chicago Bulls,Los Angeles Lakers,28,2,6,0,4,0,5
494,485,Nick Van Exel,1996-97,December,Los Angeles Lakers,Chicago Bulls,34,6,3,0,1,6,2
495,492,Toni Kukoc,1996-97,December,Chicago Bulls,Los Angeles Lakers,31,2,6,0,4,0,5
496,441,Dennis Rodman,1996-97,December,Chicago Bulls,Los Angeles Lakers,0,5,14,0,3,1,3
499,496,Dennis Rodman,1996-97,December,Chicago Bulls,Los Angeles Lakers,0,5,15,0,3,1,3
501,447,Jerome Kersey,1996-97,December,Los Angeles Lakers,Chicago Bulls,5,2,8,1,3,0,4
502,494,Nick Van Exel,1996-97,December,Los Angeles Lakers,Chicago Bulls,36,6,3,0,1,6,2
503,481,Shaquille O'Neal,1996-97,December,Los Angeles Lakers,Chicago Bulls,27,3,13,2,1,4,5
504,491,Scottie Pippen,1996-97,December,Chicago Bulls,Los Angeles Lakers,35,6,10,1,0,6,5
506,448,Eddie Jones,1996-97,December,Los Angeles Lakers,Chicago Bulls,21,3,4,0,2,1,5
508,499,Dennis Rodman,1996-97,December,Chicago Bulls,Los Angeles Lakers,0,5,16,0,3,1,3
509,502,Nick Van Exel,1996-97,December,Los Angeles Lakers,Chicago Bulls,36,6,3,0,1,6,3
510,506,Eddie Jones,1996-97,December,Los Angeles Lakers,Chicago Bulls,21,3,4,0,2,1,6
511,479,Michael Jordan,1996-97,December,Chicago Bulls,Los Angeles Lakers,29,3,9,1,1,2,2
512,511,Michael Jordan,1996-97,December,Chicago Bulls,Los Angeles Lakers,30,3,9,1,1,2,2
513,495,Toni Kukoc,1996-97,December,Chicago Bulls,Los Angeles Lakers,31,2,6,0,4,0,6
516,508,Dennis Rodman,1996-97,December,Chicago Bulls,Los Angeles Lakers,0,5,17,0,3,1,3
517,487,Elden Campbell,1996-97,December,Los Angeles Lakers,Chicago Bulls,19,0,14,0,0,1,3
518,516,Dennis Rodman,1996-97,December,Chicago Bulls,Los Angeles Lakers,1,5,17,0,3,1,3
519,518,Dennis Rodman,1996-97,December,Chicago Bulls,Los Angeles Lakers,2,5,17,0,3,1,3
521,519,Dennis Rodman,1996-97,December,Chicago Bulls,Los Angeles Lakers,2,5,18,0,3,1,3
