id,previous_id,player,season,month,team,opponent_team,points,assists,rebounds,blocks,steals,turnovers,personal fouls
1,0,Greg Anthony,1996-97,November,Vancouver Grizzlies,Chicago Bulls,3,0,0,0,0,0,0
2,0,Luc Longley,1996-97,November,Chicago Bulls,Vancouver Grizzlies,0,0,0,0,0,1,0
3,0,Shareef Abdur-Rahim,1996-97,November,Chicago Bulls,Vancouver Grizzlies,0,0,0,0,1,0,0
4,0,Anthony Peeler,1996-97,November,Vancouver Grizzlies,Chicago Bulls,3,0,0,0,0,0,0
5,0,Bryant Reeves,1996-97,November,Vancouver Grizzlies,Chicago Bulls,0,1,0,0,0,0,0
6,0,Michael Jordan,1996-97,November,Chicago Bulls,Vancouver Grizzlies,2,0,0,0,0,0,0
7,0,Scottie Pippen,1996-97,November,Chicago Bulls,Vancouver Grizzlies,0,1,0,0,0,0,0
8,1,Greg Anthony,1996-97,November,Vancouver Grizzlies,Chicago Bulls,6,0,0,0,0,0,0
9,5,Bryant Reeves,1996-97,November,Vancouver Grizzlies,Chicago Bulls,0,2,0,0,0,0,0
10,7,Scottie Pippen,1996-97,November,Chicago Bulls,Vancouver Grizzlies,0,1,0,0,0,1,0
11,4,Anthony Peeler,1996-97,November,Vancouver Grizzlies,Chicago Bulls,3,0,0,0,0,1,0
12,0,Ron Harper,1996-97,November,Vancouver Grizzlies,Chicago Bulls,0,0,0,0,1,0,0
13,6,Michael Jordan,1996-97,November,Chicago Bulls,Vancouver Grizzlies,4,0,0,0,0,0,0
14,10,Scottie Pippen,1996-97,November,Chicago Bulls,Vancouver Grizzlies,0,2,0,0,0,1,0
16,12,Ron Harper,1996-97,November,Chicago Bulls,Vancouver Grizzlies,0,0,1,0,1,0,0
17,13,Michael Jordan,1996-97,November,Chicago Bulls,Vancouver Grizzlies,7,0,0,0,0,0,0
18,14,Scottie Pippen,1996-97,November,Chicago Bulls,Vancouver Grizzlies,0,3,0,0,0,1,0
20,17,Michael Jordan,1996-97,November,Chicago Bulls,Vancouver Grizzlies,7,0,1,0,0,0,0
22,2,Luc Longley,1996-97,November,Chicago Bulls,Vancouver Grizzlies,0,0,1,0,0,1,0
25,9,Bryant Reeves,1996-97,November,Vancouver Grizzlies,Chicago Bulls,0,2,1,0,0,0,0
27,22,Luc Longley,1996-97,November,Vancouver Grizzlies,Chicago Bulls,0,0,1,1,0,1,0
28,27,Luc Longley,1996-97,November,Chicago Bulls,Vancouver Grizzlies,0,0,2,1,0,1,0
29,20,Michael Jordan,1996-97,November,Chicago Bulls,Vancouver Grizzlies,9,0,1,0,0,0,0
31,28,Luc Longley,1996-97,November,Vancouver Grizzlies,Chicago Bulls,0,0,2,2,0,1,0
32,11,Anthony Peeler,1996-97,November,Vancouver Grizzlies,Chicago Bulls,3,0,1,0,0,1,0
33,8,Greg Anthony,1996-97,November,Vancouver Grizzlies,Chicago Bulls,9,0,0,0,0,0,0
34,32,Anthony Peeler,1996-97,November,Vancouver Grizzlies,Chicago Bulls,3,1,1,0,0,1,0
36,34,Anthony Peeler,1996-97,November,Vancouver Grizzlies,Chicago Bulls,3,1,2,0,0,1,0
38,31,Luc Longley,1996-97,November,Chicago Bulls,Vancouver Grizzlies,0,0,3,2,0,1,0
39,29,Michael Jordan,1996-97,November,Chicago Bulls,Vancouver Grizzlies,9,0,1,0,0,1,0
40,33,Greg Anthony,1996-97,November,Chicago Bulls,Vancouver Grizzlies,9,0,0,0,1,0,0
42,38,Luc Longley,1996-97,November,Chicago Bulls,Vancouver Grizzlies,0,0,4,2,0,1,0
44,25,Bryant Reeves,1996-97,November,Vancouver Grizzlies,Chicago Bulls,0,2,2,0,0,0,0
45,36,Anthony Peeler,1996-97,November,Vancouver Grizzlies,Chicago Bulls,3,1,2,0,0,2,0
46,39,Michael Jordan,1996-97,November,Vancouver Grizzlies,Chicago Bulls,9,0,1,0,1,1,0
47,45,Anthony Peeler,1996-97,November,Vancouver Grizzlies,Chicago Bulls,3,1,2,0,0,2,1
48,42,Luc Longley,1996-97,November,Chicago Bulls,Vancouver Grizzlies,2,0,4,2,0,1,0
49,46,Michael Jordan,1996-97,November,Chicago Bulls,Vancouver Grizzlies,9,1,1,0,1,1,0
50,47,Anthony Peeler,1996-97,November,Vancouver Grizzlies,Chicago Bulls,6,1,2,0,0,2,1
51,40,Greg Anthony,1996-97,November,Vancouver Grizzlies,Chicago Bulls,9,1,0,0,1,0,0
53,18,Scottie Pippen,1996-97,November,Chicago Bulls,Vancouver Grizzlies,0,3,1,0,0,1,0
54,53,Scottie Pippen,1996-97,November,Chicago Bulls,Vancouver Grizzlies,2,3,1,0,0,1,0
56,0,Dennis Rodman,1996-97,November,Chicago Bulls,Vancouver Grizzlies,0,0,1,0,0,0,0
57,54,Scottie Pippen,1996-97,November,Chicago Bulls,Vancouver Grizzlies,2,3,1,0,0,2,0
59,56,Dennis Rodman,1996-97,November,Chicago Bulls,Vancouver Grizzlies,0,0,2,0,0,0,0
60,16,Ron Harper,1996-97,November,Chicago Bulls,Vancouver Grizzlies,2,0,1,0,1,0,0
61,3,Shareef Abdur-Rahim,1996-97,November,Vancouver Grizzlies,Chicago Bulls,2,0,0,0,1,0,0
62,51,Greg Anthony,1996-97,November,Vancouver Grizzlies,Chicago Bulls,9,2,0,0,1,0,0
63,48,Luc Longley,1996-97,November,Chicago Bulls,Vancouver Grizzlies,4,0,4,2,0,1,0
64,63,Luc Longley,1996-97,November,Chicago Bulls,Vancouver Grizzlies,4,0,4,2,0,1,1
66,0,Roy Rogers,1996-97,November,Vancouver Grizzlies,Chicago Bulls,0,0,1,0,0,0,0
68,66,Roy Rogers,1996-97,November,Vancouver Grizzlies,Chicago Bulls,0,0,2,0,0,0,0
69,68,Roy Rogers,1996-97,November,Vancouver Grizzlies,Chicago Bulls,2,0,2,0,0,0,0
71,50,Anthony Peeler,1996-97,November,Vancouver Grizzlies,Chicago Bulls,6,1,3,0,0,2,1
72,71,Anthony Peeler,1996-97,November,Vancouver Grizzlies,Chicago Bulls,6,1,3,0,0,3,1
73,59,Dennis Rodman,1996-97,November,Chicago Bulls,Vancouver Grizzlies,2,0,2,0,0,0,0
74,64,Luc Longley,1996-97,November,Chicago Bulls,Vancouver Grizzlies,4,1,4,2,0,1,1
76,74,Luc Longley,1996-97,November,Vancouver Grizzlies,Chicago Bulls,4,1,4,3,0,1,1
77,61,Shareef Abdur-Rahim,1996-97,November,Vancouver Grizzlies,Chicago Bulls,2,0,1,0,1,0,0
78,62,Greg Anthony,1996-97,November,Vancouver Grizzlies,Chicago Bulls,12,2,0,0,1,0,0
79,77,Shareef Abdur-Rahim,1996-97,November,Vancouver Grizzlies,Chicago Bulls,2,1,1,0,1,0,0
81,78,Greg Anthony,1996-97,November,Vancouver Grizzlies,Chicago Bulls,12,2,1,0,1,0,0
82,44,Bryant Reeves,1996-97,November,Vancouver Grizzlies,Chicago Bulls,2,2,2,0,0,0,0
83,69,Roy Rogers,1996-97,November,Vancouver Grizzlies,Chicago Bulls,2,1,2,0,0,0,0
84,76,Luc Longley,1996-97,November,Chicago Bulls,Vancouver Grizzlies,4,1,4,3,0,1,2
85,82,Bryant Reeves,1996-97,November,Vancouver Grizzlies,Chicago Bulls,3,2,2,0,0,0,0
87,0,Blue Edwards,1996-97,November,Chicago Bulls,Vancouver Grizzlies,0,0,0,1,0,0,0
88,87,Blue Edwards,1996-97,November,Vancouver Grizzlies,Chicago Bulls,0,0,1,1,0,0,0
90,84,Luc Longley,1996-97,November,Vancouver Grizzlies,Chicago Bulls,4,1,4,4,0,1,2
91,83,Roy Rogers,1996-97,November,Vancouver Grizzlies,Chicago Bulls,2,1,3,0,0,0,0
93,0,Toni Kukoc,1996-97,November,Chicago Bulls,Vancouver Grizzlies,0,0,1,0,0,0,0
94,91,Roy Rogers,1996-97,November,Vancouver Grizzlies,Chicago Bulls,2,1,3,0,0,0,1
95,90,Luc Longley,1996-97,November,Chicago Bulls,Vancouver Grizzlies,5,1,4,4,0,1,2
96,95,Luc Longley,1996-97,November,Chicago Bulls,Vancouver Grizzlies,6,1,4,4,0,1,2
97,94,Roy Rogers,1996-97,November,Vancouver Grizzlies,Chicago Bulls,2,1,3,0,0,0,2
98,97,Roy Rogers,1996-97,November,Vancouver Grizzlies,Chicago Bulls,2,1,3,0,0,1,2
100,73,Dennis Rodman,1996-97,November,Chicago Bulls,Vancouver Grizzlies,2,0,3,0,0,0,0
102,100,Dennis Rodman,1996-97,November,Chicago Bulls,Vancouver Grizzlies,2,0,4,0,0,0,0
103,102,Dennis Rodman,1996-97,November,Chicago Bulls,Vancouver Grizzlies,4,0,4,0,0,0,0
104,0,Randy Brown,1996-97,November,Chicago Bulls,Vancouver Grizzlies,0,0,0,0,0,0,1
106,72,Anthony Peeler,1996-97,November,Vancouver Grizzlies,Chicago Bulls,6,1,4,0,0,3,1
107,106,Anthony Peeler,1996-97,November,Vancouver Grizzlies,Chicago Bulls,8,1,4,0,0,3,1
108,93,Toni Kukoc,1996-97,November,Chicago Bulls,Vancouver Grizzlies,2,0,1,0,0,0,0
109,96,Luc Longley,1996-97,November,Chicago Bulls,Vancouver Grizzlies,6,2,4,4,0,1,2
111,60,Ron Harper,1996-97,November,Chicago Bulls,Vancouver Grizzlies,2,0,2,0,1,0,0
113,88,Blue Edwards,1996-97,November,Vancouver Grizzlies,Chicago Bulls,0,0,2,1,0,0,0
114,57,Scottie Pippen,1996-97,November,Chicago Bulls,Vancouver Grizzlies,4,3,1,0,0,2,0
115,103,Dennis Rodman,1996-97,November,Chicago Bulls,Vancouver Grizzlies,4,1,4,0,0,0,0
117,115,Dennis Rodman,1996-97,November,Chicago Bulls,Vancouver Grizzlies,4,1,5,0,0,0,0
118,49,Michael Jordan,1996-97,November,Chicago Bulls,Vancouver Grizzlies,11,1,1,0,1,1,0
119,108,Toni Kukoc,1996-97,November,Chicago Bulls,Vancouver Grizzlies,2,1,1,0,0,0,0
120,0,Eric Mobley,1996-97,November,Vancouver Grizzlies,Chicago Bulls,0,0,0,0,0,1,0
122,117,Dennis Rodman,1996-97,November,Chicago Bulls,Vancouver Grizzlies,4,1,6,0,0,0,0
124,122,Dennis Rodman,1996-97,November,Chicago Bulls,Vancouver Grizzlies,4,1,7,0,0,0,0
126,113,Blue Edwards,1996-97,November,Vancouver Grizzlies,Chicago Bulls,0,0,3,1,0,0,0
128,0,George Lynch,1996-97,November,Vancouver Grizzlies,Chicago Bulls,0,0,0,0,0,0,1
130,124,Dennis Rodman,1996-97,November,Chicago Bulls,Vancouver Grizzlies,4,1,8,0,0,0,0
131,79,Shareef Abdur-Rahim,1996-97,November,Vancouver Grizzlies,Chicago Bulls,2,1,1,0,1,0,1
133,118,Michael Jordan,1996-97,November,Chicago Bulls,Vancouver Grizzlies,11,1,2,0,1,1,0
135,128,George Lynch,1996-97,November,Vancouver Grizzlies,Chicago Bulls,0,0,1,0,0,0,1
136,133,Michael Jordan,1996-97,November,Chicago Bulls,Vancouver Grizzlies,11,1,2,0,1,1,1
137,131,Shareef Abdur-Rahim,1996-97,November,Vancouver Grizzlies,Chicago Bulls,4,1,1,0,1,0,1
138,126,Blue Edwards,1996-97,November,Vancouver Grizzlies,Chicago Bulls,0,1,3,1,0,0,0
140,114,Scottie Pippen,1996-97,November,Chicago Bulls,Vancouver Grizzlies,4,3,2,0,0,2,0
141,140,Scottie Pippen,1996-97,November,Chicago Bulls,Vancouver Grizzlies,6,3,2,0,0,2,0
143,136,Michael Jordan,1996-97,November,Chicago Bulls,Vancouver Grizzlies,11,1,3,0,1,1,1
144,143,Michael Jordan,1996-97,November,Chicago Bulls,Vancouver Grizzlies,11,1,3,0,1,2,1
145,0,Lee Mayberry,1996-97,November,Chicago Bulls,Vancouver Grizzlies,0,0,0,0,1,0,0
146,135,George Lynch,1996-97,November,Vancouver Grizzlies,Chicago Bulls,0,0,1,0,0,1,1
147,144,Michael Jordan,1996-97,November,Vancouver Grizzlies,Chicago Bulls,11,1,3,0,2,2,1
148,119,Toni Kukoc,1996-97,November,Chicago Bulls,Vancouver Grizzlies,4,1,1,0,0,0,0
149,0,Steve Kerr,1996-97,November,Chicago Bulls,Vancouver Grizzlies,0,1,0,0,0,0,0
150,137,Shareef Abdur-Rahim,1996-97,November,Vancouver Grizzlies,Chicago Bulls,6,1,1,0,1,0,1
152,85,Bryant Reeves,1996-97,November,Chicago Bulls,Vancouver Grizzlies,3,2,2,1,0,0,0
153,150,Shareef Abdur-Rahim,1996-97,November,Vancouver Grizzlies,Chicago Bulls,6,1,2,0,1,0,1
154,138,Blue Edwards,1996-97,November,Vancouver Grizzlies,Chicago Bulls,2,1,3,1,0,0,0
155,145,Lee Mayberry,1996-97,November,Vancouver Grizzlies,Chicago Bulls,0,1,0,0,1,0,0
157,147,Michael Jordan,1996-97,November,Chicago Bulls,Vancouver Grizzlies,11,1,4,0,2,2,1
158,0,Bill Wennington,1996-97,November,Chicago Bulls,Vancouver Grizzlies,2,0,0,0,0,0,0
159,157,Michael Jordan,1996-97,November,Chicago Bulls,Vancouver Grizzlies,11,2,4,0,2,2,1
160,153,Shareef Abdur-Rahim,1996-97,November,Vancouver Grizzlies,Chicago Bulls,6,1,2,0,1,0,2
161,160,Shareef Abdur-Rahim,1996-97,November,Vancouver Grizzlies,Chicago Bulls,6,1,2,0,1,1,2
162,146,George Lynch,1996-97,November,Vancouver Grizzlies,Chicago Bulls,0,0,1,0,0,1,2
163,141,Scottie Pippen,1996-97,November,Chicago Bulls,Vancouver Grizzlies,7,3,2,0,0,2,0
164,163,Scottie Pippen,1996-97,November,Chicago Bulls,Vancouver Grizzlies,8,3,2,0,0,2,0
166,148,Toni Kukoc,1996-97,November,Chicago Bulls,Vancouver Grizzlies,4,1,2,0,0,0,0
167,166,Toni Kukoc,1996-97,November,Chicago Bulls,Vancouver Grizzlies,6,1,2,0,0,0,0
168,164,Scottie Pippen,1996-97,November,Chicago Bulls,Vancouver Grizzlies,8,4,2,0,0,2,0
170,168,Scottie Pippen,1996-97,November,Chicago Bulls,Vancouver Grizzlies,8,4,3,0,0,2,0
171,149,Steve Kerr,1996-97,November,Chicago Bulls,Vancouver Grizzlies,3,1,0,0,0,0,0
172,170,Scottie Pippen,1996-97,November,Chicago Bulls,Vancouver Grizzlies,8,5,3,0,0,2,0
173,158,Bill Wennington,1996-97,November,Chicago Bulls,Vancouver Grizzlies,2,0,0,0,0,0,1
174,162,George Lynch,1996-97,November,Vancouver Grizzlies,Chicago Bulls,1,0,1,0,0,1,2
175,174,George Lynch,1996-97,November,Vancouver Grizzlies,Chicago Bulls,2,0,1,0,0,1,2
177,152,Bryant Reeves,1996-97,November,Vancouver Grizzlies,Chicago Bulls,3,2,3,1,0,0,0
179,171,Steve Kerr,1996-97,November,Chicago Bulls,Vancouver Grizzlies,3,1,1,0,0,0,0
181,81,Greg Anthony,1996-97,November,Vancouver Grizzlies,Chicago Bulls,12,2,2,0,1,0,0
183,175,George Lynch,1996-97,November,Vancouver Grizzlies,Chicago Bulls,2,0,2,0,0,1,2
184,173,Bill Wennington,1996-97,November,Chicago Bulls,Vancouver Grizzlies,2,0,0,0,0,0,2
187,130,Dennis Rodman,1996-97,November,Chicago Bulls,Vancouver Grizzlies,4,1,9,0,0,0,0
189,181,Greg Anthony,1996-97,November,Vancouver Grizzlies,Chicago Bulls,12,2,2,0,1,1,0
190,104,Randy Brown,1996-97,November,Chicago Bulls,Vancouver Grizzlies,2,0,0,0,0,0,1
191,172,Scottie Pippen,1996-97,November,Chicago Bulls,Vancouver Grizzlies,8,6,3,0,0,2,0
193,191,Scottie Pippen,1996-97,November,Vancouver Grizzlies,Chicago Bulls,8,6,3,1,0,2,0
194,193,Scottie Pippen,1996-97,November,Chicago Bulls,Vancouver Grizzlies,8,6,4,1,0,2,0
195,159,Michael Jordan,1996-97,November,Chicago Bulls,Vancouver Grizzlies,14,2,4,0,2,2,1
196,177,Bryant Reeves,1996-97,November,Vancouver Grizzlies,Chicago Bulls,5,2,3,1,0,0,0
197,154,Blue Edwards,1996-97,November,Vancouver Grizzlies,Chicago Bulls,2,2,3,1,0,0,0
198,107,Anthony Peeler,1996-97,November,Vancouver Grizzlies,Chicago Bulls,8,1,4,0,0,3,2
199,195,Michael Jordan,1996-97,November,Chicago Bulls,Vancouver Grizzlies,14,2,4,0,2,3,1
200,189,Greg Anthony,1996-97,November,Chicago Bulls,Vancouver Grizzlies,12,2,2,0,2,1,0
201,200,Greg Anthony,1996-97,November,Vancouver Grizzlies,Chicago Bulls,12,2,2,0,2,2,0
202,199,Michael Jordan,1996-97,November,Vancouver Grizzlies,Chicago Bulls,14,2,4,0,3,3,1
203,197,Blue Edwards,1996-97,November,Vancouver Grizzlies,Chicago Bulls,2,2,3,1,0,0,1
205,194,Scottie Pippen,1996-97,November,Chicago Bulls,Vancouver Grizzlies,9,6,4,1,0,2,0
206,98,Roy Rogers,1996-97,November,Vancouver Grizzlies,Chicago Bulls,4,1,3,0,0,1,2
207,201,Greg Anthony,1996-97,November,Vancouver Grizzlies,Chicago Bulls,12,3,2,0,2,2,0
209,109,Luc Longley,1996-97,November,Chicago Bulls,Vancouver Grizzlies,6,2,5,4,0,1,2
211,187,Dennis Rodman,1996-97,November,Chicago Bulls,Vancouver Grizzlies,4,1,10,0,0,0,0
212,211,Dennis Rodman,1996-97,November,Chicago Bulls,Vancouver Grizzlies,6,1,10,0,0,0,0
214,212,Dennis Rodman,1996-97,November,Chicago Bulls,Vancouver Grizzlies,6,1,11,0,0,0,0
215,205,Scottie Pippen,1996-97,November,Chicago Bulls,Vancouver Grizzlies,11,6,4,1,0,2,0
216,214,Dennis Rodman,1996-97,November,Chicago Bulls,Vancouver Grizzlies,6,2,11,0,0,0,0
217,203,Blue Edwards,1996-97,November,Vancouver Grizzlies,Chicago Bulls,2,2,3,1,0,0,2
218,217,Blue Edwards,1996-97,November,Vancouver Grizzlies,Chicago Bulls,2,2,3,1,0,0,2
219,202,Michael Jordan,1996-97,November,Chicago Bulls,Vancouver Grizzlies,15,2,4,0,3,3,1
220,215,Scottie Pippen,1996-97,November,Chicago Bulls,Vancouver Grizzlies,12,6,4,1,0,2,0
221,190,Randy Brown,1996-97,November,Chicago Bulls,Vancouver Grizzlies,2,0,0,0,0,0,2
223,207,Greg Anthony,1996-97,November,Vancouver Grizzlies,Chicago Bulls,13,3,2,0,2,2,0
225,216,Dennis Rodman,1996-97,November,Chicago Bulls,Vancouver Grizzlies,6,2,12,0,0,0,0
227,196,Bryant Reeves,1996-97,November,Vancouver Grizzlies,Chicago Bulls,5,2,4,1,0,0,0
228,227,Bryant Reeves,1996-97,November,Vancouver Grizzlies,Chicago Bulls,5,2,4,1,0,1,0
229,111,Ron Harper,1996-97,November,Vancouver Grizzlies,Chicago Bulls,2,0,2,0,2,0,0
230,206,Roy Rogers,1996-97,November,Vancouver Grizzlies,Chicago Bulls,4,1,3,0,0,1,3
231,229,Ron Harper,1996-97,November,Chicago Bulls,Vancouver Grizzlies,3,0,2,0,2,0,0
232,231,Ron Harper,1996-97,November,Chicago Bulls,Vancouver Grizzlies,4,0,2,0,2,0,0
233,232,Ron Harper,1996-97,November,Chicago Bulls,Vancouver Grizzlies,5,0,2,0,2,0,0
234,161,Shareef Abdur-Rahim,1996-97,November,Vancouver Grizzlies,Chicago Bulls,6,1,2,0,1,2,2
235,220,Scottie Pippen,1996-97,November,Vancouver Grizzlies,Chicago Bulls,12,6,4,1,1,2,0
236,235,Scottie Pippen,1996-97,November,Chicago Bulls,Vancouver Grizzlies,12,6,4,1,1,3,0
237,218,Blue Edwards,1996-97,November,Vancouver Grizzlies,Chicago Bulls,5,2,3,1,0,0,2
238,223,Greg Anthony,1996-97,November,Vancouver Grizzlies,Chicago Bulls,13,4,2,0,2,2,0
239,233,Ron Harper,1996-97,November,Chicago Bulls,Vancouver Grizzlies,7,0,2,0,2,0,0
240,219,Michael Jordan,1996-97,November,Chicago Bulls,Vancouver Grizzlies,15,3,4,0,3,3,1
242,225,Dennis Rodman,1996-97,November,Chicago Bulls,Vancouver Grizzlies,6,2,13,0,0,0,0
244,242,Dennis Rodman,1996-97,November,Chicago Bulls,Vancouver Grizzlies,6,2,14,0,0,0,0
245,120,Eric Mobley,1996-97,November,Vancouver Grizzlies,Chicago Bulls,0,0,0,0,0,1,1
246,244,Dennis Rodman,1996-97,November,Chicago Bulls,Vancouver Grizzlies,7,2,14,0,0,0,0
248,240,Michael Jordan,1996-97,November,Chicago Bulls,Vancouver Grizzlies,15,3,4,0,3,3,2
249,198,Anthony Peeler,1996-97,November,Vancouver Grizzlies,Chicago Bulls,8,1,4,0,0,4,2
250,248,Michael Jordan,1996-97,November,Vancouver Grizzlies,Chicago Bulls,15,3,4,0,4,3,2
251,239,Ron Harper,1996-97,November,Chicago Bulls,Vancouver Grizzlies,7,0,2,0,2,1,0
252,228,Bryant Reeves,1996-97,November,Chicago Bulls,Vancouver Grizzlies,5,2,4,1,1,1,0
254,251,Ron Harper,1996-97,November,Vancouver Grizzlies,Chicago Bulls,7,0,2,1,2,1,0
255,250,Michael Jordan,1996-97,November,Chicago Bulls,Vancouver Grizzlies,15,3,5,0,4,3,2
256,255,Michael Jordan,1996-97,November,Chicago Bulls,Vancouver Grizzlies,15,3,5,0,4,4,2
257,246,Dennis Rodman,1996-97,November,Chicago Bulls,Vancouver Grizzlies,7,2,14,0,0,0,1
258,254,Ron Harper,1996-97,November,Chicago Bulls,Vancouver Grizzlies,7,0,2,1,2,1,1
260,245,Eric Mobley,1996-97,November,Vancouver Grizzlies,Chicago Bulls,0,0,1,0,0,1,1
261,260,Eric Mobley,1996-97,November,Vancouver Grizzlies,Chicago Bulls,2,0,1,0,0,1,1
262,256,Michael Jordan,1996-97,November,Chicago Bulls,Vancouver Grizzlies,17,3,5,0,4,4,2
263,236,Scottie Pippen,1996-97,November,Chicago Bulls,Vancouver Grizzlies,12,7,4,1,1,3,0
264,252,Bryant Reeves,1996-97,November,Vancouver Grizzlies,Chicago Bulls,7,2,4,1,1,1,0
265,257,Dennis Rodman,1996-97,November,Chicago Bulls,Vancouver Grizzlies,9,2,14,0,0,0,1
266,209,Luc Longley,1996-97,November,Chicago Bulls,Vancouver Grizzlies,6,3,5,4,0,1,2
267,238,Greg Anthony,1996-97,November,Vancouver Grizzlies,Chicago Bulls,13,4,2,0,2,3,0
268,263,Scottie Pippen,1996-97,November,Chicago Bulls,Vancouver Grizzlies,12,7,4,1,1,4,0
270,262,Michael Jordan,1996-97,November,Chicago Bulls,Vancouver Grizzlies,20,3,5,0,4,4,2
271,268,Scottie Pippen,1996-97,November,Chicago Bulls,Vancouver Grizzlies,12,8,4,1,1,4,0
272,266,Luc Longley,1996-97,November,Chicago Bulls,Vancouver Grizzlies,6,3,5,4,0,1,3
274,234,Shareef Abdur-Rahim,1996-97,November,Vancouver Grizzlies,Chicago Bulls,6,1,3,0,1,2,2
276,272,Luc Longley,1996-97,November,Vancouver Grizzlies,Chicago Bulls,6,3,5,5,0,1,3
277,264,Bryant Reeves,1996-97,November,Vancouver Grizzlies,Chicago Bulls,7,2,5,1,1,1,0
279,276,Luc Longley,1996-97,November,Chicago Bulls,Vancouver Grizzlies,6,3,5,5,0,1,4
280,279,Luc Longley,1996-97,November,Chicago Bulls,Vancouver Grizzlies,6,3,5,5,0,2,4
281,274,Shareef Abdur-Rahim,1996-97,November,Vancouver Grizzlies,Chicago Bulls,8,1,3,0,1,2,2
282,249,Anthony Peeler,1996-97,November,Vancouver Grizzlies,Chicago Bulls,8,2,4,0,0,4,2
283,265,Dennis Rodman,1996-97,November,Chicago Bulls,Vancouver Grizzlies,9,2,14,0,0,1,1
284,267,Greg Anthony,1996-97,November,Chicago Bulls,Vancouver Grizzlies,13,4,2,0,3,3,0
286,283,Dennis Rodman,1996-97,November,Chicago Bulls,Vancouver Grizzlies,9,2,15,0,0,1,1
288,271,Scottie Pippen,1996-97,November,Chicago Bulls,Vancouver Grizzlies,12,8,4,1,1,4,1
290,281,Shareef Abdur-Rahim,1996-97,November,Vancouver Grizzlies,Chicago Bulls,9,1,3,0,1,2,2
292,282,Anthony Peeler,1996-97,November,Vancouver Grizzlies,Chicago Bulls,8,2,5,0,0,4,2
293,277,Bryant Reeves,1996-97,November,Vancouver Grizzlies,Chicago Bulls,9,2,5,1,1,1,0
294,284,Greg Anthony,1996-97,November,Vancouver Grizzlies,Chicago Bulls,13,5,2,0,3,3,0
296,294,Greg Anthony,1996-97,November,Vancouver Grizzlies,Chicago Bulls,13,5,3,0,3,3,0
297,290,Shareef Abdur-Rahim,1996-97,November,Vancouver Grizzlies,Chicago Bulls,9,1,3,0,1,3,2
298,292,Anthony Peeler,1996-97,November,Vancouver Grizzlies,Chicago Bulls,8,2,5,0,0,4,3
300,230,Roy Rogers,1996-97,November,Chicago Bulls,Vancouver Grizzlies,4,1,3,1,0,1,3
301,293,Bryant Reeves,1996-97,November,Vancouver Grizzlies,Chicago Bulls,9,2,5,1,1,1,1
302,280,Luc Longley,1996-97,November,Chicago Bulls,Vancouver Grizzlies,7,3,5,5,0,2,4
303,302,Luc Longley,1996-97,November,Chicago Bulls,Vancouver Grizzlies,8,3,5,5,0,2,4
305,288,Scottie Pippen,1996-97,November,Chicago Bulls,Vancouver Grizzlies,12,8,5,1,1,4,1
306,296,Greg Anthony,1996-97,November,Vancouver Grizzlies,Chicago Bulls,13,5,3,0,3,3,1
308,258,Ron Harper,1996-97,November,Chicago Bulls,Vancouver Grizzlies,8,0,2,1,2,1,1
310,305,Scottie Pippen,1996-97,November,Chicago Bulls,Vancouver Grizzlies,12,8,6,1,1,4,1
312,308,Ron Harper,1996-97,November,Chicago Bulls,Vancouver Grizzlies,8,0,3,1,2,1,1
314,312,Ron Harper,1996-97,November,Chicago Bulls,Vancouver Grizzlies,8,0,4,1,2,1,1
315,286,Dennis Rodman,1996-97,November,Chicago Bulls,Vancouver Grizzlies,11,2,15,0,0,1,1
316,221,Randy Brown,1996-97,November,Chicago Bulls,Vancouver Grizzlies,2,1,0,0,0,0,2
318,316,Randy Brown,1996-97,November,Chicago Bulls,Vancouver Grizzlies,2,1,1,0,0,0,2
320,310,Scottie Pippen,1996-97,November,Chicago Bulls,Vancouver Grizzlies,12,8,7,1,1,4,1
322,300,Roy Rogers,1996-97,November,Chicago Bulls,Vancouver Grizzlies,4,1,3,2,0,1,3
323,318,Randy Brown,1996-97,November,Chicago Bulls,Vancouver Grizzlies,2,1,2,0,0,0,2
324,303,Luc Longley,1996-97,November,Chicago Bulls,Vancouver Grizzlies,8,3,5,5,0,3,4
325,324,Luc Longley,1996-97,November,Chicago Bulls,Vancouver Grizzlies,8,3,5,5,0,3,5
326,301,Bryant Reeves,1996-97,November,Vancouver Grizzlies,Chicago Bulls,10,2,5,1,1,1,1
327,326,Bryant Reeves,1996-97,November,Vancouver Grizzlies,Chicago Bulls,11,2,5,1,1,1,1
329,237,Blue Edwards,1996-97,November,Vancouver Grizzlies,Chicago Bulls,5,2,4,1,0,0,2
331,322,Roy Rogers,1996-97,November,Vancouver Grizzlies,Chicago Bulls,4,1,4,2,0,1,3
332,331,Roy Rogers,1996-97,November,Vancouver Grizzlies,Chicago Bulls,6,1,4,2,0,1,3
333,315,Dennis Rodman,1996-97,November,Chicago Bulls,Vancouver Grizzlies,11,2,15,0,0,2,1
334,0,Lawrence Moten,1996-97,November,Vancouver Grizzlies,Chicago Bulls,0,0,0,0,0,1,0
335,320,Scottie Pippen,1996-97,November,Chicago Bulls,Vancouver Grizzlies,14,8,7,1,1,4,1
337,333,Dennis Rodman,1996-97,November,Chicago Bulls,Vancouver Grizzlies,11,2,16,0,0,2,1
338,167,Toni Kukoc,1996-97,November,Chicago Bulls,Vancouver Grizzlies,8,1,2,0,0,0,0
339,323,Randy Brown,1996-97,November,Chicago Bulls,Vancouver Grizzlies,2,2,2,0,0,0,2
341,338,Toni Kukoc,1996-97,November,Chicago Bulls,Vancouver Grizzlies,8,1,2,0,0,0,1
344,334,Lawrence Moten,1996-97,November,Vancouver Grizzlies,Chicago Bulls,0,0,1,0,0,1,0
346,337,Dennis Rodman,1996-97,November,Chicago Bulls,Vancouver Grizzlies,11,2,17,0,0,2,1
348,184,Bill Wennington,1996-97,November,Chicago Bulls,Vancouver Grizzlies,2,0,1,0,0,0,2
349,341,Toni Kukoc,1996-97,November,Chicago Bulls,Vancouver Grizzlies,8,1,2,0,0,1,1
351,349,Toni Kukoc,1996-97,November,Chicago Bulls,Vancouver Grizzlies,8,1,3,0,0,1,1
352,346,Dennis Rodman,1996-97,November,Chicago Bulls,Vancouver Grizzlies,13,2,17,0,0,2,1
353,351,Toni Kukoc,1996-97,November,Chicago Bulls,Vancouver Grizzlies,8,2,3,0,0,1,1
355,352,Dennis Rodman,1996-97,November,Chicago Bulls,Vancouver Grizzlies,13,2,18,0,0,2,1
357,353,Toni Kukoc,1996-97,November,Chicago Bulls,Vancouver Grizzlies,8,2,3,0,0,1,2
359,357,Toni Kukoc,1996-97,November,Vancouver Grizzlies,Chicago Bulls,8,2,3,1,0,1,2
360,355,Dennis Rodman,1996-97,November,Chicago Bulls,Vancouver Grizzlies,13,2,19,0,0,2,1
361,270,Michael Jordan,1996-97,November,Chicago Bulls,Vancouver Grizzlies,22,3,5,0,4,4,2
362,360,Dennis Rodman,1996-97,November,Chicago Bulls,Vancouver Grizzlies,13,3,19,0,0,2,1
364,361,Michael Jordan,1996-97,November,Chicago Bulls,Vancouver Grizzlies,22,3,6,0,4,4,2
365,359,Toni Kukoc,1996-97,November,Chicago Bulls,Vancouver Grizzlies,8,2,3,1,0,2,2
367,364,Michael Jordan,1996-97,November,Chicago Bulls,Vancouver Grizzlies,22,3,7,0,4,4,2
369,329,Blue Edwards,1996-97,November,Vancouver Grizzlies,Chicago Bulls,5,2,5,1,0,0,2
370,155,Lee Mayberry,1996-97,November,Vancouver Grizzlies,Chicago Bulls,0,1,0,0,1,1,0
371,365,Toni Kukoc,1996-97,November,Chicago Bulls,Vancouver Grizzlies,10,2,3,1,0,2,2
372,261,Eric Mobley,1996-97,November,Vancouver Grizzlies,Chicago Bulls,2,0,1,0,0,1,2
373,371,Toni Kukoc,1996-97,November,Chicago Bulls,Vancouver Grizzlies,11,2,3,1,0,2,2
374,372,Eric Mobley,1996-97,November,Vancouver Grizzlies,Chicago Bulls,2,0,1,0,0,2,2
375,373,Toni Kukoc,1996-97,November,Chicago Bulls,Vancouver Grizzlies,11,2,3,1,0,3,2
376,370,Lee Mayberry,1996-97,November,Chicago Bulls,Vancouver Grizzlies,0,1,0,0,2,1,0
377,348,Bill Wennington,1996-97,November,Chicago Bulls,Vancouver Grizzlies,2,0,1,0,0,0,3
380,0,Jud Buechler,1996-97,November,Chicago Bulls,Vancouver Grizzlies,0,0,1,0,0,0,0
382,380,Jud Buechler,1996-97,November,Chicago Bulls,Vancouver Grizzlies,0,0,1,0,0,0,1
383,183,George Lynch,1996-97,November,Vancouver Grizzlies,Chicago Bulls,4,0,2,0,0,1,2
385,383,George Lynch,1996-97,November,Vancouver Grizzlies,Chicago Bulls,4,0,3,0,0,1,2
387,339,Randy Brown,1996-97,November,Chicago Bulls,Vancouver Grizzlies,2,2,3,0,0,0,2
389,375,Toni Kukoc,1996-97,November,Chicago Bulls,Vancouver Grizzlies,11,2,4,1,0,3,2
391,389,Toni Kukoc,1996-97,November,Chicago Bulls,Vancouver Grizzlies,11,2,5,1,0,3,2
393,387,Randy Brown,1996-97,November,Chicago Bulls,Vancouver Grizzlies,2,2,4,0,0,0,2
395,344,Lawrence Moten,1996-97,November,Vancouver Grizzlies,Chicago Bulls,0,0,2,0,0,1,0
397,382,Jud Buechler,1996-97,November,Chicago Bulls,Vancouver Grizzlies,0,0,2,0,0,0,1
398,393,Randy Brown,1996-97,November,Chicago Bulls,Vancouver Grizzlies,5,2,4,0,0,0,2
399,391,Toni Kukoc,1996-97,November,Chicago Bulls,Vancouver Grizzlies,11,3,5,1,0,3,2
401,399,Toni Kukoc,1996-97,November,Chicago Bulls,Vancouver Grizzlies,11,3,6,1,0,3,2
402,376,Lee Mayberry,1996-97,November,Vancouver Grizzlies,Chicago Bulls,0,1,0,0,2,1,1
405,332,Roy Rogers,1996-97,November,Vancouver Grizzlies,Chicago Bulls,8,1,4,2,0,1,3
406,401,Toni Kukoc,1996-97,November,Chicago Bulls,Vancouver Grizzlies,14,3,6,1,0,3,2
408,297,Shareef Abdur-Rahim,1996-97,November,Vancouver Grizzlies,Chicago Bulls,9,1,4,0,1,3,2
409,408,Shareef Abdur-Rahim,1996-97,November,Vancouver Grizzlies,Chicago Bulls,11,1,4,0,1,3,2
410,405,Roy Rogers,1996-97,November,Vancouver Grizzlies,Chicago Bulls,8,1,4,2,0,1,4
412,385,George Lynch,1996-97,November,Vancouver Grizzlies,Chicago Bulls,4,0,4,0,0,1,2
414,0,Pete Chilcutt,1996-97,November,Vancouver Grizzlies,Chicago Bulls,0,0,1,0,0,0,0
415,414,Pete Chilcutt,1996-97,November,Vancouver Grizzlies,Chicago Bulls,2,0,1,0,0,0,0
417,402,Lee Mayberry,1996-97,November,Vancouver Grizzlies,Chicago Bulls,0,1,1,0,2,1,1
418,395,Lawrence Moten,1996-97,November,Vancouver Grizzlies,Chicago Bulls,0,0,2,0,0,2,0
419,398,Randy Brown,1996-97,November,Vancouver Grizzlies,Chicago Bulls,5,2,4,0,1,0,2
420,179,Steve Kerr,1996-97,November,Chicago Bulls,Vancouver Grizzlies,5,1,1,0,0,0,0
421,406,Toni Kukoc,1996-97,November,Chicago Bulls,Vancouver Grizzlies,14,4,6,1,0,3,2
422,410,Roy Rogers,1996-97,November,Vancouver Grizzlies,Chicago Bulls,8,1,4,2,0,2,4
423,421,Toni Kukoc,1996-97,November,Vancouver Grizzlies,Chicago Bulls,14,4,6,1,1,3,2
424,419,Randy Brown,1996-97,November,Chicago Bulls,Vancouver Grizzlies,7,2,4,0,1,0,2
425,423,Toni Kukoc,1996-97,November,Chicago Bulls,Vancouver Grizzlies,14,5,6,1,1,3,2
427,422,Roy Rogers,1996-97,November,Vancouver Grizzlies,Chicago Bulls,8,1,4,2,0,2,5
428,420,Steve Kerr,1996-97,November,Chicago Bulls,Vancouver Grizzlies,8,1,1,0,0,0,0
429,424,Randy Brown,1996-97,November,Chicago Bulls,Vancouver Grizzlies,7,3,4,0,1,0,2
430,417,Lee Mayberry,1996-97,November,Vancouver Grizzlies,Chicago Bulls,2,1,1,0,2,1,1
432,427,Roy Rogers,1996-97,November,Vancouver Grizzlies,Chicago Bulls,8,1,5,2,0,2,5
433,430,Lee Mayberry,1996-97,November,Vancouver Grizzlies,Chicago Bulls,2,1,1,0,2,2,1
434,397,Jud Buechler,1996-97,November,Vancouver Grizzlies,Chicago Bulls,0,0,2,0,1,0,1
435,0,Dickey Simpkins,1996-97,November,Chicago Bulls,Vancouver Grizzlies,0,0,0,0,0,1,0
436,433,Lee Mayberry,1996-97,November,Vancouver Grizzlies,Chicago Bulls,4,1,1,0,2,2,1
438,415,Pete Chilcutt,1996-97,November,Vancouver Grizzlies,Chicago Bulls,2,0,2,0,0,0,0
439,418,Lawrence Moten,1996-97,November,Vancouver Grizzlies,Chicago Bulls,2,0,2,0,0,2,0
440,412,George Lynch,1996-97,November,Vancouver Grizzlies,Chicago Bulls,4,1,4,0,0,1,2
441,435,Dickey Simpkins,1996-97,November,Chicago Bulls,Vancouver Grizzlies,0,0,0,0,0,2,0
442,440,George Lynch,1996-97,November,Vancouver Grizzlies,Chicago Bulls,7,1,4,0,0,1,2
443,436,Lee Mayberry,1996-97,November,Vancouver Grizzlies,Chicago Bulls,4,2,1,0,2,2,1
