id,previous_id,player,season,month,team,opponent_team,points,assists,rebounds,blocks,steals,turnovers,personal fouls
2,0,Malik Sealy,1996-97,December,Los Angeles Clippers,Washington Bullets,0,0,1,0,0,0,0
3,0,Kevin Duckworth,1996-97,December,Los Angeles Clippers,Washington Bullets,2,0,0,0,0,0,0
5,0,Rodney Rogers,1996-97,December,Los Angeles Clippers,Washington Bullets,0,0,1,0,0,0,0
7,0,Gheorghe Muresan,1996-97,December,Washington Bullets,Los Angeles Clippers,0,0,1,0,0,0,0
8,0,Chris Webber,1996-97,December,Washington Bullets,Los Angeles Clippers,2,0,0,0,0,0,0
9,0,Juwan Howard,1996-97,December,Washington Bullets,Los Angeles Clippers,0,1,0,0,0,0,0
11,7,Gheorghe Muresan,1996-97,December,Washington Bullets,Los Angeles Clippers,0,0,2,0,0,0,0
13,5,Rodney Rogers,1996-97,December,Los Angeles Clippers,Washington Bullets,0,0,2,0,0,0,0
15,0,Harvey Grant,1996-97,December,Washington Bullets,Los Angeles Clippers,0,0,1,0,0,0,0
17,3,Kevin Duckworth,1996-97,December,Los Angeles Clippers,Washington Bullets,2,0,1,0,0,0,0
19,9,Juwan Howard,1996-97,December,Washington Bullets,Los Angeles Clippers,0,1,1,0,0,0,0
20,2,Malik Sealy,1996-97,December,Los Angeles Clippers,Washington Bullets,0,0,1,0,0,0,1
21,19,Juwan Howard,1996-97,December,Washington Bullets,Los Angeles Clippers,1,1,1,0,0,0,0
22,21,Juwan Howard,1996-97,December,Washington Bullets,Los Angeles Clippers,2,1,1,0,0,0,0
24,0,Rod Strickland,1996-97,December,Washington Bullets,Los Angeles Clippers,0,0,1,0,0,0,0
25,8,Chris Webber,1996-97,December,Washington Bullets,Los Angeles Clippers,4,0,0,0,0,0,0
26,22,Juwan Howard,1996-97,December,Washington Bullets,Los Angeles Clippers,2,2,1,0,0,0,0
27,25,Chris Webber,1996-97,December,Washington Bullets,Los Angeles Clippers,4,0,0,0,0,0,1
29,27,Chris Webber,1996-97,December,Washington Bullets,Los Angeles Clippers,4,0,1,0,0,0,1
30,17,Kevin Duckworth,1996-97,December,Los Angeles Clippers,Washington Bullets,2,0,1,0,0,0,1
32,20,Malik Sealy,1996-97,December,Los Angeles Clippers,Washington Bullets,0,0,2,0,0,0,1
33,0,Loy Vaught,1996-97,December,Los Angeles Clippers,Washington Bullets,2,0,0,0,0,0,0
34,26,Juwan Howard,1996-97,December,Washington Bullets,Los Angeles Clippers,2,2,1,0,0,0,1
35,33,Loy Vaught,1996-97,December,Los Angeles Clippers,Washington Bullets,3,0,0,0,0,0,0
37,13,Rodney Rogers,1996-97,December,Los Angeles Clippers,Washington Bullets,0,0,3,0,0,0,0
38,0,Lorenzen Wright,1996-97,December,Los Angeles Clippers,Washington Bullets,0,0,0,0,0,1,0
39,11,Gheorghe Muresan,1996-97,December,Los Angeles Clippers,Washington Bullets,0,0,2,0,1,0,0
40,34,Juwan Howard,1996-97,December,Washington Bullets,Los Angeles Clippers,2,2,1,0,0,1,1
41,32,Malik Sealy,1996-97,December,Washington Bullets,Los Angeles Clippers,0,0,2,0,1,0,1
42,29,Chris Webber,1996-97,December,Washington Bullets,Los Angeles Clippers,4,0,1,0,0,0,2
43,37,Rodney Rogers,1996-97,December,Los Angeles Clippers,Washington Bullets,0,0,3,0,0,1,0
44,38,Lorenzen Wright,1996-97,December,Los Angeles Clippers,Washington Bullets,0,0,0,0,0,1,1
45,39,Gheorghe Muresan,1996-97,December,Washington Bullets,Los Angeles Clippers,1,0,2,0,1,0,0
46,45,Gheorghe Muresan,1996-97,December,Washington Bullets,Los Angeles Clippers,2,0,2,0,1,0,0
47,0,Darrick Martin,1996-97,December,Los Angeles Clippers,Washington Bullets,0,0,0,0,0,1,0
48,42,Chris Webber,1996-97,December,Washington Bullets,Los Angeles Clippers,6,0,1,0,0,0,2
49,40,Juwan Howard,1996-97,December,Washington Bullets,Los Angeles Clippers,2,3,1,0,0,1,1
50,43,Rodney Rogers,1996-97,December,Los Angeles Clippers,Washington Bullets,2,0,3,0,0,1,0
51,46,Gheorghe Muresan,1996-97,December,Washington Bullets,Los Angeles Clippers,4,0,2,0,1,0,0
53,24,Rod Strickland,1996-97,December,Washington Bullets,Los Angeles Clippers,0,0,1,0,0,1,0
54,41,Malik Sealy,1996-97,December,Washington Bullets,Los Angeles Clippers,0,0,2,0,2,0,1
56,53,Rod Strickland,1996-97,December,Washington Bullets,Los Angeles Clippers,0,0,2,0,0,1,0
57,48,Chris Webber,1996-97,December,Washington Bullets,Los Angeles Clippers,8,0,1,0,0,0,2
58,56,Rod Strickland,1996-97,December,Washington Bullets,Los Angeles Clippers,0,1,2,0,0,1,0
60,35,Loy Vaught,1996-97,December,Los Angeles Clippers,Washington Bullets,3,0,1,0,0,0,0
61,60,Loy Vaught,1996-97,December,Los Angeles Clippers,Washington Bullets,5,0,1,0,0,0,0
62,51,Gheorghe Muresan,1996-97,December,Washington Bullets,Los Angeles Clippers,6,0,2,0,1,0,0
63,57,Chris Webber,1996-97,December,Washington Bullets,Los Angeles Clippers,8,1,1,0,0,0,2
64,50,Rodney Rogers,1996-97,December,Los Angeles Clippers,Washington Bullets,4,0,3,0,0,1,0
65,47,Darrick Martin,1996-97,December,Los Angeles Clippers,Washington Bullets,0,1,0,0,0,1,0
66,58,Rod Strickland,1996-97,December,Washington Bullets,Los Angeles Clippers,0,1,2,0,0,2,0
67,65,Darrick Martin,1996-97,December,Washington Bullets,Los Angeles Clippers,0,1,0,0,1,1,0
68,15,Harvey Grant,1996-97,December,Washington Bullets,Los Angeles Clippers,0,0,1,0,0,0,1
70,49,Juwan Howard,1996-97,December,Washington Bullets,Los Angeles Clippers,2,3,2,0,0,1,1
71,63,Chris Webber,1996-97,December,Washington Bullets,Los Angeles Clippers,11,1,1,0,0,0,2
72,68,Harvey Grant,1996-97,December,Washington Bullets,Los Angeles Clippers,0,0,1,0,0,0,2
73,54,Malik Sealy,1996-97,December,Los Angeles Clippers,Washington Bullets,1,0,2,0,2,0,1
74,73,Malik Sealy,1996-97,December,Los Angeles Clippers,Washington Bullets,2,0,2,0,2,0,1
76,61,Loy Vaught,1996-97,December,Los Angeles Clippers,Washington Bullets,5,0,2,0,0,0,0
78,76,Loy Vaught,1996-97,December,Los Angeles Clippers,Washington Bullets,5,0,3,0,0,0,0
80,0,Jaren Jackson,1996-97,December,Washington Bullets,Los Angeles Clippers,0,0,1,0,0,0,0
82,0,Terry Dehere,1996-97,December,Washington Bullets,Los Angeles Clippers,0,0,0,1,0,0,0
83,71,Chris Webber,1996-97,December,Washington Bullets,Los Angeles Clippers,11,1,2,0,0,0,2
84,83,Chris Webber,1996-97,December,Washington Bullets,Los Angeles Clippers,13,1,2,0,0,0,2
85,80,Jaren Jackson,1996-97,December,Washington Bullets,Los Angeles Clippers,0,0,1,0,0,0,1
86,64,Rodney Rogers,1996-97,December,Los Angeles Clippers,Washington Bullets,5,0,3,0,0,1,0
88,84,Chris Webber,1996-97,December,Washington Bullets,Los Angeles Clippers,13,1,3,0,0,0,2
89,70,Juwan Howard,1996-97,December,Washington Bullets,Los Angeles Clippers,4,3,2,0,0,1,1
91,89,Juwan Howard,1996-97,December,Washington Bullets,Los Angeles Clippers,4,3,3,0,0,1,1
93,74,Malik Sealy,1996-97,December,Los Angeles Clippers,Washington Bullets,2,0,3,0,2,0,1
94,30,Kevin Duckworth,1996-97,December,Los Angeles Clippers,Washington Bullets,2,0,1,0,0,1,1
95,66,Rod Strickland,1996-97,December,Washington Bullets,Los Angeles Clippers,2,1,2,0,0,2,0
96,88,Chris Webber,1996-97,December,Washington Bullets,Los Angeles Clippers,13,2,3,0,0,0,2
97,82,Terry Dehere,1996-97,December,Los Angeles Clippers,Washington Bullets,0,0,0,1,0,0,1
98,95,Rod Strickland,1996-97,December,Washington Bullets,Los Angeles Clippers,3,1,2,0,0,2,0
99,86,Rodney Rogers,1996-97,December,Los Angeles Clippers,Washington Bullets,5,0,3,0,0,2,0
100,0,Tracy Murray,1996-97,December,Washington Bullets,Los Angeles Clippers,2,0,0,0,0,0,0
101,85,Jaren Jackson,1996-97,December,Washington Bullets,Los Angeles Clippers,0,1,1,0,0,0,1
102,97,Terry Dehere,1996-97,December,Los Angeles Clippers,Washington Bullets,2,0,0,1,0,0,1
103,98,Rod Strickland,1996-97,December,Washington Bullets,Los Angeles Clippers,5,1,2,0,0,2,0
104,93,Malik Sealy,1996-97,December,Los Angeles Clippers,Washington Bullets,2,0,3,0,2,1,1
105,100,Tracy Murray,1996-97,December,Los Angeles Clippers,Washington Bullets,2,0,0,0,1,0,0
106,104,Malik Sealy,1996-97,December,Los Angeles Clippers,Washington Bullets,2,0,3,0,2,1,2
108,103,Rod Strickland,1996-97,December,Washington Bullets,Los Angeles Clippers,6,1,2,0,0,2,0
110,62,Gheorghe Muresan,1996-97,December,Washington Bullets,Los Angeles Clippers,6,0,3,0,1,0,0
112,110,Gheorghe Muresan,1996-97,December,Los Angeles Clippers,Washington Bullets,6,0,3,1,1,0,0
113,78,Loy Vaught,1996-97,December,Los Angeles Clippers,Washington Bullets,5,0,4,0,0,0,0
115,101,Jaren Jackson,1996-97,December,Washington Bullets,Los Angeles Clippers,0,1,2,0,0,0,1
116,91,Juwan Howard,1996-97,December,Washington Bullets,Los Angeles Clippers,6,3,3,0,0,1,1
117,105,Tracy Murray,1996-97,December,Washington Bullets,Los Angeles Clippers,2,1,0,0,1,0,0
119,112,Gheorghe Muresan,1996-97,December,Washington Bullets,Los Angeles Clippers,6,0,4,1,1,0,0
121,113,Loy Vaught,1996-97,December,Los Angeles Clippers,Washington Bullets,5,0,5,0,0,0,0
122,0,Chris Whitney,1996-97,December,Washington Bullets,Los Angeles Clippers,0,0,0,0,0,0,1
123,102,Terry Dehere,1996-97,December,Los Angeles Clippers,Washington Bullets,3,0,0,1,0,0,1
124,123,Terry Dehere,1996-97,December,Los Angeles Clippers,Washington Bullets,4,0,0,1,0,0,1
125,116,Juwan Howard,1996-97,December,Washington Bullets,Los Angeles Clippers,8,3,3,0,0,1,1
126,122,Chris Whitney,1996-97,December,Washington Bullets,Los Angeles Clippers,0,1,0,0,0,0,1
127,124,Terry Dehere,1996-97,December,Los Angeles Clippers,Washington Bullets,7,0,0,1,0,0,1
128,125,Juwan Howard,1996-97,December,Washington Bullets,Los Angeles Clippers,8,3,3,0,0,1,2
129,128,Juwan Howard,1996-97,December,Washington Bullets,Los Angeles Clippers,8,3,3,0,0,2,2
130,127,Terry Dehere,1996-97,December,Los Angeles Clippers,Washington Bullets,9,0,0,1,0,0,1
131,0,Brent Barry,1996-97,December,Los Angeles Clippers,Washington Bullets,0,1,0,0,0,0,0
133,131,Brent Barry,1996-97,December,Los Angeles Clippers,Washington Bullets,0,1,1,0,0,0,0
135,130,Terry Dehere,1996-97,December,Los Angeles Clippers,Washington Bullets,9,0,1,1,0,0,1
136,133,Brent Barry,1996-97,December,Los Angeles Clippers,Washington Bullets,0,1,1,0,0,1,0
137,129,Juwan Howard,1996-97,December,Washington Bullets,Los Angeles Clippers,10,3,3,0,0,2,2
138,136,Brent Barry,1996-97,December,Los Angeles Clippers,Washington Bullets,3,1,1,0,0,1,0
139,137,Juwan Howard,1996-97,December,Washington Bullets,Los Angeles Clippers,10,3,3,0,0,3,2
140,135,Terry Dehere,1996-97,December,Los Angeles Clippers,Washington Bullets,9,0,1,1,0,1,1
141,126,Chris Whitney,1996-97,December,Washington Bullets,Los Angeles Clippers,0,1,0,0,0,0,2
142,141,Chris Whitney,1996-97,December,Washington Bullets,Los Angeles Clippers,0,1,0,0,0,1,2
143,0,Bo Outlaw,1996-97,December,Los Angeles Clippers,Washington Bullets,2,0,0,0,0,0,0
144,115,Jaren Jackson,1996-97,December,Washington Bullets,Los Angeles Clippers,0,1,2,0,0,0,2
145,144,Jaren Jackson,1996-97,December,Washington Bullets,Los Angeles Clippers,0,1,2,0,0,1,2
146,99,Rodney Rogers,1996-97,December,Los Angeles Clippers,Washington Bullets,7,0,3,0,0,2,0
147,119,Gheorghe Muresan,1996-97,December,Washington Bullets,Los Angeles Clippers,8,0,4,1,1,0,0
148,72,Harvey Grant,1996-97,December,Washington Bullets,Los Angeles Clippers,0,1,1,0,0,0,2
149,143,Bo Outlaw,1996-97,December,Los Angeles Clippers,Washington Bullets,2,0,0,0,0,0,1
150,147,Gheorghe Muresan,1996-97,December,Washington Bullets,Los Angeles Clippers,9,0,4,1,1,0,0
152,142,Chris Whitney,1996-97,December,Washington Bullets,Los Angeles Clippers,0,1,1,0,0,1,2
154,140,Terry Dehere,1996-97,December,Los Angeles Clippers,Washington Bullets,9,0,2,1,0,1,1
155,154,Terry Dehere,1996-97,December,Los Angeles Clippers,Washington Bullets,9,0,2,1,0,2,1
156,145,Jaren Jackson,1996-97,December,Los Angeles Clippers,Washington Bullets,0,1,2,0,1,1,2
157,152,Chris Whitney,1996-97,December,Washington Bullets,Los Angeles Clippers,2,1,1,0,0,1,2
159,146,Rodney Rogers,1996-97,December,Los Angeles Clippers,Washington Bullets,7,0,4,0,0,2,0
160,149,Bo Outlaw,1996-97,December,Los Angeles Clippers,Washington Bullets,2,0,0,0,0,1,1
161,117,Tracy Murray,1996-97,December,Los Angeles Clippers,Washington Bullets,2,1,0,0,2,0,0
163,121,Loy Vaught,1996-97,December,Los Angeles Clippers,Washington Bullets,5,0,6,0,0,0,0
165,148,Harvey Grant,1996-97,December,Los Angeles Clippers,Washington Bullets,0,1,1,1,0,0,2
166,159,Rodney Rogers,1996-97,December,Los Angeles Clippers,Washington Bullets,9,0,4,0,0,2,0
167,96,Chris Webber,1996-97,December,Washington Bullets,Los Angeles Clippers,15,2,3,0,0,0,2
168,157,Chris Whitney,1996-97,December,Washington Bullets,Los Angeles Clippers,2,2,1,0,0,1,2
169,163,Loy Vaught,1996-97,December,Los Angeles Clippers,Washington Bullets,7,0,6,0,0,0,0
170,67,Darrick Martin,1996-97,December,Los Angeles Clippers,Washington Bullets,0,2,0,0,1,1,0
171,161,Tracy Murray,1996-97,December,Washington Bullets,Los Angeles Clippers,2,1,0,0,2,0,1
172,169,Loy Vaught,1996-97,December,Los Angeles Clippers,Washington Bullets,8,0,6,0,0,0,0
173,138,Brent Barry,1996-97,December,Los Angeles Clippers,Washington Bullets,3,1,1,0,0,1,1
176,172,Loy Vaught,1996-97,December,Los Angeles Clippers,Washington Bullets,8,0,7,0,0,0,0
177,176,Loy Vaught,1996-97,December,Los Angeles Clippers,Washington Bullets,10,0,7,0,0,0,0
178,139,Juwan Howard,1996-97,December,Washington Bullets,Los Angeles Clippers,10,3,3,0,0,4,2
180,168,Chris Whitney,1996-97,December,Washington Bullets,Los Angeles Clippers,2,2,2,0,0,1,2
181,180,Chris Whitney,1996-97,December,Washington Bullets,Los Angeles Clippers,2,2,2,0,0,2,2
182,177,Loy Vaught,1996-97,December,Washington Bullets,Los Angeles Clippers,10,0,7,0,1,0,0
184,182,Loy Vaught,1996-97,December,Los Angeles Clippers,Washington Bullets,10,0,8,0,1,0,0
185,160,Bo Outlaw,1996-97,December,Los Angeles Clippers,Washington Bullets,2,0,0,0,0,2,1
186,108,Rod Strickland,1996-97,December,Los Angeles Clippers,Washington Bullets,6,1,2,0,1,2,0
187,178,Juwan Howard,1996-97,December,Washington Bullets,Los Angeles Clippers,12,3,3,0,0,4,2
189,167,Chris Webber,1996-97,December,Washington Bullets,Los Angeles Clippers,15,2,4,0,0,0,2
190,189,Chris Webber,1996-97,December,Washington Bullets,Los Angeles Clippers,17,2,4,0,0,0,2
191,187,Juwan Howard,1996-97,December,Washington Bullets,Los Angeles Clippers,12,4,3,0,0,4,2
192,170,Darrick Martin,1996-97,December,Los Angeles Clippers,Washington Bullets,2,2,0,0,1,1,0
193,186,Rod Strickland,1996-97,December,Washington Bullets,Los Angeles Clippers,8,1,2,0,1,2,0
194,192,Darrick Martin,1996-97,December,Los Angeles Clippers,Washington Bullets,4,2,0,0,1,1,0
195,173,Brent Barry,1996-97,December,Los Angeles Clippers,Washington Bullets,3,2,1,0,0,1,1
196,165,Harvey Grant,1996-97,December,Washington Bullets,Los Angeles Clippers,3,1,1,1,0,0,2
197,190,Chris Webber,1996-97,December,Washington Bullets,Los Angeles Clippers,17,3,4,0,0,0,2
199,193,Rod Strickland,1996-97,December,Washington Bullets,Los Angeles Clippers,8,1,3,0,1,2,0
200,195,Brent Barry,1996-97,December,Los Angeles Clippers,Washington Bullets,3,2,1,0,0,1,2
201,191,Juwan Howard,1996-97,December,Washington Bullets,Los Angeles Clippers,14,4,3,0,0,4,2
202,185,Bo Outlaw,1996-97,December,Los Angeles Clippers,Washington Bullets,4,0,0,0,0,2,1
204,184,Loy Vaught,1996-97,December,Los Angeles Clippers,Washington Bullets,10,0,9,0,1,0,0
206,181,Chris Whitney,1996-97,December,Washington Bullets,Los Angeles Clippers,2,2,3,0,0,2,2
207,204,Loy Vaught,1996-97,December,Los Angeles Clippers,Washington Bullets,10,0,9,0,1,0,1
208,199,Rod Strickland,1996-97,December,Washington Bullets,Los Angeles Clippers,10,1,3,0,1,2,0
209,194,Darrick Martin,1996-97,December,Los Angeles Clippers,Washington Bullets,6,2,0,0,1,1,0
210,201,Juwan Howard,1996-97,December,Washington Bullets,Los Angeles Clippers,16,4,3,0,0,4,2
211,208,Rod Strickland,1996-97,December,Washington Bullets,Los Angeles Clippers,10,2,3,0,1,2,0
212,206,Chris Whitney,1996-97,December,Washington Bullets,Los Angeles Clippers,2,2,3,0,0,2,3
214,207,Loy Vaught,1996-97,December,Los Angeles Clippers,Washington Bullets,10,0,10,0,1,0,1
215,214,Loy Vaught,1996-97,December,Los Angeles Clippers,Washington Bullets,12,0,10,0,1,0,1
216,94,Kevin Duckworth,1996-97,December,Los Angeles Clippers,Washington Bullets,2,0,1,0,0,2,1
217,197,Chris Webber,1996-97,December,Washington Bullets,Los Angeles Clippers,19,3,4,0,0,0,2
218,211,Rod Strickland,1996-97,December,Washington Bullets,Los Angeles Clippers,10,3,3,0,1,2,0
219,166,Rodney Rogers,1996-97,December,Los Angeles Clippers,Washington Bullets,11,0,4,0,0,2,0
220,218,Rod Strickland,1996-97,December,Washington Bullets,Los Angeles Clippers,12,3,3,0,1,2,0
221,217,Chris Webber,1996-97,December,Washington Bullets,Los Angeles Clippers,19,4,4,0,0,0,2
222,150,Gheorghe Muresan,1996-97,December,Washington Bullets,Los Angeles Clippers,9,0,4,1,1,0,1
223,219,Rodney Rogers,1996-97,December,Los Angeles Clippers,Washington Bullets,12,0,4,0,0,2,0
224,223,Rodney Rogers,1996-97,December,Los Angeles Clippers,Washington Bullets,13,0,4,0,0,2,0
226,215,Loy Vaught,1996-97,December,Los Angeles Clippers,Washington Bullets,12,0,11,0,1,0,1
228,222,Gheorghe Muresan,1996-97,December,Washington Bullets,Los Angeles Clippers,9,0,5,1,1,0,1
229,220,Rod Strickland,1996-97,December,Washington Bullets,Los Angeles Clippers,12,3,3,0,1,3,0
230,224,Rodney Rogers,1996-97,December,Washington Bullets,Los Angeles Clippers,13,0,4,0,1,2,0
232,228,Gheorghe Muresan,1996-97,December,Washington Bullets,Los Angeles Clippers,9,0,6,1,1,0,1
233,210,Juwan Howard,1996-97,December,Washington Bullets,Los Angeles Clippers,16,4,3,0,0,5,2
234,209,Darrick Martin,1996-97,December,Washington Bullets,Los Angeles Clippers,6,2,0,0,2,1,0
235,226,Loy Vaught,1996-97,December,Los Angeles Clippers,Washington Bullets,14,0,11,0,1,0,1
236,234,Darrick Martin,1996-97,December,Los Angeles Clippers,Washington Bullets,6,3,0,0,2,1,0
238,221,Chris Webber,1996-97,December,Washington Bullets,Los Angeles Clippers,19,4,4,0,0,1,2
239,216,Kevin Duckworth,1996-97,December,Washington Bullets,Los Angeles Clippers,2,0,1,0,1,2,1
241,232,Gheorghe Muresan,1996-97,December,Washington Bullets,Los Angeles Clippers,9,0,7,1,1,0,1
242,229,Rod Strickland,1996-97,December,Washington Bullets,Los Angeles Clippers,12,3,3,0,1,4,0
243,236,Darrick Martin,1996-97,December,Washington Bullets,Los Angeles Clippers,6,3,0,0,3,1,0
244,233,Juwan Howard,1996-97,December,Washington Bullets,Los Angeles Clippers,16,4,3,0,0,5,3
246,244,Juwan Howard,1996-97,December,Washington Bullets,Los Angeles Clippers,16,4,4,0,0,5,3
247,196,Harvey Grant,1996-97,December,Washington Bullets,Los Angeles Clippers,5,1,1,1,0,0,2
248,242,Rod Strickland,1996-97,December,Washington Bullets,Los Angeles Clippers,12,4,3,0,1,4,0
249,230,Rodney Rogers,1996-97,December,Los Angeles Clippers,Washington Bullets,16,0,4,0,1,2,0
250,241,Gheorghe Muresan,1996-97,December,Washington Bullets,Los Angeles Clippers,11,0,7,1,1,0,1
251,247,Harvey Grant,1996-97,December,Washington Bullets,Los Angeles Clippers,5,2,1,1,0,0,2
252,235,Loy Vaught,1996-97,December,Los Angeles Clippers,Washington Bullets,16,0,11,0,1,0,1
253,243,Darrick Martin,1996-97,December,Los Angeles Clippers,Washington Bullets,6,4,0,0,3,1,0
254,248,Rod Strickland,1996-97,December,Washington Bullets,Los Angeles Clippers,14,4,3,0,1,4,0
256,250,Gheorghe Muresan,1996-97,December,Washington Bullets,Los Angeles Clippers,11,0,8,1,1,0,1
257,254,Rod Strickland,1996-97,December,Washington Bullets,Los Angeles Clippers,16,4,3,0,1,4,0
259,238,Chris Webber,1996-97,December,Washington Bullets,Los Angeles Clippers,19,4,5,0,0,1,2
260,106,Malik Sealy,1996-97,December,Los Angeles Clippers,Washington Bullets,2,0,3,0,2,1,3
262,246,Juwan Howard,1996-97,December,Washington Bullets,Los Angeles Clippers,17,4,4,0,0,5,3
263,253,Darrick Martin,1996-97,December,Los Angeles Clippers,Washington Bullets,8,4,0,0,3,1,0
265,252,Loy Vaught,1996-97,December,Los Angeles Clippers,Washington Bullets,16,0,12,0,1,0,1
266,265,Loy Vaught,1996-97,December,Los Angeles Clippers,Washington Bullets,16,0,12,0,1,1,1
267,259,Chris Webber,1996-97,December,Los Angeles Clippers,Washington Bullets,19,4,5,0,1,1,2
268,262,Juwan Howard,1996-97,December,Washington Bullets,Los Angeles Clippers,19,4,4,0,0,5,3
269,267,Chris Webber,1996-97,December,Washington Bullets,Los Angeles Clippers,19,5,5,0,1,1,2
270,249,Rodney Rogers,1996-97,December,Los Angeles Clippers,Washington Bullets,16,0,4,0,1,2,1
271,270,Rodney Rogers,1996-97,December,Los Angeles Clippers,Washington Bullets,16,0,4,0,1,3,1
272,263,Darrick Martin,1996-97,December,Los Angeles Clippers,Washington Bullets,8,4,0,0,3,1,1
273,256,Gheorghe Muresan,1996-97,December,Washington Bullets,Los Angeles Clippers,13,0,8,1,1,0,1
274,257,Rod Strickland,1996-97,December,Washington Bullets,Los Angeles Clippers,16,5,3,0,1,4,0
275,266,Loy Vaught,1996-97,December,Los Angeles Clippers,Washington Bullets,16,0,12,0,1,1,2
276,273,Gheorghe Muresan,1996-97,December,Washington Bullets,Los Angeles Clippers,14,0,8,1,1,0,1
277,269,Chris Webber,1996-97,December,Washington Bullets,Los Angeles Clippers,19,5,5,0,1,1,3
278,260,Malik Sealy,1996-97,December,Los Angeles Clippers,Washington Bullets,4,0,3,0,2,1,3
279,272,Darrick Martin,1996-97,December,Los Angeles Clippers,Washington Bullets,8,5,0,0,3,1,1
280,251,Harvey Grant,1996-97,December,Washington Bullets,Los Angeles Clippers,7,2,1,1,0,0,2
281,268,Juwan Howard,1996-97,December,Washington Bullets,Los Angeles Clippers,19,5,4,0,0,5,3
282,274,Rod Strickland,1996-97,December,Washington Bullets,Los Angeles Clippers,16,5,3,0,1,4,1
283,278,Malik Sealy,1996-97,December,Los Angeles Clippers,Washington Bullets,5,0,3,0,2,1,3
284,283,Malik Sealy,1996-97,December,Los Angeles Clippers,Washington Bullets,6,0,3,0,2,1,3
285,279,Darrick Martin,1996-97,December,Los Angeles Clippers,Washington Bullets,8,5,0,0,3,1,2
287,271,Rodney Rogers,1996-97,December,Los Angeles Clippers,Washington Bullets,16,0,5,0,1,3,1
288,284,Malik Sealy,1996-97,December,Los Angeles Clippers,Washington Bullets,8,0,3,0,2,1,3
289,287,Rodney Rogers,1996-97,December,Los Angeles Clippers,Washington Bullets,16,1,5,0,1,3,1
291,275,Loy Vaught,1996-97,December,Los Angeles Clippers,Washington Bullets,16,0,13,0,1,1,2
292,291,Loy Vaught,1996-97,December,Los Angeles Clippers,Washington Bullets,18,0,13,0,1,1,2
293,44,Lorenzen Wright,1996-97,December,Los Angeles Clippers,Washington Bullets,0,1,0,0,0,1,1
295,156,Jaren Jackson,1996-97,December,Washington Bullets,Los Angeles Clippers,0,1,3,0,1,1,2
297,281,Juwan Howard,1996-97,December,Washington Bullets,Los Angeles Clippers,19,5,5,0,0,5,3
298,285,Darrick Martin,1996-97,December,Los Angeles Clippers,Washington Bullets,10,5,0,0,3,1,2
300,288,Malik Sealy,1996-97,December,Los Angeles Clippers,Washington Bullets,8,0,4,0,2,1,3
301,289,Rodney Rogers,1996-97,December,Los Angeles Clippers,Washington Bullets,18,1,5,0,1,3,1
302,298,Darrick Martin,1996-97,December,Los Angeles Clippers,Washington Bullets,10,6,0,0,3,1,2
303,171,Tracy Murray,1996-97,December,Washington Bullets,Los Angeles Clippers,4,1,0,0,2,0,1
304,282,Rod Strickland,1996-97,December,Washington Bullets,Los Angeles Clippers,16,6,3,0,1,4,1
306,300,Malik Sealy,1996-97,December,Los Angeles Clippers,Washington Bullets,8,0,5,0,2,1,3
308,295,Jaren Jackson,1996-97,December,Washington Bullets,Los Angeles Clippers,0,1,4,0,1,1,2
310,292,Loy Vaught,1996-97,December,Los Angeles Clippers,Washington Bullets,18,0,14,0,1,1,2
311,306,Malik Sealy,1996-97,December,Los Angeles Clippers,Washington Bullets,8,0,5,0,2,2,3
312,277,Chris Webber,1996-97,December,Los Angeles Clippers,Washington Bullets,19,5,5,0,2,1,3
313,297,Juwan Howard,1996-97,December,Washington Bullets,Los Angeles Clippers,21,5,5,0,0,5,3
314,310,Loy Vaught,1996-97,December,Los Angeles Clippers,Washington Bullets,20,0,14,0,1,1,2
315,302,Darrick Martin,1996-97,December,Los Angeles Clippers,Washington Bullets,10,7,0,0,3,1,2
316,312,Chris Webber,1996-97,December,Washington Bullets,Los Angeles Clippers,19,5,5,0,2,2,3
317,314,Loy Vaught,1996-97,December,Washington Bullets,Los Angeles Clippers,20,0,14,0,2,1,2
318,303,Tracy Murray,1996-97,December,Washington Bullets,Los Angeles Clippers,4,1,0,0,2,0,2
319,317,Loy Vaught,1996-97,December,Los Angeles Clippers,Washington Bullets,22,0,14,0,2,1,2
320,318,Tracy Murray,1996-97,December,Washington Bullets,Los Angeles Clippers,6,1,0,0,2,0,2
321,155,Terry Dehere,1996-97,December,Los Angeles Clippers,Washington Bullets,9,0,2,1,0,3,1
322,308,Jaren Jackson,1996-97,December,Los Angeles Clippers,Washington Bullets,0,1,4,0,2,1,2
324,319,Loy Vaught,1996-97,December,Los Angeles Clippers,Washington Bullets,22,0,15,0,2,1,2
325,311,Malik Sealy,1996-97,December,Los Angeles Clippers,Washington Bullets,10,0,5,0,2,2,3
326,322,Jaren Jackson,1996-97,December,Washington Bullets,Los Angeles Clippers,0,1,4,0,2,2,2
327,293,Lorenzen Wright,1996-97,December,Washington Bullets,Los Angeles Clippers,0,1,0,0,1,1,1
328,276,Gheorghe Muresan,1996-97,December,Washington Bullets,Los Angeles Clippers,14,0,8,1,1,0,2
330,324,Loy Vaught,1996-97,December,Los Angeles Clippers,Washington Bullets,22,0,16,0,2,1,2
331,330,Loy Vaught,1996-97,December,Los Angeles Clippers,Washington Bullets,22,0,16,0,2,2,2
332,316,Chris Webber,1996-97,December,Washington Bullets,Los Angeles Clippers,19,5,5,0,2,3,3
333,301,Rodney Rogers,1996-97,December,Washington Bullets,Los Angeles Clippers,18,1,5,0,2,3,1
334,325,Malik Sealy,1996-97,December,Los Angeles Clippers,Washington Bullets,12,0,5,0,2,2,3
335,333,Rodney Rogers,1996-97,December,Los Angeles Clippers,Washington Bullets,18,2,5,0,2,3,1
336,313,Juwan Howard,1996-97,December,Washington Bullets,Los Angeles Clippers,21,5,5,0,0,6,3
337,334,Malik Sealy,1996-97,December,Washington Bullets,Los Angeles Clippers,12,0,5,0,3,2,3
338,337,Malik Sealy,1996-97,December,Los Angeles Clippers,Washington Bullets,12,0,5,0,3,3,3
339,326,Jaren Jackson,1996-97,December,Washington Bullets,Los Angeles Clippers,0,1,4,0,2,3,2
340,331,Loy Vaught,1996-97,December,Washington Bullets,Los Angeles Clippers,22,0,16,0,3,2,2
342,340,Loy Vaught,1996-97,December,Los Angeles Clippers,Washington Bullets,22,0,17,0,3,2,2
343,321,Terry Dehere,1996-97,December,Los Angeles Clippers,Washington Bullets,9,0,2,1,0,4,1
344,304,Rod Strickland,1996-97,December,Los Angeles Clippers,Washington Bullets,16,6,3,0,2,4,1
345,336,Juwan Howard,1996-97,December,Washington Bullets,Los Angeles Clippers,21,5,5,0,0,7,3
346,343,Terry Dehere,1996-97,December,Washington Bullets,Los Angeles Clippers,9,0,2,1,1,4,1
347,342,Loy Vaught,1996-97,December,Los Angeles Clippers,Washington Bullets,24,0,17,0,3,2,2
348,346,Terry Dehere,1996-97,December,Los Angeles Clippers,Washington Bullets,9,1,2,1,1,4,1
350,345,Juwan Howard,1996-97,December,Washington Bullets,Los Angeles Clippers,21,5,5,0,0,7,4
351,350,Juwan Howard,1996-97,December,Washington Bullets,Los Angeles Clippers,21,5,5,0,0,8,4
353,332,Chris Webber,1996-97,December,Washington Bullets,Los Angeles Clippers,19,5,6,0,2,3,3
354,344,Rod Strickland,1996-97,December,Washington Bullets,Los Angeles Clippers,16,6,3,0,2,5,1
355,338,Malik Sealy,1996-97,December,Washington Bullets,Los Angeles Clippers,12,0,5,0,4,3,3
356,355,Malik Sealy,1996-97,December,Los Angeles Clippers,Washington Bullets,12,0,5,0,4,4,3
358,353,Chris Webber,1996-97,December,Washington Bullets,Los Angeles Clippers,19,5,6,0,2,3,4
360,320,Tracy Murray,1996-97,December,Washington Bullets,Los Angeles Clippers,6,1,1,0,2,0,2
361,351,Juwan Howard,1996-97,December,Washington Bullets,Los Angeles Clippers,23,5,5,0,0,8,4
362,335,Rodney Rogers,1996-97,December,Los Angeles Clippers,Washington Bullets,21,2,5,0,2,3,1
363,200,Brent Barry,1996-97,December,Los Angeles Clippers,Washington Bullets,3,3,1,0,0,1,2
365,280,Harvey Grant,1996-97,December,Washington Bullets,Los Angeles Clippers,7,2,2,1,0,0,2
367,348,Terry Dehere,1996-97,December,Los Angeles Clippers,Washington Bullets,9,1,3,1,1,4,1
368,362,Rodney Rogers,1996-97,December,Los Angeles Clippers,Washington Bullets,23,2,5,0,2,3,1
369,367,Terry Dehere,1996-97,December,Los Angeles Clippers,Washington Bullets,9,2,3,1,1,4,1
370,365,Harvey Grant,1996-97,December,Washington Bullets,Los Angeles Clippers,7,2,2,1,0,0,3
371,368,Rodney Rogers,1996-97,December,Los Angeles Clippers,Washington Bullets,24,2,5,0,2,3,1
372,360,Tracy Murray,1996-97,December,Washington Bullets,Los Angeles Clippers,7,1,1,0,2,0,2
373,358,Chris Webber,1996-97,December,Washington Bullets,Los Angeles Clippers,21,5,6,0,2,3,4
374,372,Tracy Murray,1996-97,December,Washington Bullets,Los Angeles Clippers,7,2,1,0,2,0,2
375,202,Bo Outlaw,1996-97,December,Los Angeles Clippers,Washington Bullets,4,0,0,0,0,2,2
377,363,Brent Barry,1996-97,December,Los Angeles Clippers,Washington Bullets,3,3,2,0,0,1,2
379,370,Harvey Grant,1996-97,December,Washington Bullets,Los Angeles Clippers,7,2,3,1,0,0,3
380,373,Chris Webber,1996-97,December,Washington Bullets,Los Angeles Clippers,23,5,6,0,2,3,4
381,354,Rod Strickland,1996-97,December,Washington Bullets,Los Angeles Clippers,16,7,3,0,2,5,1
383,327,Lorenzen Wright,1996-97,December,Los Angeles Clippers,Washington Bullets,0,1,1,0,1,1,1
385,380,Chris Webber,1996-97,December,Washington Bullets,Los Angeles Clippers,23,5,7,0,2,3,4
386,361,Juwan Howard,1996-97,December,Washington Bullets,Los Angeles Clippers,25,5,5,0,0,8,4
387,385,Chris Webber,1996-97,December,Washington Bullets,Los Angeles Clippers,23,6,7,0,2,3,4
388,371,Rodney Rogers,1996-97,December,Los Angeles Clippers,Washington Bullets,26,2,5,0,2,3,1
390,375,Bo Outlaw,1996-97,December,Los Angeles Clippers,Washington Bullets,4,0,1,0,0,2,2
391,388,Rodney Rogers,1996-97,December,Los Angeles Clippers,Washington Bullets,26,2,5,0,2,4,1
392,386,Juwan Howard,1996-97,December,Los Angeles Clippers,Washington Bullets,25,5,5,0,1,8,4
393,391,Rodney Rogers,1996-97,December,Los Angeles Clippers,Washington Bullets,26,2,5,0,2,4,2
395,347,Loy Vaught,1996-97,December,Los Angeles Clippers,Washington Bullets,24,0,18,0,3,2,2
396,374,Tracy Murray,1996-97,December,Washington Bullets,Los Angeles Clippers,7,2,1,0,2,0,3
397,377,Brent Barry,1996-97,December,Los Angeles Clippers,Washington Bullets,4,3,2,0,0,1,2
399,392,Juwan Howard,1996-97,December,Washington Bullets,Los Angeles Clippers,25,5,6,0,1,8,4
401,387,Chris Webber,1996-97,December,Washington Bullets,Los Angeles Clippers,23,6,8,0,2,3,4
402,401,Chris Webber,1996-97,December,Washington Bullets,Los Angeles Clippers,25,6,8,0,2,3,4
404,402,Chris Webber,1996-97,December,Washington Bullets,Los Angeles Clippers,25,6,9,0,2,3,4
406,381,Rod Strickland,1996-97,December,Washington Bullets,Los Angeles Clippers,16,7,4,0,2,5,1
408,390,Bo Outlaw,1996-97,December,Washington Bullets,Los Angeles Clippers,4,0,1,1,0,2,2
409,369,Terry Dehere,1996-97,December,Los Angeles Clippers,Washington Bullets,9,2,4,1,1,4,1
410,379,Harvey Grant,1996-97,December,Washington Bullets,Los Angeles Clippers,7,2,3,1,0,0,4
411,395,Loy Vaught,1996-97,December,Los Angeles Clippers,Washington Bullets,25,0,18,0,3,2,2
413,410,Harvey Grant,1996-97,December,Washington Bullets,Los Angeles Clippers,7,2,4,1,0,0,4
414,409,Terry Dehere,1996-97,December,Los Angeles Clippers,Washington Bullets,9,2,4,1,1,4,2
415,406,Rod Strickland,1996-97,December,Washington Bullets,Los Angeles Clippers,17,7,4,0,2,5,1
416,415,Rod Strickland,1996-97,December,Washington Bullets,Los Angeles Clippers,18,7,4,0,2,5,1
417,396,Tracy Murray,1996-97,December,Washington Bullets,Los Angeles Clippers,7,2,1,0,2,0,4
420,393,Rodney Rogers,1996-97,December,Los Angeles Clippers,Washington Bullets,26,2,6,0,2,4,2
422,413,Harvey Grant,1996-97,December,Washington Bullets,Los Angeles Clippers,7,2,5,1,0,0,4
423,404,Chris Webber,1996-97,December,Washington Bullets,Los Angeles Clippers,25,6,9,0,2,4,4
424,420,Rodney Rogers,1996-97,December,Washington Bullets,Los Angeles Clippers,26,2,6,0,3,4,2
425,422,Harvey Grant,1996-97,December,Washington Bullets,Los Angeles Clippers,7,2,5,1,0,0,5
426,424,Rodney Rogers,1996-97,December,Los Angeles Clippers,Washington Bullets,27,2,6,0,3,4,2
428,416,Rod Strickland,1996-97,December,Washington Bullets,Los Angeles Clippers,18,7,5,0,2,5,1
429,397,Brent Barry,1996-97,December,Los Angeles Clippers,Washington Bullets,4,3,2,0,0,1,3
430,212,Chris Whitney,1996-97,December,Washington Bullets,Los Angeles Clippers,3,2,3,0,0,2,3
431,430,Chris Whitney,1996-97,December,Washington Bullets,Los Angeles Clippers,4,2,3,0,0,2,3
433,429,Brent Barry,1996-97,December,Los Angeles Clippers,Washington Bullets,4,3,3,0,0,1,3
435,399,Juwan Howard,1996-97,December,Washington Bullets,Los Angeles Clippers,25,5,7,0,1,8,4
436,426,Rodney Rogers,1996-97,December,Los Angeles Clippers,Washington Bullets,27,2,6,0,3,4,3
437,431,Chris Whitney,1996-97,December,Washington Bullets,Los Angeles Clippers,5,2,3,0,0,2,3
438,437,Chris Whitney,1996-97,December,Washington Bullets,Los Angeles Clippers,6,2,3,0,0,2,3
