id,previous_id,player,season,month,team,opponent_team,points,assists,rebounds,blocks,steals,turnovers,personal fouls
2,0,Erick Dampier,1996-97,December,Indiana Pacers,Detroit Pistons,0,0,1,0,0,0,0
4,0,Otis Thorpe,1996-97,December,Detroit Pistons,Indiana Pacers,0,0,1,0,0,0,0
6,4,Otis Thorpe,1996-97,December,Detroit Pistons,Indiana Pacers,0,0,2,0,0,0,0
7,0,Lindsey Hunter,1996-97,December,Detroit Pistons,Indiana Pacers,3,0,0,0,0,0,0
8,0,Grant Hill,1996-97,December,Detroit Pistons,Indiana Pacers,0,1,0,0,0,0,0
9,0,Reggie Miller,1996-97,December,Indiana Pacers,Detroit Pistons,3,0,0,0,0,0,0
10,8,Grant Hill,1996-97,December,Detroit Pistons,Indiana Pacers,0,1,0,0,0,1,0
11,0,Derrick McKey,1996-97,December,Indiana Pacers,Detroit Pistons,0,0,0,0,1,0,0
12,11,Derrick McKey,1996-97,December,Indiana Pacers,Detroit Pistons,0,0,0,0,1,1,0
13,10,Grant Hill,1996-97,December,Detroit Pistons,Indiana Pacers,0,1,0,0,1,1,0
14,13,Grant Hill,1996-97,December,Detroit Pistons,Indiana Pacers,2,1,0,0,1,1,0
15,6,Otis Thorpe,1996-97,December,Detroit Pistons,Indiana Pacers,0,1,2,0,0,0,0
16,0,Dale Davis,1996-97,December,Indiana Pacers,Detroit Pistons,0,0,0,0,0,0,1
17,16,Dale Davis,1996-97,December,Indiana Pacers,Detroit Pistons,0,0,0,0,0,1,1
18,14,Grant Hill,1996-97,December,Detroit Pistons,Indiana Pacers,2,1,0,0,1,2,0
19,12,Derrick McKey,1996-97,December,Indiana Pacers,Detroit Pistons,0,0,0,0,1,1,1
20,15,Otis Thorpe,1996-97,December,Detroit Pistons,Indiana Pacers,0,1,2,0,0,1,0
21,2,Erick Dampier,1996-97,December,Indiana Pacers,Detroit Pistons,0,0,1,0,1,0,0
22,20,Otis Thorpe,1996-97,December,Detroit Pistons,Indiana Pacers,0,1,2,0,0,1,1
23,19,Derrick McKey,1996-97,December,Indiana Pacers,Detroit Pistons,0,0,0,0,1,2,1
24,22,Otis Thorpe,1996-97,December,Detroit Pistons,Indiana Pacers,0,1,2,0,1,1,1
25,24,Otis Thorpe,1996-97,December,Detroit Pistons,Indiana Pacers,2,1,2,0,1,1,1
26,17,Dale Davis,1996-97,December,Indiana Pacers,Detroit Pistons,2,0,0,0,0,1,1
27,23,Derrick McKey,1996-97,December,Indiana Pacers,Detroit Pistons,0,1,0,0,1,2,1
29,7,Lindsey Hunter,1996-97,December,Detroit Pistons,Indiana Pacers,6,0,0,0,0,0,0
30,18,Grant Hill,1996-97,December,Detroit Pistons,Indiana Pacers,2,2,0,0,1,2,0
31,27,Derrick McKey,1996-97,December,Indiana Pacers,Detroit Pistons,0,1,0,0,1,3,1
32,30,Grant Hill,1996-97,December,Detroit Pistons,Indiana Pacers,4,2,0,0,1,2,0
34,21,Erick Dampier,1996-97,December,Indiana Pacers,Detroit Pistons,0,0,2,0,1,0,0
36,25,Otis Thorpe,1996-97,December,Detroit Pistons,Indiana Pacers,2,1,3,0,1,1,1
37,32,Grant Hill,1996-97,December,Detroit Pistons,Indiana Pacers,6,2,0,0,1,2,0
38,31,Derrick McKey,1996-97,December,Indiana Pacers,Detroit Pistons,2,1,0,0,1,3,1
39,9,Reggie Miller,1996-97,December,Indiana Pacers,Detroit Pistons,3,1,0,0,0,0,0
41,38,Derrick McKey,1996-97,December,Indiana Pacers,Detroit Pistons,2,1,1,0,1,3,1
42,0,Travis Best,1996-97,December,Indiana Pacers,Detroit Pistons,2,0,0,0,0,0,0
43,29,Lindsey Hunter,1996-97,December,Detroit Pistons,Indiana Pacers,6,0,0,0,0,0,1
44,42,Travis Best,1996-97,December,Indiana Pacers,Detroit Pistons,3,0,0,0,0,0,0
45,0,Joe Dumars,1996-97,December,Detroit Pistons,Indiana Pacers,0,0,0,0,0,1,0
47,43,Lindsey Hunter,1996-97,December,Detroit Pistons,Indiana Pacers,6,0,1,0,0,0,1
49,36,Otis Thorpe,1996-97,December,Detroit Pistons,Indiana Pacers,2,1,4,0,1,1,1
50,45,Joe Dumars,1996-97,December,Detroit Pistons,Indiana Pacers,2,0,0,0,0,1,0
51,37,Grant Hill,1996-97,December,Detroit Pistons,Indiana Pacers,6,3,0,0,1,2,0
53,51,Grant Hill,1996-97,December,Detroit Pistons,Indiana Pacers,6,3,1,0,1,2,0
55,44,Travis Best,1996-97,December,Indiana Pacers,Detroit Pistons,3,0,1,0,0,0,0
56,53,Grant Hill,1996-97,December,Detroit Pistons,Indiana Pacers,6,3,1,0,1,2,1
57,0,Vincent Askew,1996-97,December,Indiana Pacers,Detroit Pistons,3,0,0,0,0,0,0
58,55,Travis Best,1996-97,December,Indiana Pacers,Detroit Pistons,3,1,1,0,0,0,0
60,58,Travis Best,1996-97,December,Indiana Pacers,Detroit Pistons,3,1,2,0,0,0,0
62,49,Otis Thorpe,1996-97,December,Detroit Pistons,Indiana Pacers,2,1,5,0,1,1,1
63,50,Joe Dumars,1996-97,December,Detroit Pistons,Indiana Pacers,4,0,0,0,0,1,0
64,39,Reggie Miller,1996-97,December,Indiana Pacers,Detroit Pistons,5,1,0,0,0,0,0
65,60,Travis Best,1996-97,December,Indiana Pacers,Detroit Pistons,3,2,2,0,0,0,0
67,0,Grant Long,1996-97,December,Detroit Pistons,Indiana Pacers,0,0,1,0,0,0,0
69,62,Otis Thorpe,1996-97,December,Detroit Pistons,Indiana Pacers,2,1,6,0,1,1,1
70,69,Otis Thorpe,1996-97,December,Detroit Pistons,Indiana Pacers,4,1,6,0,1,1,1
72,56,Grant Hill,1996-97,December,Detroit Pistons,Indiana Pacers,6,3,2,0,1,2,1
74,0,Antonio Davis,1996-97,December,Indiana Pacers,Detroit Pistons,0,0,1,0,0,0,0
75,64,Reggie Miller,1996-97,December,Indiana Pacers,Detroit Pistons,5,1,0,0,0,1,0
76,72,Grant Hill,1996-97,December,Detroit Pistons,Indiana Pacers,6,3,2,0,2,2,1
78,26,Dale Davis,1996-97,December,Indiana Pacers,Detroit Pistons,2,0,1,0,0,1,1
79,63,Joe Dumars,1996-97,December,Detroit Pistons,Indiana Pacers,4,0,0,0,0,1,1
80,65,Travis Best,1996-97,December,Indiana Pacers,Detroit Pistons,3,2,2,0,0,0,1
81,80,Travis Best,1996-97,December,Indiana Pacers,Detroit Pistons,3,2,2,0,0,1,1
83,70,Otis Thorpe,1996-97,December,Detroit Pistons,Indiana Pacers,4,1,7,0,1,1,1
84,83,Otis Thorpe,1996-97,December,Detroit Pistons,Indiana Pacers,6,1,7,0,1,1,1
85,76,Grant Hill,1996-97,December,Detroit Pistons,Indiana Pacers,6,4,2,0,2,2,1
86,81,Travis Best,1996-97,December,Indiana Pacers,Detroit Pistons,5,2,2,0,0,1,1
87,47,Lindsey Hunter,1996-97,December,Detroit Pistons,Indiana Pacers,6,0,1,0,0,0,2
88,86,Travis Best,1996-97,December,Indiana Pacers,Detroit Pistons,6,2,2,0,0,1,1
89,0,Terry Mills,1996-97,December,Detroit Pistons,Indiana Pacers,3,0,0,0,0,0,0
90,85,Grant Hill,1996-97,December,Detroit Pistons,Indiana Pacers,6,5,2,0,2,2,1
92,0,Duane Ferrell,1996-97,December,Indiana Pacers,Detroit Pistons,2,0,0,0,0,0,0
93,0,Jerome Allen,1996-97,December,Indiana Pacers,Detroit Pistons,0,1,0,0,0,0,0
95,0,Michael Curry,1996-97,December,Detroit Pistons,Indiana Pacers,0,0,1,0,0,0,0
96,95,Michael Curry,1996-97,December,Detroit Pistons,Indiana Pacers,2,0,1,0,0,0,0
97,57,Vincent Askew,1996-97,December,Indiana Pacers,Detroit Pistons,3,0,0,0,0,1,0
98,90,Grant Hill,1996-97,December,Detroit Pistons,Indiana Pacers,6,5,2,0,3,2,1
100,74,Antonio Davis,1996-97,December,Indiana Pacers,Detroit Pistons,0,0,2,0,0,0,0
102,89,Terry Mills,1996-97,December,Detroit Pistons,Indiana Pacers,3,0,1,0,0,0,0
103,98,Grant Hill,1996-97,December,Detroit Pistons,Indiana Pacers,8,5,2,0,3,2,1
105,0,Litterial Green,1996-97,December,Detroit Pistons,Indiana Pacers,0,0,1,0,0,0,0
106,100,Antonio Davis,1996-97,December,Indiana Pacers,Detroit Pistons,0,0,2,0,0,0,1
107,106,Antonio Davis,1996-97,December,Indiana Pacers,Detroit Pistons,0,0,2,0,0,1,1
109,92,Duane Ferrell,1996-97,December,Indiana Pacers,Detroit Pistons,2,0,1,0,0,0,0
112,93,Jerome Allen,1996-97,December,Indiana Pacers,Detroit Pistons,0,1,1,0,0,0,0
114,107,Antonio Davis,1996-97,December,Indiana Pacers,Detroit Pistons,0,0,3,0,0,1,1
115,96,Michael Curry,1996-97,December,Detroit Pistons,Indiana Pacers,2,0,1,0,0,0,1
116,114,Antonio Davis,1996-97,December,Indiana Pacers,Detroit Pistons,1,0,3,0,0,1,1
117,116,Antonio Davis,1996-97,December,Indiana Pacers,Detroit Pistons,2,0,3,0,0,1,1
118,79,Joe Dumars,1996-97,December,Detroit Pistons,Indiana Pacers,6,0,0,0,0,1,1
119,109,Duane Ferrell,1996-97,December,Indiana Pacers,Detroit Pistons,4,0,1,0,0,0,0
120,97,Vincent Askew,1996-97,December,Indiana Pacers,Detroit Pistons,3,1,0,0,0,1,0
121,105,Litterial Green,1996-97,December,Detroit Pistons,Indiana Pacers,0,0,1,0,0,1,0
122,117,Antonio Davis,1996-97,December,Indiana Pacers,Detroit Pistons,4,0,3,0,0,1,1
123,75,Reggie Miller,1996-97,December,Indiana Pacers,Detroit Pistons,5,2,0,0,0,1,0
124,0,Theo Ratliff,1996-97,December,Detroit Pistons,Indiana Pacers,0,0,0,0,0,0,1
125,122,Antonio Davis,1996-97,December,Indiana Pacers,Detroit Pistons,5,0,3,0,0,1,1
127,125,Antonio Davis,1996-97,December,Indiana Pacers,Detroit Pistons,5,0,3,1,0,1,1
128,78,Dale Davis,1996-97,December,Indiana Pacers,Detroit Pistons,2,0,2,0,0,1,1
130,102,Terry Mills,1996-97,December,Detroit Pistons,Indiana Pacers,3,0,2,0,0,0,0
132,112,Jerome Allen,1996-97,December,Indiana Pacers,Detroit Pistons,0,1,2,0,0,0,0
134,84,Otis Thorpe,1996-97,December,Detroit Pistons,Indiana Pacers,6,1,8,0,1,1,1
135,87,Lindsey Hunter,1996-97,December,Detroit Pistons,Indiana Pacers,8,0,1,0,0,0,2
136,128,Dale Davis,1996-97,December,Indiana Pacers,Detroit Pistons,2,0,2,0,0,1,2
137,136,Dale Davis,1996-97,December,Indiana Pacers,Detroit Pistons,2,0,2,0,0,2,2
139,137,Dale Davis,1996-97,December,Indiana Pacers,Detroit Pistons,2,0,3,0,0,2,2
141,130,Terry Mills,1996-97,December,Detroit Pistons,Indiana Pacers,3,0,3,0,0,0,0
142,119,Duane Ferrell,1996-97,December,Indiana Pacers,Detroit Pistons,4,0,1,0,0,0,1
143,135,Lindsey Hunter,1996-97,December,Detroit Pistons,Indiana Pacers,8,0,1,0,0,1,2
144,139,Dale Davis,1996-97,December,Indiana Pacers,Detroit Pistons,2,0,3,0,1,2,2
145,141,Terry Mills,1996-97,December,Detroit Pistons,Indiana Pacers,3,0,3,0,0,0,1
147,103,Grant Hill,1996-97,December,Detroit Pistons,Indiana Pacers,8,5,3,0,3,2,1
148,143,Lindsey Hunter,1996-97,December,Detroit Pistons,Indiana Pacers,10,0,1,0,0,1,2
149,127,Antonio Davis,1996-97,December,Indiana Pacers,Detroit Pistons,7,0,3,1,0,1,1
150,41,Derrick McKey,1996-97,December,Indiana Pacers,Detroit Pistons,2,2,1,0,1,3,1
151,150,Derrick McKey,1996-97,December,Indiana Pacers,Detroit Pistons,2,2,1,0,1,3,2
152,120,Vincent Askew,1996-97,December,Indiana Pacers,Detroit Pistons,3,1,0,0,0,1,1
154,147,Grant Hill,1996-97,December,Detroit Pistons,Indiana Pacers,9,5,3,0,3,2,1
156,154,Grant Hill,1996-97,December,Detroit Pistons,Indiana Pacers,9,5,3,0,3,3,1
157,118,Joe Dumars,1996-97,December,Detroit Pistons,Indiana Pacers,6,0,0,0,0,1,2
158,123,Reggie Miller,1996-97,December,Indiana Pacers,Detroit Pistons,7,2,0,0,0,1,0
159,88,Travis Best,1996-97,December,Indiana Pacers,Detroit Pistons,6,3,2,0,0,1,1
160,67,Grant Long,1996-97,December,Detroit Pistons,Indiana Pacers,0,0,1,0,0,0,1
161,160,Grant Long,1996-97,December,Detroit Pistons,Indiana Pacers,0,0,1,0,0,1,1
163,161,Grant Long,1996-97,December,Detroit Pistons,Indiana Pacers,0,0,2,0,0,1,1
164,159,Travis Best,1996-97,December,Indiana Pacers,Detroit Pistons,6,3,2,0,0,1,2
167,149,Antonio Davis,1996-97,December,Indiana Pacers,Detroit Pistons,7,0,4,1,0,1,1
168,164,Travis Best,1996-97,December,Indiana Pacers,Detroit Pistons,8,3,2,0,0,1,2
170,151,Derrick McKey,1996-97,December,Indiana Pacers,Detroit Pistons,2,2,1,1,1,3,2
171,167,Antonio Davis,1996-97,December,Indiana Pacers,Detroit Pistons,7,0,5,1,0,1,1
172,115,Michael Curry,1996-97,December,Detroit Pistons,Indiana Pacers,2,0,1,0,0,0,2
174,158,Reggie Miller,1996-97,December,Indiana Pacers,Detroit Pistons,8,2,0,0,0,1,0
176,152,Vincent Askew,1996-97,December,Indiana Pacers,Detroit Pistons,3,1,1,0,0,1,1
177,174,Reggie Miller,1996-97,December,Indiana Pacers,Detroit Pistons,8,2,0,0,0,2,0
178,156,Grant Hill,1996-97,December,Detroit Pistons,Indiana Pacers,11,5,3,0,3,3,1
179,34,Erick Dampier,1996-97,December,Indiana Pacers,Detroit Pistons,2,0,2,0,1,0,0
180,177,Reggie Miller,1996-97,December,Indiana Pacers,Detroit Pistons,8,3,0,0,0,2,0
182,176,Vincent Askew,1996-97,December,Indiana Pacers,Detroit Pistons,3,1,2,0,0,1,1
184,145,Terry Mills,1996-97,December,Detroit Pistons,Indiana Pacers,3,0,4,0,0,0,1
185,179,Erick Dampier,1996-97,December,Indiana Pacers,Detroit Pistons,4,0,2,0,1,0,0
186,180,Reggie Miller,1996-97,December,Indiana Pacers,Detroit Pistons,8,4,0,0,0,2,0
187,157,Joe Dumars,1996-97,December,Detroit Pistons,Indiana Pacers,8,0,0,0,0,1,2
188,134,Otis Thorpe,1996-97,December,Detroit Pistons,Indiana Pacers,6,1,8,0,1,1,2
190,0,Rick Mahorn,1996-97,December,Detroit Pistons,Indiana Pacers,0,0,1,0,0,0,0
192,163,Grant Long,1996-97,December,Detroit Pistons,Indiana Pacers,0,0,3,0,0,1,1
193,170,Derrick McKey,1996-97,December,Indiana Pacers,Detroit Pistons,2,2,1,1,1,3,3
194,192,Grant Long,1996-97,December,Detroit Pistons,Indiana Pacers,1,0,3,0,0,1,1
195,194,Grant Long,1996-97,December,Detroit Pistons,Indiana Pacers,2,0,3,0,0,1,1
196,168,Travis Best,1996-97,December,Indiana Pacers,Detroit Pistons,10,3,2,0,0,1,2
197,193,Derrick McKey,1996-97,December,Indiana Pacers,Detroit Pistons,2,3,1,1,1,3,3
199,190,Rick Mahorn,1996-97,December,Detroit Pistons,Indiana Pacers,0,0,2,0,0,0,0
201,144,Dale Davis,1996-97,December,Indiana Pacers,Detroit Pistons,2,0,3,1,1,2,2
202,186,Reggie Miller,1996-97,December,Indiana Pacers,Detroit Pistons,8,4,1,0,0,2,0
203,196,Travis Best,1996-97,December,Indiana Pacers,Detroit Pistons,12,3,2,0,0,1,2
204,202,Reggie Miller,1996-97,December,Indiana Pacers,Detroit Pistons,8,5,1,0,0,2,0
205,203,Travis Best,1996-97,December,Indiana Pacers,Detroit Pistons,12,3,2,0,0,1,3
207,197,Derrick McKey,1996-97,December,Indiana Pacers,Detroit Pistons,2,3,2,1,1,3,3
209,204,Reggie Miller,1996-97,December,Indiana Pacers,Detroit Pistons,11,5,1,0,0,2,0
210,201,Dale Davis,1996-97,December,Indiana Pacers,Detroit Pistons,2,1,3,1,1,2,2
211,207,Derrick McKey,1996-97,December,Indiana Pacers,Detroit Pistons,2,3,2,1,1,3,4
212,178,Grant Hill,1996-97,December,Detroit Pistons,Indiana Pacers,12,5,3,0,3,3,1
214,188,Otis Thorpe,1996-97,December,Detroit Pistons,Indiana Pacers,6,1,9,0,1,1,2
215,212,Grant Hill,1996-97,December,Detroit Pistons,Indiana Pacers,12,5,3,0,3,4,1
216,210,Dale Davis,1996-97,December,Indiana Pacers,Detroit Pistons,2,1,3,1,2,2,2
217,209,Reggie Miller,1996-97,December,Indiana Pacers,Detroit Pistons,11,5,1,0,0,3,0
218,148,Lindsey Hunter,1996-97,December,Detroit Pistons,Indiana Pacers,13,0,1,0,0,1,2
219,214,Otis Thorpe,1996-97,December,Detroit Pistons,Indiana Pacers,6,2,9,0,1,1,2
220,205,Travis Best,1996-97,December,Indiana Pacers,Detroit Pistons,12,3,2,0,0,1,4
221,218,Lindsey Hunter,1996-97,December,Detroit Pistons,Indiana Pacers,14,0,1,0,0,1,2
223,215,Grant Hill,1996-97,December,Detroit Pistons,Indiana Pacers,12,5,4,0,3,4,1
225,217,Reggie Miller,1996-97,December,Indiana Pacers,Detroit Pistons,11,5,2,0,0,3,0
226,142,Duane Ferrell,1996-97,December,Indiana Pacers,Detroit Pistons,6,0,1,0,0,0,1
227,185,Erick Dampier,1996-97,December,Indiana Pacers,Detroit Pistons,4,1,2,0,1,0,0
228,223,Grant Hill,1996-97,December,Detroit Pistons,Indiana Pacers,12,5,4,0,3,4,1
229,225,Reggie Miller,1996-97,December,Indiana Pacers,Detroit Pistons,12,5,2,0,0,3,0
230,228,Grant Hill,1996-97,December,Detroit Pistons,Indiana Pacers,12,5,4,0,3,5,1
231,229,Reggie Miller,1996-97,December,Indiana Pacers,Detroit Pistons,14,5,2,0,0,3,0
232,132,Jerome Allen,1996-97,December,Indiana Pacers,Detroit Pistons,0,2,2,0,0,0,0
233,216,Dale Davis,1996-97,December,Indiana Pacers,Detroit Pistons,2,1,3,1,2,2,3
235,230,Grant Hill,1996-97,December,Detroit Pistons,Indiana Pacers,13,5,4,0,3,5,1
236,226,Duane Ferrell,1996-97,December,Indiana Pacers,Detroit Pistons,8,0,1,0,0,0,1
238,233,Dale Davis,1996-97,December,Indiana Pacers,Detroit Pistons,2,1,4,1,2,2,3
239,195,Grant Long,1996-97,December,Detroit Pistons,Indiana Pacers,2,0,3,0,0,1,2
240,231,Reggie Miller,1996-97,December,Indiana Pacers,Detroit Pistons,16,5,2,0,0,3,0
241,232,Jerome Allen,1996-97,December,Indiana Pacers,Detroit Pistons,0,3,2,0,0,0,0
242,221,Lindsey Hunter,1996-97,December,Detroit Pistons,Indiana Pacers,16,0,1,0,0,1,2
244,238,Dale Davis,1996-97,December,Indiana Pacers,Detroit Pistons,2,1,5,1,2,2,3
246,171,Antonio Davis,1996-97,December,Indiana Pacers,Detroit Pistons,7,0,6,1,0,1,1
248,219,Otis Thorpe,1996-97,December,Detroit Pistons,Indiana Pacers,6,2,10,0,1,1,2
249,187,Joe Dumars,1996-97,December,Detroit Pistons,Indiana Pacers,10,0,0,0,0,1,2
250,241,Jerome Allen,1996-97,December,Indiana Pacers,Detroit Pistons,0,3,2,0,0,0,1
252,236,Duane Ferrell,1996-97,December,Indiana Pacers,Detroit Pistons,8,0,2,0,0,0,1
253,250,Jerome Allen,1996-97,December,Indiana Pacers,Detroit Pistons,0,3,2,0,0,1,1
254,242,Lindsey Hunter,1996-97,December,Detroit Pistons,Indiana Pacers,16,0,1,0,1,1,2
256,253,Jerome Allen,1996-97,December,Indiana Pacers,Detroit Pistons,0,3,3,0,0,1,1
258,184,Terry Mills,1996-97,December,Detroit Pistons,Indiana Pacers,3,0,5,0,0,0,1
259,248,Otis Thorpe,1996-97,December,Detroit Pistons,Indiana Pacers,8,2,10,0,1,1,2
260,254,Lindsey Hunter,1996-97,December,Detroit Pistons,Indiana Pacers,16,1,1,0,1,1,2
262,246,Antonio Davis,1996-97,December,Indiana Pacers,Detroit Pistons,7,0,7,1,0,1,1
263,256,Jerome Allen,1996-97,December,Indiana Pacers,Detroit Pistons,2,3,3,0,0,1,1
264,262,Antonio Davis,1996-97,December,Indiana Pacers,Detroit Pistons,7,1,7,1,0,1,1
266,260,Lindsey Hunter,1996-97,December,Detroit Pistons,Indiana Pacers,16,1,2,0,1,1,2
268,259,Otis Thorpe,1996-97,December,Detroit Pistons,Indiana Pacers,8,2,11,0,1,1,2
269,249,Joe Dumars,1996-97,December,Detroit Pistons,Indiana Pacers,10,0,0,0,0,2,2
270,182,Vincent Askew,1996-97,December,Indiana Pacers,Detroit Pistons,3,1,2,0,1,1,1
271,268,Otis Thorpe,1996-97,December,Detroit Pistons,Indiana Pacers,8,2,11,0,1,1,3
276,264,Antonio Davis,1996-97,December,Indiana Pacers,Detroit Pistons,7,1,7,1,0,1,2
277,271,Otis Thorpe,1996-97,December,Detroit Pistons,Indiana Pacers,9,2,11,0,1,1,3
278,277,Otis Thorpe,1996-97,December,Detroit Pistons,Indiana Pacers,10,2,11,0,1,1,3
280,278,Otis Thorpe,1996-97,December,Detroit Pistons,Indiana Pacers,10,2,12,0,1,1,3
282,280,Otis Thorpe,1996-97,December,Detroit Pistons,Indiana Pacers,10,2,13,0,1,1,3
283,282,Otis Thorpe,1996-97,December,Detroit Pistons,Indiana Pacers,12,2,13,0,1,1,3
284,276,Antonio Davis,1996-97,December,Indiana Pacers,Detroit Pistons,7,1,7,1,0,2,2
285,266,Lindsey Hunter,1996-97,December,Detroit Pistons,Indiana Pacers,16,1,2,0,2,1,2
286,285,Lindsey Hunter,1996-97,December,Detroit Pistons,Indiana Pacers,18,1,2,0,2,1,2
287,284,Antonio Davis,1996-97,December,Indiana Pacers,Detroit Pistons,7,1,7,1,0,2,3
289,287,Antonio Davis,1996-97,December,Indiana Pacers,Detroit Pistons,7,1,8,1,0,2,3
290,172,Michael Curry,1996-97,December,Detroit Pistons,Indiana Pacers,2,0,1,0,0,0,3
291,0,Eddie Johnson,1996-97,December,Indiana Pacers,Detroit Pistons,1,0,0,0,0,0,0
293,291,Eddie Johnson,1996-97,December,Indiana Pacers,Detroit Pistons,2,0,0,0,0,0,0
294,286,Lindsey Hunter,1996-97,December,Detroit Pistons,Indiana Pacers,20,1,2,0,2,1,2
295,294,Lindsey Hunter,1996-97,December,Detroit Pistons,Indiana Pacers,20,1,2,0,2,2,2
296,289,Antonio Davis,1996-97,December,Indiana Pacers,Detroit Pistons,9,1,8,1,0,2,3
297,293,Eddie Johnson,1996-97,December,Indiana Pacers,Detroit Pistons,2,1,0,0,0,0,0
298,258,Terry Mills,1996-97,December,Detroit Pistons,Indiana Pacers,3,0,5,0,0,0,2
299,296,Antonio Davis,1996-97,December,Indiana Pacers,Detroit Pistons,10,1,8,1,0,2,3
301,299,Antonio Davis,1996-97,December,Indiana Pacers,Detroit Pistons,10,1,9,1,0,2,3
303,295,Lindsey Hunter,1996-97,December,Detroit Pistons,Indiana Pacers,20,1,3,0,2,2,2
304,252,Duane Ferrell,1996-97,December,Indiana Pacers,Detroit Pistons,8,0,2,0,0,0,2
306,301,Antonio Davis,1996-97,December,Indiana Pacers,Detroit Pistons,10,1,10,1,0,2,3
308,283,Otis Thorpe,1996-97,December,Detroit Pistons,Indiana Pacers,12,2,14,0,1,1,3
310,306,Antonio Davis,1996-97,December,Indiana Pacers,Detroit Pistons,10,1,11,1,0,2,3
311,270,Vincent Askew,1996-97,December,Indiana Pacers,Detroit Pistons,3,1,2,0,1,2,1
312,308,Otis Thorpe,1996-97,December,Detroit Pistons,Indiana Pacers,12,2,14,0,2,1,3
314,235,Grant Hill,1996-97,December,Detroit Pistons,Indiana Pacers,13,5,5,0,3,5,1
315,311,Vincent Askew,1996-97,December,Indiana Pacers,Detroit Pistons,3,1,2,0,1,2,2
316,269,Joe Dumars,1996-97,December,Detroit Pistons,Indiana Pacers,12,0,0,0,0,2,2
317,220,Travis Best,1996-97,December,Indiana Pacers,Detroit Pistons,12,3,2,0,0,1,5
318,316,Joe Dumars,1996-97,December,Detroit Pistons,Indiana Pacers,13,0,0,0,0,2,2
319,240,Reggie Miller,1996-97,December,Indiana Pacers,Detroit Pistons,18,5,2,0,0,3,0
320,314,Grant Hill,1996-97,December,Detroit Pistons,Indiana Pacers,13,5,5,0,3,5,2
321,320,Grant Hill,1996-97,December,Detroit Pistons,Indiana Pacers,13,5,5,0,3,6,2
323,315,Vincent Askew,1996-97,December,Indiana Pacers,Detroit Pistons,3,1,3,0,1,2,2
324,323,Vincent Askew,1996-97,December,Indiana Pacers,Detroit Pistons,3,1,3,0,1,2,3
325,324,Vincent Askew,1996-97,December,Indiana Pacers,Detroit Pistons,3,1,3,0,1,3,3
327,321,Grant Hill,1996-97,December,Detroit Pistons,Indiana Pacers,13,5,6,0,3,6,2
328,298,Terry Mills,1996-97,December,Detroit Pistons,Indiana Pacers,6,0,5,0,0,0,2
329,290,Michael Curry,1996-97,December,Detroit Pistons,Indiana Pacers,2,1,1,0,0,0,3
330,325,Vincent Askew,1996-97,December,Indiana Pacers,Detroit Pistons,5,1,3,0,1,3,3
331,329,Michael Curry,1996-97,December,Detroit Pistons,Indiana Pacers,5,1,1,0,0,0,3
332,328,Terry Mills,1996-97,December,Detroit Pistons,Indiana Pacers,6,1,5,0,0,0,2
334,312,Otis Thorpe,1996-97,December,Detroit Pistons,Indiana Pacers,12,2,15,0,2,1,3
335,334,Otis Thorpe,1996-97,December,Detroit Pistons,Indiana Pacers,14,2,15,0,2,1,3
336,318,Joe Dumars,1996-97,December,Detroit Pistons,Indiana Pacers,13,1,0,0,0,2,2
339,310,Antonio Davis,1996-97,December,Indiana Pacers,Detroit Pistons,10,1,12,1,0,2,3
341,327,Grant Hill,1996-97,December,Detroit Pistons,Indiana Pacers,13,5,7,0,3,6,2
343,211,Derrick McKey,1996-97,December,Indiana Pacers,Detroit Pistons,2,3,2,1,1,4,4
344,335,Otis Thorpe,1996-97,December,Detroit Pistons,Indiana Pacers,14,2,15,0,3,1,3
345,304,Duane Ferrell,1996-97,December,Indiana Pacers,Detroit Pistons,8,0,2,0,0,0,3
346,341,Grant Hill,1996-97,December,Detroit Pistons,Indiana Pacers,14,5,7,0,3,6,2
347,346,Grant Hill,1996-97,December,Detroit Pistons,Indiana Pacers,15,5,7,0,3,6,2
348,332,Terry Mills,1996-97,December,Detroit Pistons,Indiana Pacers,6,1,5,0,0,0,3
349,303,Lindsey Hunter,1996-97,December,Detroit Pistons,Indiana Pacers,20,1,3,0,2,2,3
351,317,Travis Best,1996-97,December,Indiana Pacers,Detroit Pistons,13,3,2,0,0,1,5
353,351,Travis Best,1996-97,December,Indiana Pacers,Detroit Pistons,13,3,3,0,0,1,5
355,319,Reggie Miller,1996-97,December,Indiana Pacers,Detroit Pistons,18,5,3,0,0,3,0
357,244,Dale Davis,1996-97,December,Indiana Pacers,Detroit Pistons,2,1,6,1,2,2,3
360,347,Grant Hill,1996-97,December,Detroit Pistons,Indiana Pacers,15,5,8,0,3,6,2
361,348,Terry Mills,1996-97,December,Detroit Pistons,Indiana Pacers,8,1,5,0,0,0,3
362,357,Dale Davis,1996-97,December,Indiana Pacers,Detroit Pistons,4,1,6,1,2,2,3
363,345,Duane Ferrell,1996-97,December,Indiana Pacers,Detroit Pistons,8,1,2,0,0,0,3
364,361,Terry Mills,1996-97,December,Detroit Pistons,Indiana Pacers,10,1,5,0,0,0,3
365,363,Duane Ferrell,1996-97,December,Indiana Pacers,Detroit Pistons,11,1,2,0,0,0,3
366,353,Travis Best,1996-97,December,Indiana Pacers,Detroit Pistons,13,4,3,0,0,1,5
367,365,Duane Ferrell,1996-97,December,Indiana Pacers,Detroit Pistons,11,1,2,0,0,0,4
369,360,Grant Hill,1996-97,December,Detroit Pistons,Indiana Pacers,16,5,8,0,3,6,2
370,364,Terry Mills,1996-97,December,Detroit Pistons,Indiana Pacers,10,1,5,0,0,0,4
371,366,Travis Best,1996-97,December,Indiana Pacers,Detroit Pistons,15,4,3,0,0,1,5
372,355,Reggie Miller,1996-97,December,Indiana Pacers,Detroit Pistons,18,6,3,0,0,3,0
373,362,Dale Davis,1996-97,December,Indiana Pacers,Detroit Pistons,4,1,6,1,2,2,4
374,369,Grant Hill,1996-97,December,Detroit Pistons,Indiana Pacers,17,5,8,0,3,6,2
375,374,Grant Hill,1996-97,December,Detroit Pistons,Indiana Pacers,18,5,8,0,3,6,2
377,375,Grant Hill,1996-97,December,Detroit Pistons,Indiana Pacers,18,5,8,1,3,6,2
378,377,Grant Hill,1996-97,December,Detroit Pistons,Indiana Pacers,18,5,9,1,3,6,2
380,336,Joe Dumars,1996-97,December,Detroit Pistons,Indiana Pacers,13,1,1,0,0,2,2
381,344,Otis Thorpe,1996-97,December,Detroit Pistons,Indiana Pacers,16,2,15,0,3,1,3
382,378,Grant Hill,1996-97,December,Detroit Pistons,Indiana Pacers,18,6,9,1,3,6,2
383,367,Duane Ferrell,1996-97,December,Indiana Pacers,Detroit Pistons,13,1,2,0,0,0,4
