id,previous_id,player,season,month,team,opponent_team,points,assists,rebounds,blocks,steals,turnovers,personal fouls
1,0,Chris Childs,1996-97,December,New York Knicks,Detroit Pistons,2,0,0,0,0,0,0
2,0,Patrick Ewing,1996-97,December,New York Knicks,Detroit Pistons,0,1,0,0,0,0,0
4,0,Rick Mahorn,1996-97,December,Detroit Pistons,New York Knicks,0,0,1,0,0,0,0
5,4,Rick Mahorn,1996-97,December,Detroit Pistons,New York Knicks,2,0,1,0,0,0,0
7,0,Grant Hill,1996-97,December,Detroit Pistons,New York Knicks,0,0,1,0,0,0,0
8,0,Charles Oakley,1996-97,December,New York Knicks,Detroit Pistons,0,0,0,0,0,0,1
10,0,Otis Thorpe,1996-97,December,Detroit Pistons,New York Knicks,1,0,0,0,0,0,0
11,2,Patrick Ewing,1996-97,December,New York Knicks,Detroit Pistons,2,1,0,0,0,0,0
12,1,Chris Childs,1996-97,December,New York Knicks,Detroit Pistons,2,1,0,0,0,0,0
13,0,Lindsey Hunter,1996-97,December,Detroit Pistons,New York Knicks,0,0,0,0,0,1,0
15,7,Grant Hill,1996-97,December,Detroit Pistons,New York Knicks,0,0,2,0,0,0,0
16,13,Lindsey Hunter,1996-97,December,Detroit Pistons,New York Knicks,3,0,0,0,0,1,0
17,0,Joe Dumars,1996-97,December,Detroit Pistons,New York Knicks,0,1,0,0,0,0,0
18,15,Grant Hill,1996-97,December,Detroit Pistons,New York Knicks,0,0,2,0,0,0,1
19,0,Allan Houston,1996-97,December,New York Knicks,Detroit Pistons,3,0,0,0,0,0,0
20,8,Charles Oakley,1996-97,December,New York Knicks,Detroit Pistons,0,1,0,0,0,0,1
22,20,Charles Oakley,1996-97,December,New York Knicks,Detroit Pistons,0,1,1,0,0,0,1
24,10,Otis Thorpe,1996-97,December,New York Knicks,Detroit Pistons,1,0,0,1,0,0,0
25,11,Patrick Ewing,1996-97,December,New York Knicks,Detroit Pistons,2,1,0,0,0,1,0
27,22,Charles Oakley,1996-97,December,New York Knicks,Detroit Pistons,0,1,2,0,0,0,1
29,0,Larry Johnson,1996-97,December,New York Knicks,Detroit Pistons,0,0,1,0,0,0,0
31,19,Allan Houston,1996-97,December,New York Knicks,Detroit Pistons,3,0,1,0,0,0,0
32,12,Chris Childs,1996-97,December,New York Knicks,Detroit Pistons,5,1,0,0,0,0,0
33,29,Larry Johnson,1996-97,December,New York Knicks,Detroit Pistons,0,1,1,0,0,0,0
35,25,Patrick Ewing,1996-97,December,New York Knicks,Detroit Pistons,2,1,1,0,0,1,0
36,31,Allan Houston,1996-97,December,New York Knicks,Detroit Pistons,3,0,1,0,0,0,1
37,36,Allan Houston,1996-97,December,New York Knicks,Detroit Pistons,3,0,1,0,0,1,1
39,24,Otis Thorpe,1996-97,December,Detroit Pistons,New York Knicks,1,0,1,1,0,0,0
41,5,Rick Mahorn,1996-97,December,Detroit Pistons,New York Knicks,2,0,2,0,0,0,0
43,35,Patrick Ewing,1996-97,December,Detroit Pistons,New York Knicks,2,1,1,1,0,1,0
44,33,Larry Johnson,1996-97,December,New York Knicks,Detroit Pistons,0,1,2,0,0,0,0
46,18,Grant Hill,1996-97,December,Detroit Pistons,New York Knicks,0,0,3,0,0,0,1
48,32,Chris Childs,1996-97,December,New York Knicks,Detroit Pistons,5,1,1,0,0,0,0
49,48,Chris Childs,1996-97,December,New York Knicks,Detroit Pistons,5,1,1,0,0,1,0
51,37,Allan Houston,1996-97,December,New York Knicks,Detroit Pistons,3,0,2,0,0,1,1
52,43,Patrick Ewing,1996-97,December,New York Knicks,Detroit Pistons,4,1,1,1,0,1,0
53,27,Charles Oakley,1996-97,December,New York Knicks,Detroit Pistons,0,2,2,0,0,0,1
55,51,Allan Houston,1996-97,December,New York Knicks,Detroit Pistons,3,0,3,0,0,1,1
56,55,Allan Houston,1996-97,December,New York Knicks,Detroit Pistons,3,0,3,0,0,1,2
57,56,Allan Houston,1996-97,December,New York Knicks,Detroit Pistons,3,0,3,0,0,2,2
58,49,Chris Childs,1996-97,December,New York Knicks,Detroit Pistons,5,1,1,0,0,1,1
59,17,Joe Dumars,1996-97,December,Detroit Pistons,New York Knicks,1,1,0,0,0,0,0
60,59,Joe Dumars,1996-97,December,Detroit Pistons,New York Knicks,2,1,0,0,0,0,0
62,58,Chris Childs,1996-97,December,New York Knicks,Detroit Pistons,5,1,2,0,0,1,1
63,62,Chris Childs,1996-97,December,New York Knicks,Detroit Pistons,7,1,2,0,0,1,1
65,52,Patrick Ewing,1996-97,December,Detroit Pistons,New York Knicks,4,1,1,2,0,1,0
66,53,Charles Oakley,1996-97,December,New York Knicks,Detroit Pistons,0,2,3,0,0,0,1
67,0,John Starks,1996-97,December,New York Knicks,Detroit Pistons,3,0,0,0,0,0,0
68,63,Chris Childs,1996-97,December,New York Knicks,Detroit Pistons,7,2,2,0,0,1,1
69,44,Larry Johnson,1996-97,December,New York Knicks,Detroit Pistons,0,1,2,0,0,0,1
70,46,Grant Hill,1996-97,December,Detroit Pistons,New York Knicks,1,0,3,0,0,0,1
71,70,Grant Hill,1996-97,December,Detroit Pistons,New York Knicks,2,0,3,0,0,0,1
72,66,Charles Oakley,1996-97,December,New York Knicks,Detroit Pistons,0,2,3,0,0,1,1
73,60,Joe Dumars,1996-97,December,New York Knicks,Detroit Pistons,2,1,0,0,1,0,0
74,73,Joe Dumars,1996-97,December,Detroit Pistons,New York Knicks,2,1,0,0,1,1,0
75,72,Charles Oakley,1996-97,December,Detroit Pistons,New York Knicks,0,2,3,0,1,1,1
76,69,Larry Johnson,1996-97,December,New York Knicks,Detroit Pistons,2,1,2,0,0,0,1
77,75,Charles Oakley,1996-97,December,New York Knicks,Detroit Pistons,0,3,3,0,1,1,1
79,65,Patrick Ewing,1996-97,December,New York Knicks,Detroit Pistons,4,1,2,2,0,1,0
81,71,Grant Hill,1996-97,December,Detroit Pistons,New York Knicks,2,0,3,0,0,1,1
83,81,Grant Hill,1996-97,December,Detroit Pistons,New York Knicks,2,0,4,0,0,1,1
84,83,Grant Hill,1996-97,December,Detroit Pistons,New York Knicks,5,0,4,0,0,1,1
85,39,Otis Thorpe,1996-97,December,Detroit Pistons,New York Knicks,1,1,1,1,0,0,0
87,77,Charles Oakley,1996-97,December,New York Knicks,Detroit Pistons,0,3,4,0,1,1,1
88,87,Charles Oakley,1996-97,December,New York Knicks,Detroit Pistons,0,3,4,0,1,2,1
89,85,Otis Thorpe,1996-97,December,New York Knicks,Detroit Pistons,1,1,1,1,1,0,0
90,74,Joe Dumars,1996-97,December,Detroit Pistons,New York Knicks,4,1,0,0,1,1,0
91,68,Chris Childs,1996-97,December,New York Knicks,Detroit Pistons,10,2,2,0,0,1,1
92,79,Patrick Ewing,1996-97,December,New York Knicks,Detroit Pistons,4,2,2,2,0,1,0
93,84,Grant Hill,1996-97,December,Detroit Pistons,New York Knicks,7,0,4,0,0,1,1
94,92,Patrick Ewing,1996-97,December,New York Knicks,Detroit Pistons,6,2,2,2,0,1,0
95,88,Charles Oakley,1996-97,December,New York Knicks,Detroit Pistons,0,4,4,0,1,2,1
96,93,Grant Hill,1996-97,December,Detroit Pistons,New York Knicks,7,0,4,0,0,2,1
97,95,Charles Oakley,1996-97,December,Detroit Pistons,New York Knicks,0,4,4,0,2,2,1
98,97,Charles Oakley,1996-97,December,New York Knicks,Detroit Pistons,2,4,4,0,2,2,1
99,91,Chris Childs,1996-97,December,New York Knicks,Detroit Pistons,10,3,2,0,0,1,1
100,76,Larry Johnson,1996-97,December,New York Knicks,Detroit Pistons,2,1,2,0,0,0,2
102,98,Charles Oakley,1996-97,December,New York Knicks,Detroit Pistons,2,4,5,0,2,2,1
103,0,Michael Curry,1996-97,December,Detroit Pistons,New York Knicks,2,0,0,0,0,0,0
104,89,Otis Thorpe,1996-97,December,Detroit Pistons,New York Knicks,1,2,1,1,1,0,0
105,67,John Starks,1996-97,December,New York Knicks,Detroit Pistons,6,0,0,0,0,0,0
106,99,Chris Childs,1996-97,December,New York Knicks,Detroit Pistons,10,4,2,0,0,1,1
107,105,John Starks,1996-97,December,New York Knicks,Detroit Pistons,6,0,0,0,0,0,1
108,90,Joe Dumars,1996-97,December,Detroit Pistons,New York Knicks,6,1,0,0,1,1,0
109,106,Chris Childs,1996-97,December,New York Knicks,Detroit Pistons,10,4,2,0,0,1,2
110,108,Joe Dumars,1996-97,December,Detroit Pistons,New York Knicks,7,1,0,0,1,1,0
112,0,Terry Mills,1996-97,December,Detroit Pistons,New York Knicks,0,0,1,0,0,0,0
113,110,Joe Dumars,1996-97,December,Detroit Pistons,New York Knicks,9,1,0,0,1,1,0
115,104,Otis Thorpe,1996-97,December,Detroit Pistons,New York Knicks,1,2,2,1,1,0,0
117,107,John Starks,1996-97,December,New York Knicks,Detroit Pistons,6,0,1,0,0,0,1
119,112,Terry Mills,1996-97,December,Detroit Pistons,New York Knicks,0,0,2,0,0,0,0
120,103,Michael Curry,1996-97,December,Detroit Pistons,New York Knicks,5,0,0,0,0,0,0
121,115,Otis Thorpe,1996-97,December,Detroit Pistons,New York Knicks,1,3,2,1,1,0,0
122,121,Otis Thorpe,1996-97,December,Detroit Pistons,New York Knicks,1,3,2,1,1,0,1
123,94,Patrick Ewing,1996-97,December,New York Knicks,Detroit Pistons,8,2,2,2,0,1,0
124,117,John Starks,1996-97,December,New York Knicks,Detroit Pistons,6,1,1,0,0,0,1
125,122,Otis Thorpe,1996-97,December,Detroit Pistons,New York Knicks,3,3,2,1,1,0,1
126,113,Joe Dumars,1996-97,December,Detroit Pistons,New York Knicks,9,2,0,0,1,1,0
127,119,Terry Mills,1996-97,December,Detroit Pistons,New York Knicks,0,0,2,0,0,0,1
128,0,Buck Williams,1996-97,December,New York Knicks,Detroit Pistons,2,0,0,0,0,0,0
130,123,Patrick Ewing,1996-97,December,New York Knicks,Detroit Pistons,8,2,3,2,0,1,0
131,128,Buck Williams,1996-97,December,New York Knicks,Detroit Pistons,4,0,0,0,0,0,0
132,0,Charlie Ward,1996-97,December,New York Knicks,Detroit Pistons,0,1,0,0,0,0,0
134,57,Allan Houston,1996-97,December,New York Knicks,Detroit Pistons,3,0,4,0,0,2,2
136,41,Rick Mahorn,1996-97,December,New York Knicks,Detroit Pistons,2,0,2,1,0,0,0
137,16,Lindsey Hunter,1996-97,December,Detroit Pistons,New York Knicks,3,0,1,0,0,1,0
138,126,Joe Dumars,1996-97,December,Detroit Pistons,New York Knicks,11,2,0,0,1,1,0
139,134,Allan Houston,1996-97,December,New York Knicks,Detroit Pistons,3,0,4,0,0,2,3
140,138,Joe Dumars,1996-97,December,Detroit Pistons,New York Knicks,12,2,0,0,1,1,0
141,130,Patrick Ewing,1996-97,December,New York Knicks,Detroit Pistons,10,2,3,2,0,1,0
142,100,Larry Johnson,1996-97,December,New York Knicks,Detroit Pistons,2,2,2,0,0,0,2
144,141,Patrick Ewing,1996-97,December,New York Knicks,Detroit Pistons,10,2,4,2,0,1,0
146,131,Buck Williams,1996-97,December,New York Knicks,Detroit Pistons,4,0,1,0,0,0,0
147,0,Grant Long,1996-97,December,Detroit Pistons,New York Knicks,0,0,0,0,0,0,1
148,146,Buck Williams,1996-97,December,New York Knicks,Detroit Pistons,6,0,1,0,0,0,0
149,124,John Starks,1996-97,December,New York Knicks,Detroit Pistons,6,2,1,0,0,0,1
151,147,Grant Long,1996-97,December,Detroit Pistons,New York Knicks,0,0,1,0,0,0,1
152,149,John Starks,1996-97,December,New York Knicks,Detroit Pistons,6,2,1,0,0,0,2
153,136,Rick Mahorn,1996-97,December,Detroit Pistons,New York Knicks,2,0,2,1,0,1,0
154,152,John Starks,1996-97,December,New York Knicks,Detroit Pistons,6,2,1,0,0,1,2
156,142,Larry Johnson,1996-97,December,New York Knicks,Detroit Pistons,2,2,3,0,0,0,2
157,153,Rick Mahorn,1996-97,December,Detroit Pistons,New York Knicks,2,0,2,1,0,1,1
158,144,Patrick Ewing,1996-97,December,New York Knicks,Detroit Pistons,12,2,4,2,0,1,0
160,151,Grant Long,1996-97,December,Detroit Pistons,New York Knicks,0,0,2,0,0,0,1
161,160,Grant Long,1996-97,December,Detroit Pistons,New York Knicks,2,0,2,0,0,0,1
162,96,Grant Hill,1996-97,December,Detroit Pistons,New York Knicks,7,0,4,0,0,2,2
163,148,Buck Williams,1996-97,December,New York Knicks,Detroit Pistons,7,0,1,0,0,0,0
164,163,Buck Williams,1996-97,December,New York Knicks,Detroit Pistons,8,0,1,0,0,0,0
165,109,Chris Childs,1996-97,December,New York Knicks,Detroit Pistons,10,4,2,0,0,1,3
166,137,Lindsey Hunter,1996-97,December,Detroit Pistons,New York Knicks,4,0,1,0,0,1,0
167,166,Lindsey Hunter,1996-97,December,Detroit Pistons,New York Knicks,5,0,1,0,0,1,0
169,162,Grant Hill,1996-97,December,Detroit Pistons,New York Knicks,7,0,5,0,0,2,2
170,167,Lindsey Hunter,1996-97,December,Detroit Pistons,New York Knicks,5,0,1,0,0,2,0
171,132,Charlie Ward,1996-97,December,Detroit Pistons,New York Knicks,0,1,0,0,1,0,0
172,0,Don Reid,1996-97,December,Detroit Pistons,New York Knicks,0,0,0,0,0,0,1
173,156,Larry Johnson,1996-97,December,New York Knicks,Detroit Pistons,3,2,3,0,0,0,2
175,169,Grant Hill,1996-97,December,Detroit Pistons,New York Knicks,7,0,6,0,0,2,2
176,161,Grant Long,1996-97,December,Detroit Pistons,New York Knicks,2,0,2,0,0,1,1
177,172,Don Reid,1996-97,December,Detroit Pistons,New York Knicks,0,0,0,0,0,0,2
178,158,Patrick Ewing,1996-97,December,New York Knicks,Detroit Pistons,13,2,4,2,0,1,0
179,178,Patrick Ewing,1996-97,December,New York Knicks,Detroit Pistons,14,2,4,2,0,1,0
180,125,Otis Thorpe,1996-97,December,Detroit Pistons,New York Knicks,3,3,2,1,1,0,2
181,180,Otis Thorpe,1996-97,December,Detroit Pistons,New York Knicks,3,3,2,1,1,1,2
183,140,Joe Dumars,1996-97,December,Detroit Pistons,New York Knicks,12,2,1,0,1,1,0
185,181,Otis Thorpe,1996-97,December,Detroit Pistons,New York Knicks,3,3,3,1,1,1,2
187,173,Larry Johnson,1996-97,December,New York Knicks,Detroit Pistons,3,2,4,0,0,0,2
189,177,Don Reid,1996-97,December,Detroit Pistons,New York Knicks,0,0,1,0,0,0,2
191,185,Otis Thorpe,1996-97,December,Detroit Pistons,New York Knicks,3,3,3,1,1,1,3
192,179,Patrick Ewing,1996-97,December,New York Knicks,Detroit Pistons,15,2,4,2,0,1,0
193,192,Patrick Ewing,1996-97,December,New York Knicks,Detroit Pistons,16,2,4,2,0,1,0
194,102,Charles Oakley,1996-97,December,New York Knicks,Detroit Pistons,2,4,5,0,2,2,2
195,175,Grant Hill,1996-97,December,Detroit Pistons,New York Knicks,8,0,6,0,0,2,2
196,195,Grant Hill,1996-97,December,Detroit Pistons,New York Knicks,9,0,6,0,0,2,2
197,0,Theo Ratliff,1996-97,December,Detroit Pistons,New York Knicks,0,0,0,0,0,0,1
198,193,Patrick Ewing,1996-97,December,New York Knicks,Detroit Pistons,17,2,4,2,0,1,0
199,198,Patrick Ewing,1996-97,December,New York Knicks,Detroit Pistons,18,2,4,2,0,1,0
200,170,Lindsey Hunter,1996-97,December,Detroit Pistons,New York Knicks,7,0,1,0,0,2,0
202,0,Walter McCarty,1996-97,December,New York Knicks,Detroit Pistons,0,0,0,0,0,0,1
204,197,Theo Ratliff,1996-97,December,Detroit Pistons,New York Knicks,1,0,0,0,0,0,1
206,120,Michael Curry,1996-97,December,Detroit Pistons,New York Knicks,5,0,1,0,0,0,0
208,194,Charles Oakley,1996-97,December,New York Knicks,Detroit Pistons,2,4,6,0,2,2,2
209,139,Allan Houston,1996-97,December,New York Knicks,Detroit Pistons,5,0,4,0,0,2,3
210,165,Chris Childs,1996-97,December,New York Knicks,Detroit Pistons,10,5,2,0,0,1,3
211,187,Larry Johnson,1996-97,December,New York Knicks,Detroit Pistons,3,2,4,0,0,0,3
212,196,Grant Hill,1996-97,December,Detroit Pistons,New York Knicks,10,0,6,0,0,2,2
214,208,Charles Oakley,1996-97,December,New York Knicks,Detroit Pistons,2,4,7,0,2,2,2
216,199,Patrick Ewing,1996-97,December,New York Knicks,Detroit Pistons,18,2,5,2,0,1,0
217,211,Larry Johnson,1996-97,December,New York Knicks,Detroit Pistons,5,2,4,0,0,0,3
218,214,Charles Oakley,1996-97,December,New York Knicks,Detroit Pistons,2,5,7,0,2,2,2
220,216,Patrick Ewing,1996-97,December,New York Knicks,Detroit Pistons,18,2,6,2,0,1,0
221,217,Larry Johnson,1996-97,December,New York Knicks,Detroit Pistons,7,2,4,0,0,0,3
222,191,Otis Thorpe,1996-97,December,Detroit Pistons,New York Knicks,3,3,3,1,1,2,3
223,210,Chris Childs,1996-97,December,New York Knicks,Detroit Pistons,10,5,2,0,0,2,3
224,200,Lindsey Hunter,1996-97,December,New York Knicks,Detroit Pistons,7,0,1,0,1,2,0
225,209,Allan Houston,1996-97,December,New York Knicks,Detroit Pistons,5,0,4,0,0,2,4
226,212,Grant Hill,1996-97,December,Detroit Pistons,New York Knicks,11,0,6,0,0,2,2
227,226,Grant Hill,1996-97,December,Detroit Pistons,New York Knicks,12,0,6,0,0,2,2
228,189,Don Reid,1996-97,December,Detroit Pistons,New York Knicks,0,0,1,0,0,0,3
230,183,Joe Dumars,1996-97,December,Detroit Pistons,New York Knicks,12,2,2,0,1,1,0
232,218,Charles Oakley,1996-97,December,New York Knicks,Detroit Pistons,2,5,7,0,2,2,3
234,220,Patrick Ewing,1996-97,December,New York Knicks,Detroit Pistons,18,2,7,2,0,1,0
235,221,Larry Johnson,1996-97,December,New York Knicks,Detroit Pistons,7,2,4,0,0,0,4
236,235,Larry Johnson,1996-97,December,New York Knicks,Detroit Pistons,7,2,4,0,0,1,4
237,222,Otis Thorpe,1996-97,December,Detroit Pistons,New York Knicks,5,3,3,1,1,2,3
238,227,Grant Hill,1996-97,December,Detroit Pistons,New York Knicks,12,1,6,0,0,2,2
239,232,Charles Oakley,1996-97,December,New York Knicks,Detroit Pistons,4,5,7,0,2,2,3
240,154,John Starks,1996-97,December,New York Knicks,Detroit Pistons,6,3,1,0,0,1,2
241,228,Don Reid,1996-97,December,Detroit Pistons,New York Knicks,0,0,1,0,0,0,4
242,239,Charles Oakley,1996-97,December,New York Knicks,Detroit Pistons,5,5,7,0,2,2,3
243,238,Grant Hill,1996-97,December,Detroit Pistons,New York Knicks,12,1,6,0,0,2,3
244,243,Grant Hill,1996-97,December,Detroit Pistons,New York Knicks,12,1,6,0,0,3,3
246,237,Otis Thorpe,1996-97,December,Detroit Pistons,New York Knicks,5,3,4,1,1,2,3
247,230,Joe Dumars,1996-97,December,Detroit Pistons,New York Knicks,14,2,2,0,1,1,0
248,241,Don Reid,1996-97,December,Detroit Pistons,New York Knicks,0,0,1,0,0,0,5
249,234,Patrick Ewing,1996-97,December,New York Knicks,Detroit Pistons,19,2,7,2,0,1,0
250,249,Patrick Ewing,1996-97,December,New York Knicks,Detroit Pistons,20,2,7,2,0,1,0
251,246,Otis Thorpe,1996-97,December,Detroit Pistons,New York Knicks,7,3,4,1,1,2,3
252,247,Joe Dumars,1996-97,December,Detroit Pistons,New York Knicks,14,3,2,0,1,1,0
253,223,Chris Childs,1996-97,December,New York Knicks,Detroit Pistons,12,5,2,0,0,2,3
254,252,Joe Dumars,1996-97,December,Detroit Pistons,New York Knicks,14,3,2,0,1,2,0
255,240,John Starks,1996-97,December,Detroit Pistons,New York Knicks,6,3,1,0,1,1,2
257,254,Joe Dumars,1996-97,December,Detroit Pistons,New York Knicks,14,3,3,0,1,2,0
258,224,Lindsey Hunter,1996-97,December,Detroit Pistons,New York Knicks,7,0,1,0,1,2,1
259,258,Lindsey Hunter,1996-97,December,Detroit Pistons,New York Knicks,7,0,1,0,1,3,1
261,204,Theo Ratliff,1996-97,December,Detroit Pistons,New York Knicks,1,0,1,0,0,0,1
262,257,Joe Dumars,1996-97,December,Detroit Pistons,New York Knicks,16,3,3,0,1,2,0
263,259,Lindsey Hunter,1996-97,December,Detroit Pistons,New York Knicks,7,0,1,0,1,3,2
265,261,Theo Ratliff,1996-97,December,Detroit Pistons,New York Knicks,1,0,2,0,0,0,1
266,244,Grant Hill,1996-97,December,Detroit Pistons,New York Knicks,14,1,6,0,0,3,3
267,255,John Starks,1996-97,December,New York Knicks,Detroit Pistons,8,3,1,0,1,1,2
268,253,Chris Childs,1996-97,December,New York Knicks,Detroit Pistons,12,6,2,0,0,2,3
269,262,Joe Dumars,1996-97,December,Detroit Pistons,New York Knicks,16,3,3,0,1,3,0
270,267,John Starks,1996-97,December,Detroit Pistons,New York Knicks,8,3,1,0,2,1,2
271,270,John Starks,1996-97,December,New York Knicks,Detroit Pistons,10,3,1,0,2,1,2
272,0,Litterial Green,1996-97,December,Detroit Pistons,New York Knicks,2,0,0,0,0,0,0
273,251,Otis Thorpe,1996-97,December,Detroit Pistons,New York Knicks,7,4,4,1,1,2,3
275,242,Charles Oakley,1996-97,December,New York Knicks,Detroit Pistons,5,5,8,0,2,2,3
277,273,Otis Thorpe,1996-97,December,Detroit Pistons,New York Knicks,7,4,5,1,1,2,3
278,265,Theo Ratliff,1996-97,December,Detroit Pistons,New York Knicks,3,0,2,0,0,0,1
279,272,Litterial Green,1996-97,December,Detroit Pistons,New York Knicks,2,1,0,0,0,0,0
280,250,Patrick Ewing,1996-97,December,New York Knicks,Detroit Pistons,22,2,7,2,0,1,0
281,171,Charlie Ward,1996-97,December,New York Knicks,Detroit Pistons,0,1,0,0,1,0,1
284,275,Charles Oakley,1996-97,December,New York Knicks,Detroit Pistons,5,5,9,0,2,2,3
286,269,Joe Dumars,1996-97,December,Detroit Pistons,New York Knicks,16,3,4,0,1,3,0
287,278,Theo Ratliff,1996-97,December,Detroit Pistons,New York Knicks,5,0,2,0,0,0,1
288,286,Joe Dumars,1996-97,December,Detroit Pistons,New York Knicks,16,4,4,0,1,3,0
289,268,Chris Childs,1996-97,December,New York Knicks,Detroit Pistons,15,6,2,0,0,2,3
290,271,John Starks,1996-97,December,New York Knicks,Detroit Pistons,10,4,1,0,2,1,2
292,281,Charlie Ward,1996-97,December,New York Knicks,Detroit Pistons,0,1,1,0,1,0,1
293,292,Charlie Ward,1996-97,December,New York Knicks,Detroit Pistons,0,1,1,0,1,1,1
294,287,Theo Ratliff,1996-97,December,Detroit Pistons,New York Knicks,7,0,2,0,0,0,1
295,206,Michael Curry,1996-97,December,Detroit Pistons,New York Knicks,5,1,1,0,0,0,0
297,295,Michael Curry,1996-97,December,Detroit Pistons,New York Knicks,5,1,2,0,0,0,0
298,277,Otis Thorpe,1996-97,December,Detroit Pistons,New York Knicks,9,4,5,1,1,2,3
299,279,Litterial Green,1996-97,December,Detroit Pistons,New York Knicks,2,2,0,0,0,0,0
302,280,Patrick Ewing,1996-97,December,New York Knicks,Detroit Pistons,22,2,7,2,0,2,0
303,299,Litterial Green,1996-97,December,Detroit Pistons,New York Knicks,2,2,0,0,0,1,0
304,302,Patrick Ewing,1996-97,December,New York Knicks,Detroit Pistons,24,2,7,2,0,2,0
305,225,Allan Houston,1996-97,December,New York Knicks,Detroit Pistons,5,1,4,0,0,2,4
306,127,Terry Mills,1996-97,December,Detroit Pistons,New York Knicks,3,0,2,0,0,0,1
307,303,Litterial Green,1996-97,December,Detroit Pistons,New York Knicks,2,3,0,0,0,1,0
308,307,Litterial Green,1996-97,December,Detroit Pistons,New York Knicks,2,3,0,0,0,1,1
310,304,Patrick Ewing,1996-97,December,New York Knicks,Detroit Pistons,24,2,8,2,0,2,0
311,310,Patrick Ewing,1996-97,December,New York Knicks,Detroit Pistons,26,2,8,2,0,2,0
312,306,Terry Mills,1996-97,December,Detroit Pistons,New York Knicks,6,0,2,0,0,0,1
313,308,Litterial Green,1996-97,December,Detroit Pistons,New York Knicks,2,4,0,0,0,1,1
314,294,Theo Ratliff,1996-97,December,Detroit Pistons,New York Knicks,7,0,2,0,0,0,2
316,312,Terry Mills,1996-97,December,Detroit Pistons,New York Knicks,6,0,3,0,0,0,1
318,290,John Starks,1996-97,December,New York Knicks,Detroit Pistons,10,4,2,0,2,1,2
320,318,John Starks,1996-97,December,New York Knicks,Detroit Pistons,10,4,3,0,2,1,2
321,320,John Starks,1996-97,December,New York Knicks,Detroit Pistons,12,4,3,0,2,1,2
323,298,Otis Thorpe,1996-97,December,Detroit Pistons,New York Knicks,9,4,6,1,1,2,3
325,293,Charlie Ward,1996-97,December,New York Knicks,Detroit Pistons,0,1,2,0,1,1,1
327,316,Terry Mills,1996-97,December,Detroit Pistons,New York Knicks,6,0,4,0,0,0,1
328,321,John Starks,1996-97,December,New York Knicks,Detroit Pistons,12,4,3,0,2,1,3
329,311,Patrick Ewing,1996-97,December,New York Knicks,Detroit Pistons,26,2,8,2,0,2,1
331,266,Grant Hill,1996-97,December,Detroit Pistons,New York Knicks,15,1,6,0,0,3,3
332,329,Patrick Ewing,1996-97,December,New York Knicks,Detroit Pistons,28,2,8,2,0,2,1
333,289,Chris Childs,1996-97,December,New York Knicks,Detroit Pistons,15,7,2,0,0,2,3
334,327,Terry Mills,1996-97,December,Detroit Pistons,New York Knicks,9,0,4,0,0,0,1
335,331,Grant Hill,1996-97,December,Detroit Pistons,New York Knicks,15,2,6,0,0,3,3
336,328,John Starks,1996-97,December,New York Knicks,Detroit Pistons,15,4,3,0,2,1,3
337,332,Patrick Ewing,1996-97,December,New York Knicks,Detroit Pistons,28,3,8,2,0,2,1
338,284,Charles Oakley,1996-97,December,New York Knicks,Detroit Pistons,5,5,9,0,2,2,4
339,335,Grant Hill,1996-97,December,Detroit Pistons,New York Knicks,16,2,6,0,0,3,3
341,337,Patrick Ewing,1996-97,December,New York Knicks,Detroit Pistons,28,3,9,2,0,2,1
342,236,Larry Johnson,1996-97,December,New York Knicks,Detroit Pistons,9,2,4,0,0,1,4
343,341,Patrick Ewing,1996-97,December,New York Knicks,Detroit Pistons,28,4,9,2,0,2,1
344,323,Otis Thorpe,1996-97,December,Detroit Pistons,New York Knicks,9,4,6,1,1,2,4
346,342,Larry Johnson,1996-97,December,New York Knicks,Detroit Pistons,10,2,4,0,0,1,4
347,338,Charles Oakley,1996-97,December,New York Knicks,Detroit Pistons,5,5,9,0,2,2,5
348,346,Larry Johnson,1996-97,December,New York Knicks,Detroit Pistons,10,2,4,0,0,1,5
349,339,Grant Hill,1996-97,December,Detroit Pistons,New York Knicks,17,2,6,0,0,3,3
350,349,Grant Hill,1996-97,December,Detroit Pistons,New York Knicks,18,2,6,0,0,3,3
352,334,Terry Mills,1996-97,December,Detroit Pistons,New York Knicks,9,0,5,0,0,0,1
353,350,Grant Hill,1996-97,December,Detroit Pistons,New York Knicks,20,2,6,0,0,3,3
354,305,Allan Houston,1996-97,December,New York Knicks,Detroit Pistons,5,1,4,0,0,2,5
355,353,Grant Hill,1996-97,December,Detroit Pistons,New York Knicks,21,2,6,0,0,3,3
356,288,Joe Dumars,1996-97,December,Detroit Pistons,New York Knicks,16,4,4,0,1,3,1
357,343,Patrick Ewing,1996-97,December,New York Knicks,Detroit Pistons,28,4,9,2,0,3,1
358,355,Grant Hill,1996-97,December,New York Knicks,Detroit Pistons,21,2,6,0,1,3,3
359,358,Grant Hill,1996-97,December,Detroit Pistons,New York Knicks,23,2,6,0,1,3,3
360,348,Larry Johnson,1996-97,December,New York Knicks,Detroit Pistons,12,2,4,0,0,1,5
361,336,John Starks,1996-97,December,New York Knicks,Detroit Pistons,15,5,3,0,2,1,3
363,360,Larry Johnson,1996-97,December,New York Knicks,Detroit Pistons,12,2,5,0,0,1,5
364,333,Chris Childs,1996-97,December,New York Knicks,Detroit Pistons,15,7,2,0,0,3,3
365,344,Otis Thorpe,1996-97,December,Detroit Pistons,New York Knicks,11,4,6,1,1,2,4
366,359,Grant Hill,1996-97,December,Detroit Pistons,New York Knicks,23,3,6,0,1,3,3
369,366,Grant Hill,1996-97,December,Detroit Pistons,New York Knicks,23,3,7,0,1,3,3
371,357,Patrick Ewing,1996-97,December,Detroit Pistons,New York Knicks,28,4,9,3,0,3,1
372,347,Charles Oakley,1996-97,December,New York Knicks,Detroit Pistons,5,5,10,0,2,2,5
373,361,John Starks,1996-97,December,New York Knicks,Detroit Pistons,17,5,3,0,2,1,3
374,364,Chris Childs,1996-97,December,New York Knicks,Detroit Pistons,15,8,2,0,0,3,3
376,372,Charles Oakley,1996-97,December,New York Knicks,Detroit Pistons,5,5,11,0,2,2,5
378,365,Otis Thorpe,1996-97,December,Detroit Pistons,New York Knicks,11,4,7,1,1,2,4
379,263,Lindsey Hunter,1996-97,December,Detroit Pistons,New York Knicks,10,0,1,0,1,3,2
380,369,Grant Hill,1996-97,December,Detroit Pistons,New York Knicks,23,4,7,0,1,3,3
382,376,Charles Oakley,1996-97,December,New York Knicks,Detroit Pistons,5,5,12,0,2,2,5
384,378,Otis Thorpe,1996-97,December,Detroit Pistons,New York Knicks,11,4,8,1,1,2,4
385,384,Otis Thorpe,1996-97,December,Detroit Pistons,New York Knicks,11,4,8,1,1,3,4
386,363,Larry Johnson,1996-97,December,Detroit Pistons,New York Knicks,12,2,5,0,1,1,5
387,385,Otis Thorpe,1996-97,December,Detroit Pistons,New York Knicks,11,4,8,1,1,3,5
389,386,Larry Johnson,1996-97,December,New York Knicks,Detroit Pistons,13,2,5,0,1,1,5
390,380,Grant Hill,1996-97,December,Detroit Pistons,New York Knicks,25,4,7,0,1,3,3
391,371,Patrick Ewing,1996-97,December,New York Knicks,Detroit Pistons,30,4,9,3,0,3,1
392,373,John Starks,1996-97,December,New York Knicks,Detroit Pistons,17,6,3,0,2,1,3
394,390,Grant Hill,1996-97,December,Detroit Pistons,New York Knicks,25,4,8,0,1,3,3
396,391,Patrick Ewing,1996-97,December,Detroit Pistons,New York Knicks,30,4,9,4,0,3,1
397,389,Larry Johnson,1996-97,December,New York Knicks,Detroit Pistons,13,2,6,0,1,1,5
398,387,Otis Thorpe,1996-97,December,Detroit Pistons,New York Knicks,11,4,8,1,1,3,6
399,397,Larry Johnson,1996-97,December,New York Knicks,Detroit Pistons,14,2,6,0,1,1,5
400,399,Larry Johnson,1996-97,December,New York Knicks,Detroit Pistons,15,2,6,0,1,1,5
402,379,Lindsey Hunter,1996-97,December,Detroit Pistons,New York Knicks,10,0,2,0,1,3,2
403,402,Lindsey Hunter,1996-97,December,Detroit Pistons,New York Knicks,13,0,2,0,1,3,2
