id,previous_id,player,season,month,team,opponent_team,points,assists,rebounds,blocks,steals,turnovers,personal fouls
2,0,Muggsy Bogues,1996-97,December,Charlotte Hornets,Boston Celtics,0,0,1,0,0,0,0
3,0,Vlade Divac,1996-97,December,Charlotte Hornets,Boston Celtics,2,0,0,0,0,0,0
4,0,Glen Rice,1996-97,December,Charlotte Hornets,Boston Celtics,0,1,0,0,0,0,0
7,2,Muggsy Bogues,1996-97,December,Charlotte Hornets,Boston Celtics,0,0,2,0,0,0,0
8,3,Vlade Divac,1996-97,December,Charlotte Hornets,Boston Celtics,4,0,0,0,0,0,0
9,7,Muggsy Bogues,1996-97,December,Charlotte Hornets,Boston Celtics,0,1,2,0,0,0,0
10,0,Eric Williams,1996-97,December,Boston Celtics,Charlotte Hornets,2,0,0,0,0,0,0
11,8,Vlade Divac,1996-97,December,Charlotte Hornets,Boston Celtics,6,0,0,0,0,0,0
12,4,Glen Rice,1996-97,December,Charlotte Hornets,Boston Celtics,0,2,0,0,0,0,0
14,0,Anthony Mason,1996-97,December,Boston Celtics,Charlotte Hornets,0,0,0,1,0,0,0
15,10,Eric Williams,1996-97,December,Boston Celtics,Charlotte Hornets,2,0,1,0,0,0,0
17,14,Anthony Mason,1996-97,December,Charlotte Hornets,Boston Celtics,0,0,1,1,0,0,0
18,17,Anthony Mason,1996-97,December,Charlotte Hornets,Boston Celtics,0,0,1,1,0,1,0
20,0,Rick Fox,1996-97,December,Boston Celtics,Charlotte Hornets,0,0,1,0,0,0,0
22,20,Rick Fox,1996-97,December,Boston Celtics,Charlotte Hornets,0,0,2,0,0,0,0
23,22,Rick Fox,1996-97,December,Boston Celtics,Charlotte Hornets,2,0,2,0,0,0,0
24,18,Anthony Mason,1996-97,December,Charlotte Hornets,Boston Celtics,2,0,1,1,0,1,0
26,11,Vlade Divac,1996-97,December,Charlotte Hornets,Boston Celtics,6,0,1,0,0,0,0
27,0,Scott Burrell,1996-97,December,Charlotte Hornets,Boston Celtics,0,0,0,0,0,1,0
28,23,Rick Fox,1996-97,December,Charlotte Hornets,Boston Celtics,2,0,2,0,1,0,0
29,0,Dino Radja,1996-97,December,Boston Celtics,Charlotte Hornets,2,0,0,0,0,0,0
31,15,Eric Williams,1996-97,December,Boston Celtics,Charlotte Hornets,2,0,2,0,0,0,0
32,12,Glen Rice,1996-97,December,Charlotte Hornets,Boston Celtics,0,2,0,0,0,0,1
33,28,Rick Fox,1996-97,December,Boston Celtics,Charlotte Hornets,4,0,2,0,1,0,0
34,0,Greg Minor,1996-97,December,Boston Celtics,Charlotte Hornets,0,0,0,0,0,0,1
36,31,Eric Williams,1996-97,December,Boston Celtics,Charlotte Hornets,2,0,3,0,0,0,0
38,24,Anthony Mason,1996-97,December,Charlotte Hornets,Boston Celtics,2,0,2,1,0,1,0
39,32,Glen Rice,1996-97,December,Charlotte Hornets,Boston Celtics,2,2,0,0,0,0,1
40,38,Anthony Mason,1996-97,December,Charlotte Hornets,Boston Celtics,2,1,2,1,0,1,0
42,27,Scott Burrell,1996-97,December,Charlotte Hornets,Boston Celtics,0,0,1,0,0,1,0
44,26,Vlade Divac,1996-97,December,Charlotte Hornets,Boston Celtics,6,0,2,0,0,0,0
45,9,Muggsy Bogues,1996-97,December,Charlotte Hornets,Boston Celtics,2,1,2,0,0,0,0
46,40,Anthony Mason,1996-97,December,Charlotte Hornets,Boston Celtics,2,2,2,1,0,1,0
49,39,Glen Rice,1996-97,December,Charlotte Hornets,Boston Celtics,2,2,1,0,0,0,1
50,49,Glen Rice,1996-97,December,Charlotte Hornets,Boston Celtics,4,2,1,0,0,0,1
52,46,Anthony Mason,1996-97,December,Charlotte Hornets,Boston Celtics,2,2,3,1,0,1,0
54,34,Greg Minor,1996-97,December,Boston Celtics,Charlotte Hornets,0,0,1,0,0,0,1
56,50,Glen Rice,1996-97,December,Charlotte Hornets,Boston Celtics,4,2,2,0,0,0,1
57,42,Scott Burrell,1996-97,December,Charlotte Hornets,Boston Celtics,2,0,1,0,0,1,0
58,56,Glen Rice,1996-97,December,Charlotte Hornets,Boston Celtics,4,3,2,0,0,0,1
59,36,Eric Williams,1996-97,December,Boston Celtics,Charlotte Hornets,2,0,3,0,0,0,1
60,59,Eric Williams,1996-97,December,Boston Celtics,Charlotte Hornets,2,0,3,0,0,1,1
61,52,Anthony Mason,1996-97,December,Charlotte Hornets,Boston Celtics,4,2,3,1,0,1,0
62,44,Vlade Divac,1996-97,December,Charlotte Hornets,Boston Celtics,6,0,2,0,0,0,1
63,57,Scott Burrell,1996-97,December,Charlotte Hornets,Boston Celtics,2,0,1,0,0,1,1
64,33,Rick Fox,1996-97,December,Boston Celtics,Charlotte Hornets,5,0,2,0,1,0,0
66,61,Anthony Mason,1996-97,December,Charlotte Hornets,Boston Celtics,4,2,4,1,0,1,0
67,63,Scott Burrell,1996-97,December,Charlotte Hornets,Boston Celtics,5,0,1,0,0,1,1
68,66,Anthony Mason,1996-97,December,Charlotte Hornets,Boston Celtics,4,3,4,1,0,1,0
69,29,Dino Radja,1996-97,December,Boston Celtics,Charlotte Hornets,4,0,0,0,0,0,0
70,0,Marty Conlon,1996-97,December,Boston Celtics,Charlotte Hornets,0,1,0,0,0,0,0
71,67,Scott Burrell,1996-97,December,Charlotte Hornets,Boston Celtics,5,0,1,0,0,1,2
73,68,Anthony Mason,1996-97,December,Charlotte Hornets,Boston Celtics,4,3,5,1,0,1,0
75,69,Dino Radja,1996-97,December,Charlotte Hornets,Boston Celtics,4,0,0,1,0,0,0
76,62,Vlade Divac,1996-97,December,Charlotte Hornets,Boston Celtics,6,0,3,0,0,0,1
77,76,Vlade Divac,1996-97,December,Charlotte Hornets,Boston Celtics,8,0,3,0,0,0,1
79,77,Vlade Divac,1996-97,December,Boston Celtics,Charlotte Hornets,8,0,3,1,0,0,1
80,0,Antoine Walker,1996-97,December,Boston Celtics,Charlotte Hornets,0,0,1,0,0,0,0
81,80,Antoine Walker,1996-97,December,Boston Celtics,Charlotte Hornets,2,0,1,0,0,0,0
82,73,Anthony Mason,1996-97,December,Charlotte Hornets,Boston Celtics,4,3,5,1,0,1,1
83,81,Antoine Walker,1996-97,December,Boston Celtics,Charlotte Hornets,3,0,1,0,0,0,0
84,82,Anthony Mason,1996-97,December,Charlotte Hornets,Boston Celtics,6,3,5,1,0,1,1
86,84,Anthony Mason,1996-97,December,Charlotte Hornets,Boston Celtics,6,3,6,1,0,1,1
87,71,Scott Burrell,1996-97,December,Charlotte Hornets,Boston Celtics,8,0,1,0,0,1,2
88,0,Tony Smith,1996-97,December,Charlotte Hornets,Boston Celtics,0,1,0,0,0,0,0
89,0,David Wesley,1996-97,December,Boston Celtics,Charlotte Hornets,2,0,0,0,0,0,0
90,88,Tony Smith,1996-97,December,Charlotte Hornets,Boston Celtics,0,1,0,0,0,1,0
91,75,Dino Radja,1996-97,December,Charlotte Hornets,Boston Celtics,4,0,0,1,1,0,0
92,90,Tony Smith,1996-97,December,Charlotte Hornets,Boston Celtics,0,1,0,0,0,1,1
93,89,David Wesley,1996-97,December,Boston Celtics,Charlotte Hornets,3,0,0,0,0,0,0
94,93,David Wesley,1996-97,December,Boston Celtics,Charlotte Hornets,4,0,0,0,0,0,0
96,83,Antoine Walker,1996-97,December,Boston Celtics,Charlotte Hornets,3,0,2,0,0,0,0
97,94,David Wesley,1996-97,December,Boston Celtics,Charlotte Hornets,4,0,0,0,0,1,0
98,58,Glen Rice,1996-97,December,Boston Celtics,Charlotte Hornets,4,3,2,0,1,0,1
100,0,Alton Lister,1996-97,December,Boston Celtics,Charlotte Hornets,0,0,1,0,0,0,0
101,96,Antoine Walker,1996-97,December,Boston Celtics,Charlotte Hornets,5,0,2,0,0,0,0
103,101,Antoine Walker,1996-97,December,Charlotte Hornets,Boston Celtics,5,0,2,1,0,0,0
104,97,David Wesley,1996-97,December,Boston Celtics,Charlotte Hornets,4,0,1,0,0,1,0
105,100,Alton Lister,1996-97,December,Boston Celtics,Charlotte Hornets,2,0,1,0,0,0,0
106,104,David Wesley,1996-97,December,Boston Celtics,Charlotte Hornets,4,1,1,0,0,1,0
107,103,Antoine Walker,1996-97,December,Boston Celtics,Charlotte Hornets,5,0,2,1,0,0,1
108,98,Glen Rice,1996-97,December,Charlotte Hornets,Boston Celtics,5,3,2,0,1,0,1
109,108,Glen Rice,1996-97,December,Charlotte Hornets,Boston Celtics,6,3,2,0,1,0,1
110,0,Dell Curry,1996-97,December,Charlotte Hornets,Boston Celtics,0,0,0,0,0,0,1
111,92,Tony Smith,1996-97,December,Charlotte Hornets,Boston Celtics,0,1,0,0,0,1,2
112,106,David Wesley,1996-97,December,Boston Celtics,Charlotte Hornets,5,1,1,0,0,1,0
114,0,Matt Geiger,1996-97,December,Charlotte Hornets,Boston Celtics,0,0,1,0,0,0,0
115,111,Tony Smith,1996-97,December,Charlotte Hornets,Boston Celtics,0,1,0,0,0,2,2
116,107,Antoine Walker,1996-97,December,Charlotte Hornets,Boston Celtics,5,0,2,1,1,0,1
117,116,Antoine Walker,1996-97,December,Boston Celtics,Charlotte Hornets,7,0,2,1,1,0,1
119,0,Todd Day,1996-97,December,Boston Celtics,Charlotte Hornets,0,0,1,0,0,0,0
120,112,David Wesley,1996-97,December,Boston Celtics,Charlotte Hornets,8,1,1,0,0,1,0
121,109,Glen Rice,1996-97,December,Charlotte Hornets,Boston Celtics,6,3,2,0,1,1,1
123,121,Glen Rice,1996-97,December,Charlotte Hornets,Boston Celtics,6,3,3,0,1,1,1
125,70,Marty Conlon,1996-97,December,Boston Celtics,Charlotte Hornets,0,1,1,0,0,0,0
127,114,Matt Geiger,1996-97,December,Charlotte Hornets,Boston Celtics,0,0,2,0,0,0,0
128,86,Anthony Mason,1996-97,December,Charlotte Hornets,Boston Celtics,8,3,6,1,0,1,1
129,115,Tony Smith,1996-97,December,Charlotte Hornets,Boston Celtics,0,2,0,0,0,2,2
130,119,Todd Day,1996-97,December,Boston Celtics,Charlotte Hornets,2,0,1,0,0,0,0
131,120,David Wesley,1996-97,December,Boston Celtics,Charlotte Hornets,8,2,1,0,0,1,0
133,105,Alton Lister,1996-97,December,Boston Celtics,Charlotte Hornets,2,0,2,0,0,0,0
134,133,Alton Lister,1996-97,December,Boston Celtics,Charlotte Hornets,2,0,2,0,0,1,0
135,129,Tony Smith,1996-97,December,Boston Celtics,Charlotte Hornets,0,2,0,0,1,2,2
136,127,Matt Geiger,1996-97,December,Charlotte Hornets,Boston Celtics,2,0,2,0,0,0,0
137,135,Tony Smith,1996-97,December,Charlotte Hornets,Boston Celtics,0,3,0,0,1,2,2
138,131,David Wesley,1996-97,December,Boston Celtics,Charlotte Hornets,10,2,1,0,0,1,0
140,138,David Wesley,1996-97,December,Boston Celtics,Charlotte Hornets,10,2,2,0,0,1,0
142,136,Matt Geiger,1996-97,December,Charlotte Hornets,Boston Celtics,2,0,3,0,0,0,0
144,117,Antoine Walker,1996-97,December,Boston Celtics,Charlotte Hornets,7,0,3,1,1,0,1
145,144,Antoine Walker,1996-97,December,Boston Celtics,Charlotte Hornets,9,0,3,1,1,0,1
146,128,Anthony Mason,1996-97,December,Charlotte Hornets,Boston Celtics,10,3,6,1,0,1,1
147,137,Tony Smith,1996-97,December,Charlotte Hornets,Boston Celtics,0,4,0,0,1,2,2
148,130,Todd Day,1996-97,December,Boston Celtics,Charlotte Hornets,4,0,1,0,0,0,0
149,125,Marty Conlon,1996-97,December,Boston Celtics,Charlotte Hornets,0,2,1,0,0,0,0
151,140,David Wesley,1996-97,December,Boston Celtics,Charlotte Hornets,10,2,3,0,0,1,0
153,110,Dell Curry,1996-97,December,Charlotte Hornets,Boston Celtics,0,0,1,0,0,0,1
155,142,Matt Geiger,1996-97,December,Charlotte Hornets,Boston Celtics,2,0,4,0,0,0,0
156,134,Alton Lister,1996-97,December,Boston Celtics,Charlotte Hornets,2,0,2,0,0,1,1
157,123,Glen Rice,1996-97,December,Charlotte Hornets,Boston Celtics,7,3,3,0,1,1,1
158,157,Glen Rice,1996-97,December,Charlotte Hornets,Boston Celtics,8,3,3,0,1,1,1
160,155,Matt Geiger,1996-97,December,Charlotte Hornets,Boston Celtics,2,0,5,0,0,0,0
162,0,Brett Szabo,1996-97,December,Boston Celtics,Charlotte Hornets,0,0,0,0,0,0,1
163,153,Dell Curry,1996-97,December,Charlotte Hornets,Boston Celtics,2,0,1,0,0,0,1
164,148,Todd Day,1996-97,December,Boston Celtics,Charlotte Hornets,7,0,1,0,0,0,0
165,60,Eric Williams,1996-97,December,Boston Celtics,Charlotte Hornets,2,0,3,0,0,1,2
167,145,Antoine Walker,1996-97,December,Boston Celtics,Charlotte Hornets,11,0,3,1,1,0,1
169,64,Rick Fox,1996-97,December,Boston Celtics,Charlotte Hornets,5,0,3,0,1,0,0
170,163,Dell Curry,1996-97,December,Charlotte Hornets,Boston Celtics,2,0,1,0,0,0,2
172,169,Rick Fox,1996-97,December,Boston Celtics,Charlotte Hornets,6,0,3,0,1,0,0
174,167,Antoine Walker,1996-97,December,Boston Celtics,Charlotte Hornets,11,0,4,1,1,0,1
175,162,Brett Szabo,1996-97,December,Boston Celtics,Charlotte Hornets,0,0,0,0,0,1,1
176,158,Glen Rice,1996-97,December,Boston Celtics,Charlotte Hornets,8,3,3,0,2,1,1
178,45,Muggsy Bogues,1996-97,December,Charlotte Hornets,Boston Celtics,2,1,3,0,0,0,0
179,146,Anthony Mason,1996-97,December,Charlotte Hornets,Boston Celtics,12,3,6,1,0,1,1
180,178,Muggsy Bogues,1996-97,December,Charlotte Hornets,Boston Celtics,2,2,3,0,0,0,0
181,151,David Wesley,1996-97,December,Boston Celtics,Charlotte Hornets,13,2,3,0,0,1,0
182,174,Antoine Walker,1996-97,December,Boston Celtics,Charlotte Hornets,11,1,4,1,1,0,1
183,176,Glen Rice,1996-97,December,Charlotte Hornets,Boston Celtics,10,3,3,0,2,1,1
184,180,Muggsy Bogues,1996-97,December,Charlotte Hornets,Boston Celtics,2,3,3,0,0,0,0
186,175,Brett Szabo,1996-97,December,Boston Celtics,Charlotte Hornets,0,0,1,0,0,1,1
187,186,Brett Szabo,1996-97,December,Boston Celtics,Charlotte Hornets,2,0,1,0,0,1,1
188,179,Anthony Mason,1996-97,December,Charlotte Hornets,Boston Celtics,12,3,6,1,0,2,1
189,164,Todd Day,1996-97,December,Charlotte Hornets,Boston Celtics,7,0,1,0,1,0,0
190,181,David Wesley,1996-97,December,Boston Celtics,Charlotte Hornets,15,2,3,0,0,1,0
192,160,Matt Geiger,1996-97,December,Charlotte Hornets,Boston Celtics,2,0,6,0,0,0,0
193,192,Matt Geiger,1996-97,December,Charlotte Hornets,Boston Celtics,4,0,6,0,0,0,0
195,193,Matt Geiger,1996-97,December,Boston Celtics,Charlotte Hornets,4,0,6,1,0,0,0
196,195,Matt Geiger,1996-97,December,Charlotte Hornets,Boston Celtics,4,0,7,1,0,0,0
198,196,Matt Geiger,1996-97,December,Charlotte Hornets,Boston Celtics,4,0,8,1,0,0,0
199,198,Matt Geiger,1996-97,December,Charlotte Hornets,Boston Celtics,6,0,8,1,0,0,0
200,190,David Wesley,1996-97,December,Boston Celtics,Charlotte Hornets,18,2,3,0,0,1,0
201,182,Antoine Walker,1996-97,December,Boston Celtics,Charlotte Hornets,11,2,4,1,1,0,1
203,189,Todd Day,1996-97,December,Boston Celtics,Charlotte Hornets,7,0,1,0,1,0,1
204,199,Matt Geiger,1996-97,December,Charlotte Hornets,Boston Celtics,7,0,8,1,0,0,0
205,204,Matt Geiger,1996-97,December,Charlotte Hornets,Boston Celtics,8,0,8,1,0,0,0
207,170,Dell Curry,1996-97,December,Charlotte Hornets,Boston Celtics,2,0,2,0,0,0,2
209,205,Matt Geiger,1996-97,December,Charlotte Hornets,Boston Celtics,8,0,9,1,0,0,0
211,172,Rick Fox,1996-97,December,Boston Celtics,Charlotte Hornets,6,0,4,0,1,0,0
212,211,Rick Fox,1996-97,December,Boston Celtics,Charlotte Hornets,6,0,4,0,1,0,1
213,188,Anthony Mason,1996-97,December,Charlotte Hornets,Boston Celtics,13,3,6,1,0,2,1
214,213,Anthony Mason,1996-97,December,Charlotte Hornets,Boston Celtics,14,3,6,1,0,2,1
215,79,Vlade Divac,1996-97,December,Charlotte Hornets,Boston Celtics,8,0,3,1,0,0,2
216,91,Dino Radja,1996-97,December,Boston Celtics,Charlotte Hornets,5,0,0,1,1,0,0
217,216,Dino Radja,1996-97,December,Boston Celtics,Charlotte Hornets,6,0,0,1,1,0,0
219,214,Anthony Mason,1996-97,December,Charlotte Hornets,Boston Celtics,14,3,7,1,0,2,1
220,54,Greg Minor,1996-97,December,Boston Celtics,Charlotte Hornets,2,0,1,0,0,0,1
221,200,David Wesley,1996-97,December,Boston Celtics,Charlotte Hornets,18,3,3,0,0,1,0
222,215,Vlade Divac,1996-97,December,Charlotte Hornets,Boston Celtics,10,0,3,1,0,0,2
223,183,Glen Rice,1996-97,December,Charlotte Hornets,Boston Celtics,10,4,3,0,2,1,1
225,223,Glen Rice,1996-97,December,Charlotte Hornets,Boston Celtics,10,4,4,0,2,1,1
226,225,Glen Rice,1996-97,December,Charlotte Hornets,Boston Celtics,12,4,4,0,2,1,1
227,147,Tony Smith,1996-97,December,Charlotte Hornets,Boston Celtics,0,5,0,0,1,2,2
228,220,Greg Minor,1996-97,December,Boston Celtics,Charlotte Hornets,2,0,1,0,0,0,2
229,226,Glen Rice,1996-97,December,Charlotte Hornets,Boston Celtics,13,4,4,0,2,1,1
231,219,Anthony Mason,1996-97,December,Charlotte Hornets,Boston Celtics,14,3,8,1,0,2,1
232,207,Dell Curry,1996-97,December,Charlotte Hornets,Boston Celtics,5,0,2,0,0,0,2
233,222,Vlade Divac,1996-97,December,Charlotte Hornets,Boston Celtics,10,1,3,1,0,0,2
234,221,David Wesley,1996-97,December,Boston Celtics,Charlotte Hornets,21,3,3,0,0,1,0
235,217,Dino Radja,1996-97,December,Boston Celtics,Charlotte Hornets,6,1,0,1,1,0,0
237,165,Eric Williams,1996-97,December,Boston Celtics,Charlotte Hornets,2,0,4,0,0,1,2
238,237,Eric Williams,1996-97,December,Boston Celtics,Charlotte Hornets,2,0,4,0,0,2,2
239,231,Anthony Mason,1996-97,December,Boston Celtics,Charlotte Hornets,14,3,8,1,1,2,1
240,227,Tony Smith,1996-97,December,Charlotte Hornets,Boston Celtics,2,5,0,0,1,2,2
242,229,Glen Rice,1996-97,December,Charlotte Hornets,Boston Celtics,15,4,4,0,2,1,1
243,235,Dino Radja,1996-97,December,Boston Celtics,Charlotte Hornets,8,1,0,1,1,0,0
244,228,Greg Minor,1996-97,December,Boston Celtics,Charlotte Hornets,2,1,1,0,0,0,2
245,238,Eric Williams,1996-97,December,Boston Celtics,Charlotte Hornets,2,0,4,0,0,2,3
247,212,Rick Fox,1996-97,December,Boston Celtics,Charlotte Hornets,6,0,5,0,1,0,1
248,247,Rick Fox,1996-97,December,Boston Celtics,Charlotte Hornets,8,0,5,0,1,0,1
250,242,Glen Rice,1996-97,December,Charlotte Hornets,Boston Celtics,15,4,5,0,2,1,1
252,248,Rick Fox,1996-97,December,Charlotte Hornets,Boston Celtics,8,0,5,1,1,0,1
254,243,Dino Radja,1996-97,December,Boston Celtics,Charlotte Hornets,8,1,1,1,1,0,0
256,233,Vlade Divac,1996-97,December,Boston Celtics,Charlotte Hornets,10,1,3,2,0,0,2
257,234,David Wesley,1996-97,December,Boston Celtics,Charlotte Hornets,21,3,4,0,0,1,0
258,257,David Wesley,1996-97,December,Boston Celtics,Charlotte Hornets,23,3,4,0,0,1,0
260,201,Antoine Walker,1996-97,December,Boston Celtics,Charlotte Hornets,11,2,5,1,1,0,1
262,256,Vlade Divac,1996-97,December,Charlotte Hornets,Boston Celtics,10,1,4,2,0,0,2
263,250,Glen Rice,1996-97,December,Charlotte Hornets,Boston Celtics,15,4,5,0,2,2,1
264,252,Rick Fox,1996-97,December,Boston Celtics,Charlotte Hornets,10,0,5,1,1,0,1
265,258,David Wesley,1996-97,December,Boston Celtics,Charlotte Hornets,23,4,4,0,0,1,0
266,232,Dell Curry,1996-97,December,Charlotte Hornets,Boston Celtics,7,0,2,0,0,0,2
267,263,Glen Rice,1996-97,December,Charlotte Hornets,Boston Celtics,15,5,5,0,2,2,1
269,260,Antoine Walker,1996-97,December,Boston Celtics,Charlotte Hornets,11,2,6,1,1,0,1
270,269,Antoine Walker,1996-97,December,Boston Celtics,Charlotte Hornets,11,2,6,1,1,1,1
271,267,Glen Rice,1996-97,December,Boston Celtics,Charlotte Hornets,15,5,5,0,3,2,1
272,271,Glen Rice,1996-97,December,Charlotte Hornets,Boston Celtics,15,5,5,0,3,3,1
273,265,David Wesley,1996-97,December,Charlotte Hornets,Boston Celtics,23,4,4,0,1,1,0
274,262,Vlade Divac,1996-97,December,Charlotte Hornets,Boston Celtics,10,1,4,2,0,0,3
275,273,David Wesley,1996-97,December,Boston Celtics,Charlotte Hornets,26,4,4,0,1,1,0
276,203,Todd Day,1996-97,December,Boston Celtics,Charlotte Hornets,7,1,1,0,1,0,1
277,239,Anthony Mason,1996-97,December,Charlotte Hornets,Boston Celtics,16,3,8,1,1,2,1
278,240,Tony Smith,1996-97,December,Charlotte Hornets,Boston Celtics,2,6,0,0,1,2,2
279,254,Dino Radja,1996-97,December,Boston Celtics,Charlotte Hornets,10,1,1,1,1,0,0
280,274,Vlade Divac,1996-97,December,Charlotte Hornets,Boston Celtics,10,1,4,2,0,0,4
281,279,Dino Radja,1996-97,December,Boston Celtics,Charlotte Hornets,11,1,1,1,1,0,0
282,275,David Wesley,1996-97,December,Boston Celtics,Charlotte Hornets,26,4,4,0,1,1,1
284,264,Rick Fox,1996-97,December,Boston Celtics,Charlotte Hornets,10,0,6,1,1,0,1
285,276,Todd Day,1996-97,December,Boston Celtics,Charlotte Hornets,7,1,1,0,1,1,1
286,277,Anthony Mason,1996-97,December,Boston Celtics,Charlotte Hornets,16,3,8,1,2,2,1
287,286,Anthony Mason,1996-97,December,Charlotte Hornets,Boston Celtics,16,3,8,1,2,3,1
288,282,David Wesley,1996-97,December,Charlotte Hornets,Boston Celtics,26,4,4,0,2,1,1
289,285,Todd Day,1996-97,December,Boston Celtics,Charlotte Hornets,10,1,1,0,1,1,1
290,288,David Wesley,1996-97,December,Boston Celtics,Charlotte Hornets,26,5,4,0,2,1,1
291,0,Anthony Goldwire,1996-97,December,Charlotte Hornets,Boston Celtics,2,0,0,0,0,0,0
292,287,Anthony Mason,1996-97,December,Charlotte Hornets,Boston Celtics,16,3,8,1,2,3,2
293,284,Rick Fox,1996-97,December,Boston Celtics,Charlotte Hornets,11,0,6,1,1,0,1
294,270,Antoine Walker,1996-97,December,Boston Celtics,Charlotte Hornets,11,2,6,1,1,2,1
295,209,Matt Geiger,1996-97,December,Boston Celtics,Charlotte Hornets,8,0,9,1,1,0,0
296,291,Anthony Goldwire,1996-97,December,Charlotte Hornets,Boston Celtics,5,0,0,0,0,0,0
297,272,Glen Rice,1996-97,December,Charlotte Hornets,Boston Celtics,15,6,5,0,3,3,1
299,296,Anthony Goldwire,1996-97,December,Charlotte Hornets,Boston Celtics,5,0,1,0,0,0,0
301,289,Todd Day,1996-97,December,Charlotte Hornets,Boston Celtics,10,1,1,1,1,1,1
302,292,Anthony Mason,1996-97,December,Charlotte Hornets,Boston Celtics,16,3,9,1,2,3,2
303,302,Anthony Mason,1996-97,December,Charlotte Hornets,Boston Celtics,16,3,9,1,2,4,2
304,294,Antoine Walker,1996-97,December,Charlotte Hornets,Boston Celtics,11,2,6,1,2,2,1
305,295,Matt Geiger,1996-97,December,Charlotte Hornets,Boston Celtics,8,0,9,1,1,0,1
307,304,Antoine Walker,1996-97,December,Boston Celtics,Charlotte Hornets,12,2,6,1,2,2,1
309,301,Todd Day,1996-97,December,Charlotte Hornets,Boston Celtics,10,1,1,2,1,1,1
310,278,Tony Smith,1996-97,December,Charlotte Hornets,Boston Celtics,2,6,0,0,1,3,2
311,309,Todd Day,1996-97,December,Charlotte Hornets,Boston Celtics,10,1,1,2,2,1,1
312,305,Matt Geiger,1996-97,December,Charlotte Hornets,Boston Celtics,8,0,9,1,1,0,2
315,312,Matt Geiger,1996-97,December,Charlotte Hornets,Boston Celtics,8,0,10,1,1,0,2
316,310,Tony Smith,1996-97,December,Charlotte Hornets,Boston Celtics,4,6,0,0,1,3,2
317,299,Anthony Goldwire,1996-97,December,Charlotte Hornets,Boston Celtics,5,1,1,0,0,0,0
318,293,Rick Fox,1996-97,December,Boston Celtics,Charlotte Hornets,13,0,6,1,1,0,1
320,318,Rick Fox,1996-97,December,Boston Celtics,Charlotte Hornets,13,0,7,1,1,0,1
321,311,Todd Day,1996-97,December,Boston Celtics,Charlotte Hornets,10,1,1,2,2,2,1
322,307,Antoine Walker,1996-97,December,Boston Celtics,Charlotte Hornets,12,2,6,1,2,2,2
323,317,Anthony Goldwire,1996-97,December,Charlotte Hornets,Boston Celtics,6,1,1,0,0,0,0
325,0,Malik Rose,1996-97,December,Charlotte Hornets,Boston Celtics,0,0,1,0,0,0,0
326,325,Malik Rose,1996-97,December,Charlotte Hornets,Boston Celtics,2,0,1,0,0,0,0
327,245,Eric Williams,1996-97,December,Boston Celtics,Charlotte Hornets,2,0,4,0,0,3,3
328,323,Anthony Goldwire,1996-97,December,Boston Celtics,Charlotte Hornets,6,1,1,0,1,0,0
330,315,Matt Geiger,1996-97,December,Charlotte Hornets,Boston Celtics,8,0,11,1,1,0,2
331,316,Tony Smith,1996-97,December,Charlotte Hornets,Boston Celtics,4,6,0,0,1,4,2
332,290,David Wesley,1996-97,December,Charlotte Hornets,Boston Celtics,26,5,4,0,3,1,1
333,328,Anthony Goldwire,1996-97,December,Charlotte Hornets,Boston Celtics,6,1,1,0,1,0,1
335,330,Matt Geiger,1996-97,December,Charlotte Hornets,Boston Celtics,8,0,12,1,1,0,2
337,331,Tony Smith,1996-97,December,Charlotte Hornets,Boston Celtics,4,6,1,0,1,4,2
339,326,Malik Rose,1996-97,December,Charlotte Hornets,Boston Celtics,2,0,2,0,0,0,0
341,335,Matt Geiger,1996-97,December,Charlotte Hornets,Boston Celtics,8,0,12,1,1,0,3
343,339,Malik Rose,1996-97,December,Charlotte Hornets,Boston Celtics,2,0,2,0,0,0,1
344,320,Rick Fox,1996-97,December,Boston Celtics,Charlotte Hornets,14,0,7,1,1,0,1
345,344,Rick Fox,1996-97,December,Boston Celtics,Charlotte Hornets,15,0,7,1,1,0,1
346,332,David Wesley,1996-97,December,Boston Celtics,Charlotte Hornets,26,5,4,0,3,1,2
347,322,Antoine Walker,1996-97,December,Boston Celtics,Charlotte Hornets,12,2,6,1,2,2,3
348,341,Matt Geiger,1996-97,December,Charlotte Hornets,Boston Celtics,9,0,12,1,1,0,3
349,348,Matt Geiger,1996-97,December,Charlotte Hornets,Boston Celtics,10,0,12,1,1,0,3
350,346,David Wesley,1996-97,December,Boston Celtics,Charlotte Hornets,26,5,4,0,3,2,2
351,349,Matt Geiger,1996-97,December,Charlotte Hornets,Boston Celtics,12,0,12,1,1,0,3
352,303,Anthony Mason,1996-97,December,Charlotte Hornets,Boston Celtics,16,4,9,1,2,4,2
353,281,Dino Radja,1996-97,December,Boston Celtics,Charlotte Hornets,11,1,1,1,1,0,1
355,347,Antoine Walker,1996-97,December,Boston Celtics,Charlotte Hornets,12,2,7,1,2,2,3
356,355,Antoine Walker,1996-97,December,Boston Celtics,Charlotte Hornets,12,2,7,1,2,3,3
357,352,Anthony Mason,1996-97,December,Boston Celtics,Charlotte Hornets,16,4,9,1,3,4,2
358,244,Greg Minor,1996-97,December,Boston Celtics,Charlotte Hornets,2,1,1,0,0,0,3
359,357,Anthony Mason,1996-97,December,Charlotte Hornets,Boston Celtics,17,4,9,1,3,4,2
361,353,Dino Radja,1996-97,December,Boston Celtics,Charlotte Hornets,11,1,2,1,1,0,1
362,350,David Wesley,1996-97,December,Boston Celtics,Charlotte Hornets,29,5,4,0,3,2,2
363,321,Todd Day,1996-97,December,Boston Celtics,Charlotte Hornets,10,2,1,2,2,2,1
364,363,Todd Day,1996-97,December,Boston Celtics,Charlotte Hornets,10,2,1,2,2,2,2
365,297,Glen Rice,1996-97,December,Charlotte Hornets,Boston Celtics,16,6,5,0,3,3,1
366,365,Glen Rice,1996-97,December,Charlotte Hornets,Boston Celtics,17,6,5,0,3,3,1
367,345,Rick Fox,1996-97,December,Boston Celtics,Charlotte Hornets,15,0,7,1,1,1,1
369,366,Glen Rice,1996-97,December,Charlotte Hornets,Boston Celtics,17,6,6,0,3,3,1
371,364,Todd Day,1996-97,December,Charlotte Hornets,Boston Celtics,10,2,1,3,2,2,2
372,371,Todd Day,1996-97,December,Boston Celtics,Charlotte Hornets,10,2,2,3,2,2,2
373,359,Anthony Mason,1996-97,December,Charlotte Hornets,Boston Celtics,17,4,9,1,3,4,3
376,373,Anthony Mason,1996-97,December,Charlotte Hornets,Boston Celtics,17,4,10,1,3,4,3
377,369,Glen Rice,1996-97,December,Charlotte Hornets,Boston Celtics,19,6,6,0,3,3,1
378,376,Anthony Mason,1996-97,December,Charlotte Hornets,Boston Celtics,17,5,10,1,3,4,3
379,367,Rick Fox,1996-97,December,Boston Celtics,Charlotte Hornets,15,0,7,1,1,2,1
380,266,Dell Curry,1996-97,December,Boston Celtics,Charlotte Hornets,7,0,2,0,1,0,2
382,379,Rick Fox,1996-97,December,Boston Celtics,Charlotte Hornets,15,0,8,1,1,2,1
384,380,Dell Curry,1996-97,December,Charlotte Hornets,Boston Celtics,7,0,3,0,1,0,2
385,377,Glen Rice,1996-97,December,Charlotte Hornets,Boston Celtics,21,6,6,0,3,3,1
386,333,Anthony Goldwire,1996-97,December,Charlotte Hornets,Boston Celtics,6,2,1,0,1,0,1
388,378,Anthony Mason,1996-97,December,Charlotte Hornets,Boston Celtics,17,5,11,1,3,4,3
389,351,Matt Geiger,1996-97,December,Charlotte Hornets,Boston Celtics,12,0,12,1,1,1,3
390,356,Antoine Walker,1996-97,December,Boston Celtics,Charlotte Hornets,14,2,7,1,2,3,3
391,362,David Wesley,1996-97,December,Boston Celtics,Charlotte Hornets,29,6,4,0,3,2,2
392,385,Glen Rice,1996-97,December,Charlotte Hornets,Boston Celtics,21,6,6,0,3,3,2
394,391,David Wesley,1996-97,December,Boston Celtics,Charlotte Hornets,29,6,5,0,3,2,2
396,392,Glen Rice,1996-97,December,Charlotte Hornets,Boston Celtics,21,6,7,0,3,3,2
397,384,Dell Curry,1996-97,December,Charlotte Hornets,Boston Celtics,7,0,3,0,1,1,2
398,390,Antoine Walker,1996-97,December,Charlotte Hornets,Boston Celtics,14,2,7,1,3,3,3
399,372,Todd Day,1996-97,December,Boston Celtics,Charlotte Hornets,12,2,2,3,2,2,2
400,398,Antoine Walker,1996-97,December,Boston Celtics,Charlotte Hornets,14,3,7,1,3,3,3
402,382,Rick Fox,1996-97,December,Boston Celtics,Charlotte Hornets,15,0,9,1,1,2,1
405,388,Anthony Mason,1996-97,December,Charlotte Hornets,Boston Celtics,17,5,12,1,3,4,3
406,361,Dino Radja,1996-97,December,Boston Celtics,Charlotte Hornets,11,1,2,1,1,0,2
407,389,Matt Geiger,1996-97,December,Charlotte Hornets,Boston Celtics,13,0,12,1,1,1,3
408,407,Matt Geiger,1996-97,December,Charlotte Hornets,Boston Celtics,14,0,12,1,1,1,3
409,402,Rick Fox,1996-97,December,Boston Celtics,Charlotte Hornets,15,0,9,1,1,3,1
410,396,Glen Rice,1996-97,December,Boston Celtics,Charlotte Hornets,21,6,7,0,4,3,2
412,394,David Wesley,1996-97,December,Boston Celtics,Charlotte Hornets,29,6,6,0,3,2,2
414,405,Anthony Mason,1996-97,December,Charlotte Hornets,Boston Celtics,17,5,13,1,3,4,3
416,400,Antoine Walker,1996-97,December,Boston Celtics,Charlotte Hornets,14,3,8,1,3,3,3
417,409,Rick Fox,1996-97,December,Boston Celtics,Charlotte Hornets,17,0,9,1,1,3,1
418,412,David Wesley,1996-97,December,Boston Celtics,Charlotte Hornets,29,7,6,0,3,2,2
419,417,Rick Fox,1996-97,December,Boston Celtics,Charlotte Hornets,17,0,9,1,1,3,2
420,410,Glen Rice,1996-97,December,Charlotte Hornets,Boston Celtics,22,6,7,0,4,3,2
422,416,Antoine Walker,1996-97,December,Boston Celtics,Charlotte Hornets,14,3,9,1,3,3,3
423,408,Matt Geiger,1996-97,December,Charlotte Hornets,Boston Celtics,14,0,12,1,1,1,4
426,420,Glen Rice,1996-97,December,Charlotte Hornets,Boston Celtics,22,6,8,0,4,3,2
427,423,Matt Geiger,1996-97,December,Charlotte Hornets,Boston Celtics,14,0,12,1,1,2,4
428,406,Dino Radja,1996-97,December,Charlotte Hornets,Boston Celtics,11,1,2,1,2,0,2
429,428,Dino Radja,1996-97,December,Boston Celtics,Charlotte Hornets,11,1,2,1,2,1,2
430,386,Anthony Goldwire,1996-97,December,Boston Celtics,Charlotte Hornets,6,2,1,0,2,0,1
431,427,Matt Geiger,1996-97,December,Charlotte Hornets,Boston Celtics,16,0,12,1,1,2,4
432,430,Anthony Goldwire,1996-97,December,Charlotte Hornets,Boston Celtics,6,3,1,0,2,0,1
433,337,Tony Smith,1996-97,December,Charlotte Hornets,Boston Celtics,4,6,1,0,1,4,3
434,418,David Wesley,1996-97,December,Boston Celtics,Charlotte Hornets,30,7,6,0,3,2,2
435,434,David Wesley,1996-97,December,Boston Celtics,Charlotte Hornets,31,7,6,0,3,2,2
436,397,Dell Curry,1996-97,December,Charlotte Hornets,Boston Celtics,10,0,3,0,1,1,2
437,433,Tony Smith,1996-97,December,Charlotte Hornets,Boston Celtics,4,7,1,0,1,4,3
438,426,Glen Rice,1996-97,December,Charlotte Hornets,Boston Celtics,22,6,8,0,4,3,3
439,419,Rick Fox,1996-97,December,Boston Celtics,Charlotte Hornets,18,0,9,1,1,3,2
440,439,Rick Fox,1996-97,December,Boston Celtics,Charlotte Hornets,19,0,9,1,1,3,2
441,414,Anthony Mason,1996-97,December,Charlotte Hornets,Boston Celtics,19,5,13,1,3,4,3
442,435,David Wesley,1996-97,December,Boston Celtics,Charlotte Hornets,34,7,6,0,3,2,2
444,429,Dino Radja,1996-97,December,Boston Celtics,Charlotte Hornets,11,1,3,1,2,1,2
445,442,David Wesley,1996-97,December,Boston Celtics,Charlotte Hornets,34,7,6,0,3,3,2
446,437,Tony Smith,1996-97,December,Boston Celtics,Charlotte Hornets,4,7,1,0,2,4,3
447,358,Greg Minor,1996-97,December,Boston Celtics,Charlotte Hornets,2,1,1,0,0,0,4
449,438,Glen Rice,1996-97,December,Charlotte Hornets,Boston Celtics,23,6,8,0,4,3,3
450,440,Rick Fox,1996-97,December,Boston Celtics,Charlotte Hornets,19,0,9,1,1,4,2
451,399,Todd Day,1996-97,December,Boston Celtics,Charlotte Hornets,12,2,2,3,2,2,3
452,449,Glen Rice,1996-97,December,Charlotte Hornets,Boston Celtics,24,6,8,0,4,3,3
453,452,Glen Rice,1996-97,December,Charlotte Hornets,Boston Celtics,25,6,8,0,4,3,3
