id,previous_id,player,season,month,team,opponent_team,points,assists,rebounds,blocks,steals,turnovers,personal fouls
2,0,Olden Polynice,1996-97,December,Sacramento Kings,Los Angeles Clippers,0,0,1,0,0,0,0
4,0,Rodney Rogers,1996-97,December,Sacramento Kings,Los Angeles Clippers,0,0,0,1,0,0,0
5,4,Rodney Rogers,1996-97,December,Los Angeles Clippers,Sacramento Kings,0,0,1,1,0,0,0
7,0,Billy Owens,1996-97,December,Sacramento Kings,Los Angeles Clippers,0,0,1,0,0,0,0
8,0,Mitch Richmond,1996-97,December,Sacramento Kings,Los Angeles Clippers,2,0,0,0,0,0,0
9,2,Olden Polynice,1996-97,December,Sacramento Kings,Los Angeles Clippers,0,1,1,0,0,0,0
10,0,Malik Sealy,1996-97,December,Los Angeles Clippers,Sacramento Kings,0,0,0,0,0,0,1
11,8,Mitch Richmond,1996-97,December,Sacramento Kings,Los Angeles Clippers,3,0,0,0,0,0,0
13,9,Olden Polynice,1996-97,December,Sacramento Kings,Los Angeles Clippers,0,1,2,0,0,0,0
14,0,Loy Vaught,1996-97,December,Los Angeles Clippers,Sacramento Kings,0,0,0,0,0,0,1
16,11,Mitch Richmond,1996-97,December,Sacramento Kings,Los Angeles Clippers,4,0,0,0,0,0,0
18,5,Rodney Rogers,1996-97,December,Los Angeles Clippers,Sacramento Kings,0,0,2,1,0,0,0
20,14,Loy Vaught,1996-97,December,Los Angeles Clippers,Sacramento Kings,0,0,1,0,0,0,1
21,10,Malik Sealy,1996-97,December,Los Angeles Clippers,Sacramento Kings,0,0,0,0,0,1,1
22,16,Mitch Richmond,1996-97,December,Los Angeles Clippers,Sacramento Kings,4,0,0,0,1,0,0
23,0,Darrick Martin,1996-97,December,Los Angeles Clippers,Sacramento Kings,0,0,0,0,0,0,1
24,22,Mitch Richmond,1996-97,December,Sacramento Kings,Los Angeles Clippers,6,0,0,0,1,0,0
25,0,Tyus Edney,1996-97,December,Sacramento Kings,Los Angeles Clippers,0,1,0,0,0,0,0
27,25,Tyus Edney,1996-97,December,Sacramento Kings,Los Angeles Clippers,0,1,1,0,0,0,0
29,7,Billy Owens,1996-97,December,Sacramento Kings,Los Angeles Clippers,0,0,2,0,0,0,0
30,29,Billy Owens,1996-97,December,Sacramento Kings,Los Angeles Clippers,0,0,2,0,0,1,0
31,21,Malik Sealy,1996-97,December,Sacramento Kings,Los Angeles Clippers,0,0,0,0,1,1,1
32,20,Loy Vaught,1996-97,December,Los Angeles Clippers,Sacramento Kings,2,0,1,0,0,0,1
33,31,Malik Sealy,1996-97,December,Los Angeles Clippers,Sacramento Kings,0,1,0,0,1,1,1
34,24,Mitch Richmond,1996-97,December,Sacramento Kings,Los Angeles Clippers,8,0,0,0,1,0,0
35,30,Billy Owens,1996-97,December,Sacramento Kings,Los Angeles Clippers,0,1,2,0,0,1,0
36,18,Rodney Rogers,1996-97,December,Los Angeles Clippers,Sacramento Kings,2,0,2,1,0,0,0
37,0,Lorenzen Wright,1996-97,December,Los Angeles Clippers,Sacramento Kings,0,0,0,0,0,0,1
38,13,Olden Polynice,1996-97,December,Sacramento Kings,Los Angeles Clippers,1,1,2,0,0,0,0
39,38,Olden Polynice,1996-97,December,Sacramento Kings,Los Angeles Clippers,2,1,2,0,0,0,0
40,36,Rodney Rogers,1996-97,December,Los Angeles Clippers,Sacramento Kings,2,0,2,1,0,1,0
41,34,Mitch Richmond,1996-97,December,Sacramento Kings,Los Angeles Clippers,10,0,0,0,1,0,0
43,32,Loy Vaught,1996-97,December,Los Angeles Clippers,Sacramento Kings,2,0,2,0,0,0,1
44,43,Loy Vaught,1996-97,December,Los Angeles Clippers,Sacramento Kings,2,0,2,0,0,1,1
45,44,Loy Vaught,1996-97,December,Los Angeles Clippers,Sacramento Kings,2,0,2,0,0,1,2
47,35,Billy Owens,1996-97,December,Sacramento Kings,Los Angeles Clippers,1,1,2,0,0,1,0
48,27,Tyus Edney,1996-97,December,Sacramento Kings,Los Angeles Clippers,0,1,1,0,0,0,1
49,33,Malik Sealy,1996-97,December,Los Angeles Clippers,Sacramento Kings,0,1,0,0,1,2,1
50,41,Mitch Richmond,1996-97,December,Los Angeles Clippers,Sacramento Kings,10,0,0,0,2,0,0
51,50,Mitch Richmond,1996-97,December,Sacramento Kings,Los Angeles Clippers,10,0,0,0,2,1,0
52,49,Malik Sealy,1996-97,December,Sacramento Kings,Los Angeles Clippers,0,1,0,0,2,2,1
53,0,Michael Smith,1996-97,December,Sacramento Kings,Los Angeles Clippers,0,0,0,0,0,0,1
55,40,Rodney Rogers,1996-97,December,Los Angeles Clippers,Sacramento Kings,3,0,2,1,0,1,0
56,47,Billy Owens,1996-97,December,Sacramento Kings,Los Angeles Clippers,1,1,2,0,0,2,0
57,23,Darrick Martin,1996-97,December,Sacramento Kings,Los Angeles Clippers,0,0,0,0,1,0,1
58,39,Olden Polynice,1996-97,December,Sacramento Kings,Los Angeles Clippers,2,1,2,0,0,0,1
60,37,Lorenzen Wright,1996-97,December,Los Angeles Clippers,Sacramento Kings,1,0,0,0,0,0,1
61,56,Billy Owens,1996-97,December,Sacramento Kings,Los Angeles Clippers,3,1,2,0,0,2,0
62,55,Rodney Rogers,1996-97,December,Los Angeles Clippers,Sacramento Kings,5,0,2,1,0,1,0
63,57,Darrick Martin,1996-97,December,Los Angeles Clippers,Sacramento Kings,0,1,0,0,1,0,1
65,58,Olden Polynice,1996-97,December,Sacramento Kings,Los Angeles Clippers,2,1,3,0,0,0,1
66,65,Olden Polynice,1996-97,December,Sacramento Kings,Los Angeles Clippers,4,1,3,0,0,0,1
67,63,Darrick Martin,1996-97,December,Los Angeles Clippers,Sacramento Kings,2,1,0,0,1,0,1
68,61,Billy Owens,1996-97,December,Sacramento Kings,Los Angeles Clippers,5,1,2,0,0,2,0
69,51,Mitch Richmond,1996-97,December,Sacramento Kings,Los Angeles Clippers,10,1,0,0,2,1,0
71,53,Michael Smith,1996-97,December,Sacramento Kings,Los Angeles Clippers,0,0,1,0,0,0,1
72,69,Mitch Richmond,1996-97,December,Sacramento Kings,Los Angeles Clippers,10,1,0,0,2,2,0
73,62,Rodney Rogers,1996-97,December,Sacramento Kings,Los Angeles Clippers,5,0,2,1,1,1,0
75,66,Olden Polynice,1996-97,December,Sacramento Kings,Los Angeles Clippers,4,1,4,0,0,0,1
76,75,Olden Polynice,1996-97,December,Sacramento Kings,Los Angeles Clippers,6,1,4,0,0,0,1
77,48,Tyus Edney,1996-97,December,Sacramento Kings,Los Angeles Clippers,0,2,1,0,0,0,1
79,60,Lorenzen Wright,1996-97,December,Los Angeles Clippers,Sacramento Kings,1,0,1,0,0,0,1
80,79,Lorenzen Wright,1996-97,December,Los Angeles Clippers,Sacramento Kings,3,0,1,0,0,0,1
81,77,Tyus Edney,1996-97,December,Sacramento Kings,Los Angeles Clippers,2,2,1,0,0,0,1
82,73,Rodney Rogers,1996-97,December,Los Angeles Clippers,Sacramento Kings,5,0,2,1,1,2,0
83,81,Tyus Edney,1996-97,December,Los Angeles Clippers,Sacramento Kings,2,2,1,0,1,0,1
84,80,Lorenzen Wright,1996-97,December,Los Angeles Clippers,Sacramento Kings,3,0,1,0,0,0,2
85,72,Mitch Richmond,1996-97,December,Sacramento Kings,Los Angeles Clippers,11,1,0,0,2,2,0
86,85,Mitch Richmond,1996-97,December,Sacramento Kings,Los Angeles Clippers,12,1,0,0,2,2,0
88,76,Olden Polynice,1996-97,December,Sacramento Kings,Los Angeles Clippers,6,1,5,0,0,0,1
90,71,Michael Smith,1996-97,December,Sacramento Kings,Los Angeles Clippers,0,0,2,0,0,0,1
92,84,Lorenzen Wright,1996-97,December,Sacramento Kings,Los Angeles Clippers,3,0,1,1,0,0,2
93,88,Olden Polynice,1996-97,December,Sacramento Kings,Los Angeles Clippers,6,1,6,0,0,0,1
94,93,Olden Polynice,1996-97,December,Sacramento Kings,Los Angeles Clippers,8,1,6,0,0,0,1
95,83,Tyus Edney,1996-97,December,Sacramento Kings,Los Angeles Clippers,2,2,1,0,1,0,2
96,0,Brent Barry,1996-97,December,Los Angeles Clippers,Sacramento Kings,0,0,0,0,0,1,0
97,86,Mitch Richmond,1996-97,December,Sacramento Kings,Los Angeles Clippers,12,1,0,0,2,3,0
98,82,Rodney Rogers,1996-97,December,Sacramento Kings,Los Angeles Clippers,5,0,2,1,2,2,0
99,0,Bo Outlaw,1996-97,December,Los Angeles Clippers,Sacramento Kings,0,0,0,0,0,1,0
100,0,Mahmoud Abdul-Rauf,1996-97,December,Los Angeles Clippers,Sacramento Kings,0,0,0,0,1,0,0
101,0,Kevin Gamble,1996-97,December,Sacramento Kings,Los Angeles Clippers,2,0,0,0,0,0,0
102,100,Mahmoud Abdul-Rauf,1996-97,December,Sacramento Kings,Los Angeles Clippers,0,1,0,0,1,0,0
103,92,Lorenzen Wright,1996-97,December,Los Angeles Clippers,Sacramento Kings,5,0,1,1,0,0,2
104,98,Rodney Rogers,1996-97,December,Los Angeles Clippers,Sacramento Kings,5,1,2,1,2,2,0
105,97,Mitch Richmond,1996-97,December,Sacramento Kings,Los Angeles Clippers,12,1,0,0,2,4,0
106,94,Olden Polynice,1996-97,December,Sacramento Kings,Los Angeles Clippers,8,1,6,0,0,0,2
109,96,Brent Barry,1996-97,December,Los Angeles Clippers,Sacramento Kings,0,0,1,0,0,1,0
111,90,Michael Smith,1996-97,December,Sacramento Kings,Los Angeles Clippers,0,0,3,0,0,0,1
113,0,Corliss Williamson,1996-97,December,Sacramento Kings,Los Angeles Clippers,0,0,1,0,0,0,0
115,0,Terry Dehere,1996-97,December,Los Angeles Clippers,Sacramento Kings,0,0,1,0,0,0,0
116,109,Brent Barry,1996-97,December,Los Angeles Clippers,Sacramento Kings,2,0,1,0,0,1,0
117,115,Terry Dehere,1996-97,December,Los Angeles Clippers,Sacramento Kings,0,1,1,0,0,0,0
119,68,Billy Owens,1996-97,December,Sacramento Kings,Los Angeles Clippers,5,1,2,0,0,2,0
120,116,Brent Barry,1996-97,December,Los Angeles Clippers,Sacramento Kings,3,0,1,0,0,1,0
122,0,Lamond Murray,1996-97,December,Los Angeles Clippers,Sacramento Kings,0,0,1,0,0,0,0
123,122,Lamond Murray,1996-97,December,Los Angeles Clippers,Sacramento Kings,2,0,1,0,0,0,0
124,102,Mahmoud Abdul-Rauf,1996-97,December,Sacramento Kings,Los Angeles Clippers,0,1,0,0,1,1,0
125,99,Bo Outlaw,1996-97,December,Sacramento Kings,Los Angeles Clippers,0,0,0,0,1,1,0
126,113,Corliss Williamson,1996-97,December,Sacramento Kings,Los Angeles Clippers,0,0,1,0,0,0,1
127,119,Billy Owens,1996-97,December,Sacramento Kings,Los Angeles Clippers,5,1,2,0,0,2,1
128,123,Lamond Murray,1996-97,December,Los Angeles Clippers,Sacramento Kings,3,0,1,0,0,0,0
129,128,Lamond Murray,1996-97,December,Los Angeles Clippers,Sacramento Kings,4,0,1,0,0,0,0
130,126,Corliss Williamson,1996-97,December,Sacramento Kings,Los Angeles Clippers,2,0,1,0,0,0,1
131,101,Kevin Gamble,1996-97,December,Sacramento Kings,Los Angeles Clippers,2,0,0,0,0,0,1
132,120,Brent Barry,1996-97,December,Los Angeles Clippers,Sacramento Kings,3,0,1,0,0,2,0
133,127,Billy Owens,1996-97,December,Los Angeles Clippers,Sacramento Kings,5,1,2,0,1,2,1
134,133,Billy Owens,1996-97,December,Sacramento Kings,Los Angeles Clippers,5,1,2,0,1,2,2
135,134,Billy Owens,1996-97,December,Sacramento Kings,Los Angeles Clippers,5,1,2,0,1,3,2
136,111,Michael Smith,1996-97,December,Sacramento Kings,Los Angeles Clippers,0,0,3,0,0,0,2
137,117,Terry Dehere,1996-97,December,Los Angeles Clippers,Sacramento Kings,1,1,1,0,0,0,0
138,137,Terry Dehere,1996-97,December,Los Angeles Clippers,Sacramento Kings,2,1,1,0,0,0,0
140,129,Lamond Murray,1996-97,December,Sacramento Kings,Los Angeles Clippers,4,0,1,1,0,0,0
141,132,Brent Barry,1996-97,December,Los Angeles Clippers,Sacramento Kings,3,0,2,0,0,2,0
142,141,Brent Barry,1996-97,December,Los Angeles Clippers,Sacramento Kings,5,0,2,0,0,2,0
143,136,Michael Smith,1996-97,December,Sacramento Kings,Los Angeles Clippers,2,0,3,0,0,0,2
144,140,Lamond Murray,1996-97,December,Los Angeles Clippers,Sacramento Kings,6,0,1,1,0,0,0
145,124,Mahmoud Abdul-Rauf,1996-97,December,Sacramento Kings,Los Angeles Clippers,2,1,0,0,1,1,0
146,125,Bo Outlaw,1996-97,December,Los Angeles Clippers,Sacramento Kings,2,0,0,0,1,1,0
148,135,Billy Owens,1996-97,December,Sacramento Kings,Los Angeles Clippers,5,1,3,0,1,3,2
149,131,Kevin Gamble,1996-97,December,Sacramento Kings,Los Angeles Clippers,5,0,0,0,0,0,1
150,148,Billy Owens,1996-97,December,Sacramento Kings,Los Angeles Clippers,5,2,3,0,1,3,2
151,138,Terry Dehere,1996-97,December,Los Angeles Clippers,Sacramento Kings,2,1,1,0,0,1,0
153,149,Kevin Gamble,1996-97,December,Sacramento Kings,Los Angeles Clippers,5,0,1,0,0,0,1
154,130,Corliss Williamson,1996-97,December,Sacramento Kings,Los Angeles Clippers,4,0,1,0,0,0,1
155,153,Kevin Gamble,1996-97,December,Sacramento Kings,Los Angeles Clippers,5,1,1,0,0,0,1
157,154,Corliss Williamson,1996-97,December,Sacramento Kings,Los Angeles Clippers,4,0,2,0,0,0,1
158,145,Mahmoud Abdul-Rauf,1996-97,December,Sacramento Kings,Los Angeles Clippers,4,1,0,0,1,1,0
159,150,Billy Owens,1996-97,December,Sacramento Kings,Los Angeles Clippers,5,3,3,0,1,3,2
161,159,Billy Owens,1996-97,December,Sacramento Kings,Los Angeles Clippers,5,3,4,0,1,3,2
162,161,Billy Owens,1996-97,December,Sacramento Kings,Los Angeles Clippers,7,3,4,0,1,3,2
163,157,Corliss Williamson,1996-97,December,Sacramento Kings,Los Angeles Clippers,4,1,2,0,0,0,1
165,45,Loy Vaught,1996-97,December,Los Angeles Clippers,Sacramento Kings,2,0,3,0,0,1,2
167,158,Mahmoud Abdul-Rauf,1996-97,December,Sacramento Kings,Los Angeles Clippers,6,1,0,0,1,1,0
168,162,Billy Owens,1996-97,December,Sacramento Kings,Los Angeles Clippers,7,4,4,0,1,3,2
170,106,Olden Polynice,1996-97,December,Sacramento Kings,Los Angeles Clippers,8,1,7,0,0,0,2
171,167,Mahmoud Abdul-Rauf,1996-97,December,Sacramento Kings,Los Angeles Clippers,8,1,0,0,1,1,0
172,155,Kevin Gamble,1996-97,December,Sacramento Kings,Los Angeles Clippers,5,2,1,0,0,0,1
173,142,Brent Barry,1996-97,December,Los Angeles Clippers,Sacramento Kings,5,0,2,0,0,3,0
174,163,Corliss Williamson,1996-97,December,Los Angeles Clippers,Sacramento Kings,4,1,2,0,1,0,1
177,174,Corliss Williamson,1996-97,December,Sacramento Kings,Los Angeles Clippers,4,1,3,0,1,0,1
179,0,Pooh Richardson,1996-97,December,Los Angeles Clippers,Sacramento Kings,0,0,1,0,0,0,0
180,177,Corliss Williamson,1996-97,December,Sacramento Kings,Los Angeles Clippers,4,1,3,0,1,0,2
181,165,Loy Vaught,1996-97,December,Los Angeles Clippers,Sacramento Kings,3,0,3,0,0,1,2
182,181,Loy Vaught,1996-97,December,Los Angeles Clippers,Sacramento Kings,4,0,3,0,0,1,2
183,170,Olden Polynice,1996-97,December,Sacramento Kings,Los Angeles Clippers,10,1,7,0,0,0,2
184,172,Kevin Gamble,1996-97,December,Sacramento Kings,Los Angeles Clippers,5,3,1,0,0,0,1
185,182,Loy Vaught,1996-97,December,Los Angeles Clippers,Sacramento Kings,6,0,3,0,0,1,2
186,0,Eric Piatkowski,1996-97,December,Los Angeles Clippers,Sacramento Kings,0,1,0,0,0,0,0
187,171,Mahmoud Abdul-Rauf,1996-97,December,Sacramento Kings,Los Angeles Clippers,10,1,0,0,1,1,0
188,184,Kevin Gamble,1996-97,December,Sacramento Kings,Los Angeles Clippers,5,4,1,0,0,0,1
190,168,Billy Owens,1996-97,December,Sacramento Kings,Los Angeles Clippers,7,4,5,0,1,3,2
192,183,Olden Polynice,1996-97,December,Sacramento Kings,Los Angeles Clippers,10,1,7,0,0,0,3
193,185,Loy Vaught,1996-97,December,Los Angeles Clippers,Sacramento Kings,7,0,3,0,0,1,2
194,193,Loy Vaught,1996-97,December,Los Angeles Clippers,Sacramento Kings,8,0,3,0,0,1,2
195,180,Corliss Williamson,1996-97,December,Sacramento Kings,Los Angeles Clippers,4,1,3,0,1,1,2
196,144,Lamond Murray,1996-97,December,Sacramento Kings,Los Angeles Clippers,6,0,1,1,1,0,0
198,195,Corliss Williamson,1996-97,December,Sacramento Kings,Los Angeles Clippers,4,1,4,0,1,1,2
199,190,Billy Owens,1996-97,December,Sacramento Kings,Los Angeles Clippers,10,4,5,0,1,3,2
200,187,Mahmoud Abdul-Rauf,1996-97,December,Sacramento Kings,Los Angeles Clippers,10,2,0,0,1,1,0
201,196,Lamond Murray,1996-97,December,Los Angeles Clippers,Sacramento Kings,6,0,1,1,1,1,0
202,198,Corliss Williamson,1996-97,December,Los Angeles Clippers,Sacramento Kings,4,1,4,0,2,1,2
204,143,Michael Smith,1996-97,December,Sacramento Kings,Los Angeles Clippers,2,0,4,0,0,0,2
205,204,Michael Smith,1996-97,December,Sacramento Kings,Los Angeles Clippers,4,0,4,0,0,0,2
207,202,Corliss Williamson,1996-97,December,Los Angeles Clippers,Sacramento Kings,4,1,4,1,2,1,2
210,192,Olden Polynice,1996-97,December,Sacramento Kings,Los Angeles Clippers,10,1,8,0,0,0,3
211,104,Rodney Rogers,1996-97,December,Los Angeles Clippers,Sacramento Kings,5,1,2,1,2,2,1
214,194,Loy Vaught,1996-97,December,Los Angeles Clippers,Sacramento Kings,8,0,4,0,0,1,2
216,205,Michael Smith,1996-97,December,Sacramento Kings,Los Angeles Clippers,4,0,5,0,0,0,2
217,95,Tyus Edney,1996-97,December,Sacramento Kings,Los Angeles Clippers,2,2,1,0,1,1,2
218,67,Darrick Martin,1996-97,December,Sacramento Kings,Los Angeles Clippers,2,1,0,0,2,0,1
219,211,Rodney Rogers,1996-97,December,Los Angeles Clippers,Sacramento Kings,5,1,2,1,2,3,1
221,218,Darrick Martin,1996-97,December,Los Angeles Clippers,Sacramento Kings,2,1,1,0,2,0,1
223,105,Mitch Richmond,1996-97,December,Sacramento Kings,Los Angeles Clippers,12,1,1,0,2,4,0
225,214,Loy Vaught,1996-97,December,Los Angeles Clippers,Sacramento Kings,8,0,5,0,0,1,2
226,219,Rodney Rogers,1996-97,December,Los Angeles Clippers,Sacramento Kings,7,1,2,1,2,3,1
227,221,Darrick Martin,1996-97,December,Los Angeles Clippers,Sacramento Kings,2,2,1,0,2,0,1
229,216,Michael Smith,1996-97,December,Sacramento Kings,Los Angeles Clippers,4,0,6,0,0,0,2
231,226,Rodney Rogers,1996-97,December,Los Angeles Clippers,Sacramento Kings,7,1,3,1,2,3,1
232,231,Rodney Rogers,1996-97,December,Los Angeles Clippers,Sacramento Kings,7,1,3,1,2,3,2
233,232,Rodney Rogers,1996-97,December,Los Angeles Clippers,Sacramento Kings,7,1,3,1,2,4,2
234,233,Rodney Rogers,1996-97,December,Los Angeles Clippers,Sacramento Kings,7,1,3,1,2,4,3
235,199,Billy Owens,1996-97,December,Sacramento Kings,Los Angeles Clippers,11,4,5,0,1,3,2
236,235,Billy Owens,1996-97,December,Sacramento Kings,Los Angeles Clippers,12,4,5,0,1,3,2
237,227,Darrick Martin,1996-97,December,Los Angeles Clippers,Sacramento Kings,4,2,1,0,2,0,1
238,223,Mitch Richmond,1996-97,December,Sacramento Kings,Los Angeles Clippers,14,1,1,0,2,4,0
240,210,Olden Polynice,1996-97,December,Sacramento Kings,Los Angeles Clippers,10,1,9,0,0,0,3
241,238,Mitch Richmond,1996-97,December,Sacramento Kings,Los Angeles Clippers,16,1,1,0,2,4,0
242,217,Tyus Edney,1996-97,December,Sacramento Kings,Los Angeles Clippers,2,3,1,0,1,1,2
243,234,Rodney Rogers,1996-97,December,Los Angeles Clippers,Sacramento Kings,9,1,3,1,2,4,3
244,237,Darrick Martin,1996-97,December,Los Angeles Clippers,Sacramento Kings,4,3,1,0,2,0,1
246,236,Billy Owens,1996-97,December,Sacramento Kings,Los Angeles Clippers,12,4,6,0,1,3,2
248,243,Rodney Rogers,1996-97,December,Los Angeles Clippers,Sacramento Kings,9,1,4,1,2,4,3
250,229,Michael Smith,1996-97,December,Los Angeles Clippers,Sacramento Kings,4,0,6,1,0,0,2
251,186,Eric Piatkowski,1996-97,December,Los Angeles Clippers,Sacramento Kings,0,1,1,0,0,0,0
252,251,Eric Piatkowski,1996-97,December,Los Angeles Clippers,Sacramento Kings,2,1,1,0,0,0,0
254,225,Loy Vaught,1996-97,December,Los Angeles Clippers,Sacramento Kings,8,0,6,0,0,1,2
255,103,Lorenzen Wright,1996-97,December,Los Angeles Clippers,Sacramento Kings,7,0,1,1,0,0,2
256,252,Eric Piatkowski,1996-97,December,Los Angeles Clippers,Sacramento Kings,2,2,1,0,0,0,0
258,254,Loy Vaught,1996-97,December,Los Angeles Clippers,Sacramento Kings,8,0,7,0,0,1,2
260,256,Eric Piatkowski,1996-97,December,Los Angeles Clippers,Sacramento Kings,2,2,2,0,0,0,0
263,248,Rodney Rogers,1996-97,December,Los Angeles Clippers,Sacramento Kings,9,1,5,1,2,4,3
264,255,Lorenzen Wright,1996-97,December,Los Angeles Clippers,Sacramento Kings,9,0,1,1,0,0,2
265,260,Eric Piatkowski,1996-97,December,Los Angeles Clippers,Sacramento Kings,2,3,2,0,0,0,0
266,250,Michael Smith,1996-97,December,Sacramento Kings,Los Angeles Clippers,6,0,6,1,0,0,2
267,241,Mitch Richmond,1996-97,December,Sacramento Kings,Los Angeles Clippers,16,2,1,0,2,4,0
269,265,Eric Piatkowski,1996-97,December,Los Angeles Clippers,Sacramento Kings,2,3,3,0,0,0,0
270,269,Eric Piatkowski,1996-97,December,Los Angeles Clippers,Sacramento Kings,2,3,3,0,0,1,0
271,246,Billy Owens,1996-97,December,Los Angeles Clippers,Sacramento Kings,12,4,6,0,2,3,2
272,267,Mitch Richmond,1996-97,December,Sacramento Kings,Los Angeles Clippers,16,2,1,0,2,5,0
273,263,Rodney Rogers,1996-97,December,Los Angeles Clippers,Sacramento Kings,9,1,5,1,2,5,3
274,271,Billy Owens,1996-97,December,Los Angeles Clippers,Sacramento Kings,12,4,6,0,3,3,2
275,242,Tyus Edney,1996-97,December,Sacramento Kings,Los Angeles Clippers,4,3,1,0,1,1,2
277,264,Lorenzen Wright,1996-97,December,Los Angeles Clippers,Sacramento Kings,9,0,2,1,0,0,2
279,258,Loy Vaught,1996-97,December,Los Angeles Clippers,Sacramento Kings,8,0,8,0,0,1,2
281,277,Lorenzen Wright,1996-97,December,Los Angeles Clippers,Sacramento Kings,9,0,3,1,0,0,2
282,272,Mitch Richmond,1996-97,December,Sacramento Kings,Los Angeles Clippers,16,2,1,0,2,5,1
283,270,Eric Piatkowski,1996-97,December,Los Angeles Clippers,Sacramento Kings,4,3,3,0,0,1,0
284,282,Mitch Richmond,1996-97,December,Sacramento Kings,Los Angeles Clippers,16,2,1,0,2,6,1
285,283,Eric Piatkowski,1996-97,December,Sacramento Kings,Los Angeles Clippers,4,3,3,0,1,1,0
286,273,Rodney Rogers,1996-97,December,Los Angeles Clippers,Sacramento Kings,11,1,5,1,2,5,3
287,244,Darrick Martin,1996-97,December,Los Angeles Clippers,Sacramento Kings,4,4,1,0,2,0,1
288,287,Darrick Martin,1996-97,December,Los Angeles Clippers,Sacramento Kings,4,4,1,0,2,0,2
289,266,Michael Smith,1996-97,December,Sacramento Kings,Los Angeles Clippers,7,0,6,1,0,0,2
290,289,Michael Smith,1996-97,December,Sacramento Kings,Los Angeles Clippers,8,0,6,1,0,0,2
292,290,Michael Smith,1996-97,December,Sacramento Kings,Los Angeles Clippers,8,0,7,1,0,0,2
293,281,Lorenzen Wright,1996-97,December,Los Angeles Clippers,Sacramento Kings,9,0,3,1,0,0,3
294,293,Lorenzen Wright,1996-97,December,Los Angeles Clippers,Sacramento Kings,9,0,3,1,0,0,4
295,292,Michael Smith,1996-97,December,Sacramento Kings,Los Angeles Clippers,9,0,7,1,0,0,2
297,207,Corliss Williamson,1996-97,December,Sacramento Kings,Los Angeles Clippers,4,1,5,1,2,1,2
298,297,Corliss Williamson,1996-97,December,Sacramento Kings,Los Angeles Clippers,6,1,5,1,2,1,2
299,294,Lorenzen Wright,1996-97,December,Los Angeles Clippers,Sacramento Kings,11,0,3,1,0,0,4
300,286,Rodney Rogers,1996-97,December,Los Angeles Clippers,Sacramento Kings,11,2,5,1,2,5,3
302,188,Kevin Gamble,1996-97,December,Sacramento Kings,Los Angeles Clippers,5,4,2,0,0,0,1
303,200,Mahmoud Abdul-Rauf,1996-97,December,Sacramento Kings,Los Angeles Clippers,12,2,0,0,1,1,0
304,302,Kevin Gamble,1996-97,December,Sacramento Kings,Los Angeles Clippers,5,5,2,0,0,0,1
305,300,Rodney Rogers,1996-97,December,Los Angeles Clippers,Sacramento Kings,13,2,5,1,2,5,3
306,288,Darrick Martin,1996-97,December,Los Angeles Clippers,Sacramento Kings,4,5,1,0,2,0,2
308,305,Rodney Rogers,1996-97,December,Sacramento Kings,Los Angeles Clippers,13,2,5,2,2,5,3
309,285,Eric Piatkowski,1996-97,December,Los Angeles Clippers,Sacramento Kings,4,3,4,0,1,1,0
310,299,Lorenzen Wright,1996-97,December,Los Angeles Clippers,Sacramento Kings,11,0,3,1,0,1,4
311,303,Mahmoud Abdul-Rauf,1996-97,December,Sacramento Kings,Los Angeles Clippers,12,2,0,0,1,2,0
312,306,Darrick Martin,1996-97,December,Sacramento Kings,Los Angeles Clippers,4,5,1,0,3,0,2
313,311,Mahmoud Abdul-Rauf,1996-97,December,Sacramento Kings,Los Angeles Clippers,12,2,0,0,1,2,1
314,312,Darrick Martin,1996-97,December,Los Angeles Clippers,Sacramento Kings,5,5,1,0,3,0,2
315,314,Darrick Martin,1996-97,December,Los Angeles Clippers,Sacramento Kings,6,5,1,0,3,0,2
317,310,Lorenzen Wright,1996-97,December,Sacramento Kings,Los Angeles Clippers,11,0,3,2,0,1,4
318,295,Michael Smith,1996-97,December,Sacramento Kings,Los Angeles Clippers,9,0,8,1,0,0,2
320,146,Bo Outlaw,1996-97,December,Sacramento Kings,Los Angeles Clippers,2,0,0,1,1,1,0
321,309,Eric Piatkowski,1996-97,December,Los Angeles Clippers,Sacramento Kings,4,3,5,0,1,1,0
322,321,Eric Piatkowski,1996-97,December,Los Angeles Clippers,Sacramento Kings,6,3,5,0,1,1,0
323,315,Darrick Martin,1996-97,December,Los Angeles Clippers,Sacramento Kings,6,6,1,0,3,0,2
324,313,Mahmoud Abdul-Rauf,1996-97,December,Sacramento Kings,Los Angeles Clippers,14,2,0,0,1,2,1
326,240,Olden Polynice,1996-97,December,Sacramento Kings,Los Angeles Clippers,10,1,10,0,0,0,3
327,326,Olden Polynice,1996-97,December,Sacramento Kings,Los Angeles Clippers,12,1,10,0,0,0,3
329,318,Michael Smith,1996-97,December,Sacramento Kings,Los Angeles Clippers,9,0,9,1,0,0,2
330,320,Bo Outlaw,1996-97,December,Los Angeles Clippers,Sacramento Kings,2,0,0,1,1,1,1
331,324,Mahmoud Abdul-Rauf,1996-97,December,Sacramento Kings,Los Angeles Clippers,16,2,0,0,1,2,1
332,327,Olden Polynice,1996-97,December,Sacramento Kings,Los Angeles Clippers,12,2,10,0,0,0,3
333,201,Lamond Murray,1996-97,December,Los Angeles Clippers,Sacramento Kings,6,0,1,1,1,2,0
334,304,Kevin Gamble,1996-97,December,Los Angeles Clippers,Sacramento Kings,5,5,2,0,1,0,1
336,308,Rodney Rogers,1996-97,December,Los Angeles Clippers,Sacramento Kings,13,2,6,2,2,5,3
337,322,Eric Piatkowski,1996-97,December,Los Angeles Clippers,Sacramento Kings,9,3,5,0,1,1,0
338,151,Terry Dehere,1996-97,December,Los Angeles Clippers,Sacramento Kings,2,2,1,0,0,1,0
339,331,Mahmoud Abdul-Rauf,1996-97,December,Sacramento Kings,Los Angeles Clippers,16,2,0,0,1,3,1
340,337,Eric Piatkowski,1996-97,December,Los Angeles Clippers,Sacramento Kings,11,3,5,0,1,1,0
342,332,Olden Polynice,1996-97,December,Sacramento Kings,Los Angeles Clippers,12,2,10,0,0,0,4
343,333,Lamond Murray,1996-97,December,Los Angeles Clippers,Sacramento Kings,9,0,1,1,1,2,0
344,338,Terry Dehere,1996-97,December,Los Angeles Clippers,Sacramento Kings,2,3,1,0,0,1,0
345,284,Mitch Richmond,1996-97,December,Sacramento Kings,Los Angeles Clippers,16,2,1,0,2,7,1
346,340,Eric Piatkowski,1996-97,December,Sacramento Kings,Los Angeles Clippers,11,3,5,0,2,1,0
348,339,Mahmoud Abdul-Rauf,1996-97,December,Sacramento Kings,Los Angeles Clippers,16,2,1,0,1,3,1
349,348,Mahmoud Abdul-Rauf,1996-97,December,Sacramento Kings,Los Angeles Clippers,18,2,1,0,1,3,1
351,298,Corliss Williamson,1996-97,December,Los Angeles Clippers,Sacramento Kings,6,1,5,2,2,1,2
352,343,Lamond Murray,1996-97,December,Los Angeles Clippers,Sacramento Kings,9,0,2,1,1,2,0
354,342,Olden Polynice,1996-97,December,Sacramento Kings,Los Angeles Clippers,12,2,11,0,0,0,4
356,344,Terry Dehere,1996-97,December,Los Angeles Clippers,Sacramento Kings,2,3,2,0,0,1,0
358,354,Olden Polynice,1996-97,December,Los Angeles Clippers,Sacramento Kings,12,2,11,1,0,0,4
359,356,Terry Dehere,1996-97,December,Los Angeles Clippers,Sacramento Kings,2,3,3,0,0,1,0
361,358,Olden Polynice,1996-97,December,Sacramento Kings,Los Angeles Clippers,12,2,12,1,0,0,4
362,345,Mitch Richmond,1996-97,December,Sacramento Kings,Los Angeles Clippers,16,2,1,0,2,8,1
364,329,Michael Smith,1996-97,December,Sacramento Kings,Los Angeles Clippers,9,0,10,1,0,0,2
365,352,Lamond Murray,1996-97,December,Los Angeles Clippers,Sacramento Kings,9,0,2,1,1,2,1
367,279,Loy Vaught,1996-97,December,Los Angeles Clippers,Sacramento Kings,8,0,9,0,0,1,2
368,367,Loy Vaught,1996-97,December,Los Angeles Clippers,Sacramento Kings,10,0,9,0,0,1,2
369,336,Rodney Rogers,1996-97,December,Los Angeles Clippers,Sacramento Kings,13,3,6,2,2,5,3
370,351,Corliss Williamson,1996-97,December,Sacramento Kings,Los Angeles Clippers,8,1,5,2,2,1,2
371,349,Mahmoud Abdul-Rauf,1996-97,December,Sacramento Kings,Los Angeles Clippers,18,3,1,0,1,3,1
372,359,Terry Dehere,1996-97,December,Los Angeles Clippers,Sacramento Kings,5,3,3,0,0,1,0
373,370,Corliss Williamson,1996-97,December,Sacramento Kings,Los Angeles Clippers,8,1,5,2,2,2,2
374,365,Lamond Murray,1996-97,December,Sacramento Kings,Los Angeles Clippers,9,0,2,1,2,2,1
375,374,Lamond Murray,1996-97,December,Los Angeles Clippers,Sacramento Kings,11,0,2,1,2,2,1
376,373,Corliss Williamson,1996-97,December,Sacramento Kings,Los Angeles Clippers,8,1,5,2,2,2,3
377,375,Lamond Murray,1996-97,December,Los Angeles Clippers,Sacramento Kings,12,0,2,1,2,2,1
378,371,Mahmoud Abdul-Rauf,1996-97,December,Sacramento Kings,Los Angeles Clippers,20,3,1,0,1,3,1
379,361,Olden Polynice,1996-97,December,Sacramento Kings,Los Angeles Clippers,12,3,12,1,0,0,4
380,379,Olden Polynice,1996-97,December,Sacramento Kings,Los Angeles Clippers,12,3,12,1,0,0,5
381,372,Terry Dehere,1996-97,December,Los Angeles Clippers,Sacramento Kings,6,3,3,0,0,1,0
382,381,Terry Dehere,1996-97,December,Los Angeles Clippers,Sacramento Kings,7,3,3,0,0,1,0
384,380,Olden Polynice,1996-97,December,Sacramento Kings,Los Angeles Clippers,12,3,13,1,0,0,5
386,368,Loy Vaught,1996-97,December,Los Angeles Clippers,Sacramento Kings,10,0,10,0,0,1,2
387,369,Rodney Rogers,1996-97,December,Los Angeles Clippers,Sacramento Kings,15,3,6,2,2,5,3
388,386,Loy Vaught,1996-97,December,Los Angeles Clippers,Sacramento Kings,10,1,10,0,0,1,2
389,173,Brent Barry,1996-97,December,Los Angeles Clippers,Sacramento Kings,5,0,2,0,0,3,1
390,362,Mitch Richmond,1996-97,December,Sacramento Kings,Los Angeles Clippers,17,2,1,0,2,8,1
392,387,Rodney Rogers,1996-97,December,Los Angeles Clippers,Sacramento Kings,15,3,7,2,2,5,3
394,364,Michael Smith,1996-97,December,Sacramento Kings,Los Angeles Clippers,9,0,11,1,0,0,2
396,394,Michael Smith,1996-97,December,Sacramento Kings,Los Angeles Clippers,9,0,12,1,0,0,2
397,390,Mitch Richmond,1996-97,December,Sacramento Kings,Los Angeles Clippers,17,2,1,0,2,9,1
398,389,Brent Barry,1996-97,December,Sacramento Kings,Los Angeles Clippers,5,0,2,0,1,3,1
399,378,Mahmoud Abdul-Rauf,1996-97,December,Sacramento Kings,Los Angeles Clippers,20,3,1,0,1,3,2
402,384,Olden Polynice,1996-97,December,Sacramento Kings,Los Angeles Clippers,12,3,14,1,0,0,5
404,377,Lamond Murray,1996-97,December,Los Angeles Clippers,Sacramento Kings,12,0,3,1,2,2,1
405,388,Loy Vaught,1996-97,December,Los Angeles Clippers,Sacramento Kings,12,1,10,0,0,1,2
406,404,Lamond Murray,1996-97,December,Los Angeles Clippers,Sacramento Kings,12,1,3,1,2,2,1
408,392,Rodney Rogers,1996-97,December,Sacramento Kings,Los Angeles Clippers,15,3,7,3,2,5,3
409,396,Michael Smith,1996-97,December,Sacramento Kings,Los Angeles Clippers,11,0,12,1,0,0,2
410,399,Mahmoud Abdul-Rauf,1996-97,December,Sacramento Kings,Los Angeles Clippers,20,4,1,0,1,3,2
411,405,Loy Vaught,1996-97,December,Los Angeles Clippers,Sacramento Kings,12,1,10,0,0,1,3
412,409,Michael Smith,1996-97,December,Sacramento Kings,Los Angeles Clippers,12,0,12,1,0,0,2
413,411,Loy Vaught,1996-97,December,Los Angeles Clippers,Sacramento Kings,14,1,10,0,0,1,3
414,408,Rodney Rogers,1996-97,December,Los Angeles Clippers,Sacramento Kings,15,4,7,3,2,5,3
415,397,Mitch Richmond,1996-97,December,Sacramento Kings,Los Angeles Clippers,20,2,1,0,2,9,1
416,402,Olden Polynice,1996-97,December,Sacramento Kings,Los Angeles Clippers,12,4,14,1,0,0,5
417,414,Rodney Rogers,1996-97,December,Los Angeles Clippers,Sacramento Kings,17,4,7,3,2,5,3
418,413,Loy Vaught,1996-97,December,Los Angeles Clippers,Sacramento Kings,14,1,10,0,0,1,4
419,416,Olden Polynice,1996-97,December,Sacramento Kings,Los Angeles Clippers,13,4,14,1,0,0,5
420,419,Olden Polynice,1996-97,December,Sacramento Kings,Los Angeles Clippers,14,4,14,1,0,0,5
422,334,Kevin Gamble,1996-97,December,Sacramento Kings,Los Angeles Clippers,5,5,3,0,1,0,1
423,346,Eric Piatkowski,1996-97,December,Los Angeles Clippers,Sacramento Kings,11,3,5,0,2,1,1
424,415,Mitch Richmond,1996-97,December,Sacramento Kings,Los Angeles Clippers,21,2,1,0,2,9,1
426,406,Lamond Murray,1996-97,December,Los Angeles Clippers,Sacramento Kings,12,1,4,1,2,2,1
427,417,Rodney Rogers,1996-97,December,Los Angeles Clippers,Sacramento Kings,20,4,7,3,2,5,3
428,398,Brent Barry,1996-97,December,Los Angeles Clippers,Sacramento Kings,5,1,2,0,1,3,1
429,423,Eric Piatkowski,1996-97,December,Los Angeles Clippers,Sacramento Kings,11,3,5,0,2,1,2
430,424,Mitch Richmond,1996-97,December,Sacramento Kings,Los Angeles Clippers,22,2,1,0,2,9,1
431,430,Mitch Richmond,1996-97,December,Sacramento Kings,Los Angeles Clippers,23,2,1,0,2,9,1
432,428,Brent Barry,1996-97,December,Los Angeles Clippers,Sacramento Kings,5,1,2,0,1,4,1
433,275,Tyus Edney,1996-97,December,Los Angeles Clippers,Sacramento Kings,4,3,1,0,2,1,2
434,426,Lamond Murray,1996-97,December,Los Angeles Clippers,Sacramento Kings,12,1,4,1,2,2,2
435,433,Tyus Edney,1996-97,December,Sacramento Kings,Los Angeles Clippers,5,3,1,0,2,1,2
436,435,Tyus Edney,1996-97,December,Sacramento Kings,Los Angeles Clippers,6,3,1,0,2,1,2
