id,previous_id,player,season,month,team,opponent_team,points,assists,rebounds,blocks,steals,turnovers,personal fouls
1,0,Mario Elie,1996-97,November,Houston Rockets,Sacramento Kings,2,0,0,0,0,0,0
2,0,Hakeem Olajuwon,1996-97,November,Houston Rockets,Sacramento Kings,0,1,0,0,0,0,0
4,2,Hakeem Olajuwon,1996-97,November,Houston Rockets,Sacramento Kings,0,1,1,0,0,0,0
5,4,Hakeem Olajuwon,1996-97,November,Houston Rockets,Sacramento Kings,2,1,1,0,0,0,0
6,0,Matt Maloney,1996-97,November,Houston Rockets,Sacramento Kings,0,1,0,0,0,0,0
7,0,Mitch Richmond,1996-97,November,Sacramento Kings,Houston Rockets,2,0,0,0,0,0,0
9,7,Mitch Richmond,1996-97,November,Sacramento Kings,Houston Rockets,2,0,1,0,0,0,0
10,0,Mahmoud Abdul-Rauf,1996-97,November,Sacramento Kings,Houston Rockets,2,0,0,0,0,0,0
12,0,Corliss Williamson,1996-97,November,Sacramento Kings,Houston Rockets,0,0,1,0,0,0,0
13,0,Brian Grant,1996-97,November,Sacramento Kings,Houston Rockets,2,0,0,0,0,0,0
14,10,Mahmoud Abdul-Rauf,1996-97,November,Sacramento Kings,Houston Rockets,2,1,0,0,0,0,0
16,9,Mitch Richmond,1996-97,November,Sacramento Kings,Houston Rockets,2,0,2,0,0,0,0
17,12,Corliss Williamson,1996-97,November,Sacramento Kings,Houston Rockets,0,0,1,0,0,1,0
18,6,Matt Maloney,1996-97,November,Houston Rockets,Sacramento Kings,2,1,0,0,0,0,0
20,13,Brian Grant,1996-97,November,Sacramento Kings,Houston Rockets,2,0,1,0,0,0,0
21,14,Mahmoud Abdul-Rauf,1996-97,November,Sacramento Kings,Houston Rockets,4,1,0,0,0,0,0
22,0,Clyde Drexler,1996-97,November,Houston Rockets,Sacramento Kings,0,0,0,0,0,1,0
23,0,Olden Polynice,1996-97,November,Houston Rockets,Sacramento Kings,0,0,0,0,1,0,0
24,21,Mahmoud Abdul-Rauf,1996-97,November,Sacramento Kings,Houston Rockets,4,1,0,0,0,1,0
25,22,Clyde Drexler,1996-97,November,Sacramento Kings,Houston Rockets,0,0,0,0,1,1,0
26,25,Clyde Drexler,1996-97,November,Houston Rockets,Sacramento Kings,0,0,0,0,1,2,0
27,17,Corliss Williamson,1996-97,November,Houston Rockets,Sacramento Kings,0,0,1,0,1,1,0
28,27,Corliss Williamson,1996-97,November,Sacramento Kings,Houston Rockets,2,0,1,0,1,1,0
29,23,Olden Polynice,1996-97,November,Sacramento Kings,Houston Rockets,0,0,0,0,1,0,1
30,16,Mitch Richmond,1996-97,November,Sacramento Kings,Houston Rockets,2,0,2,0,0,0,1
31,28,Corliss Williamson,1996-97,November,Sacramento Kings,Houston Rockets,2,0,1,0,1,1,1
32,5,Hakeem Olajuwon,1996-97,November,Houston Rockets,Sacramento Kings,3,1,1,0,0,0,0
33,32,Hakeem Olajuwon,1996-97,November,Houston Rockets,Sacramento Kings,4,1,1,0,0,0,0
35,0,Charles Barkley,1996-97,November,Houston Rockets,Sacramento Kings,0,0,1,0,0,0,0
37,24,Mahmoud Abdul-Rauf,1996-97,November,Sacramento Kings,Houston Rockets,4,1,1,0,0,1,0
39,31,Corliss Williamson,1996-97,November,Sacramento Kings,Houston Rockets,2,0,2,0,1,1,1
40,26,Clyde Drexler,1996-97,November,Houston Rockets,Sacramento Kings,0,0,0,0,1,2,1
42,35,Charles Barkley,1996-97,November,Houston Rockets,Sacramento Kings,0,0,2,0,0,0,0
43,40,Clyde Drexler,1996-97,November,Houston Rockets,Sacramento Kings,0,0,0,0,1,3,1
45,42,Charles Barkley,1996-97,November,Houston Rockets,Sacramento Kings,0,0,3,0,0,0,0
46,20,Brian Grant,1996-97,November,Sacramento Kings,Houston Rockets,2,0,1,0,0,0,1
47,33,Hakeem Olajuwon,1996-97,November,Houston Rockets,Sacramento Kings,5,1,1,0,0,0,0
48,47,Hakeem Olajuwon,1996-97,November,Houston Rockets,Sacramento Kings,6,1,1,0,0,0,0
49,29,Olden Polynice,1996-97,November,Sacramento Kings,Houston Rockets,2,0,0,0,1,0,1
50,30,Mitch Richmond,1996-97,November,Sacramento Kings,Houston Rockets,2,1,2,0,0,0,1
51,48,Hakeem Olajuwon,1996-97,November,Houston Rockets,Sacramento Kings,8,1,1,0,0,0,0
52,46,Brian Grant,1996-97,November,Sacramento Kings,Houston Rockets,4,0,1,0,0,0,1
53,39,Corliss Williamson,1996-97,November,Sacramento Kings,Houston Rockets,2,1,2,0,1,1,1
54,1,Mario Elie,1996-97,November,Houston Rockets,Sacramento Kings,2,0,0,0,0,1,0
56,54,Mario Elie,1996-97,November,Houston Rockets,Sacramento Kings,2,0,1,0,0,1,0
57,51,Hakeem Olajuwon,1996-97,November,Houston Rockets,Sacramento Kings,10,1,1,0,0,0,0
58,43,Clyde Drexler,1996-97,November,Houston Rockets,Sacramento Kings,0,1,0,0,1,3,1
59,45,Charles Barkley,1996-97,November,Houston Rockets,Sacramento Kings,0,0,3,0,0,0,1
60,53,Corliss Williamson,1996-97,November,Sacramento Kings,Houston Rockets,2,1,2,0,1,2,1
61,57,Hakeem Olajuwon,1996-97,November,Sacramento Kings,Houston Rockets,10,1,1,0,1,0,0
63,60,Corliss Williamson,1996-97,November,Sacramento Kings,Houston Rockets,2,1,3,0,1,2,1
64,37,Mahmoud Abdul-Rauf,1996-97,November,Sacramento Kings,Houston Rockets,6,1,1,0,0,1,0
66,59,Charles Barkley,1996-97,November,Houston Rockets,Sacramento Kings,0,0,4,0,0,0,1
67,66,Charles Barkley,1996-97,November,Houston Rockets,Sacramento Kings,2,0,4,0,0,0,1
68,0,Michael Smith,1996-97,November,Sacramento Kings,Houston Rockets,0,0,0,0,0,0,1
70,49,Olden Polynice,1996-97,November,Sacramento Kings,Houston Rockets,2,0,1,0,1,0,1
72,0,Billy Owens,1996-97,November,Sacramento Kings,Houston Rockets,0,0,1,0,0,0,0
73,72,Billy Owens,1996-97,November,Sacramento Kings,Houston Rockets,2,0,1,0,0,0,0
74,56,Mario Elie,1996-97,November,Houston Rockets,Sacramento Kings,3,0,1,0,0,1,0
75,67,Charles Barkley,1996-97,November,Houston Rockets,Sacramento Kings,4,0,4,0,0,0,1
76,74,Mario Elie,1996-97,November,Houston Rockets,Sacramento Kings,3,1,1,0,0,1,0
77,64,Mahmoud Abdul-Rauf,1996-97,November,Sacramento Kings,Houston Rockets,6,1,1,0,0,2,0
78,77,Mahmoud Abdul-Rauf,1996-97,November,Sacramento Kings,Houston Rockets,6,1,1,0,0,2,1
79,0,Emanual Davis,1996-97,November,Houston Rockets,Sacramento Kings,1,0,0,0,0,0,0
80,79,Emanual Davis,1996-97,November,Houston Rockets,Sacramento Kings,2,0,0,0,0,0,0
82,70,Olden Polynice,1996-97,November,Sacramento Kings,Houston Rockets,2,0,2,0,1,0,1
84,0,Matt Bullard,1996-97,November,Houston Rockets,Sacramento Kings,0,0,1,0,0,0,0
85,0,Kevin Willis,1996-97,November,Houston Rockets,Sacramento Kings,2,0,0,0,0,0,0
86,75,Charles Barkley,1996-97,November,Houston Rockets,Sacramento Kings,4,1,4,0,0,0,1
87,73,Billy Owens,1996-97,November,Sacramento Kings,Houston Rockets,2,0,1,0,0,1,0
88,85,Kevin Willis,1996-97,November,Sacramento Kings,Houston Rockets,2,0,0,0,1,0,0
89,80,Emanual Davis,1996-97,November,Houston Rockets,Sacramento Kings,2,0,0,0,0,1,0
91,82,Olden Polynice,1996-97,November,Sacramento Kings,Houston Rockets,2,0,3,0,1,0,1
92,91,Olden Polynice,1996-97,November,Sacramento Kings,Houston Rockets,2,0,3,0,1,1,1
93,89,Emanual Davis,1996-97,November,Houston Rockets,Sacramento Kings,2,0,0,0,0,1,1
94,93,Emanual Davis,1996-97,November,Houston Rockets,Sacramento Kings,2,0,0,0,0,2,1
96,0,Tyus Edney,1996-97,November,Sacramento Kings,Houston Rockets,0,0,1,0,0,0,0
97,96,Tyus Edney,1996-97,November,Sacramento Kings,Houston Rockets,2,0,1,0,0,0,0
98,94,Emanual Davis,1996-97,November,Houston Rockets,Sacramento Kings,4,0,0,0,0,2,1
99,58,Clyde Drexler,1996-97,November,Houston Rockets,Sacramento Kings,0,2,0,0,1,3,1
101,86,Charles Barkley,1996-97,November,Houston Rockets,Sacramento Kings,4,1,5,0,0,0,1
104,68,Michael Smith,1996-97,November,Sacramento Kings,Houston Rockets,0,0,1,0,0,0,1
107,87,Billy Owens,1996-97,November,Sacramento Kings,Houston Rockets,2,0,2,0,0,1,0
108,107,Billy Owens,1996-97,November,Sacramento Kings,Houston Rockets,4,0,2,0,0,1,0
109,88,Kevin Willis,1996-97,November,Houston Rockets,Sacramento Kings,2,0,0,0,1,1,0
110,97,Tyus Edney,1996-97,November,Sacramento Kings,Houston Rockets,4,0,1,0,0,0,0
112,109,Kevin Willis,1996-97,November,Houston Rockets,Sacramento Kings,2,0,1,0,1,1,0
114,112,Kevin Willis,1996-97,November,Houston Rockets,Sacramento Kings,2,0,1,0,1,1,1
115,84,Matt Bullard,1996-97,November,Houston Rockets,Sacramento Kings,0,0,1,0,0,0,1
116,104,Michael Smith,1996-97,November,Sacramento Kings,Houston Rockets,0,0,1,0,0,0,2
117,116,Michael Smith,1996-97,November,Sacramento Kings,Houston Rockets,0,0,1,0,0,1,2
119,114,Kevin Willis,1996-97,November,Houston Rockets,Sacramento Kings,2,0,2,0,1,1,1
121,52,Brian Grant,1996-97,November,Sacramento Kings,Houston Rockets,4,0,2,0,0,0,1
122,110,Tyus Edney,1996-97,November,Sacramento Kings,Houston Rockets,4,0,1,0,0,1,0
123,119,Kevin Willis,1996-97,November,Sacramento Kings,Houston Rockets,2,0,2,0,2,1,1
124,123,Kevin Willis,1996-97,November,Houston Rockets,Sacramento Kings,2,0,2,0,2,2,1
125,117,Michael Smith,1996-97,November,Sacramento Kings,Houston Rockets,0,0,1,0,0,1,3
126,125,Michael Smith,1996-97,November,Sacramento Kings,Houston Rockets,0,0,1,0,0,2,3
127,115,Matt Bullard,1996-97,November,Houston Rockets,Sacramento Kings,3,0,1,0,0,0,1
128,101,Charles Barkley,1996-97,November,Houston Rockets,Sacramento Kings,4,2,5,0,0,0,1
130,126,Michael Smith,1996-97,November,Sacramento Kings,Houston Rockets,0,0,2,0,0,2,3
132,128,Charles Barkley,1996-97,November,Houston Rockets,Sacramento Kings,4,2,6,0,0,0,1
134,108,Billy Owens,1996-97,November,Sacramento Kings,Houston Rockets,4,0,3,0,0,1,0
135,122,Tyus Edney,1996-97,November,Sacramento Kings,Houston Rockets,4,0,1,0,0,2,0
136,135,Tyus Edney,1996-97,November,Sacramento Kings,Houston Rockets,4,0,1,0,0,2,1
138,124,Kevin Willis,1996-97,November,Houston Rockets,Sacramento Kings,2,0,3,0,2,2,1
139,61,Hakeem Olajuwon,1996-97,November,Houston Rockets,Sacramento Kings,12,1,1,0,1,0,0
140,138,Kevin Willis,1996-97,November,Houston Rockets,Sacramento Kings,2,1,3,0,2,2,1
141,92,Olden Polynice,1996-97,November,Sacramento Kings,Houston Rockets,2,0,3,0,1,1,2
142,141,Olden Polynice,1996-97,November,Sacramento Kings,Houston Rockets,2,0,3,0,1,2,2
143,139,Hakeem Olajuwon,1996-97,November,Houston Rockets,Sacramento Kings,14,1,1,0,1,0,0
144,0,Sam Mack,1996-97,November,Houston Rockets,Sacramento Kings,0,1,0,0,0,0,0
145,140,Kevin Willis,1996-97,November,Houston Rockets,Sacramento Kings,2,1,3,0,2,2,2
147,121,Brian Grant,1996-97,November,Sacramento Kings,Houston Rockets,4,0,3,0,0,0,1
148,63,Corliss Williamson,1996-97,November,Sacramento Kings,Houston Rockets,4,1,3,0,1,2,1
149,136,Tyus Edney,1996-97,November,Sacramento Kings,Houston Rockets,4,1,1,0,0,2,1
150,147,Brian Grant,1996-97,November,Sacramento Kings,Houston Rockets,4,0,3,0,0,0,2
151,145,Kevin Willis,1996-97,November,Houston Rockets,Sacramento Kings,4,1,3,0,2,2,2
152,143,Hakeem Olajuwon,1996-97,November,Houston Rockets,Sacramento Kings,14,2,1,0,1,0,0
153,148,Corliss Williamson,1996-97,November,Sacramento Kings,Houston Rockets,4,1,3,0,1,2,2
154,151,Kevin Willis,1996-97,November,Houston Rockets,Sacramento Kings,5,1,3,0,2,2,2
156,0,Lionel Simmons,1996-97,November,Sacramento Kings,Houston Rockets,0,0,1,0,0,0,0
158,154,Kevin Willis,1996-97,November,Houston Rockets,Sacramento Kings,5,1,4,0,2,2,2
160,158,Kevin Willis,1996-97,November,Houston Rockets,Sacramento Kings,5,1,5,0,2,2,2
162,149,Tyus Edney,1996-97,November,Sacramento Kings,Houston Rockets,4,1,2,0,0,2,1
164,152,Hakeem Olajuwon,1996-97,November,Sacramento Kings,Houston Rockets,14,2,1,1,1,0,0
166,164,Hakeem Olajuwon,1996-97,November,Houston Rockets,Sacramento Kings,14,2,2,1,1,0,0
167,166,Hakeem Olajuwon,1996-97,November,Houston Rockets,Sacramento Kings,14,2,2,1,1,1,0
168,156,Lionel Simmons,1996-97,November,Houston Rockets,Sacramento Kings,0,0,1,0,1,0,0
170,167,Hakeem Olajuwon,1996-97,November,Sacramento Kings,Houston Rockets,14,2,2,2,1,1,0
171,142,Olden Polynice,1996-97,November,Sacramento Kings,Houston Rockets,2,0,4,0,1,2,2
172,171,Olden Polynice,1996-97,November,Sacramento Kings,Houston Rockets,4,0,4,0,1,2,2
173,144,Sam Mack,1996-97,November,Houston Rockets,Sacramento Kings,0,1,0,0,0,0,1
175,153,Corliss Williamson,1996-97,November,Sacramento Kings,Houston Rockets,4,1,4,0,1,2,2
176,175,Corliss Williamson,1996-97,November,Sacramento Kings,Houston Rockets,4,1,4,0,1,3,2
177,170,Hakeem Olajuwon,1996-97,November,Sacramento Kings,Houston Rockets,14,2,2,2,2,1,0
178,177,Hakeem Olajuwon,1996-97,November,Houston Rockets,Sacramento Kings,14,2,2,2,2,2,0
179,50,Mitch Richmond,1996-97,November,Sacramento Kings,Houston Rockets,2,1,2,0,0,1,1
180,76,Mario Elie,1996-97,November,Sacramento Kings,Houston Rockets,3,1,1,0,1,1,0
182,172,Olden Polynice,1996-97,November,Sacramento Kings,Houston Rockets,4,0,5,0,1,2,2
183,176,Corliss Williamson,1996-97,November,Sacramento Kings,Houston Rockets,6,1,4,0,1,3,2
184,179,Mitch Richmond,1996-97,November,Sacramento Kings,Houston Rockets,2,2,2,0,0,1,1
185,18,Matt Maloney,1996-97,November,Houston Rockets,Sacramento Kings,5,1,0,0,0,0,0
186,180,Mario Elie,1996-97,November,Houston Rockets,Sacramento Kings,3,2,1,0,1,1,0
187,99,Clyde Drexler,1996-97,November,Houston Rockets,Sacramento Kings,0,2,0,0,1,3,2
189,184,Mitch Richmond,1996-97,November,Sacramento Kings,Houston Rockets,3,2,2,0,0,1,1
190,185,Matt Maloney,1996-97,November,Houston Rockets,Sacramento Kings,7,1,0,0,0,0,0
191,189,Mitch Richmond,1996-97,November,Sacramento Kings,Houston Rockets,5,2,2,0,0,1,1
192,182,Olden Polynice,1996-97,November,Sacramento Kings,Houston Rockets,4,1,5,0,1,2,2
193,190,Matt Maloney,1996-97,November,Houston Rockets,Sacramento Kings,9,1,0,0,0,0,0
194,193,Matt Maloney,1996-97,November,Houston Rockets,Sacramento Kings,9,1,0,0,0,0,1
197,187,Clyde Drexler,1996-97,November,Houston Rockets,Sacramento Kings,0,2,1,0,1,3,2
198,183,Corliss Williamson,1996-97,November,Sacramento Kings,Houston Rockets,6,1,4,0,1,3,3
199,178,Hakeem Olajuwon,1996-97,November,Houston Rockets,Sacramento Kings,16,2,2,2,2,2,0
201,132,Charles Barkley,1996-97,November,Houston Rockets,Sacramento Kings,4,2,7,0,0,0,1
203,192,Olden Polynice,1996-97,November,Sacramento Kings,Houston Rockets,4,1,6,0,1,2,2
204,203,Olden Polynice,1996-97,November,Sacramento Kings,Houston Rockets,4,1,6,0,1,3,2
205,199,Hakeem Olajuwon,1996-97,November,Sacramento Kings,Houston Rockets,16,2,2,2,3,2,0
207,204,Olden Polynice,1996-97,November,Sacramento Kings,Houston Rockets,4,1,7,0,1,3,2
208,198,Corliss Williamson,1996-97,November,Sacramento Kings,Houston Rockets,8,1,4,0,1,3,3
209,78,Mahmoud Abdul-Rauf,1996-97,November,Sacramento Kings,Houston Rockets,6,2,1,0,0,2,1
210,205,Hakeem Olajuwon,1996-97,November,Houston Rockets,Sacramento Kings,18,2,2,2,3,2,0
211,127,Matt Bullard,1996-97,November,Houston Rockets,Sacramento Kings,3,1,1,0,0,0,1
212,208,Corliss Williamson,1996-97,November,Sacramento Kings,Houston Rockets,8,1,4,0,1,4,3
213,201,Charles Barkley,1996-97,November,Houston Rockets,Sacramento Kings,7,2,7,0,0,0,1
214,194,Matt Maloney,1996-97,November,Houston Rockets,Sacramento Kings,9,2,0,0,0,0,1
215,150,Brian Grant,1996-97,November,Sacramento Kings,Houston Rockets,6,0,3,0,0,0,2
216,210,Hakeem Olajuwon,1996-97,November,Houston Rockets,Sacramento Kings,18,2,2,2,3,2,1
217,215,Brian Grant,1996-97,November,Sacramento Kings,Houston Rockets,7,0,3,0,0,0,2
218,213,Charles Barkley,1996-97,November,Houston Rockets,Sacramento Kings,7,2,7,0,0,1,1
220,216,Hakeem Olajuwon,1996-97,November,Houston Rockets,Sacramento Kings,18,2,3,2,3,2,1
222,209,Mahmoud Abdul-Rauf,1996-97,November,Sacramento Kings,Houston Rockets,6,2,2,0,0,2,1
223,197,Clyde Drexler,1996-97,November,Houston Rockets,Sacramento Kings,0,2,1,0,1,3,3
225,191,Mitch Richmond,1996-97,November,Sacramento Kings,Houston Rockets,6,2,2,0,0,1,1
227,218,Charles Barkley,1996-97,November,Houston Rockets,Sacramento Kings,7,2,8,0,0,1,1
229,220,Hakeem Olajuwon,1996-97,November,Houston Rockets,Sacramento Kings,18,2,4,2,3,2,1
231,223,Clyde Drexler,1996-97,November,Houston Rockets,Sacramento Kings,0,2,1,0,1,3,4
232,222,Mahmoud Abdul-Rauf,1996-97,November,Sacramento Kings,Houston Rockets,6,2,2,0,0,3,1
233,214,Matt Maloney,1996-97,November,Sacramento Kings,Houston Rockets,9,2,0,0,1,0,1
234,229,Hakeem Olajuwon,1996-97,November,Houston Rockets,Sacramento Kings,20,2,4,2,3,2,1
236,234,Hakeem Olajuwon,1996-97,November,Sacramento Kings,Houston Rockets,20,2,4,3,3,2,1
237,186,Mario Elie,1996-97,November,Houston Rockets,Sacramento Kings,3,2,2,0,1,1,0
238,227,Charles Barkley,1996-97,November,Houston Rockets,Sacramento Kings,9,2,8,0,0,1,1
239,207,Olden Polynice,1996-97,November,Sacramento Kings,Houston Rockets,4,1,7,0,1,3,3
241,239,Olden Polynice,1996-97,November,Sacramento Kings,Houston Rockets,4,1,8,0,1,3,3
242,212,Corliss Williamson,1996-97,November,Sacramento Kings,Houston Rockets,8,1,4,0,1,5,3
243,238,Charles Barkley,1996-97,November,Sacramento Kings,Houston Rockets,9,2,8,0,1,1,1
245,241,Olden Polynice,1996-97,November,Houston Rockets,Sacramento Kings,4,1,8,1,1,3,3
247,225,Mitch Richmond,1996-97,November,Sacramento Kings,Houston Rockets,6,2,2,0,0,1,2
249,217,Brian Grant,1996-97,November,Sacramento Kings,Houston Rockets,7,0,4,0,0,0,2
250,242,Corliss Williamson,1996-97,November,Sacramento Kings,Houston Rockets,10,1,4,0,1,5,3
251,249,Brian Grant,1996-97,November,Sacramento Kings,Houston Rockets,7,1,4,0,0,0,2
252,237,Mario Elie,1996-97,November,Houston Rockets,Sacramento Kings,3,2,2,0,1,1,1
253,250,Corliss Williamson,1996-97,November,Sacramento Kings,Houston Rockets,11,1,4,0,1,5,3
254,243,Charles Barkley,1996-97,November,Houston Rockets,Sacramento Kings,9,2,8,0,1,1,2
255,254,Charles Barkley,1996-97,November,Houston Rockets,Sacramento Kings,9,2,8,0,1,2,2
256,232,Mahmoud Abdul-Rauf,1996-97,November,Sacramento Kings,Houston Rockets,8,2,2,0,0,3,1
257,247,Mitch Richmond,1996-97,November,Sacramento Kings,Houston Rockets,6,3,2,0,0,1,2
258,236,Hakeem Olajuwon,1996-97,November,Houston Rockets,Sacramento Kings,22,2,4,3,3,2,1
260,245,Olden Polynice,1996-97,November,Sacramento Kings,Houston Rockets,4,1,9,1,1,3,3
262,253,Corliss Williamson,1996-97,November,Sacramento Kings,Houston Rockets,11,1,4,0,1,5,4
264,260,Olden Polynice,1996-97,November,Sacramento Kings,Houston Rockets,4,1,10,1,1,3,3
265,257,Mitch Richmond,1996-97,November,Sacramento Kings,Houston Rockets,8,3,2,0,0,1,2
266,258,Hakeem Olajuwon,1996-97,November,Houston Rockets,Sacramento Kings,22,2,4,3,3,3,1
267,251,Brian Grant,1996-97,November,Houston Rockets,Sacramento Kings,7,1,4,0,1,0,2
268,256,Mahmoud Abdul-Rauf,1996-97,November,Sacramento Kings,Houston Rockets,10,2,2,0,0,3,1
269,265,Mitch Richmond,1996-97,November,Sacramento Kings,Houston Rockets,8,3,2,0,0,1,3
270,266,Hakeem Olajuwon,1996-97,November,Houston Rockets,Sacramento Kings,22,2,4,3,3,4,1
271,267,Brian Grant,1996-97,November,Houston Rockets,Sacramento Kings,7,1,4,0,2,0,2
272,269,Mitch Richmond,1996-97,November,Sacramento Kings,Houston Rockets,8,3,2,0,0,2,3
273,255,Charles Barkley,1996-97,November,Sacramento Kings,Houston Rockets,9,2,8,0,2,2,2
274,252,Mario Elie,1996-97,November,Houston Rockets,Sacramento Kings,5,2,2,0,1,1,1
275,273,Charles Barkley,1996-97,November,Houston Rockets,Sacramento Kings,9,3,8,0,2,2,2
276,271,Brian Grant,1996-97,November,Sacramento Kings,Houston Rockets,9,1,4,0,2,0,2
277,268,Mahmoud Abdul-Rauf,1996-97,November,Sacramento Kings,Houston Rockets,10,3,2,0,0,3,1
280,276,Brian Grant,1996-97,November,Houston Rockets,Sacramento Kings,9,1,4,1,2,0,2
281,262,Corliss Williamson,1996-97,November,Sacramento Kings,Houston Rockets,11,1,5,0,1,5,4
282,272,Mitch Richmond,1996-97,November,Sacramento Kings,Houston Rockets,8,3,2,0,0,3,3
283,270,Hakeem Olajuwon,1996-97,November,Sacramento Kings,Houston Rockets,22,2,4,3,4,4,1
284,280,Brian Grant,1996-97,November,Sacramento Kings,Houston Rockets,9,1,4,1,2,0,3
285,275,Charles Barkley,1996-97,November,Houston Rockets,Sacramento Kings,10,3,8,0,2,2,2
286,285,Charles Barkley,1996-97,November,Houston Rockets,Sacramento Kings,11,3,8,0,2,2,2
287,274,Mario Elie,1996-97,November,Houston Rockets,Sacramento Kings,5,2,2,0,1,1,2
289,284,Brian Grant,1996-97,November,Sacramento Kings,Houston Rockets,10,1,4,1,2,0,3
290,286,Charles Barkley,1996-97,November,Houston Rockets,Sacramento Kings,13,3,8,0,2,2,2
291,290,Charles Barkley,1996-97,November,Houston Rockets,Sacramento Kings,13,3,8,0,2,2,3
292,289,Brian Grant,1996-97,November,Sacramento Kings,Houston Rockets,11,1,4,1,2,0,3
293,292,Brian Grant,1996-97,November,Sacramento Kings,Houston Rockets,12,1,4,1,2,0,3
295,134,Billy Owens,1996-97,November,Sacramento Kings,Houston Rockets,4,0,4,0,0,1,0
297,291,Charles Barkley,1996-97,November,Houston Rockets,Sacramento Kings,13,3,9,0,2,2,3
298,264,Olden Polynice,1996-97,November,Sacramento Kings,Houston Rockets,4,1,10,1,1,3,4
300,283,Hakeem Olajuwon,1996-97,November,Houston Rockets,Sacramento Kings,23,2,4,3,4,4,1
301,282,Mitch Richmond,1996-97,November,Sacramento Kings,Houston Rockets,8,3,2,0,0,4,3
302,98,Emanual Davis,1996-97,November,Sacramento Kings,Houston Rockets,4,0,0,0,1,2,1
304,295,Billy Owens,1996-97,November,Sacramento Kings,Houston Rockets,4,0,5,0,0,1,0
305,293,Brian Grant,1996-97,November,Sacramento Kings,Houston Rockets,12,1,4,1,2,1,3
306,302,Emanual Davis,1996-97,November,Sacramento Kings,Houston Rockets,4,0,0,0,2,2,1
307,287,Mario Elie,1996-97,November,Houston Rockets,Sacramento Kings,7,2,2,0,1,1,2
308,300,Hakeem Olajuwon,1996-97,November,Houston Rockets,Sacramento Kings,23,3,4,3,4,4,1
310,305,Brian Grant,1996-97,November,Sacramento Kings,Houston Rockets,12,1,4,1,2,1,4
311,297,Charles Barkley,1996-97,November,Houston Rockets,Sacramento Kings,14,3,9,0,2,2,3
312,311,Charles Barkley,1996-97,November,Houston Rockets,Sacramento Kings,15,3,9,0,2,2,3
313,162,Tyus Edney,1996-97,November,Sacramento Kings,Houston Rockets,4,1,2,0,0,3,1
314,312,Charles Barkley,1996-97,November,Sacramento Kings,Houston Rockets,15,3,9,0,3,2,3
315,314,Charles Barkley,1996-97,November,Houston Rockets,Sacramento Kings,15,3,9,0,3,3,3
316,301,Mitch Richmond,1996-97,November,Houston Rockets,Sacramento Kings,8,3,2,0,1,4,3
318,310,Brian Grant,1996-97,November,Sacramento Kings,Houston Rockets,12,1,5,1,2,1,4
319,160,Kevin Willis,1996-97,November,Houston Rockets,Sacramento Kings,5,1,5,0,2,2,3
321,313,Tyus Edney,1996-97,November,Sacramento Kings,Houston Rockets,5,1,2,0,0,3,1
322,307,Mario Elie,1996-97,November,Houston Rockets,Sacramento Kings,7,2,2,0,1,2,2
323,322,Mario Elie,1996-97,November,Houston Rockets,Sacramento Kings,7,2,2,0,1,2,2
324,321,Tyus Edney,1996-97,November,Sacramento Kings,Houston Rockets,6,1,2,0,0,3,1
325,315,Charles Barkley,1996-97,November,Houston Rockets,Sacramento Kings,15,3,9,0,3,3,4
328,0,Duane Causwell,1996-97,November,Sacramento Kings,Houston Rockets,0,0,1,0,0,0,0
330,306,Emanual Davis,1996-97,November,Houston Rockets,Sacramento Kings,4,0,1,0,2,2,1
331,211,Matt Bullard,1996-97,November,Houston Rockets,Sacramento Kings,3,1,1,0,0,1,1
332,304,Billy Owens,1996-97,November,Houston Rockets,Sacramento Kings,4,0,5,0,1,1,0
333,130,Michael Smith,1996-97,November,Sacramento Kings,Houston Rockets,0,0,2,0,0,2,4
334,333,Michael Smith,1996-97,November,Sacramento Kings,Houston Rockets,0,0,2,0,0,3,4
336,334,Michael Smith,1996-97,November,Sacramento Kings,Houston Rockets,0,0,3,0,0,3,4
338,328,Duane Causwell,1996-97,November,Sacramento Kings,Houston Rockets,0,0,1,0,0,0,1
341,338,Duane Causwell,1996-97,November,Sacramento Kings,Houston Rockets,0,0,2,0,0,0,1
343,330,Emanual Davis,1996-97,November,Houston Rockets,Sacramento Kings,4,0,2,0,2,2,1
344,341,Duane Causwell,1996-97,November,Sacramento Kings,Houston Rockets,0,0,2,0,0,0,2
345,331,Matt Bullard,1996-97,November,Houston Rockets,Sacramento Kings,4,1,1,0,0,1,1
347,319,Kevin Willis,1996-97,November,Houston Rockets,Sacramento Kings,5,1,6,0,2,2,3
349,345,Matt Bullard,1996-97,November,Houston Rockets,Sacramento Kings,4,1,2,0,0,1,1
350,349,Matt Bullard,1996-97,November,Houston Rockets,Sacramento Kings,6,1,2,0,0,1,1
351,168,Lionel Simmons,1996-97,November,Sacramento Kings,Houston Rockets,0,0,1,0,1,1,0
352,173,Sam Mack,1996-97,November,Sacramento Kings,Houston Rockets,0,1,0,0,1,0,1
353,347,Kevin Willis,1996-97,November,Houston Rockets,Sacramento Kings,7,1,6,0,2,2,3
354,343,Emanual Davis,1996-97,November,Houston Rockets,Sacramento Kings,4,1,2,0,2,2,1
356,344,Duane Causwell,1996-97,November,Sacramento Kings,Houston Rockets,0,0,2,0,0,0,3
357,356,Duane Causwell,1996-97,November,Sacramento Kings,Houston Rockets,0,0,2,0,0,1,3
359,308,Hakeem Olajuwon,1996-97,November,Houston Rockets,Sacramento Kings,23,3,5,3,4,4,1
361,324,Tyus Edney,1996-97,November,Sacramento Kings,Houston Rockets,6,1,3,0,0,3,1
362,357,Duane Causwell,1996-97,November,Sacramento Kings,Houston Rockets,2,0,2,0,0,1,3
363,362,Duane Causwell,1996-97,November,Sacramento Kings,Houston Rockets,2,0,2,0,0,1,4
364,363,Duane Causwell,1996-97,November,Sacramento Kings,Houston Rockets,2,0,2,0,0,1,5
365,336,Michael Smith,1996-97,November,Sacramento Kings,Houston Rockets,0,0,3,0,0,3,5
366,359,Hakeem Olajuwon,1996-97,November,Houston Rockets,Sacramento Kings,24,3,5,3,4,4,1
367,366,Hakeem Olajuwon,1996-97,November,Houston Rockets,Sacramento Kings,25,3,5,3,4,4,1
369,365,Michael Smith,1996-97,November,Sacramento Kings,Houston Rockets,0,0,4,0,0,3,5
370,369,Michael Smith,1996-97,November,Sacramento Kings,Houston Rockets,2,0,4,0,0,3,5
371,367,Hakeem Olajuwon,1996-97,November,Houston Rockets,Sacramento Kings,27,3,5,3,4,4,1
372,233,Matt Maloney,1996-97,November,Houston Rockets,Sacramento Kings,9,3,0,0,1,0,1
374,325,Charles Barkley,1996-97,November,Houston Rockets,Sacramento Kings,15,3,10,0,3,3,4
375,374,Charles Barkley,1996-97,November,Houston Rockets,Sacramento Kings,15,3,10,0,3,3,4
376,361,Tyus Edney,1996-97,November,Sacramento Kings,Houston Rockets,7,1,3,0,0,3,1
377,231,Clyde Drexler,1996-97,November,Houston Rockets,Sacramento Kings,3,2,1,0,1,3,4
378,372,Matt Maloney,1996-97,November,Houston Rockets,Sacramento Kings,9,4,0,0,1,0,1
380,378,Matt Maloney,1996-97,November,Houston Rockets,Sacramento Kings,9,4,1,0,1,0,1
382,375,Charles Barkley,1996-97,November,Houston Rockets,Sacramento Kings,15,3,11,0,3,3,4
383,364,Duane Causwell,1996-97,November,Sacramento Kings,Houston Rockets,2,0,2,0,0,1,6
384,382,Charles Barkley,1996-97,November,Houston Rockets,Sacramento Kings,16,3,11,0,3,3,4
386,350,Matt Bullard,1996-97,November,Houston Rockets,Sacramento Kings,6,1,3,0,0,1,1
387,377,Clyde Drexler,1996-97,November,Houston Rockets,Sacramento Kings,3,2,1,0,1,4,4
388,370,Michael Smith,1996-97,November,Houston Rockets,Sacramento Kings,2,0,4,0,1,3,5
389,371,Hakeem Olajuwon,1996-97,November,Houston Rockets,Sacramento Kings,27,3,5,3,4,4,2
392,384,Charles Barkley,1996-97,November,Houston Rockets,Sacramento Kings,16,3,12,0,3,3,4
393,389,Hakeem Olajuwon,1996-97,November,Houston Rockets,Sacramento Kings,29,3,5,3,4,4,2
394,387,Clyde Drexler,1996-97,November,Houston Rockets,Sacramento Kings,3,3,1,0,1,4,4
395,298,Olden Polynice,1996-97,November,Sacramento Kings,Houston Rockets,4,1,10,1,1,3,5
396,393,Hakeem Olajuwon,1996-97,November,Houston Rockets,Sacramento Kings,30,3,5,3,4,4,2
398,396,Hakeem Olajuwon,1996-97,November,Houston Rockets,Sacramento Kings,30,3,6,3,4,4,2
399,380,Matt Maloney,1996-97,November,Houston Rockets,Sacramento Kings,12,4,1,0,1,0,1
400,394,Clyde Drexler,1996-97,November,Houston Rockets,Sacramento Kings,3,4,1,0,1,4,4
401,277,Mahmoud Abdul-Rauf,1996-97,November,Sacramento Kings,Houston Rockets,12,3,2,0,0,3,1
402,398,Hakeem Olajuwon,1996-97,November,Houston Rockets,Sacramento Kings,32,3,6,3,4,4,2
403,401,Mahmoud Abdul-Rauf,1996-97,November,Sacramento Kings,Houston Rockets,14,3,2,0,0,3,1
404,395,Olden Polynice,1996-97,November,Sacramento Kings,Houston Rockets,4,2,10,1,1,3,5
406,400,Clyde Drexler,1996-97,November,Houston Rockets,Sacramento Kings,3,4,2,0,1,4,4
408,332,Billy Owens,1996-97,November,Sacramento Kings,Houston Rockets,4,0,6,0,1,1,0
410,402,Hakeem Olajuwon,1996-97,November,Houston Rockets,Sacramento Kings,32,3,7,3,4,4,2
411,408,Billy Owens,1996-97,November,Sacramento Kings,Houston Rockets,4,0,6,0,1,1,1
412,410,Hakeem Olajuwon,1996-97,November,Houston Rockets,Sacramento Kings,33,3,7,3,4,4,2
413,412,Hakeem Olajuwon,1996-97,November,Houston Rockets,Sacramento Kings,34,3,7,3,4,4,2
415,404,Olden Polynice,1996-97,November,Sacramento Kings,Houston Rockets,4,2,11,1,1,3,5
416,415,Olden Polynice,1996-97,November,Sacramento Kings,Houston Rockets,6,2,11,1,1,3,5
417,406,Clyde Drexler,1996-97,November,Houston Rockets,Sacramento Kings,3,4,2,0,1,4,5
418,417,Clyde Drexler,1996-97,November,Houston Rockets,Sacramento Kings,3,4,2,0,1,5,5
419,418,Clyde Drexler,1996-97,November,Houston Rockets,Sacramento Kings,3,4,2,0,1,5,5
421,403,Mahmoud Abdul-Rauf,1996-97,November,Sacramento Kings,Houston Rockets,16,3,2,0,0,3,1
422,411,Billy Owens,1996-97,November,Sacramento Kings,Houston Rockets,4,1,6,0,1,1,1
423,399,Matt Maloney,1996-97,November,Houston Rockets,Sacramento Kings,12,4,1,0,1,1,1
424,422,Billy Owens,1996-97,November,Sacramento Kings,Houston Rockets,4,1,6,0,1,2,1
425,353,Kevin Willis,1996-97,November,Sacramento Kings,Houston Rockets,7,1,6,0,3,2,3
426,419,Clyde Drexler,1996-97,November,Houston Rockets,Sacramento Kings,6,4,2,0,1,5,5
427,423,Matt Maloney,1996-97,November,Houston Rockets,Sacramento Kings,12,5,1,0,1,1,1
428,0,Othella Harrington,1996-97,November,Houston Rockets,Sacramento Kings,0,0,0,0,0,0,1
431,316,Mitch Richmond,1996-97,November,Sacramento Kings,Houston Rockets,8,3,3,0,1,4,3
432,431,Mitch Richmond,1996-97,November,Sacramento Kings,Houston Rockets,11,3,3,0,1,4,3
433,424,Billy Owens,1996-97,November,Sacramento Kings,Houston Rockets,4,2,6,0,1,2,1
435,318,Brian Grant,1996-97,November,Houston Rockets,Sacramento Kings,12,1,5,2,2,1,4
436,432,Mitch Richmond,1996-97,November,Sacramento Kings,Houston Rockets,11,3,4,0,1,4,3
438,425,Kevin Willis,1996-97,November,Houston Rockets,Sacramento Kings,7,1,7,0,3,2,3
439,352,Sam Mack,1996-97,November,Houston Rockets,Sacramento Kings,3,1,0,0,1,0,1
440,435,Brian Grant,1996-97,November,Sacramento Kings,Houston Rockets,14,1,5,2,2,1,4
441,436,Mitch Richmond,1996-97,November,Sacramento Kings,Houston Rockets,11,4,4,0,1,4,3
442,428,Othella Harrington,1996-97,November,Houston Rockets,Sacramento Kings,2,0,0,0,0,0,1
443,438,Kevin Willis,1996-97,November,Houston Rockets,Sacramento Kings,7,2,7,0,3,2,3
445,442,Othella Harrington,1996-97,November,Houston Rockets,Sacramento Kings,2,0,1,0,0,0,1
446,421,Mahmoud Abdul-Rauf,1996-97,November,Sacramento Kings,Houston Rockets,16,3,2,0,0,3,2
448,0,Randy Livingston,1996-97,November,Houston Rockets,Sacramento Kings,1,0,0,0,0,0,0
449,388,Michael Smith,1996-97,November,Sacramento Kings,Houston Rockets,2,0,4,0,1,4,5
450,0,Tracy Moore,1996-97,November,Sacramento Kings,Houston Rockets,0,0,0,0,1,0,0
452,281,Corliss Williamson,1996-97,November,Sacramento Kings,Houston Rockets,11,1,6,0,1,5,4
453,351,Lionel Simmons,1996-97,November,Sacramento Kings,Houston Rockets,0,0,1,0,1,2,0
454,448,Randy Livingston,1996-97,November,Sacramento Kings,Houston Rockets,1,0,0,0,1,0,0
455,453,Lionel Simmons,1996-97,November,Sacramento Kings,Houston Rockets,0,0,1,0,1,2,1
456,443,Kevin Willis,1996-97,November,Houston Rockets,Sacramento Kings,8,2,7,0,3,2,3
457,456,Kevin Willis,1996-97,November,Houston Rockets,Sacramento Kings,9,2,7,0,3,2,3
459,457,Kevin Willis,1996-97,November,Sacramento Kings,Houston Rockets,9,2,7,1,3,2,3
460,452,Corliss Williamson,1996-97,November,Sacramento Kings,Houston Rockets,11,1,6,0,1,6,4
461,439,Sam Mack,1996-97,November,Sacramento Kings,Houston Rockets,3,1,0,0,2,0,1
462,459,Kevin Willis,1996-97,November,Houston Rockets,Sacramento Kings,11,2,7,1,3,2,3
463,454,Randy Livingston,1996-97,November,Houston Rockets,Sacramento Kings,1,1,0,0,1,0,0
465,462,Kevin Willis,1996-97,November,Houston Rockets,Sacramento Kings,11,2,8,1,3,2,3
468,455,Lionel Simmons,1996-97,November,Sacramento Kings,Houston Rockets,0,0,2,0,1,2,1
469,449,Michael Smith,1996-97,November,Sacramento Kings,Houston Rockets,4,0,4,0,1,4,5
470,0,Bobby Hurley,1996-97,November,Sacramento Kings,Houston Rockets,0,1,0,0,0,0,0
472,468,Lionel Simmons,1996-97,November,Houston Rockets,Sacramento Kings,0,0,2,1,1,2,1
473,469,Michael Smith,1996-97,November,Sacramento Kings,Houston Rockets,4,0,5,0,1,4,5
474,460,Corliss Williamson,1996-97,November,Sacramento Kings,Houston Rockets,13,1,6,0,1,6,4
475,473,Michael Smith,1996-97,November,Sacramento Kings,Houston Rockets,4,1,5,0,1,4,5
477,475,Michael Smith,1996-97,November,Sacramento Kings,Houston Rockets,4,1,6,0,1,4,5
478,461,Sam Mack,1996-97,November,Houston Rockets,Sacramento Kings,3,1,0,0,2,0,2
480,474,Corliss Williamson,1996-97,November,Sacramento Kings,Houston Rockets,14,1,6,0,1,6,4
481,445,Othella Harrington,1996-97,November,Houston Rockets,Sacramento Kings,2,0,1,0,0,1,1
482,463,Randy Livingston,1996-97,November,Houston Rockets,Sacramento Kings,1,1,0,0,1,0,1
483,470,Bobby Hurley,1996-97,November,Sacramento Kings,Houston Rockets,1,1,0,0,0,0,0
484,483,Bobby Hurley,1996-97,November,Sacramento Kings,Houston Rockets,2,1,0,0,0,0,0
486,440,Brian Grant,1996-97,November,Sacramento Kings,Houston Rockets,14,1,6,2,2,1,4
