id,previous_id,player,season,month,team,opponent_team,points,assists,rebounds,blocks,steals,turnovers,personal fouls
2,0,Tony Massenburg,1996-97,December,New Jersey Nets,Indiana Pacers,0,0,1,0,0,0,0
3,0,Kendall Gill,1996-97,December,New Jersey Nets,Indiana Pacers,2,0,0,0,0,0,0
4,0,Robert Pack,1996-97,December,New Jersey Nets,Indiana Pacers,0,1,0,0,0,0,0
6,4,Robert Pack,1996-97,December,New Jersey Nets,Indiana Pacers,0,1,1,0,0,0,0
7,2,Tony Massenburg,1996-97,December,New Jersey Nets,Indiana Pacers,2,0,1,0,0,0,0
8,6,Robert Pack,1996-97,December,New Jersey Nets,Indiana Pacers,0,2,1,0,0,0,0
9,0,Erick Dampier,1996-97,December,Indiana Pacers,New Jersey Nets,0,0,0,0,0,1,0
11,7,Tony Massenburg,1996-97,December,New Jersey Nets,Indiana Pacers,2,0,2,0,0,0,0
13,11,Tony Massenburg,1996-97,December,New Jersey Nets,Indiana Pacers,2,0,3,0,0,0,0
15,13,Tony Massenburg,1996-97,December,New Jersey Nets,Indiana Pacers,2,0,4,0,0,0,0
17,9,Erick Dampier,1996-97,December,New Jersey Nets,Indiana Pacers,0,0,0,1,0,1,0
18,0,Kerry Kittles,1996-97,December,New Jersey Nets,Indiana Pacers,2,0,0,0,0,0,0
19,0,Dale Davis,1996-97,December,Indiana Pacers,New Jersey Nets,0,0,0,0,0,1,0
20,15,Tony Massenburg,1996-97,December,Indiana Pacers,New Jersey Nets,2,0,4,0,1,0,0
22,0,Derrick McKey,1996-97,December,New Jersey Nets,Indiana Pacers,0,0,0,1,0,0,0
23,3,Kendall Gill,1996-97,December,New Jersey Nets,Indiana Pacers,2,0,1,0,0,0,0
24,0,Shawn Bradley,1996-97,December,New Jersey Nets,Indiana Pacers,2,0,0,0,0,0,0
25,23,Kendall Gill,1996-97,December,New Jersey Nets,Indiana Pacers,2,1,1,0,0,0,0
26,17,Erick Dampier,1996-97,December,Indiana Pacers,New Jersey Nets,0,0,0,1,0,2,0
27,20,Tony Massenburg,1996-97,December,Indiana Pacers,New Jersey Nets,2,0,4,0,2,0,0
29,26,Erick Dampier,1996-97,December,Indiana Pacers,New Jersey Nets,0,0,1,1,0,2,0
30,22,Derrick McKey,1996-97,December,Indiana Pacers,New Jersey Nets,2,0,0,1,0,0,0
31,0,Travis Best,1996-97,December,Indiana Pacers,New Jersey Nets,0,1,0,0,0,0,0
32,29,Erick Dampier,1996-97,December,Indiana Pacers,New Jersey Nets,0,0,1,1,0,2,1
34,25,Kendall Gill,1996-97,December,New Jersey Nets,Indiana Pacers,2,1,2,0,0,0,0
36,19,Dale Davis,1996-97,December,Indiana Pacers,New Jersey Nets,0,0,1,0,0,1,0
38,24,Shawn Bradley,1996-97,December,Indiana Pacers,New Jersey Nets,2,0,0,1,0,0,0
39,27,Tony Massenburg,1996-97,December,New Jersey Nets,Indiana Pacers,2,0,5,0,2,0,0
41,0,Reggie Miller,1996-97,December,Indiana Pacers,New Jersey Nets,0,0,1,0,0,0,0
42,31,Travis Best,1996-97,December,Indiana Pacers,New Jersey Nets,2,1,0,0,0,0,0
43,41,Reggie Miller,1996-97,December,Indiana Pacers,New Jersey Nets,0,1,1,0,0,0,0
44,34,Kendall Gill,1996-97,December,New Jersey Nets,Indiana Pacers,5,1,2,0,0,0,0
45,18,Kerry Kittles,1996-97,December,New Jersey Nets,Indiana Pacers,2,1,0,0,0,0,0
47,8,Robert Pack,1996-97,December,New Jersey Nets,Indiana Pacers,0,2,2,0,0,0,0
49,36,Dale Davis,1996-97,December,Indiana Pacers,New Jersey Nets,0,0,2,0,0,1,0
50,32,Erick Dampier,1996-97,December,Indiana Pacers,New Jersey Nets,2,0,1,1,0,2,1
51,43,Reggie Miller,1996-97,December,Indiana Pacers,New Jersey Nets,0,2,1,0,0,0,0
52,51,Reggie Miller,1996-97,December,Indiana Pacers,New Jersey Nets,0,2,1,0,0,0,1
53,30,Derrick McKey,1996-97,December,Indiana Pacers,New Jersey Nets,2,0,0,1,0,0,1
54,44,Kendall Gill,1996-97,December,New Jersey Nets,Indiana Pacers,6,1,2,0,0,0,0
55,54,Kendall Gill,1996-97,December,New Jersey Nets,Indiana Pacers,7,1,2,0,0,0,0
56,52,Reggie Miller,1996-97,December,Indiana Pacers,New Jersey Nets,0,2,1,0,0,1,1
57,53,Derrick McKey,1996-97,December,Indiana Pacers,New Jersey Nets,2,0,0,1,0,0,2
59,50,Erick Dampier,1996-97,December,Indiana Pacers,New Jersey Nets,2,0,2,1,0,2,1
60,42,Travis Best,1996-97,December,Indiana Pacers,New Jersey Nets,4,1,0,0,0,0,0
61,45,Kerry Kittles,1996-97,December,New Jersey Nets,Indiana Pacers,2,1,0,0,0,0,1
62,60,Travis Best,1996-97,December,Indiana Pacers,New Jersey Nets,5,1,0,0,0,0,0
63,59,Erick Dampier,1996-97,December,Indiana Pacers,New Jersey Nets,2,0,2,1,0,2,2
65,38,Shawn Bradley,1996-97,December,New Jersey Nets,Indiana Pacers,3,0,0,1,0,0,0
67,65,Shawn Bradley,1996-97,December,Indiana Pacers,New Jersey Nets,3,0,0,2,0,0,0
68,61,Kerry Kittles,1996-97,December,New Jersey Nets,Indiana Pacers,2,1,1,0,0,0,1
70,55,Kendall Gill,1996-97,December,New Jersey Nets,Indiana Pacers,10,1,2,0,0,0,0
71,67,Shawn Bradley,1996-97,December,New Jersey Nets,Indiana Pacers,3,1,0,2,0,0,0
73,0,Vincent Askew,1996-97,December,Indiana Pacers,New Jersey Nets,0,0,1,0,0,0,0
74,68,Kerry Kittles,1996-97,December,New Jersey Nets,Indiana Pacers,2,1,1,0,0,0,2
75,56,Reggie Miller,1996-97,December,Indiana Pacers,New Jersey Nets,1,2,1,0,0,1,1
76,75,Reggie Miller,1996-97,December,Indiana Pacers,New Jersey Nets,2,2,1,0,0,1,1
77,0,Khalid Reeves,1996-97,December,New Jersey Nets,Indiana Pacers,0,0,0,0,0,1,0
78,62,Travis Best,1996-97,December,Indiana Pacers,New Jersey Nets,5,1,0,0,0,1,0
79,74,Kerry Kittles,1996-97,December,Indiana Pacers,New Jersey Nets,2,1,1,0,1,0,2
80,77,Khalid Reeves,1996-97,December,New Jersey Nets,Indiana Pacers,2,0,0,0,0,1,0
81,79,Kerry Kittles,1996-97,December,New Jersey Nets,Indiana Pacers,2,2,1,0,1,0,2
82,76,Reggie Miller,1996-97,December,Indiana Pacers,New Jersey Nets,5,2,1,0,0,1,1
83,78,Travis Best,1996-97,December,Indiana Pacers,New Jersey Nets,5,2,0,0,0,1,0
84,81,Kerry Kittles,1996-97,December,New Jersey Nets,Indiana Pacers,2,2,1,0,1,1,2
85,49,Dale Davis,1996-97,December,New Jersey Nets,Indiana Pacers,0,0,2,0,1,1,0
86,82,Reggie Miller,1996-97,December,Indiana Pacers,New Jersey Nets,7,2,1,0,0,1,1
87,83,Travis Best,1996-97,December,Indiana Pacers,New Jersey Nets,5,3,0,0,0,1,0
88,71,Shawn Bradley,1996-97,December,New Jersey Nets,Indiana Pacers,5,1,0,2,0,0,0
90,80,Khalid Reeves,1996-97,December,New Jersey Nets,Indiana Pacers,2,0,1,0,0,1,0
92,70,Kendall Gill,1996-97,December,New Jersey Nets,Indiana Pacers,10,1,3,0,0,0,0
93,92,Kendall Gill,1996-97,December,New Jersey Nets,Indiana Pacers,12,1,3,0,0,0,0
94,39,Tony Massenburg,1996-97,December,New Jersey Nets,Indiana Pacers,2,0,5,0,2,0,1
95,0,Antonio Davis,1996-97,December,Indiana Pacers,New Jersey Nets,1,0,0,0,0,0,0
96,95,Antonio Davis,1996-97,December,Indiana Pacers,New Jersey Nets,2,0,0,0,0,0,0
97,88,Shawn Bradley,1996-97,December,New Jersey Nets,Indiana Pacers,7,1,0,2,0,0,0
98,47,Robert Pack,1996-97,December,New Jersey Nets,Indiana Pacers,0,3,2,0,0,0,0
100,97,Shawn Bradley,1996-97,December,New Jersey Nets,Indiana Pacers,7,1,1,2,0,0,0
101,94,Tony Massenburg,1996-97,December,New Jersey Nets,Indiana Pacers,2,0,5,0,2,1,1
102,73,Vincent Askew,1996-97,December,Indiana Pacers,New Jersey Nets,0,0,1,0,0,1,0
103,93,Kendall Gill,1996-97,December,Indiana Pacers,New Jersey Nets,12,1,3,0,1,0,0
104,103,Kendall Gill,1996-97,December,New Jersey Nets,Indiana Pacers,12,1,3,0,1,1,0
105,0,Jerome Allen,1996-97,December,New Jersey Nets,Indiana Pacers,0,0,0,0,1,0,0
107,100,Shawn Bradley,1996-97,December,Indiana Pacers,New Jersey Nets,7,1,1,3,0,0,0
108,102,Vincent Askew,1996-97,December,Indiana Pacers,New Jersey Nets,0,0,2,0,0,1,0
110,107,Shawn Bradley,1996-97,December,Indiana Pacers,New Jersey Nets,7,1,1,4,0,0,0
111,108,Vincent Askew,1996-97,December,Indiana Pacers,New Jersey Nets,0,0,3,0,0,1,0
113,110,Shawn Bradley,1996-97,December,Indiana Pacers,New Jersey Nets,7,1,1,5,0,0,0
114,85,Dale Davis,1996-97,December,Indiana Pacers,New Jersey Nets,0,0,3,0,1,1,0
115,105,Jerome Allen,1996-97,December,Indiana Pacers,New Jersey Nets,3,0,0,0,1,0,0
116,111,Vincent Askew,1996-97,December,Indiana Pacers,New Jersey Nets,0,1,3,0,0,1,0
117,116,Vincent Askew,1996-97,December,Indiana Pacers,New Jersey Nets,0,1,3,0,0,1,1
118,104,Kendall Gill,1996-97,December,New Jersey Nets,Indiana Pacers,13,1,3,0,1,1,0
119,118,Kendall Gill,1996-97,December,New Jersey Nets,Indiana Pacers,14,1,3,0,1,1,0
122,115,Jerome Allen,1996-97,December,Indiana Pacers,New Jersey Nets,3,0,1,0,1,0,0
123,96,Antonio Davis,1996-97,December,Indiana Pacers,New Jersey Nets,4,0,0,0,0,0,0
124,117,Vincent Askew,1996-97,December,Indiana Pacers,New Jersey Nets,0,2,3,0,0,1,1
125,84,Kerry Kittles,1996-97,December,New Jersey Nets,Indiana Pacers,4,2,1,0,1,1,2
126,98,Robert Pack,1996-97,December,New Jersey Nets,Indiana Pacers,0,4,2,0,0,0,0
127,0,Xavier McDaniel,1996-97,December,New Jersey Nets,Indiana Pacers,0,0,0,0,0,0,1
128,123,Antonio Davis,1996-97,December,Indiana Pacers,New Jersey Nets,5,0,0,0,0,0,0
129,128,Antonio Davis,1996-97,December,Indiana Pacers,New Jersey Nets,6,0,0,0,0,0,0
130,126,Robert Pack,1996-97,December,New Jersey Nets,Indiana Pacers,0,4,2,0,0,1,0
131,124,Vincent Askew,1996-97,December,New Jersey Nets,Indiana Pacers,0,2,3,0,1,1,1
132,129,Antonio Davis,1996-97,December,Indiana Pacers,New Jersey Nets,8,0,0,0,0,0,0
133,131,Vincent Askew,1996-97,December,Indiana Pacers,New Jersey Nets,0,3,3,0,1,1,1
135,63,Erick Dampier,1996-97,December,Indiana Pacers,New Jersey Nets,2,0,3,1,0,2,2
136,122,Jerome Allen,1996-97,December,Indiana Pacers,New Jersey Nets,5,0,1,0,1,0,0
137,113,Shawn Bradley,1996-97,December,New Jersey Nets,Indiana Pacers,9,1,1,5,0,0,0
138,133,Vincent Askew,1996-97,December,Indiana Pacers,New Jersey Nets,0,3,3,0,1,2,1
139,137,Shawn Bradley,1996-97,December,Indiana Pacers,New Jersey Nets,9,1,1,5,1,0,0
141,136,Jerome Allen,1996-97,December,Indiana Pacers,New Jersey Nets,5,0,2,0,1,0,0
143,135,Erick Dampier,1996-97,December,Indiana Pacers,New Jersey Nets,2,0,4,1,0,2,2
145,139,Shawn Bradley,1996-97,December,New Jersey Nets,Indiana Pacers,9,1,2,5,1,0,0
147,132,Antonio Davis,1996-97,December,Indiana Pacers,New Jersey Nets,8,0,1,0,0,0,0
149,145,Shawn Bradley,1996-97,December,Indiana Pacers,New Jersey Nets,9,1,2,6,1,0,0
150,149,Shawn Bradley,1996-97,December,New Jersey Nets,Indiana Pacers,9,1,3,6,1,0,0
151,150,Shawn Bradley,1996-97,December,New Jersey Nets,Indiana Pacers,9,1,3,6,1,1,0
152,141,Jerome Allen,1996-97,December,New Jersey Nets,Indiana Pacers,5,0,2,0,2,0,0
153,0,Eddie Johnson,1996-97,December,Indiana Pacers,New Jersey Nets,3,0,0,0,0,0,0
154,138,Vincent Askew,1996-97,December,Indiana Pacers,New Jersey Nets,0,4,3,0,1,2,1
156,147,Antonio Davis,1996-97,December,Indiana Pacers,New Jersey Nets,8,0,2,0,0,0,0
158,130,Robert Pack,1996-97,December,New Jersey Nets,Indiana Pacers,0,4,3,0,0,1,0
159,125,Kerry Kittles,1996-97,December,New Jersey Nets,Indiana Pacers,6,2,1,0,1,1,2
160,158,Robert Pack,1996-97,December,New Jersey Nets,Indiana Pacers,0,5,3,0,0,1,0
161,0,Yinka Dare,1996-97,December,New Jersey Nets,Indiana Pacers,0,0,0,0,0,0,1
163,156,Antonio Davis,1996-97,December,Indiana Pacers,New Jersey Nets,9,0,2,0,0,0,0
164,160,Robert Pack,1996-97,December,New Jersey Nets,Indiana Pacers,2,5,3,0,0,1,0
166,127,Xavier McDaniel,1996-97,December,New Jersey Nets,Indiana Pacers,0,0,0,0,0,0,2
167,163,Antonio Davis,1996-97,December,Indiana Pacers,New Jersey Nets,11,0,2,0,0,0,0
168,0,Duane Ferrell,1996-97,December,Indiana Pacers,New Jersey Nets,0,1,0,0,0,0,0
169,164,Robert Pack,1996-97,December,New Jersey Nets,Indiana Pacers,4,5,3,0,0,1,0
170,152,Jerome Allen,1996-97,December,Indiana Pacers,New Jersey Nets,5,0,2,0,2,0,1
171,169,Robert Pack,1996-97,December,New Jersey Nets,Indiana Pacers,5,5,3,0,0,1,0
172,170,Jerome Allen,1996-97,December,Indiana Pacers,New Jersey Nets,5,0,2,0,2,1,1
173,171,Robert Pack,1996-97,December,Indiana Pacers,New Jersey Nets,5,5,3,0,1,1,0
174,172,Jerome Allen,1996-97,December,Indiana Pacers,New Jersey Nets,5,0,2,0,2,1,2
175,101,Tony Massenburg,1996-97,December,New Jersey Nets,Indiana Pacers,2,0,5,0,2,1,2
176,175,Tony Massenburg,1996-97,December,New Jersey Nets,Indiana Pacers,2,0,5,0,2,2,2
178,173,Robert Pack,1996-97,December,New Jersey Nets,Indiana Pacers,5,5,4,0,1,1,0
180,87,Travis Best,1996-97,December,Indiana Pacers,New Jersey Nets,5,3,1,0,0,1,0
181,168,Duane Ferrell,1996-97,December,Indiana Pacers,New Jersey Nets,2,1,0,0,0,0,0
182,159,Kerry Kittles,1996-97,December,New Jersey Nets,Indiana Pacers,6,2,1,0,1,1,3
183,181,Duane Ferrell,1996-97,December,Indiana Pacers,New Jersey Nets,3,1,0,0,0,0,0
184,183,Duane Ferrell,1996-97,December,Indiana Pacers,New Jersey Nets,3,1,0,0,0,0,1
185,119,Kendall Gill,1996-97,December,New Jersey Nets,Indiana Pacers,15,1,3,0,1,1,0
186,185,Kendall Gill,1996-97,December,New Jersey Nets,Indiana Pacers,16,1,3,0,1,1,0
187,180,Travis Best,1996-97,December,Indiana Pacers,New Jersey Nets,5,3,1,0,0,2,0
188,57,Derrick McKey,1996-97,December,Indiana Pacers,New Jersey Nets,2,0,0,1,0,0,3
189,186,Kendall Gill,1996-97,December,New Jersey Nets,Indiana Pacers,16,1,3,0,1,2,0
190,114,Dale Davis,1996-97,December,New Jersey Nets,Indiana Pacers,0,0,3,0,2,1,0
191,167,Antonio Davis,1996-97,December,Indiana Pacers,New Jersey Nets,13,0,2,0,0,0,0
192,184,Duane Ferrell,1996-97,December,Indiana Pacers,New Jersey Nets,3,2,0,0,0,0,1
193,178,Robert Pack,1996-97,December,New Jersey Nets,Indiana Pacers,8,5,4,0,1,1,0
195,151,Shawn Bradley,1996-97,December,New Jersey Nets,Indiana Pacers,9,1,4,6,1,1,0
196,193,Robert Pack,1996-97,December,New Jersey Nets,Indiana Pacers,10,5,4,0,1,1,0
197,0,Lloyd Daniels,1996-97,December,New Jersey Nets,Indiana Pacers,0,0,0,0,0,0,1
200,176,Tony Massenburg,1996-97,December,New Jersey Nets,Indiana Pacers,2,0,6,0,2,2,2
201,196,Robert Pack,1996-97,December,New Jersey Nets,Indiana Pacers,10,5,4,0,1,2,0
203,195,Shawn Bradley,1996-97,December,New Jersey Nets,Indiana Pacers,9,1,5,6,1,1,0
204,201,Robert Pack,1996-97,December,New Jersey Nets,Indiana Pacers,12,5,4,0,1,2,0
205,197,Lloyd Daniels,1996-97,December,New Jersey Nets,Indiana Pacers,0,0,0,0,0,0,2
206,86,Reggie Miller,1996-97,December,Indiana Pacers,New Jersey Nets,8,2,1,0,0,1,1
207,206,Reggie Miller,1996-97,December,Indiana Pacers,New Jersey Nets,9,2,1,0,0,1,1
209,191,Antonio Davis,1996-97,December,Indiana Pacers,New Jersey Nets,13,0,3,0,0,0,0
210,207,Reggie Miller,1996-97,December,Indiana Pacers,New Jersey Nets,11,2,1,0,0,1,1
211,174,Jerome Allen,1996-97,December,Indiana Pacers,New Jersey Nets,5,1,2,0,2,1,2
212,203,Shawn Bradley,1996-97,December,New Jersey Nets,Indiana Pacers,11,1,5,6,1,1,0
213,204,Robert Pack,1996-97,December,New Jersey Nets,Indiana Pacers,12,6,4,0,1,2,0
215,212,Shawn Bradley,1996-97,December,Indiana Pacers,New Jersey Nets,11,1,5,7,1,1,0
216,209,Antonio Davis,1996-97,December,Indiana Pacers,New Jersey Nets,15,0,3,0,0,0,0
217,153,Eddie Johnson,1996-97,December,Indiana Pacers,New Jersey Nets,3,1,0,0,0,0,0
219,216,Antonio Davis,1996-97,December,Indiana Pacers,New Jersey Nets,15,0,4,0,0,0,0
220,219,Antonio Davis,1996-97,December,Indiana Pacers,New Jersey Nets,15,0,4,0,0,1,0
221,205,Lloyd Daniels,1996-97,December,Indiana Pacers,New Jersey Nets,0,0,0,0,1,0,2
222,189,Kendall Gill,1996-97,December,New Jersey Nets,Indiana Pacers,18,1,3,0,1,2,0
223,213,Robert Pack,1996-97,December,New Jersey Nets,Indiana Pacers,12,7,4,0,1,2,0
225,220,Antonio Davis,1996-97,December,Indiana Pacers,New Jersey Nets,15,0,5,0,0,1,0
226,223,Robert Pack,1996-97,December,New Jersey Nets,Indiana Pacers,12,7,4,0,1,2,1
227,225,Antonio Davis,1996-97,December,Indiana Pacers,New Jersey Nets,16,0,5,0,0,1,0
228,227,Antonio Davis,1996-97,December,Indiana Pacers,New Jersey Nets,17,0,5,0,0,1,0
229,221,Lloyd Daniels,1996-97,December,New Jersey Nets,Indiana Pacers,2,0,0,0,1,0,2
230,228,Antonio Davis,1996-97,December,Indiana Pacers,New Jersey Nets,17,0,5,0,0,2,0
232,230,Antonio Davis,1996-97,December,Indiana Pacers,New Jersey Nets,17,0,6,0,0,2,0
233,215,Shawn Bradley,1996-97,December,New Jersey Nets,Indiana Pacers,13,1,5,7,1,1,0
234,226,Robert Pack,1996-97,December,New Jersey Nets,Indiana Pacers,12,8,4,0,1,2,1
236,200,Tony Massenburg,1996-97,December,Indiana Pacers,New Jersey Nets,2,0,6,1,2,2,2
237,143,Erick Dampier,1996-97,December,Indiana Pacers,New Jersey Nets,2,0,5,1,0,2,2
239,187,Travis Best,1996-97,December,Indiana Pacers,New Jersey Nets,5,3,2,0,0,2,0
240,239,Travis Best,1996-97,December,Indiana Pacers,New Jersey Nets,7,3,2,0,0,2,0
241,234,Robert Pack,1996-97,December,New Jersey Nets,Indiana Pacers,12,8,4,0,1,2,2
242,240,Travis Best,1996-97,December,Indiana Pacers,New Jersey Nets,8,3,2,0,0,2,0
243,236,Tony Massenburg,1996-97,December,New Jersey Nets,Indiana Pacers,2,0,6,1,2,3,2
244,188,Derrick McKey,1996-97,December,New Jersey Nets,Indiana Pacers,2,0,0,1,1,0,3
245,241,Robert Pack,1996-97,December,New Jersey Nets,Indiana Pacers,12,8,4,0,1,2,3
246,242,Travis Best,1996-97,December,Indiana Pacers,New Jersey Nets,9,3,2,0,0,2,0
247,246,Travis Best,1996-97,December,Indiana Pacers,New Jersey Nets,10,3,2,0,0,2,0
248,245,Robert Pack,1996-97,December,New Jersey Nets,Indiana Pacers,14,8,4,0,1,2,3
249,237,Erick Dampier,1996-97,December,Indiana Pacers,New Jersey Nets,4,0,5,1,0,2,2
250,244,Derrick McKey,1996-97,December,Indiana Pacers,New Jersey Nets,2,1,0,1,1,0,3
251,247,Travis Best,1996-97,December,Indiana Pacers,New Jersey Nets,10,3,2,0,0,2,1
252,249,Erick Dampier,1996-97,December,Indiana Pacers,New Jersey Nets,4,0,5,1,0,2,3
253,248,Robert Pack,1996-97,December,New Jersey Nets,Indiana Pacers,15,8,4,0,1,2,3
254,253,Robert Pack,1996-97,December,New Jersey Nets,Indiana Pacers,16,8,4,0,1,2,3
255,190,Dale Davis,1996-97,December,Indiana Pacers,New Jersey Nets,0,0,3,0,2,1,1
256,255,Dale Davis,1996-97,December,Indiana Pacers,New Jersey Nets,0,0,3,0,2,2,1
257,222,Kendall Gill,1996-97,December,New Jersey Nets,Indiana Pacers,18,1,3,0,1,3,0
259,233,Shawn Bradley,1996-97,December,Indiana Pacers,New Jersey Nets,13,1,5,8,1,1,0
260,259,Shawn Bradley,1996-97,December,New Jersey Nets,Indiana Pacers,13,1,6,8,1,1,0
261,182,Kerry Kittles,1996-97,December,New Jersey Nets,Indiana Pacers,8,2,1,0,1,1,3
262,254,Robert Pack,1996-97,December,New Jersey Nets,Indiana Pacers,16,9,4,0,1,2,3
264,262,Robert Pack,1996-97,December,New Jersey Nets,Indiana Pacers,16,9,5,0,1,2,3
266,210,Reggie Miller,1996-97,December,Indiana Pacers,New Jersey Nets,11,2,2,0,0,1,1
267,252,Erick Dampier,1996-97,December,Indiana Pacers,New Jersey Nets,6,0,5,1,0,2,3
268,264,Robert Pack,1996-97,December,New Jersey Nets,Indiana Pacers,18,9,5,0,1,2,3
269,256,Dale Davis,1996-97,December,Indiana Pacers,New Jersey Nets,2,0,3,0,2,2,1
270,266,Reggie Miller,1996-97,December,Indiana Pacers,New Jersey Nets,11,3,2,0,0,1,1
271,267,Erick Dampier,1996-97,December,Indiana Pacers,New Jersey Nets,6,0,5,1,0,2,4
273,232,Antonio Davis,1996-97,December,Indiana Pacers,New Jersey Nets,17,0,7,0,0,2,0
275,269,Dale Davis,1996-97,December,Indiana Pacers,New Jersey Nets,2,0,4,0,2,2,1
277,257,Kendall Gill,1996-97,December,New Jersey Nets,Indiana Pacers,18,1,4,0,1,3,0
278,243,Tony Massenburg,1996-97,December,New Jersey Nets,Indiana Pacers,4,0,6,1,2,3,2
279,277,Kendall Gill,1996-97,December,New Jersey Nets,Indiana Pacers,18,2,4,0,1,3,0
282,250,Derrick McKey,1996-97,December,Indiana Pacers,New Jersey Nets,2,1,1,1,1,0,3
283,260,Shawn Bradley,1996-97,December,New Jersey Nets,Indiana Pacers,13,1,6,8,1,1,1
285,275,Dale Davis,1996-97,December,Indiana Pacers,New Jersey Nets,3,0,4,0,2,2,1
286,278,Tony Massenburg,1996-97,December,New Jersey Nets,Indiana Pacers,6,0,6,1,2,3,2
287,279,Kendall Gill,1996-97,December,New Jersey Nets,Indiana Pacers,18,3,4,0,1,3,0
288,285,Dale Davis,1996-97,December,Indiana Pacers,New Jersey Nets,3,0,4,0,2,2,2
290,273,Antonio Davis,1996-97,December,Indiana Pacers,New Jersey Nets,17,0,8,0,0,2,0
291,251,Travis Best,1996-97,December,Indiana Pacers,New Jersey Nets,12,3,2,0,0,2,1
292,286,Tony Massenburg,1996-97,December,New Jersey Nets,Indiana Pacers,6,0,6,1,2,3,3
293,291,Travis Best,1996-97,December,Indiana Pacers,New Jersey Nets,13,3,2,0,0,2,1
295,287,Kendall Gill,1996-97,December,New Jersey Nets,Indiana Pacers,18,3,5,0,1,3,0
296,295,Kendall Gill,1996-97,December,New Jersey Nets,Indiana Pacers,20,3,5,0,1,3,0
297,292,Tony Massenburg,1996-97,December,New Jersey Nets,Indiana Pacers,6,0,6,1,2,3,4
298,297,Tony Massenburg,1996-97,December,New Jersey Nets,Indiana Pacers,6,0,6,1,2,3,4
299,270,Reggie Miller,1996-97,December,Indiana Pacers,New Jersey Nets,12,3,2,0,0,1,1
300,290,Antonio Davis,1996-97,December,Indiana Pacers,New Jersey Nets,18,0,8,0,0,2,0
301,300,Antonio Davis,1996-97,December,Indiana Pacers,New Jersey Nets,19,0,8,0,0,2,0
303,288,Dale Davis,1996-97,December,Indiana Pacers,New Jersey Nets,3,0,5,0,2,2,2
304,166,Xavier McDaniel,1996-97,December,New Jersey Nets,Indiana Pacers,0,0,0,0,0,0,3
305,192,Duane Ferrell,1996-97,December,Indiana Pacers,New Jersey Nets,4,2,0,0,0,0,1
306,305,Duane Ferrell,1996-97,December,Indiana Pacers,New Jersey Nets,5,2,0,0,0,0,1
307,303,Dale Davis,1996-97,December,Indiana Pacers,New Jersey Nets,3,0,5,0,2,2,2
309,283,Shawn Bradley,1996-97,December,New Jersey Nets,Indiana Pacers,14,1,6,8,1,1,1
310,293,Travis Best,1996-97,December,Indiana Pacers,New Jersey Nets,13,3,2,0,0,2,2
312,268,Robert Pack,1996-97,December,New Jersey Nets,Indiana Pacers,19,9,5,0,1,2,3
313,312,Robert Pack,1996-97,December,New Jersey Nets,Indiana Pacers,19,9,5,0,1,2,4
314,310,Travis Best,1996-97,December,Indiana Pacers,New Jersey Nets,14,3,2,0,0,2,2
315,314,Travis Best,1996-97,December,Indiana Pacers,New Jersey Nets,15,3,2,0,0,2,2
316,261,Kerry Kittles,1996-97,December,New Jersey Nets,Indiana Pacers,10,2,1,0,1,1,3
317,304,Xavier McDaniel,1996-97,December,New Jersey Nets,Indiana Pacers,0,1,0,0,0,0,3
318,282,Derrick McKey,1996-97,December,Indiana Pacers,New Jersey Nets,4,1,1,1,1,0,3
319,296,Kendall Gill,1996-97,December,New Jersey Nets,Indiana Pacers,20,3,5,0,1,4,0
320,306,Duane Ferrell,1996-97,December,New Jersey Nets,Indiana Pacers,5,2,0,0,1,0,1
321,309,Shawn Bradley,1996-97,December,New Jersey Nets,Indiana Pacers,14,1,6,8,1,1,2
323,320,Duane Ferrell,1996-97,December,Indiana Pacers,New Jersey Nets,6,2,0,0,1,0,1
325,317,Xavier McDaniel,1996-97,December,New Jersey Nets,Indiana Pacers,0,1,1,0,0,0,3
326,321,Shawn Bradley,1996-97,December,New Jersey Nets,Indiana Pacers,16,1,6,8,1,1,2
327,325,Xavier McDaniel,1996-97,December,New Jersey Nets,Indiana Pacers,0,2,1,0,0,0,3
329,318,Derrick McKey,1996-97,December,Indiana Pacers,New Jersey Nets,4,1,2,1,1,0,3
331,326,Shawn Bradley,1996-97,December,Indiana Pacers,New Jersey Nets,16,1,6,9,1,1,2
332,229,Lloyd Daniels,1996-97,December,New Jersey Nets,Indiana Pacers,2,0,1,0,1,0,2
334,301,Antonio Davis,1996-97,December,New Jersey Nets,Indiana Pacers,19,0,8,1,0,2,0
336,329,Derrick McKey,1996-97,December,Indiana Pacers,New Jersey Nets,4,1,3,1,1,0,3
338,331,Shawn Bradley,1996-97,December,New Jersey Nets,Indiana Pacers,16,1,6,9,1,1,3
340,334,Antonio Davis,1996-97,December,Indiana Pacers,New Jersey Nets,20,0,8,1,0,2,0
341,217,Eddie Johnson,1996-97,December,Indiana Pacers,New Jersey Nets,3,1,0,0,0,0,1
342,327,Xavier McDaniel,1996-97,December,New Jersey Nets,Indiana Pacers,1,2,1,0,0,0,3
343,342,Xavier McDaniel,1996-97,December,New Jersey Nets,Indiana Pacers,2,2,1,0,0,0,3
344,341,Eddie Johnson,1996-97,December,Indiana Pacers,New Jersey Nets,3,1,0,0,0,1,1
345,316,Kerry Kittles,1996-97,December,New Jersey Nets,Indiana Pacers,13,2,1,0,1,1,3
346,319,Kendall Gill,1996-97,December,New Jersey Nets,Indiana Pacers,20,4,5,0,1,4,0
348,343,Xavier McDaniel,1996-97,December,New Jersey Nets,Indiana Pacers,2,2,2,0,0,0,3
350,154,Vincent Askew,1996-97,December,Indiana Pacers,New Jersey Nets,0,4,4,0,1,2,1
351,344,Eddie Johnson,1996-97,December,Indiana Pacers,New Jersey Nets,6,1,0,0,0,1,1
352,211,Jerome Allen,1996-97,December,Indiana Pacers,New Jersey Nets,5,2,2,0,2,1,2
353,336,Derrick McKey,1996-97,December,Indiana Pacers,New Jersey Nets,6,1,3,1,1,0,3
354,350,Vincent Askew,1996-97,December,Indiana Pacers,New Jersey Nets,0,4,4,0,1,2,2
356,346,Kendall Gill,1996-97,December,New Jersey Nets,Indiana Pacers,20,4,6,0,1,4,0
358,340,Antonio Davis,1996-97,December,Indiana Pacers,New Jersey Nets,20,0,9,1,0,2,0
359,356,Kendall Gill,1996-97,December,New Jersey Nets,Indiana Pacers,20,4,6,0,1,4,1
360,353,Derrick McKey,1996-97,December,Indiana Pacers,New Jersey Nets,7,1,3,1,1,0,3
361,360,Derrick McKey,1996-97,December,Indiana Pacers,New Jersey Nets,8,1,3,1,1,0,3
362,298,Tony Massenburg,1996-97,December,New Jersey Nets,Indiana Pacers,6,0,6,1,2,3,5
364,307,Dale Davis,1996-97,December,Indiana Pacers,New Jersey Nets,4,0,5,0,2,2,2
365,313,Robert Pack,1996-97,December,New Jersey Nets,Indiana Pacers,21,9,5,0,1,2,4
367,365,Robert Pack,1996-97,December,New Jersey Nets,Indiana Pacers,21,9,6,0,1,2,4
369,364,Dale Davis,1996-97,December,Indiana Pacers,New Jersey Nets,4,0,6,0,2,2,2
370,369,Dale Davis,1996-97,December,Indiana Pacers,New Jersey Nets,6,0,6,0,2,2,2
371,351,Eddie Johnson,1996-97,December,Indiana Pacers,New Jersey Nets,6,2,0,0,0,1,1
373,370,Dale Davis,1996-97,December,Indiana Pacers,New Jersey Nets,6,0,7,0,2,2,2
375,348,Xavier McDaniel,1996-97,December,Indiana Pacers,New Jersey Nets,2,2,2,1,0,0,3
376,373,Dale Davis,1996-97,December,Indiana Pacers,New Jersey Nets,6,0,8,0,2,2,2
377,338,Shawn Bradley,1996-97,December,New Jersey Nets,Indiana Pacers,18,1,6,9,1,1,3
378,367,Robert Pack,1996-97,December,New Jersey Nets,Indiana Pacers,21,10,6,0,1,2,4
380,378,Robert Pack,1996-97,December,New Jersey Nets,Indiana Pacers,21,10,7,0,1,2,4
381,359,Kendall Gill,1996-97,December,New Jersey Nets,Indiana Pacers,22,4,6,0,1,4,1
382,380,Robert Pack,1996-97,December,New Jersey Nets,Indiana Pacers,21,11,7,0,1,2,4
383,371,Eddie Johnson,1996-97,December,Indiana Pacers,New Jersey Nets,6,2,0,0,0,1,2
384,381,Kendall Gill,1996-97,December,New Jersey Nets,Indiana Pacers,23,4,6,0,1,4,1
386,377,Shawn Bradley,1996-97,December,New Jersey Nets,Indiana Pacers,18,1,7,9,1,1,3
387,375,Xavier McDaniel,1996-97,December,New Jersey Nets,Indiana Pacers,4,2,2,1,0,0,3
388,382,Robert Pack,1996-97,December,New Jersey Nets,Indiana Pacers,21,12,7,0,1,2,4
389,315,Travis Best,1996-97,December,Indiana Pacers,New Jersey Nets,15,3,2,0,0,3,2
390,388,Robert Pack,1996-97,December,Indiana Pacers,New Jersey Nets,21,12,7,0,2,2,4
391,387,Xavier McDaniel,1996-97,December,New Jersey Nets,Indiana Pacers,6,2,2,1,0,0,3
392,390,Robert Pack,1996-97,December,New Jersey Nets,Indiana Pacers,21,13,7,0,2,2,4
393,323,Duane Ferrell,1996-97,December,Indiana Pacers,New Jersey Nets,6,2,0,0,1,1,1
394,391,Xavier McDaniel,1996-97,December,Indiana Pacers,New Jersey Nets,6,2,2,1,1,0,3
395,392,Robert Pack,1996-97,December,New Jersey Nets,Indiana Pacers,21,13,7,0,2,3,4
397,394,Xavier McDaniel,1996-97,December,New Jersey Nets,Indiana Pacers,6,2,3,1,1,0,3
398,393,Duane Ferrell,1996-97,December,Indiana Pacers,New Jersey Nets,6,2,0,0,1,1,2
400,358,Antonio Davis,1996-97,December,New Jersey Nets,Indiana Pacers,20,0,9,2,0,2,0
401,376,Dale Davis,1996-97,December,Indiana Pacers,New Jersey Nets,6,0,9,0,2,2,2
402,299,Reggie Miller,1996-97,December,Indiana Pacers,New Jersey Nets,15,3,2,0,0,1,1
403,389,Travis Best,1996-97,December,Indiana Pacers,New Jersey Nets,15,4,2,0,0,3,2
405,332,Lloyd Daniels,1996-97,December,New Jersey Nets,Indiana Pacers,2,0,2,0,1,0,2
407,386,Shawn Bradley,1996-97,December,New Jersey Nets,Indiana Pacers,18,1,8,9,1,1,3
409,407,Shawn Bradley,1996-97,December,New Jersey Nets,Indiana Pacers,18,1,9,9,1,1,3
411,345,Kerry Kittles,1996-97,December,New Jersey Nets,Indiana Pacers,13,2,2,0,1,1,3
412,411,Kerry Kittles,1996-97,December,New Jersey Nets,Indiana Pacers,15,2,2,0,1,1,3
414,405,Lloyd Daniels,1996-97,December,New Jersey Nets,Indiana Pacers,2,0,3,0,1,0,2
415,402,Reggie Miller,1996-97,December,Indiana Pacers,New Jersey Nets,15,3,2,0,0,1,2
416,395,Robert Pack,1996-97,December,New Jersey Nets,Indiana Pacers,22,13,7,0,2,3,4
417,416,Robert Pack,1996-97,December,New Jersey Nets,Indiana Pacers,22,13,7,0,2,4,4
418,412,Kerry Kittles,1996-97,December,New Jersey Nets,Indiana Pacers,15,2,2,0,1,1,4
419,401,Dale Davis,1996-97,December,Indiana Pacers,New Jersey Nets,6,0,9,0,2,3,2
420,418,Kerry Kittles,1996-97,December,New Jersey Nets,Indiana Pacers,17,2,2,0,1,1,4
421,403,Travis Best,1996-97,December,Indiana Pacers,New Jersey Nets,17,4,2,0,0,3,2
422,409,Shawn Bradley,1996-97,December,New Jersey Nets,Indiana Pacers,18,1,9,9,1,1,4
423,421,Travis Best,1996-97,December,Indiana Pacers,New Jersey Nets,18,4,2,0,0,3,2
425,400,Antonio Davis,1996-97,December,Indiana Pacers,New Jersey Nets,20,0,10,2,0,2,0
426,423,Travis Best,1996-97,December,Indiana Pacers,New Jersey Nets,18,4,2,0,0,4,2
429,420,Kerry Kittles,1996-97,December,New Jersey Nets,Indiana Pacers,17,2,3,0,1,1,4
430,425,Antonio Davis,1996-97,December,Indiana Pacers,New Jersey Nets,20,0,10,2,0,2,1
431,422,Shawn Bradley,1996-97,December,New Jersey Nets,Indiana Pacers,19,1,9,9,1,1,4
433,384,Kendall Gill,1996-97,December,New Jersey Nets,Indiana Pacers,23,4,7,0,1,4,1
434,430,Antonio Davis,1996-97,December,Indiana Pacers,New Jersey Nets,20,0,10,2,0,2,2
435,433,Kendall Gill,1996-97,December,New Jersey Nets,Indiana Pacers,24,4,7,0,1,4,1
436,435,Kendall Gill,1996-97,December,New Jersey Nets,Indiana Pacers,25,4,7,0,1,4,1
437,426,Travis Best,1996-97,December,Indiana Pacers,New Jersey Nets,20,4,2,0,0,4,2
438,434,Antonio Davis,1996-97,December,Indiana Pacers,New Jersey Nets,20,0,10,2,0,2,3
439,438,Antonio Davis,1996-97,December,Indiana Pacers,New Jersey Nets,20,0,10,2,0,2,3
440,436,Kendall Gill,1996-97,December,New Jersey Nets,Indiana Pacers,26,4,7,0,1,4,1
441,440,Kendall Gill,1996-97,December,New Jersey Nets,Indiana Pacers,27,4,7,0,1,4,1
442,441,Kendall Gill,1996-97,December,New Jersey Nets,Indiana Pacers,28,4,7,0,1,4,1
444,397,Xavier McDaniel,1996-97,December,New Jersey Nets,Indiana Pacers,6,2,4,1,1,0,3
446,431,Shawn Bradley,1996-97,December,New Jersey Nets,Indiana Pacers,19,1,10,9,1,1,4
448,446,Shawn Bradley,1996-97,December,New Jersey Nets,Indiana Pacers,19,1,10,9,1,1,5
449,439,Antonio Davis,1996-97,December,Indiana Pacers,New Jersey Nets,21,0,10,2,0,2,3
450,449,Antonio Davis,1996-97,December,Indiana Pacers,New Jersey Nets,22,0,10,2,0,2,3
451,437,Travis Best,1996-97,December,Indiana Pacers,New Jersey Nets,20,4,2,0,0,4,3
452,442,Kendall Gill,1996-97,December,New Jersey Nets,Indiana Pacers,29,4,7,0,1,4,1
454,450,Antonio Davis,1996-97,December,Indiana Pacers,New Jersey Nets,22,0,11,2,0,2,3
455,454,Antonio Davis,1996-97,December,Indiana Pacers,New Jersey Nets,22,0,11,2,0,3,3
456,354,Vincent Askew,1996-97,December,Indiana Pacers,New Jersey Nets,0,4,4,0,1,2,3
457,452,Kendall Gill,1996-97,December,New Jersey Nets,Indiana Pacers,30,4,7,0,1,4,1
458,457,Kendall Gill,1996-97,December,New Jersey Nets,Indiana Pacers,31,4,7,0,1,4,1
460,458,Kendall Gill,1996-97,December,New Jersey Nets,Indiana Pacers,31,4,8,0,1,4,1
461,460,Kendall Gill,1996-97,December,New Jersey Nets,Indiana Pacers,31,4,8,0,1,5,1
462,451,Travis Best,1996-97,December,New Jersey Nets,Indiana Pacers,20,4,2,0,1,4,3
464,417,Robert Pack,1996-97,December,New Jersey Nets,Indiana Pacers,22,13,8,0,2,4,4
