id,previous_id,player,season,month,team,opponent_team,points,assists,rebounds,blocks,steals,turnovers,personal fouls
1,0,Chris Webber,1996-97,December,Washington Bullets,Atlanta Hawks,2,0,0,0,0,0,0
2,0,Rod Strickland,1996-97,December,Washington Bullets,Atlanta Hawks,0,1,0,0,0,0,0
3,0,Christian Laettner,1996-97,December,Atlanta Hawks,Washington Bullets,2,0,0,0,0,0,0
4,0,Mookie Blaylock,1996-97,December,Atlanta Hawks,Washington Bullets,0,1,0,0,0,0,0
5,0,Calbert Cheaney,1996-97,December,Washington Bullets,Atlanta Hawks,0,0,0,0,0,1,0
6,4,Mookie Blaylock,1996-97,December,Atlanta Hawks,Washington Bullets,0,1,0,0,1,0,0
7,6,Mookie Blaylock,1996-97,December,Atlanta Hawks,Washington Bullets,2,1,0,0,1,0,0
9,3,Christian Laettner,1996-97,December,Atlanta Hawks,Washington Bullets,2,0,1,0,0,0,0
10,7,Mookie Blaylock,1996-97,December,Atlanta Hawks,Washington Bullets,2,1,0,0,1,1,0
11,0,Gheorghe Muresan,1996-97,December,Washington Bullets,Atlanta Hawks,0,0,0,0,1,0,0
13,0,Dikembe Mutombo,1996-97,December,Atlanta Hawks,Washington Bullets,0,0,1,0,0,0,0
14,10,Mookie Blaylock,1996-97,December,Atlanta Hawks,Washington Bullets,4,1,0,0,1,1,0
15,13,Dikembe Mutombo,1996-97,December,Atlanta Hawks,Washington Bullets,0,1,1,0,0,0,0
16,0,Juwan Howard,1996-97,December,Washington Bullets,Atlanta Hawks,0,0,0,0,0,0,1
17,14,Mookie Blaylock,1996-97,December,Atlanta Hawks,Washington Bullets,5,1,0,0,1,1,0
19,0,Henry James,1996-97,December,Atlanta Hawks,Washington Bullets,0,0,1,0,0,0,0
21,16,Juwan Howard,1996-97,December,Washington Bullets,Atlanta Hawks,0,0,1,0,0,0,1
22,9,Christian Laettner,1996-97,December,Atlanta Hawks,Washington Bullets,2,0,1,0,0,0,1
24,22,Christian Laettner,1996-97,December,Atlanta Hawks,Washington Bullets,2,0,2,0,0,0,1
25,17,Mookie Blaylock,1996-97,December,Atlanta Hawks,Washington Bullets,8,1,0,0,1,1,0
26,0,Steven Smith,1996-97,December,Atlanta Hawks,Washington Bullets,0,1,0,0,0,0,0
27,11,Gheorghe Muresan,1996-97,December,Washington Bullets,Atlanta Hawks,2,0,0,0,1,0,0
28,5,Calbert Cheaney,1996-97,December,Washington Bullets,Atlanta Hawks,0,1,0,0,0,1,0
29,28,Calbert Cheaney,1996-97,December,Washington Bullets,Atlanta Hawks,0,1,0,0,0,1,1
31,15,Dikembe Mutombo,1996-97,December,Atlanta Hawks,Washington Bullets,1,1,1,0,0,0,0
32,27,Gheorghe Muresan,1996-97,December,Washington Bullets,Atlanta Hawks,4,0,0,0,1,0,0
33,1,Chris Webber,1996-97,December,Washington Bullets,Atlanta Hawks,2,1,0,0,0,0,0
34,26,Steven Smith,1996-97,December,Atlanta Hawks,Washington Bullets,0,1,0,0,0,1,0
35,29,Calbert Cheaney,1996-97,December,Washington Bullets,Atlanta Hawks,0,1,0,0,1,1,1
36,21,Juwan Howard,1996-97,December,Washington Bullets,Atlanta Hawks,2,0,1,0,0,0,1
37,24,Christian Laettner,1996-97,December,Atlanta Hawks,Washington Bullets,4,0,2,0,0,0,1
38,25,Mookie Blaylock,1996-97,December,Atlanta Hawks,Washington Bullets,8,2,0,0,1,1,0
39,2,Rod Strickland,1996-97,December,Washington Bullets,Atlanta Hawks,2,1,0,0,0,0,0
41,36,Juwan Howard,1996-97,December,Washington Bullets,Atlanta Hawks,2,0,2,0,0,0,1
42,38,Mookie Blaylock,1996-97,December,Atlanta Hawks,Washington Bullets,8,2,0,0,1,1,1
44,33,Chris Webber,1996-97,December,Washington Bullets,Atlanta Hawks,2,1,1,0,0,0,0
45,44,Chris Webber,1996-97,December,Washington Bullets,Atlanta Hawks,4,1,1,0,0,0,0
46,19,Henry James,1996-97,December,Atlanta Hawks,Washington Bullets,2,0,1,0,0,0,0
47,37,Christian Laettner,1996-97,December,Atlanta Hawks,Washington Bullets,4,1,2,0,0,0,1
49,34,Steven Smith,1996-97,December,Atlanta Hawks,Washington Bullets,0,1,1,0,0,1,0
50,42,Mookie Blaylock,1996-97,December,Atlanta Hawks,Washington Bullets,8,2,0,0,1,2,1
51,41,Juwan Howard,1996-97,December,Washington Bullets,Atlanta Hawks,4,0,2,0,0,0,1
52,45,Chris Webber,1996-97,December,Washington Bullets,Atlanta Hawks,4,2,1,0,0,0,0
53,47,Christian Laettner,1996-97,December,Atlanta Hawks,Washington Bullets,6,1,2,0,0,0,1
54,49,Steven Smith,1996-97,December,Atlanta Hawks,Washington Bullets,0,2,1,0,0,1,0
56,32,Gheorghe Muresan,1996-97,December,Washington Bullets,Atlanta Hawks,4,0,1,0,1,0,0
58,51,Juwan Howard,1996-97,December,Washington Bullets,Atlanta Hawks,4,0,3,0,0,0,1
59,46,Henry James,1996-97,December,Atlanta Hawks,Washington Bullets,2,0,1,0,0,0,1
60,58,Juwan Howard,1996-97,December,Washington Bullets,Atlanta Hawks,5,0,3,0,0,0,1
62,53,Christian Laettner,1996-97,December,Atlanta Hawks,Washington Bullets,6,1,3,0,0,0,1
64,60,Juwan Howard,1996-97,December,Washington Bullets,Atlanta Hawks,5,0,4,0,0,0,1
65,39,Rod Strickland,1996-97,December,Washington Bullets,Atlanta Hawks,2,1,0,0,0,1,0
66,50,Mookie Blaylock,1996-97,December,Atlanta Hawks,Washington Bullets,8,2,0,0,2,2,1
67,59,Henry James,1996-97,December,Atlanta Hawks,Washington Bullets,4,0,1,0,0,0,1
68,35,Calbert Cheaney,1996-97,December,Washington Bullets,Atlanta Hawks,0,1,0,0,1,1,2
69,68,Calbert Cheaney,1996-97,December,Washington Bullets,Atlanta Hawks,0,1,0,0,1,2,2
70,54,Steven Smith,1996-97,December,Atlanta Hawks,Washington Bullets,0,2,1,0,0,2,0
71,64,Juwan Howard,1996-97,December,Washington Bullets,Atlanta Hawks,7,0,4,0,0,0,1
74,31,Dikembe Mutombo,1996-97,December,Atlanta Hawks,Washington Bullets,1,1,2,0,0,0,0
76,71,Juwan Howard,1996-97,December,Washington Bullets,Atlanta Hawks,7,0,5,0,0,0,1
77,52,Chris Webber,1996-97,December,Washington Bullets,Atlanta Hawks,6,2,1,0,0,0,0
78,65,Rod Strickland,1996-97,December,Washington Bullets,Atlanta Hawks,2,2,0,0,0,1,0
80,74,Dikembe Mutombo,1996-97,December,Atlanta Hawks,Washington Bullets,1,1,3,0,0,0,0
81,80,Dikembe Mutombo,1996-97,December,Atlanta Hawks,Washington Bullets,3,1,3,0,0,0,0
82,0,Harvey Grant,1996-97,December,Washington Bullets,Atlanta Hawks,0,0,0,0,0,0,1
83,81,Dikembe Mutombo,1996-97,December,Atlanta Hawks,Washington Bullets,4,1,3,0,0,0,0
84,76,Juwan Howard,1996-97,December,Washington Bullets,Atlanta Hawks,9,0,5,0,0,0,1
85,78,Rod Strickland,1996-97,December,Washington Bullets,Atlanta Hawks,2,3,0,0,0,1,0
87,77,Chris Webber,1996-97,December,Washington Bullets,Atlanta Hawks,6,2,1,1,0,0,0
89,0,Jaren Jackson,1996-97,December,Washington Bullets,Atlanta Hawks,0,0,1,0,0,0,0
91,84,Juwan Howard,1996-97,December,Washington Bullets,Atlanta Hawks,9,0,6,0,0,0,1
92,87,Chris Webber,1996-97,December,Washington Bullets,Atlanta Hawks,8,2,1,1,0,0,0
93,85,Rod Strickland,1996-97,December,Washington Bullets,Atlanta Hawks,2,4,0,0,0,1,0
94,66,Mookie Blaylock,1996-97,December,Atlanta Hawks,Washington Bullets,10,2,0,0,2,2,1
96,0,Ivano Newbill,1996-97,December,Atlanta Hawks,Washington Bullets,0,0,1,0,0,0,0
97,67,Henry James,1996-97,December,Atlanta Hawks,Washington Bullets,4,0,1,0,0,1,1
98,93,Rod Strickland,1996-97,December,Washington Bullets,Atlanta Hawks,2,4,0,0,1,1,0
99,96,Ivano Newbill,1996-97,December,Atlanta Hawks,Washington Bullets,0,0,1,0,0,0,1
100,82,Harvey Grant,1996-97,December,Washington Bullets,Atlanta Hawks,1,0,0,0,0,0,1
101,100,Harvey Grant,1996-97,December,Washington Bullets,Atlanta Hawks,2,0,0,0,0,0,1
103,0,Eldridge Recasner,1996-97,December,Atlanta Hawks,Washington Bullets,0,0,1,0,0,0,0
105,0,Tracy Murray,1996-97,December,Washington Bullets,Atlanta Hawks,0,0,1,0,0,0,0
106,89,Jaren Jackson,1996-97,December,Washington Bullets,Atlanta Hawks,2,0,1,0,0,0,0
107,92,Chris Webber,1996-97,December,Washington Bullets,Atlanta Hawks,8,3,1,1,0,0,0
108,94,Mookie Blaylock,1996-97,December,Atlanta Hawks,Washington Bullets,12,2,0,0,2,2,1
109,103,Eldridge Recasner,1996-97,December,Atlanta Hawks,Washington Bullets,0,1,1,0,0,0,0
110,109,Eldridge Recasner,1996-97,December,Atlanta Hawks,Washington Bullets,0,1,1,0,0,0,1
112,99,Ivano Newbill,1996-97,December,Atlanta Hawks,Washington Bullets,0,0,2,0,0,0,1
113,97,Henry James,1996-97,December,Atlanta Hawks,Washington Bullets,6,0,1,0,0,1,1
114,108,Mookie Blaylock,1996-97,December,Atlanta Hawks,Washington Bullets,12,3,0,0,2,2,1
116,62,Christian Laettner,1996-97,December,Atlanta Hawks,Washington Bullets,6,1,4,0,0,0,1
118,116,Christian Laettner,1996-97,December,Atlanta Hawks,Washington Bullets,6,1,5,0,0,0,1
120,118,Christian Laettner,1996-97,December,Atlanta Hawks,Washington Bullets,6,1,6,0,0,0,1
121,101,Harvey Grant,1996-97,December,Washington Bullets,Atlanta Hawks,2,0,0,0,0,0,2
122,120,Christian Laettner,1996-97,December,Atlanta Hawks,Washington Bullets,7,1,6,0,0,0,1
123,122,Christian Laettner,1996-97,December,Atlanta Hawks,Washington Bullets,8,1,6,0,0,0,1
124,112,Ivano Newbill,1996-97,December,Atlanta Hawks,Washington Bullets,0,0,2,0,0,0,2
125,0,Chris Whitney,1996-97,December,Washington Bullets,Atlanta Hawks,0,0,0,0,0,1,0
126,0,Willie Burton,1996-97,December,Atlanta Hawks,Washington Bullets,0,0,0,0,1,0,0
128,124,Ivano Newbill,1996-97,December,Atlanta Hawks,Washington Bullets,0,0,3,0,0,0,2
129,128,Ivano Newbill,1996-97,December,Atlanta Hawks,Washington Bullets,2,0,3,0,0,0,2
130,56,Gheorghe Muresan,1996-97,December,Washington Bullets,Atlanta Hawks,6,0,1,0,1,0,0
131,105,Tracy Murray,1996-97,December,Washington Bullets,Atlanta Hawks,0,1,1,0,0,0,0
132,123,Christian Laettner,1996-97,December,Atlanta Hawks,Washington Bullets,10,1,6,0,0,0,1
133,131,Tracy Murray,1996-97,December,Washington Bullets,Atlanta Hawks,2,1,1,0,0,0,0
134,125,Chris Whitney,1996-97,December,Washington Bullets,Atlanta Hawks,0,1,0,0,0,1,0
135,132,Christian Laettner,1996-97,December,Atlanta Hawks,Washington Bullets,10,1,6,0,0,1,1
138,91,Juwan Howard,1996-97,December,Washington Bullets,Atlanta Hawks,9,0,7,0,0,0,1
140,133,Tracy Murray,1996-97,December,Washington Bullets,Atlanta Hawks,2,1,2,0,0,0,0
141,130,Gheorghe Muresan,1996-97,December,Washington Bullets,Atlanta Hawks,8,0,1,0,1,0,0
142,140,Tracy Murray,1996-97,December,Washington Bullets,Atlanta Hawks,2,2,2,0,0,0,0
144,142,Tracy Murray,1996-97,December,Washington Bullets,Atlanta Hawks,2,2,3,0,0,0,0
146,126,Willie Burton,1996-97,December,Atlanta Hawks,Washington Bullets,0,0,1,0,1,0,0
147,135,Christian Laettner,1996-97,December,Atlanta Hawks,Washington Bullets,12,1,6,0,0,1,1
148,110,Eldridge Recasner,1996-97,December,Atlanta Hawks,Washington Bullets,0,2,1,0,0,0,1
149,83,Dikembe Mutombo,1996-97,December,Atlanta Hawks,Washington Bullets,4,1,3,0,0,0,1
151,149,Dikembe Mutombo,1996-97,December,Atlanta Hawks,Washington Bullets,4,1,4,0,0,0,1
152,144,Tracy Murray,1996-97,December,Washington Bullets,Atlanta Hawks,2,2,3,0,0,0,1
154,141,Gheorghe Muresan,1996-97,December,Washington Bullets,Atlanta Hawks,8,0,2,0,1,0,0
155,154,Gheorghe Muresan,1996-97,December,Washington Bullets,Atlanta Hawks,8,0,2,0,1,1,0
156,70,Steven Smith,1996-97,December,Atlanta Hawks,Washington Bullets,0,2,1,0,1,2,0
158,138,Juwan Howard,1996-97,December,Washington Bullets,Atlanta Hawks,9,0,8,0,0,0,1
160,155,Gheorghe Muresan,1996-97,December,Washington Bullets,Atlanta Hawks,8,0,3,0,1,1,0
162,152,Tracy Murray,1996-97,December,Washington Bullets,Atlanta Hawks,2,2,4,0,0,0,1
163,158,Juwan Howard,1996-97,December,Washington Bullets,Atlanta Hawks,11,0,8,0,0,0,1
164,162,Tracy Murray,1996-97,December,Washington Bullets,Atlanta Hawks,2,3,4,0,0,0,1
165,156,Steven Smith,1996-97,December,Atlanta Hawks,Washington Bullets,0,2,1,0,1,2,1
166,163,Juwan Howard,1996-97,December,Washington Bullets,Atlanta Hawks,12,0,8,0,0,0,1
168,166,Juwan Howard,1996-97,December,Washington Bullets,Atlanta Hawks,12,0,9,0,0,0,1
169,98,Rod Strickland,1996-97,December,Washington Bullets,Atlanta Hawks,4,4,0,0,1,1,0
170,168,Juwan Howard,1996-97,December,Washington Bullets,Atlanta Hawks,12,1,9,0,0,0,1
172,160,Gheorghe Muresan,1996-97,December,Washington Bullets,Atlanta Hawks,8,0,4,0,1,1,0
174,147,Christian Laettner,1996-97,December,Atlanta Hawks,Washington Bullets,12,1,7,0,0,1,1
175,113,Henry James,1996-97,December,Atlanta Hawks,Washington Bullets,9,0,1,0,0,1,1
176,165,Steven Smith,1996-97,December,Atlanta Hawks,Washington Bullets,0,3,1,0,1,2,1
177,170,Juwan Howard,1996-97,December,Washington Bullets,Atlanta Hawks,12,1,9,0,0,0,2
178,177,Juwan Howard,1996-97,December,Washington Bullets,Atlanta Hawks,12,1,9,0,0,1,2
179,174,Christian Laettner,1996-97,December,Atlanta Hawks,Washington Bullets,15,1,7,0,0,1,1
181,107,Chris Webber,1996-97,December,Washington Bullets,Atlanta Hawks,8,3,2,1,0,0,0
183,181,Chris Webber,1996-97,December,Washington Bullets,Atlanta Hawks,8,3,3,1,0,0,0
184,176,Steven Smith,1996-97,December,Atlanta Hawks,Washington Bullets,0,3,1,0,1,2,2
188,172,Gheorghe Muresan,1996-97,December,Washington Bullets,Atlanta Hawks,8,0,5,0,1,1,0
189,178,Juwan Howard,1996-97,December,Washington Bullets,Atlanta Hawks,12,1,9,0,0,2,2
190,114,Mookie Blaylock,1996-97,December,Atlanta Hawks,Washington Bullets,12,3,0,0,3,2,1
191,190,Mookie Blaylock,1996-97,December,Atlanta Hawks,Washington Bullets,12,3,0,0,3,3,1
192,183,Chris Webber,1996-97,December,Washington Bullets,Atlanta Hawks,8,3,3,1,1,0,0
194,129,Ivano Newbill,1996-97,December,Atlanta Hawks,Washington Bullets,2,0,3,1,0,0,2
195,189,Juwan Howard,1996-97,December,Washington Bullets,Atlanta Hawks,12,1,9,0,0,2,3
196,175,Henry James,1996-97,December,Atlanta Hawks,Washington Bullets,9,0,1,0,0,1,2
197,196,Henry James,1996-97,December,Atlanta Hawks,Washington Bullets,9,0,1,0,0,2,2
198,188,Gheorghe Muresan,1996-97,December,Washington Bullets,Atlanta Hawks,10,0,5,0,1,1,0
199,192,Chris Webber,1996-97,December,Washington Bullets,Atlanta Hawks,8,4,3,1,1,0,0
200,191,Mookie Blaylock,1996-97,December,Atlanta Hawks,Washington Bullets,15,3,0,0,3,3,1
201,179,Christian Laettner,1996-97,December,Atlanta Hawks,Washington Bullets,15,2,7,0,0,1,1
202,194,Ivano Newbill,1996-97,December,Atlanta Hawks,Washington Bullets,2,0,3,1,0,0,3
203,169,Rod Strickland,1996-97,December,Washington Bullets,Atlanta Hawks,5,4,0,0,1,1,0
204,203,Rod Strickland,1996-97,December,Washington Bullets,Atlanta Hawks,6,4,0,0,1,1,0
205,200,Mookie Blaylock,1996-97,December,Atlanta Hawks,Washington Bullets,15,3,0,0,3,4,1
206,204,Rod Strickland,1996-97,December,Washington Bullets,Atlanta Hawks,6,4,0,0,2,1,0
207,199,Chris Webber,1996-97,December,Washington Bullets,Atlanta Hawks,10,4,3,1,1,0,0
208,69,Calbert Cheaney,1996-97,December,Washington Bullets,Atlanta Hawks,0,2,0,0,1,2,2
209,205,Mookie Blaylock,1996-97,December,Atlanta Hawks,Washington Bullets,17,3,0,0,3,4,1
210,197,Henry James,1996-97,December,Atlanta Hawks,Washington Bullets,9,0,1,0,0,2,3
212,195,Juwan Howard,1996-97,December,Washington Bullets,Atlanta Hawks,13,1,9,0,0,2,3
214,198,Gheorghe Muresan,1996-97,December,Washington Bullets,Atlanta Hawks,10,0,6,0,1,1,0
216,184,Steven Smith,1996-97,December,Atlanta Hawks,Washington Bullets,0,3,2,0,1,2,2
217,201,Christian Laettner,1996-97,December,Atlanta Hawks,Washington Bullets,17,2,7,0,0,1,1
218,209,Mookie Blaylock,1996-97,December,Atlanta Hawks,Washington Bullets,17,4,0,0,3,4,1
219,121,Harvey Grant,1996-97,December,Washington Bullets,Atlanta Hawks,2,0,0,0,0,0,3
220,217,Christian Laettner,1996-97,December,Atlanta Hawks,Washington Bullets,18,2,7,0,0,1,1
222,219,Harvey Grant,1996-97,December,Washington Bullets,Atlanta Hawks,2,0,1,0,0,0,3
223,222,Harvey Grant,1996-97,December,Washington Bullets,Atlanta Hawks,4,0,1,0,0,0,3
224,220,Christian Laettner,1996-97,December,Atlanta Hawks,Washington Bullets,18,2,7,0,0,2,1
225,207,Chris Webber,1996-97,December,Washington Bullets,Atlanta Hawks,10,4,3,1,2,0,0
226,212,Juwan Howard,1996-97,December,Washington Bullets,Atlanta Hawks,15,1,9,0,0,2,3
227,206,Rod Strickland,1996-97,December,Washington Bullets,Atlanta Hawks,6,5,0,0,2,1,0
229,216,Steven Smith,1996-97,December,Atlanta Hawks,Washington Bullets,0,3,2,0,1,2,3
231,214,Gheorghe Muresan,1996-97,December,Washington Bullets,Atlanta Hawks,10,0,7,0,1,1,0
233,208,Calbert Cheaney,1996-97,December,Washington Bullets,Atlanta Hawks,0,2,1,0,1,2,2
234,233,Calbert Cheaney,1996-97,December,Washington Bullets,Atlanta Hawks,2,2,1,0,1,2,2
235,224,Christian Laettner,1996-97,December,Atlanta Hawks,Washington Bullets,20,2,7,0,0,2,1
236,218,Mookie Blaylock,1996-97,December,Atlanta Hawks,Washington Bullets,17,5,0,0,3,4,1
238,210,Henry James,1996-97,December,Atlanta Hawks,Washington Bullets,9,0,2,0,0,2,3
239,234,Calbert Cheaney,1996-97,December,Washington Bullets,Atlanta Hawks,2,2,1,0,1,2,3
240,151,Dikembe Mutombo,1996-97,December,Atlanta Hawks,Washington Bullets,4,1,4,0,0,1,1
242,236,Mookie Blaylock,1996-97,December,Atlanta Hawks,Washington Bullets,17,5,1,0,3,4,1
244,240,Dikembe Mutombo,1996-97,December,Atlanta Hawks,Washington Bullets,4,1,5,0,0,1,1
245,244,Dikembe Mutombo,1996-97,December,Atlanta Hawks,Washington Bullets,6,1,5,0,0,1,1
247,242,Mookie Blaylock,1996-97,December,Atlanta Hawks,Washington Bullets,17,5,2,0,3,4,1
248,245,Dikembe Mutombo,1996-97,December,Atlanta Hawks,Washington Bullets,6,1,5,0,0,2,1
249,239,Calbert Cheaney,1996-97,December,Washington Bullets,Atlanta Hawks,2,2,1,0,2,2,3
250,226,Juwan Howard,1996-97,December,Washington Bullets,Atlanta Hawks,17,1,9,0,0,2,3
251,227,Rod Strickland,1996-97,December,Washington Bullets,Atlanta Hawks,6,6,0,0,2,1,0
253,249,Calbert Cheaney,1996-97,December,Washington Bullets,Atlanta Hawks,2,2,2,0,2,2,3
254,250,Juwan Howard,1996-97,December,Washington Bullets,Atlanta Hawks,19,1,9,0,0,2,3
255,251,Rod Strickland,1996-97,December,Washington Bullets,Atlanta Hawks,6,7,0,0,2,1,0
257,225,Chris Webber,1996-97,December,Washington Bullets,Atlanta Hawks,10,4,4,1,2,0,0
258,257,Chris Webber,1996-97,December,Washington Bullets,Atlanta Hawks,13,4,4,1,2,0,0
259,254,Juwan Howard,1996-97,December,Washington Bullets,Atlanta Hawks,19,2,9,0,0,2,3
260,247,Mookie Blaylock,1996-97,December,Atlanta Hawks,Washington Bullets,20,5,2,0,3,4,1
261,255,Rod Strickland,1996-97,December,Washington Bullets,Atlanta Hawks,8,7,0,0,2,1,0
262,259,Juwan Howard,1996-97,December,Washington Bullets,Atlanta Hawks,19,3,9,0,0,2,3
264,258,Chris Webber,1996-97,December,Washington Bullets,Atlanta Hawks,13,4,5,1,2,0,0
265,261,Rod Strickland,1996-97,December,Washington Bullets,Atlanta Hawks,10,7,0,0,2,1,0
266,264,Chris Webber,1996-97,December,Washington Bullets,Atlanta Hawks,13,5,5,1,2,0,0
267,260,Mookie Blaylock,1996-97,December,Atlanta Hawks,Washington Bullets,23,5,2,0,3,4,1
268,229,Steven Smith,1996-97,December,Atlanta Hawks,Washington Bullets,0,4,2,0,1,2,3
269,265,Rod Strickland,1996-97,December,Washington Bullets,Atlanta Hawks,12,7,0,0,2,1,0
270,231,Gheorghe Muresan,1996-97,December,Washington Bullets,Atlanta Hawks,10,0,7,0,1,1,1
271,268,Steven Smith,1996-97,December,Atlanta Hawks,Washington Bullets,1,4,2,0,1,2,3
273,266,Chris Webber,1996-97,December,Washington Bullets,Atlanta Hawks,13,5,6,1,2,0,0
275,267,Mookie Blaylock,1996-97,December,Atlanta Hawks,Washington Bullets,23,5,3,0,3,4,1
276,235,Christian Laettner,1996-97,December,Atlanta Hawks,Washington Bullets,23,2,7,0,0,2,1
277,238,Henry James,1996-97,December,Atlanta Hawks,Washington Bullets,9,1,2,0,0,2,3
279,248,Dikembe Mutombo,1996-97,December,Atlanta Hawks,Washington Bullets,6,1,6,0,0,2,1
281,270,Gheorghe Muresan,1996-97,December,Washington Bullets,Atlanta Hawks,10,0,7,0,1,1,2
282,269,Rod Strickland,1996-97,December,Washington Bullets,Atlanta Hawks,12,7,0,0,2,1,1
283,275,Mookie Blaylock,1996-97,December,Atlanta Hawks,Washington Bullets,24,5,3,0,3,4,1
284,283,Mookie Blaylock,1996-97,December,Atlanta Hawks,Washington Bullets,25,5,3,0,3,4,1
285,262,Juwan Howard,1996-97,December,Washington Bullets,Atlanta Hawks,21,3,9,0,0,2,3
286,273,Chris Webber,1996-97,December,Washington Bullets,Atlanta Hawks,13,6,6,1,2,0,0
288,286,Chris Webber,1996-97,December,Washington Bullets,Atlanta Hawks,13,6,6,2,2,0,0
289,282,Rod Strickland,1996-97,December,Washington Bullets,Atlanta Hawks,12,7,1,0,2,1,1
291,284,Mookie Blaylock,1996-97,December,Atlanta Hawks,Washington Bullets,25,5,4,0,3,4,1
293,281,Gheorghe Muresan,1996-97,December,Washington Bullets,Atlanta Hawks,10,0,8,0,1,1,2
294,276,Christian Laettner,1996-97,December,Atlanta Hawks,Washington Bullets,23,2,7,0,0,2,2
295,289,Rod Strickland,1996-97,December,Washington Bullets,Atlanta Hawks,13,7,1,0,2,1,1
296,295,Rod Strickland,1996-97,December,Washington Bullets,Atlanta Hawks,14,7,1,0,2,1,1
297,291,Mookie Blaylock,1996-97,December,Atlanta Hawks,Washington Bullets,25,5,4,0,3,5,1
298,223,Harvey Grant,1996-97,December,Washington Bullets,Atlanta Hawks,4,0,1,0,1,0,3
300,288,Chris Webber,1996-97,December,Washington Bullets,Atlanta Hawks,13,6,7,2,2,0,0
301,285,Juwan Howard,1996-97,December,Washington Bullets,Atlanta Hawks,23,3,9,0,0,2,3
302,300,Chris Webber,1996-97,December,Washington Bullets,Atlanta Hawks,13,7,7,2,2,0,0
303,294,Christian Laettner,1996-97,December,Atlanta Hawks,Washington Bullets,23,2,7,0,0,2,3
305,303,Christian Laettner,1996-97,December,Atlanta Hawks,Washington Bullets,23,2,8,0,0,2,3
306,271,Steven Smith,1996-97,December,Atlanta Hawks,Washington Bullets,3,4,2,0,1,2,3
308,302,Chris Webber,1996-97,December,Washington Bullets,Atlanta Hawks,13,7,8,2,2,0,0
309,308,Chris Webber,1996-97,December,Washington Bullets,Atlanta Hawks,15,7,8,2,2,0,0
310,148,Eldridge Recasner,1996-97,December,Atlanta Hawks,Washington Bullets,0,2,1,0,0,0,2
311,309,Chris Webber,1996-97,December,Washington Bullets,Atlanta Hawks,16,7,8,2,2,0,0
313,305,Christian Laettner,1996-97,December,Atlanta Hawks,Washington Bullets,23,2,9,0,0,2,3
314,306,Steven Smith,1996-97,December,Atlanta Hawks,Washington Bullets,3,4,2,0,1,3,3
316,313,Christian Laettner,1996-97,December,Atlanta Hawks,Washington Bullets,23,2,10,0,0,2,3
318,298,Harvey Grant,1996-97,December,Washington Bullets,Atlanta Hawks,4,0,2,0,1,0,3
319,318,Harvey Grant,1996-97,December,Washington Bullets,Atlanta Hawks,7,0,2,0,1,0,3
320,296,Rod Strickland,1996-97,December,Washington Bullets,Atlanta Hawks,14,8,1,0,2,1,1
321,301,Juwan Howard,1996-97,December,Washington Bullets,Atlanta Hawks,23,3,9,0,0,2,4
322,297,Mookie Blaylock,1996-97,December,Atlanta Hawks,Washington Bullets,26,5,4,0,3,5,1
323,322,Mookie Blaylock,1996-97,December,Atlanta Hawks,Washington Bullets,27,5,4,0,3,5,1
324,311,Chris Webber,1996-97,December,Washington Bullets,Atlanta Hawks,18,7,8,2,2,0,0
325,319,Harvey Grant,1996-97,December,Washington Bullets,Atlanta Hawks,7,1,2,0,1,0,3
327,202,Ivano Newbill,1996-97,December,Atlanta Hawks,Washington Bullets,2,0,4,1,0,0,3
328,327,Ivano Newbill,1996-97,December,Atlanta Hawks,Washington Bullets,2,0,4,1,0,0,4
329,328,Ivano Newbill,1996-97,December,Atlanta Hawks,Washington Bullets,2,0,4,1,0,1,4
330,329,Ivano Newbill,1996-97,December,Atlanta Hawks,Washington Bullets,2,0,4,1,0,1,4
331,134,Chris Whitney,1996-97,December,Washington Bullets,Atlanta Hawks,1,1,0,0,0,1,0
333,323,Mookie Blaylock,1996-97,December,Atlanta Hawks,Washington Bullets,27,5,4,1,3,5,1
335,330,Ivano Newbill,1996-97,December,Atlanta Hawks,Washington Bullets,2,0,5,1,0,1,4
337,335,Ivano Newbill,1996-97,December,Atlanta Hawks,Washington Bullets,2,0,6,1,0,1,4
338,337,Ivano Newbill,1996-97,December,Atlanta Hawks,Washington Bullets,4,0,6,1,0,1,4
339,333,Mookie Blaylock,1996-97,December,Atlanta Hawks,Washington Bullets,27,6,4,1,3,5,1
340,324,Chris Webber,1996-97,December,Washington Bullets,Atlanta Hawks,20,7,8,2,2,0,0
342,340,Chris Webber,1996-97,December,Washington Bullets,Atlanta Hawks,20,7,9,2,2,0,0
343,342,Chris Webber,1996-97,December,Washington Bullets,Atlanta Hawks,20,7,9,2,2,1,0
344,338,Ivano Newbill,1996-97,December,Atlanta Hawks,Washington Bullets,4,0,6,1,1,1,4
346,164,Tracy Murray,1996-97,December,Washington Bullets,Atlanta Hawks,2,3,5,0,0,0,1
347,106,Jaren Jackson,1996-97,December,Washington Bullets,Atlanta Hawks,2,0,1,0,0,0,1
348,347,Jaren Jackson,1996-97,December,Washington Bullets,Atlanta Hawks,2,0,1,0,0,1,1
349,316,Christian Laettner,1996-97,December,Atlanta Hawks,Washington Bullets,23,2,10,0,0,3,3
350,343,Chris Webber,1996-97,December,Washington Bullets,Atlanta Hawks,20,7,9,2,3,1,0
351,348,Jaren Jackson,1996-97,December,Washington Bullets,Atlanta Hawks,2,0,1,0,0,2,1
352,310,Eldridge Recasner,1996-97,December,Atlanta Hawks,Washington Bullets,0,2,1,0,1,0,2
353,352,Eldridge Recasner,1996-97,December,Atlanta Hawks,Washington Bullets,2,2,1,0,1,0,2
354,346,Tracy Murray,1996-97,December,Washington Bullets,Atlanta Hawks,4,3,5,0,0,0,1
355,331,Chris Whitney,1996-97,December,Washington Bullets,Atlanta Hawks,1,2,0,0,0,1,0
356,349,Christian Laettner,1996-97,December,Atlanta Hawks,Washington Bullets,25,2,10,0,0,3,3
357,339,Mookie Blaylock,1996-97,December,Atlanta Hawks,Washington Bullets,27,7,4,1,3,5,1
358,353,Eldridge Recasner,1996-97,December,Atlanta Hawks,Washington Bullets,2,2,1,0,1,0,3
360,356,Christian Laettner,1996-97,December,Atlanta Hawks,Washington Bullets,25,2,11,0,0,3,3
362,350,Chris Webber,1996-97,December,Washington Bullets,Atlanta Hawks,20,7,9,3,3,1,0
364,321,Juwan Howard,1996-97,December,Washington Bullets,Atlanta Hawks,23,3,10,0,0,2,4
366,358,Eldridge Recasner,1996-97,December,Atlanta Hawks,Washington Bullets,2,2,2,0,1,0,3
367,366,Eldridge Recasner,1996-97,December,Atlanta Hawks,Washington Bullets,2,2,2,0,1,1,3
368,354,Tracy Murray,1996-97,December,Washington Bullets,Atlanta Hawks,4,3,5,0,1,0,1
369,364,Juwan Howard,1996-97,December,Washington Bullets,Atlanta Hawks,25,3,10,0,0,2,4
370,355,Chris Whitney,1996-97,December,Washington Bullets,Atlanta Hawks,1,3,0,0,0,1,0
372,279,Dikembe Mutombo,1996-97,December,Atlanta Hawks,Washington Bullets,6,1,7,0,0,2,1
373,320,Rod Strickland,1996-97,December,Washington Bullets,Atlanta Hawks,14,8,1,0,2,1,2
376,344,Ivano Newbill,1996-97,December,Atlanta Hawks,Washington Bullets,4,0,6,1,1,1,5
378,376,Ivano Newbill,1996-97,December,Atlanta Hawks,Washington Bullets,4,0,7,1,1,1,5
380,293,Gheorghe Muresan,1996-97,December,Washington Bullets,Atlanta Hawks,10,0,9,0,1,1,2
381,378,Ivano Newbill,1996-97,December,Atlanta Hawks,Washington Bullets,4,0,7,1,1,1,6
382,373,Rod Strickland,1996-97,December,Washington Bullets,Atlanta Hawks,14,8,1,0,2,2,2
383,360,Christian Laettner,1996-97,December,Atlanta Hawks,Washington Bullets,25,2,11,0,1,3,3
384,362,Chris Webber,1996-97,December,Washington Bullets,Atlanta Hawks,20,7,9,3,3,1,1
385,367,Eldridge Recasner,1996-97,December,Atlanta Hawks,Washington Bullets,3,2,2,0,1,1,3
386,385,Eldridge Recasner,1996-97,December,Atlanta Hawks,Washington Bullets,4,2,2,0,1,1,3
387,380,Gheorghe Muresan,1996-97,December,Washington Bullets,Atlanta Hawks,12,0,9,0,1,1,2
388,382,Rod Strickland,1996-97,December,Washington Bullets,Atlanta Hawks,14,9,1,0,2,2,2
389,277,Henry James,1996-97,December,Atlanta Hawks,Washington Bullets,12,1,2,0,0,2,3
390,314,Steven Smith,1996-97,December,Atlanta Hawks,Washington Bullets,3,5,2,0,1,3,3
391,387,Gheorghe Muresan,1996-97,December,Washington Bullets,Atlanta Hawks,14,0,9,0,1,1,2
392,384,Chris Webber,1996-97,December,Washington Bullets,Atlanta Hawks,20,8,9,3,3,1,1
394,369,Juwan Howard,1996-97,December,Washington Bullets,Atlanta Hawks,25,3,11,0,0,2,4
395,372,Dikembe Mutombo,1996-97,December,Atlanta Hawks,Washington Bullets,6,1,7,0,0,2,2
397,391,Gheorghe Muresan,1996-97,December,Washington Bullets,Atlanta Hawks,14,0,10,0,1,1,2
398,397,Gheorghe Muresan,1996-97,December,Washington Bullets,Atlanta Hawks,16,0,10,0,1,1,2
400,388,Rod Strickland,1996-97,December,Washington Bullets,Atlanta Hawks,14,9,2,0,2,2,2
402,395,Dikembe Mutombo,1996-97,December,Atlanta Hawks,Washington Bullets,6,1,7,1,0,2,2
403,383,Christian Laettner,1996-97,December,Atlanta Hawks,Washington Bullets,25,2,12,0,1,3,3
405,368,Tracy Murray,1996-97,December,Washington Bullets,Atlanta Hawks,4,3,6,0,1,0,1
406,400,Rod Strickland,1996-97,December,Washington Bullets,Atlanta Hawks,16,9,2,0,2,2,2
408,406,Rod Strickland,1996-97,December,Washington Bullets,Atlanta Hawks,16,9,3,0,2,2,2
411,405,Tracy Murray,1996-97,December,Washington Bullets,Atlanta Hawks,4,3,7,0,1,0,1
412,411,Tracy Murray,1996-97,December,Washington Bullets,Atlanta Hawks,6,3,7,0,1,0,1
413,412,Tracy Murray,1996-97,December,Washington Bullets,Atlanta Hawks,6,3,7,0,1,0,2
414,390,Steven Smith,1996-97,December,Atlanta Hawks,Washington Bullets,5,5,2,0,1,3,3
416,394,Juwan Howard,1996-97,December,Washington Bullets,Atlanta Hawks,25,3,12,0,0,2,4
419,416,Juwan Howard,1996-97,December,Washington Bullets,Atlanta Hawks,25,3,13,0,0,2,4
422,392,Chris Webber,1996-97,December,Washington Bullets,Atlanta Hawks,20,8,9,4,3,1,1
423,398,Gheorghe Muresan,1996-97,December,Washington Bullets,Atlanta Hawks,16,0,11,0,1,1,2
425,423,Gheorghe Muresan,1996-97,December,Washington Bullets,Atlanta Hawks,16,0,12,0,1,1,2
426,402,Dikembe Mutombo,1996-97,December,Atlanta Hawks,Washington Bullets,6,1,7,1,0,2,3
427,425,Gheorghe Muresan,1996-97,December,Washington Bullets,Atlanta Hawks,17,0,12,0,1,1,2
428,427,Gheorghe Muresan,1996-97,December,Washington Bullets,Atlanta Hawks,18,0,12,0,1,1,2
429,0,Priest Lauderdale,1996-97,December,Atlanta Hawks,Washington Bullets,0,0,0,0,0,1,0
430,419,Juwan Howard,1996-97,December,Washington Bullets,Atlanta Hawks,25,3,13,0,1,2,4
431,403,Christian Laettner,1996-97,December,Atlanta Hawks,Washington Bullets,25,2,13,0,1,3,3
432,413,Tracy Murray,1996-97,December,Washington Bullets,Atlanta Hawks,6,3,7,0,1,0,3
434,389,Henry James,1996-97,December,Atlanta Hawks,Washington Bullets,13,1,2,0,0,2,3
436,429,Priest Lauderdale,1996-97,December,Atlanta Hawks,Washington Bullets,0,0,0,1,0,1,0
437,0,Ben Wallace,1996-97,December,Washington Bullets,Atlanta Hawks,0,0,0,0,0,1,0
438,437,Ben Wallace,1996-97,December,Washington Bullets,Atlanta Hawks,0,0,1,0,0,1,0
439,436,Priest Lauderdale,1996-97,December,Atlanta Hawks,Washington Bullets,2,0,0,1,0,1,0
440,386,Eldridge Recasner,1996-97,December,Atlanta Hawks,Washington Bullets,4,3,2,0,1,1,3
