id,previous_id,player,season,month,team,opponent_team,points,assists,rebounds,blocks,steals,turnovers,personal fouls
2,0,Malik Rose,1996-97,December,Detroit Pistons,Charlotte Hornets,0,0,0,1,0,0,0
3,0,Anthony Mason,1996-97,December,Charlotte Hornets,Detroit Pistons,0,0,1,0,0,0,0
5,0,Vlade Divac,1996-97,December,Charlotte Hornets,Detroit Pistons,0,0,1,0,0,0,0
7,0,Grant Hill,1996-97,December,Detroit Pistons,Charlotte Hornets,0,0,1,0,0,0,0
8,0,Otis Thorpe,1996-97,December,Detroit Pistons,Charlotte Hornets,2,0,0,0,0,0,0
9,7,Grant Hill,1996-97,December,Detroit Pistons,Charlotte Hornets,0,1,1,0,0,0,0
10,5,Vlade Divac,1996-97,December,Charlotte Hornets,Detroit Pistons,2,0,1,0,0,0,0
11,0,Glen Rice,1996-97,December,Charlotte Hornets,Detroit Pistons,0,1,0,0,0,0,0
12,0,Muggsy Bogues,1996-97,December,Charlotte Hornets,Detroit Pistons,0,0,0,0,0,0,1
14,10,Vlade Divac,1996-97,December,Charlotte Hornets,Detroit Pistons,2,0,2,0,0,0,0
16,0,Joe Dumars,1996-97,December,Detroit Pistons,Charlotte Hornets,0,0,1,0,0,0,0
17,8,Otis Thorpe,1996-97,December,Detroit Pistons,Charlotte Hornets,4,0,0,0,0,0,0
18,16,Joe Dumars,1996-97,December,Detroit Pistons,Charlotte Hornets,0,1,1,0,0,0,0
20,2,Malik Rose,1996-97,December,Charlotte Hornets,Detroit Pistons,0,0,1,1,0,0,0
21,12,Muggsy Bogues,1996-97,December,Charlotte Hornets,Detroit Pistons,2,0,0,0,0,0,1
22,20,Malik Rose,1996-97,December,Charlotte Hornets,Detroit Pistons,0,1,1,1,0,0,0
23,9,Grant Hill,1996-97,December,Detroit Pistons,Charlotte Hornets,2,1,1,0,0,0,0
24,17,Otis Thorpe,1996-97,December,Detroit Pistons,Charlotte Hornets,4,0,0,0,0,0,1
26,0,Lindsey Hunter,1996-97,December,Charlotte Hornets,Detroit Pistons,0,0,0,1,0,0,0
27,14,Vlade Divac,1996-97,December,Charlotte Hornets,Detroit Pistons,2,0,2,0,0,1,0
28,0,Rick Mahorn,1996-97,December,Charlotte Hornets,Detroit Pistons,0,0,0,0,1,0,0
29,26,Lindsey Hunter,1996-97,December,Detroit Pistons,Charlotte Hornets,2,0,0,1,0,0,0
30,3,Anthony Mason,1996-97,December,Charlotte Hornets,Detroit Pistons,2,0,1,0,0,0,0
31,23,Grant Hill,1996-97,December,Detroit Pistons,Charlotte Hornets,4,1,1,0,0,0,0
32,24,Otis Thorpe,1996-97,December,Detroit Pistons,Charlotte Hornets,4,1,0,0,0,0,1
34,31,Grant Hill,1996-97,December,Detroit Pistons,Charlotte Hornets,4,1,2,0,0,0,0
36,34,Grant Hill,1996-97,December,Detroit Pistons,Charlotte Hornets,4,1,3,0,0,0,0
37,36,Grant Hill,1996-97,December,Detroit Pistons,Charlotte Hornets,6,1,3,0,0,0,0
38,27,Vlade Divac,1996-97,December,Charlotte Hornets,Detroit Pistons,4,0,2,0,0,1,0
39,21,Muggsy Bogues,1996-97,December,Charlotte Hornets,Detroit Pistons,2,1,0,0,0,0,1
40,28,Rick Mahorn,1996-97,December,Detroit Pistons,Charlotte Hornets,2,0,0,0,1,0,0
41,38,Vlade Divac,1996-97,December,Charlotte Hornets,Detroit Pistons,6,0,2,0,0,1,0
42,39,Muggsy Bogues,1996-97,December,Charlotte Hornets,Detroit Pistons,2,2,0,0,0,0,1
43,11,Glen Rice,1996-97,December,Charlotte Hornets,Detroit Pistons,0,1,0,0,0,0,1
44,32,Otis Thorpe,1996-97,December,Detroit Pistons,Charlotte Hornets,4,1,0,0,0,1,1
45,43,Glen Rice,1996-97,December,Charlotte Hornets,Detroit Pistons,2,1,0,0,0,0,1
46,0,Dell Curry,1996-97,December,Charlotte Hornets,Detroit Pistons,0,1,0,0,0,0,0
47,37,Grant Hill,1996-97,December,Detroit Pistons,Charlotte Hornets,8,1,3,0,0,0,0
48,41,Vlade Divac,1996-97,December,Charlotte Hornets,Detroit Pistons,6,0,2,0,0,1,1
49,47,Grant Hill,1996-97,December,Detroit Pistons,Charlotte Hornets,9,1,3,0,0,0,0
50,45,Glen Rice,1996-97,December,Charlotte Hornets,Detroit Pistons,4,1,0,0,0,0,1
52,30,Anthony Mason,1996-97,December,Charlotte Hornets,Detroit Pistons,2,0,2,0,0,0,0
54,49,Grant Hill,1996-97,December,Detroit Pistons,Charlotte Hornets,9,1,4,0,0,0,0
55,0,Don Reid,1996-97,December,Detroit Pistons,Charlotte Hornets,0,0,0,0,0,1,0
56,55,Don Reid,1996-97,December,Detroit Pistons,Charlotte Hornets,0,0,0,0,0,1,1
58,52,Anthony Mason,1996-97,December,Charlotte Hornets,Detroit Pistons,3,0,2,0,0,0,0
59,56,Don Reid,1996-97,December,Detroit Pistons,Charlotte Hornets,2,0,0,0,0,1,1
60,44,Otis Thorpe,1996-97,December,Detroit Pistons,Charlotte Hornets,4,2,0,0,0,1,1
62,48,Vlade Divac,1996-97,December,Charlotte Hornets,Detroit Pistons,6,0,3,0,0,1,1
63,54,Grant Hill,1996-97,December,Detroit Pistons,Charlotte Hornets,9,1,4,0,0,0,1
64,42,Muggsy Bogues,1996-97,December,Charlotte Hornets,Detroit Pistons,4,2,0,0,0,0,1
65,62,Vlade Divac,1996-97,December,Charlotte Hornets,Detroit Pistons,6,1,3,0,0,1,1
67,46,Dell Curry,1996-97,December,Detroit Pistons,Charlotte Hornets,0,1,0,1,0,0,0
68,67,Dell Curry,1996-97,December,Charlotte Hornets,Detroit Pistons,0,1,1,1,0,0,0
69,68,Dell Curry,1996-97,December,Charlotte Hornets,Detroit Pistons,0,1,1,1,0,1,0
70,0,Michael Curry,1996-97,December,Charlotte Hornets,Detroit Pistons,0,0,0,0,1,0,0
72,59,Don Reid,1996-97,December,Detroit Pistons,Charlotte Hornets,2,0,1,0,0,1,1
73,58,Anthony Mason,1996-97,December,Charlotte Hornets,Detroit Pistons,3,0,2,0,0,0,1
76,70,Michael Curry,1996-97,December,Detroit Pistons,Charlotte Hornets,0,0,1,0,1,0,0
78,0,Theo Ratliff,1996-97,December,Detroit Pistons,Charlotte Hornets,2,0,0,0,0,0,0
79,73,Anthony Mason,1996-97,December,Charlotte Hornets,Detroit Pistons,3,0,2,0,0,1,1
80,78,Theo Ratliff,1996-97,December,Charlotte Hornets,Detroit Pistons,2,0,0,0,1,0,0
81,29,Lindsey Hunter,1996-97,December,Detroit Pistons,Charlotte Hornets,2,0,0,1,0,1,0
82,64,Muggsy Bogues,1996-97,December,Detroit Pistons,Charlotte Hornets,4,2,0,0,1,0,1
83,82,Muggsy Bogues,1996-97,December,Charlotte Hornets,Detroit Pistons,4,2,0,0,1,1,1
84,80,Theo Ratliff,1996-97,December,Charlotte Hornets,Detroit Pistons,2,0,0,0,2,0,0
85,83,Muggsy Bogues,1996-97,December,Charlotte Hornets,Detroit Pistons,4,2,0,0,1,1,2
87,81,Lindsey Hunter,1996-97,December,Detroit Pistons,Charlotte Hornets,3,0,0,1,0,1,0
88,0,Rafael Addison,1996-97,December,Charlotte Hornets,Detroit Pistons,2,0,0,0,0,0,0
89,0,Grant Long,1996-97,December,Detroit Pistons,Charlotte Hornets,2,0,0,0,0,0,0
90,76,Michael Curry,1996-97,December,Detroit Pistons,Charlotte Hornets,0,1,1,0,1,0,0
92,88,Rafael Addison,1996-97,December,Charlotte Hornets,Detroit Pistons,2,0,0,0,0,0,1
93,89,Grant Long,1996-97,December,Detroit Pistons,Charlotte Hornets,3,0,0,0,0,0,0
94,93,Grant Long,1996-97,December,Detroit Pistons,Charlotte Hornets,4,0,0,0,0,0,0
95,0,Litterial Green,1996-97,December,Detroit Pistons,Charlotte Hornets,0,0,0,0,0,0,1
96,92,Rafael Addison,1996-97,December,Charlotte Hornets,Detroit Pistons,4,0,0,0,0,0,1
97,85,Muggsy Bogues,1996-97,December,Charlotte Hornets,Detroit Pistons,4,3,0,0,1,1,2
100,84,Theo Ratliff,1996-97,December,Charlotte Hornets,Detroit Pistons,2,0,0,1,2,0,0
101,22,Malik Rose,1996-97,December,Charlotte Hornets,Detroit Pistons,0,1,2,1,0,0,0
102,101,Malik Rose,1996-97,December,Charlotte Hornets,Detroit Pistons,2,1,2,1,0,0,0
103,63,Grant Hill,1996-97,December,Detroit Pistons,Charlotte Hornets,11,1,4,0,0,0,1
104,100,Theo Ratliff,1996-97,December,Detroit Pistons,Charlotte Hornets,2,0,0,1,2,0,1
106,94,Grant Long,1996-97,December,Detroit Pistons,Charlotte Hornets,4,0,1,0,0,0,0
107,104,Theo Ratliff,1996-97,December,Detroit Pistons,Charlotte Hornets,4,0,0,1,2,0,1
108,0,Matt Geiger,1996-97,December,Charlotte Hornets,Detroit Pistons,2,0,0,0,0,0,0
109,96,Rafael Addison,1996-97,December,Charlotte Hornets,Detroit Pistons,4,1,0,0,0,0,1
110,69,Dell Curry,1996-97,December,Charlotte Hornets,Detroit Pistons,0,1,1,1,0,1,1
111,103,Grant Hill,1996-97,December,Detroit Pistons,Charlotte Hornets,12,1,4,0,0,0,1
112,111,Grant Hill,1996-97,December,Detroit Pistons,Charlotte Hornets,13,1,4,0,0,0,1
113,107,Theo Ratliff,1996-97,December,Detroit Pistons,Charlotte Hornets,4,0,0,1,2,0,2
115,112,Grant Hill,1996-97,December,Detroit Pistons,Charlotte Hornets,13,1,5,0,0,0,1
117,113,Theo Ratliff,1996-97,December,Detroit Pistons,Charlotte Hornets,4,0,1,1,2,0,2
118,117,Theo Ratliff,1996-97,December,Detroit Pistons,Charlotte Hornets,6,0,1,1,2,0,2
119,50,Glen Rice,1996-97,December,Charlotte Hornets,Detroit Pistons,4,1,0,0,0,1,1
120,115,Grant Hill,1996-97,December,Charlotte Hornets,Detroit Pistons,13,1,5,0,1,0,1
121,120,Grant Hill,1996-97,December,Detroit Pistons,Charlotte Hornets,13,1,5,0,1,0,2
122,121,Grant Hill,1996-97,December,Detroit Pistons,Charlotte Hornets,13,1,5,0,1,1,2
123,0,Tony Delk,1996-97,December,Charlotte Hornets,Detroit Pistons,0,0,0,0,0,1,0
124,0,Terry Mills,1996-97,December,Charlotte Hornets,Detroit Pistons,0,0,0,0,1,0,0
126,109,Rafael Addison,1996-97,December,Detroit Pistons,Charlotte Hornets,4,1,0,1,0,0,1
127,123,Tony Delk,1996-97,December,Charlotte Hornets,Detroit Pistons,0,0,1,0,0,1,0
128,126,Rafael Addison,1996-97,December,Charlotte Hornets,Detroit Pistons,6,1,0,1,0,0,1
129,127,Tony Delk,1996-97,December,Charlotte Hornets,Detroit Pistons,0,1,1,0,0,1,0
131,108,Matt Geiger,1996-97,December,Charlotte Hornets,Detroit Pistons,2,0,1,0,0,0,0
133,122,Grant Hill,1996-97,December,Detroit Pistons,Charlotte Hornets,13,1,6,0,1,1,2
134,133,Grant Hill,1996-97,December,Detroit Pistons,Charlotte Hornets,13,1,6,0,1,2,2
135,129,Tony Delk,1996-97,December,Detroit Pistons,Charlotte Hornets,0,1,1,0,1,1,0
137,128,Rafael Addison,1996-97,December,Charlotte Hornets,Detroit Pistons,6,1,1,1,0,0,1
139,118,Theo Ratliff,1996-97,December,Charlotte Hornets,Detroit Pistons,6,0,1,2,2,0,2
140,131,Matt Geiger,1996-97,December,Charlotte Hornets,Detroit Pistons,2,0,2,0,0,0,0
141,139,Theo Ratliff,1996-97,December,Detroit Pistons,Charlotte Hornets,6,0,1,2,2,0,3
142,140,Matt Geiger,1996-97,December,Charlotte Hornets,Detroit Pistons,3,0,2,0,0,0,0
144,106,Grant Long,1996-97,December,Detroit Pistons,Charlotte Hornets,4,0,2,0,0,0,0
146,60,Otis Thorpe,1996-97,December,Detroit Pistons,Charlotte Hornets,4,2,1,0,0,1,1
148,79,Anthony Mason,1996-97,December,Charlotte Hornets,Detroit Pistons,3,0,3,0,0,1,1
149,119,Glen Rice,1996-97,December,Charlotte Hornets,Detroit Pistons,6,1,0,0,0,1,1
150,148,Anthony Mason,1996-97,December,Charlotte Hornets,Detroit Pistons,3,1,3,0,0,1,1
152,146,Otis Thorpe,1996-97,December,Detroit Pistons,Charlotte Hornets,4,2,2,0,0,1,1
153,152,Otis Thorpe,1996-97,December,Detroit Pistons,Charlotte Hornets,6,2,2,0,0,1,1
155,142,Matt Geiger,1996-97,December,Charlotte Hornets,Detroit Pistons,3,0,3,0,0,0,0
157,144,Grant Long,1996-97,December,Detroit Pistons,Charlotte Hornets,4,0,3,0,0,0,0
158,18,Joe Dumars,1996-97,December,Detroit Pistons,Charlotte Hornets,2,1,1,0,0,0,0
159,158,Joe Dumars,1996-97,December,Detroit Pistons,Charlotte Hornets,2,1,1,0,0,0,1
160,155,Matt Geiger,1996-97,December,Charlotte Hornets,Detroit Pistons,5,0,3,0,0,0,0
161,150,Anthony Mason,1996-97,December,Charlotte Hornets,Detroit Pistons,3,2,3,0,0,1,1
162,149,Glen Rice,1996-97,December,Charlotte Hornets,Detroit Pistons,6,1,0,0,0,1,2
164,153,Otis Thorpe,1996-97,December,Detroit Pistons,Charlotte Hornets,6,2,3,0,0,1,1
166,87,Lindsey Hunter,1996-97,December,Detroit Pistons,Charlotte Hornets,3,0,1,1,0,1,0
168,159,Joe Dumars,1996-97,December,Detroit Pistons,Charlotte Hornets,2,1,2,0,0,0,1
169,168,Joe Dumars,1996-97,December,Detroit Pistons,Charlotte Hornets,2,1,2,0,0,1,1
170,135,Tony Delk,1996-97,December,Detroit Pistons,Charlotte Hornets,0,1,1,0,2,1,0
171,137,Rafael Addison,1996-97,December,Charlotte Hornets,Detroit Pistons,8,1,1,1,0,0,1
172,161,Anthony Mason,1996-97,December,Charlotte Hornets,Detroit Pistons,3,3,3,0,0,1,1
173,124,Terry Mills,1996-97,December,Detroit Pistons,Charlotte Hornets,3,0,0,0,1,0,0
174,164,Otis Thorpe,1996-97,December,Detroit Pistons,Charlotte Hornets,6,3,3,0,0,1,1
175,170,Tony Delk,1996-97,December,Charlotte Hornets,Detroit Pistons,0,1,1,0,2,2,0
176,166,Lindsey Hunter,1996-97,December,Charlotte Hornets,Detroit Pistons,3,0,1,1,1,1,0
177,176,Lindsey Hunter,1996-97,December,Detroit Pistons,Charlotte Hornets,5,0,1,1,1,1,0
178,175,Tony Delk,1996-97,December,Charlotte Hornets,Detroit Pistons,3,1,1,0,2,2,0
180,171,Rafael Addison,1996-97,December,Charlotte Hornets,Detroit Pistons,8,1,2,1,0,0,1
181,160,Matt Geiger,1996-97,December,Charlotte Hornets,Detroit Pistons,7,0,3,0,0,0,0
182,178,Tony Delk,1996-97,December,Charlotte Hornets,Detroit Pistons,3,2,1,0,2,2,0
183,157,Grant Long,1996-97,December,Detroit Pistons,Charlotte Hornets,4,0,3,0,0,0,1
184,183,Grant Long,1996-97,December,Detroit Pistons,Charlotte Hornets,4,0,3,0,0,1,1
185,172,Anthony Mason,1996-97,December,Charlotte Hornets,Detroit Pistons,5,3,3,0,0,1,1
187,174,Otis Thorpe,1996-97,December,Detroit Pistons,Charlotte Hornets,6,3,4,0,0,1,1
189,185,Anthony Mason,1996-97,December,Charlotte Hornets,Detroit Pistons,5,3,4,0,0,1,1
191,187,Otis Thorpe,1996-97,December,Detroit Pistons,Charlotte Hornets,6,3,5,0,0,1,1
192,134,Grant Hill,1996-97,December,Detroit Pistons,Charlotte Hornets,15,1,6,0,1,2,2
194,191,Otis Thorpe,1996-97,December,Detroit Pistons,Charlotte Hornets,6,3,6,0,0,1,1
195,177,Lindsey Hunter,1996-97,December,Detroit Pistons,Charlotte Hornets,8,0,1,1,1,1,0
196,192,Grant Hill,1996-97,December,Detroit Pistons,Charlotte Hornets,15,2,6,0,1,2,2
197,189,Anthony Mason,1996-97,December,Charlotte Hornets,Detroit Pistons,7,3,4,0,0,1,1
198,182,Tony Delk,1996-97,December,Charlotte Hornets,Detroit Pistons,3,3,1,0,2,2,0
199,173,Terry Mills,1996-97,December,Detroit Pistons,Charlotte Hornets,6,0,0,0,1,0,0
200,196,Grant Hill,1996-97,December,Detroit Pistons,Charlotte Hornets,15,3,6,0,1,2,2
202,197,Anthony Mason,1996-97,December,Charlotte Hornets,Detroit Pistons,7,3,5,0,0,1,1
203,202,Anthony Mason,1996-97,December,Charlotte Hornets,Detroit Pistons,7,3,5,0,0,2,1
204,195,Lindsey Hunter,1996-97,December,Charlotte Hornets,Detroit Pistons,8,0,1,1,2,1,0
205,169,Joe Dumars,1996-97,December,Detroit Pistons,Charlotte Hornets,4,1,2,0,0,1,1
207,194,Otis Thorpe,1996-97,December,Detroit Pistons,Charlotte Hornets,6,3,7,0,0,1,1
209,205,Joe Dumars,1996-97,December,Detroit Pistons,Charlotte Hornets,4,1,3,0,0,1,1
210,40,Rick Mahorn,1996-97,December,Detroit Pistons,Charlotte Hornets,2,0,0,0,1,1,0
211,97,Muggsy Bogues,1996-97,December,Charlotte Hornets,Detroit Pistons,6,3,0,0,1,1,2
212,203,Anthony Mason,1996-97,December,Charlotte Hornets,Detroit Pistons,7,4,5,0,0,2,1
213,207,Otis Thorpe,1996-97,December,Detroit Pistons,Charlotte Hornets,8,3,7,0,0,1,1
214,200,Grant Hill,1996-97,December,Detroit Pistons,Charlotte Hornets,15,4,6,0,1,2,2
215,213,Otis Thorpe,1996-97,December,Detroit Pistons,Charlotte Hornets,8,3,7,0,0,1,2
216,212,Anthony Mason,1996-97,December,Charlotte Hornets,Detroit Pistons,8,4,5,0,0,2,1
217,216,Anthony Mason,1996-97,December,Charlotte Hornets,Detroit Pistons,9,4,5,0,0,2,1
219,217,Anthony Mason,1996-97,December,Charlotte Hornets,Detroit Pistons,9,4,6,0,0,2,1
220,210,Rick Mahorn,1996-97,December,Detroit Pistons,Charlotte Hornets,2,0,0,0,1,1,1
221,219,Anthony Mason,1996-97,December,Charlotte Hornets,Detroit Pistons,10,4,6,0,0,2,1
222,221,Anthony Mason,1996-97,December,Charlotte Hornets,Detroit Pistons,11,4,6,0,0,2,1
224,204,Lindsey Hunter,1996-97,December,Detroit Pistons,Charlotte Hornets,8,0,2,1,2,1,0
225,215,Otis Thorpe,1996-97,December,Detroit Pistons,Charlotte Hornets,10,3,7,0,0,1,2
226,209,Joe Dumars,1996-97,December,Detroit Pistons,Charlotte Hornets,4,2,3,0,0,1,1
227,220,Rick Mahorn,1996-97,December,Detroit Pistons,Charlotte Hornets,2,0,0,0,1,1,2
228,110,Dell Curry,1996-97,December,Charlotte Hornets,Detroit Pistons,2,1,1,1,0,1,1
229,65,Vlade Divac,1996-97,December,Charlotte Hornets,Detroit Pistons,6,2,3,0,0,1,1
230,214,Grant Hill,1996-97,December,Detroit Pistons,Charlotte Hornets,17,4,6,0,1,2,2
231,162,Glen Rice,1996-97,December,Charlotte Hornets,Detroit Pistons,9,1,0,0,0,1,2
232,211,Muggsy Bogues,1996-97,December,Charlotte Hornets,Detroit Pistons,6,4,0,0,1,1,2
234,141,Theo Ratliff,1996-97,December,Detroit Pistons,Charlotte Hornets,6,0,2,2,2,0,3
235,234,Theo Ratliff,1996-97,December,Detroit Pistons,Charlotte Hornets,8,0,2,2,2,0,3
236,231,Glen Rice,1996-97,December,Charlotte Hornets,Detroit Pistons,12,1,0,0,0,1,2
237,229,Vlade Divac,1996-97,December,Charlotte Hornets,Detroit Pistons,6,3,3,0,0,1,1
239,225,Otis Thorpe,1996-97,December,Detroit Pistons,Charlotte Hornets,10,3,8,0,0,1,2
240,237,Vlade Divac,1996-97,December,Charlotte Hornets,Detroit Pistons,6,3,3,0,0,1,2
242,235,Theo Ratliff,1996-97,December,Detroit Pistons,Charlotte Hornets,9,0,2,2,2,0,3
243,222,Anthony Mason,1996-97,December,Charlotte Hornets,Detroit Pistons,11,4,6,0,0,3,1
245,239,Otis Thorpe,1996-97,December,Detroit Pistons,Charlotte Hornets,10,3,9,0,0,1,2
247,242,Theo Ratliff,1996-97,December,Detroit Pistons,Charlotte Hornets,9,0,3,2,2,0,3
248,247,Theo Ratliff,1996-97,December,Detroit Pistons,Charlotte Hornets,11,0,3,2,2,0,3
250,245,Otis Thorpe,1996-97,December,Detroit Pistons,Charlotte Hornets,10,3,10,0,0,1,2
251,228,Dell Curry,1996-97,December,Charlotte Hornets,Detroit Pistons,2,1,1,1,0,1,2
253,240,Vlade Divac,1996-97,December,Charlotte Hornets,Detroit Pistons,6,3,4,0,0,1,2
254,236,Glen Rice,1996-97,December,Charlotte Hornets,Detroit Pistons,14,1,0,0,0,1,2
255,232,Muggsy Bogues,1996-97,December,Charlotte Hornets,Detroit Pistons,6,5,0,0,1,1,2
256,226,Joe Dumars,1996-97,December,Detroit Pistons,Charlotte Hornets,6,2,3,0,0,1,1
257,243,Anthony Mason,1996-97,December,Charlotte Hornets,Detroit Pistons,13,4,6,0,0,3,1
259,250,Otis Thorpe,1996-97,December,Detroit Pistons,Charlotte Hornets,10,3,11,0,0,1,2
260,259,Otis Thorpe,1996-97,December,Detroit Pistons,Charlotte Hornets,10,3,11,0,0,2,2
262,253,Vlade Divac,1996-97,December,Charlotte Hornets,Detroit Pistons,6,3,5,0,0,1,2
264,260,Otis Thorpe,1996-97,December,Detroit Pistons,Charlotte Hornets,10,3,12,0,0,2,2
265,251,Dell Curry,1996-97,December,Charlotte Hornets,Detroit Pistons,2,1,1,1,0,1,3
267,256,Joe Dumars,1996-97,December,Detroit Pistons,Charlotte Hornets,7,2,3,0,0,1,1
268,265,Dell Curry,1996-97,December,Charlotte Hornets,Detroit Pistons,5,1,1,1,0,1,3
269,255,Muggsy Bogues,1996-97,December,Charlotte Hornets,Detroit Pistons,6,6,0,0,1,1,2
270,262,Vlade Divac,1996-97,December,Charlotte Hornets,Detroit Pistons,6,3,5,0,0,1,3
271,230,Grant Hill,1996-97,December,Detroit Pistons,Charlotte Hornets,18,4,6,0,1,2,2
272,271,Grant Hill,1996-97,December,Detroit Pistons,Charlotte Hornets,19,4,6,0,1,2,2
273,268,Dell Curry,1996-97,December,Charlotte Hornets,Detroit Pistons,5,1,1,1,0,2,3
274,272,Grant Hill,1996-97,December,Charlotte Hornets,Detroit Pistons,19,4,6,0,2,2,2
275,274,Grant Hill,1996-97,December,Detroit Pistons,Charlotte Hornets,19,4,6,0,2,3,2
276,270,Vlade Divac,1996-97,December,Detroit Pistons,Charlotte Hornets,6,3,5,0,1,1,3
278,248,Theo Ratliff,1996-97,December,Detroit Pistons,Charlotte Hornets,11,0,4,2,2,0,3
280,276,Vlade Divac,1996-97,December,Charlotte Hornets,Detroit Pistons,6,3,6,0,1,1,3
281,269,Muggsy Bogues,1996-97,December,Charlotte Hornets,Detroit Pistons,8,6,0,0,1,1,2
282,257,Anthony Mason,1996-97,December,Charlotte Hornets,Detroit Pistons,13,5,6,0,0,3,1
283,275,Grant Hill,1996-97,December,Detroit Pistons,Charlotte Hornets,19,4,6,0,2,4,2
284,254,Glen Rice,1996-97,December,Detroit Pistons,Charlotte Hornets,14,1,0,0,1,1,2
286,284,Glen Rice,1996-97,December,Charlotte Hornets,Detroit Pistons,14,1,1,0,1,1,2
288,224,Lindsey Hunter,1996-97,December,Detroit Pistons,Charlotte Hornets,8,0,3,1,2,1,0
290,286,Glen Rice,1996-97,December,Charlotte Hornets,Detroit Pistons,14,1,1,0,1,2,2
291,90,Michael Curry,1996-97,December,Detroit Pistons,Charlotte Hornets,2,1,1,0,1,0,0
292,264,Otis Thorpe,1996-97,December,Detroit Pistons,Charlotte Hornets,10,4,12,0,0,2,2
293,282,Anthony Mason,1996-97,December,Charlotte Hornets,Detroit Pistons,15,5,6,0,0,3,1
294,292,Otis Thorpe,1996-97,December,Detroit Pistons,Charlotte Hornets,10,4,12,0,0,2,3
296,294,Otis Thorpe,1996-97,December,Detroit Pistons,Charlotte Hornets,10,4,13,0,0,2,3
298,281,Muggsy Bogues,1996-97,December,Charlotte Hornets,Detroit Pistons,8,6,1,0,1,1,2
299,298,Muggsy Bogues,1996-97,December,Charlotte Hornets,Detroit Pistons,8,6,1,0,1,2,2
300,283,Grant Hill,1996-97,December,Charlotte Hornets,Detroit Pistons,19,4,6,0,3,4,2
301,280,Vlade Divac,1996-97,December,Charlotte Hornets,Detroit Pistons,6,3,6,0,1,1,4
304,95,Litterial Green,1996-97,December,Detroit Pistons,Charlotte Hornets,0,0,1,0,0,0,1
305,72,Don Reid,1996-97,December,Detroit Pistons,Charlotte Hornets,4,0,1,0,0,1,1
306,304,Litterial Green,1996-97,December,Detroit Pistons,Charlotte Hornets,0,1,1,0,0,0,1
309,290,Glen Rice,1996-97,December,Charlotte Hornets,Detroit Pistons,14,1,2,0,1,2,2
310,309,Glen Rice,1996-97,December,Charlotte Hornets,Detroit Pistons,14,1,2,0,1,3,2
311,199,Terry Mills,1996-97,December,Charlotte Hornets,Detroit Pistons,6,0,0,0,2,0,0
312,300,Grant Hill,1996-97,December,Detroit Pistons,Charlotte Hornets,21,4,6,0,3,4,2
313,267,Joe Dumars,1996-97,December,Detroit Pistons,Charlotte Hornets,7,2,3,0,0,1,2
315,311,Terry Mills,1996-97,December,Detroit Pistons,Charlotte Hornets,6,0,1,0,2,0,0
316,313,Joe Dumars,1996-97,December,Detroit Pistons,Charlotte Hornets,9,2,3,0,0,1,2
317,312,Grant Hill,1996-97,December,Detroit Pistons,Charlotte Hornets,21,5,6,0,3,4,2
319,305,Don Reid,1996-97,December,Detroit Pistons,Charlotte Hornets,4,0,2,0,0,1,1
320,316,Joe Dumars,1996-97,December,Detroit Pistons,Charlotte Hornets,11,2,3,0,0,1,2
321,317,Grant Hill,1996-97,December,Detroit Pistons,Charlotte Hornets,21,6,6,0,3,4,2
322,301,Vlade Divac,1996-97,December,Charlotte Hornets,Detroit Pistons,6,3,6,0,1,2,4
323,319,Don Reid,1996-97,December,Charlotte Hornets,Detroit Pistons,4,0,2,0,1,1,1
324,320,Joe Dumars,1996-97,December,Detroit Pistons,Charlotte Hornets,12,2,3,0,0,1,2
325,323,Don Reid,1996-97,December,Detroit Pistons,Charlotte Hornets,6,0,2,0,1,1,1
327,325,Don Reid,1996-97,December,Charlotte Hornets,Detroit Pistons,6,0,2,1,1,1,1
328,321,Grant Hill,1996-97,December,Detroit Pistons,Charlotte Hornets,21,6,7,0,3,4,2
330,273,Dell Curry,1996-97,December,Charlotte Hornets,Detroit Pistons,5,1,2,1,0,2,3
331,310,Glen Rice,1996-97,December,Charlotte Hornets,Detroit Pistons,17,1,2,0,1,3,2
332,330,Dell Curry,1996-97,December,Charlotte Hornets,Detroit Pistons,5,2,2,1,0,2,3
334,331,Glen Rice,1996-97,December,Charlotte Hornets,Detroit Pistons,17,1,3,0,1,3,2
336,328,Grant Hill,1996-97,December,Charlotte Hornets,Detroit Pistons,21,6,7,1,3,4,2
337,327,Don Reid,1996-97,December,Detroit Pistons,Charlotte Hornets,6,0,3,1,1,1,1
339,337,Don Reid,1996-97,December,Detroit Pistons,Charlotte Hornets,6,0,4,1,1,1,1
341,322,Vlade Divac,1996-97,December,Charlotte Hornets,Detroit Pistons,6,3,7,0,1,2,4
342,291,Michael Curry,1996-97,December,Detroit Pistons,Charlotte Hornets,2,1,1,0,1,0,1
344,341,Vlade Divac,1996-97,December,Charlotte Hornets,Detroit Pistons,6,3,7,0,1,2,5
346,0,Tony Smith,1996-97,December,Charlotte Hornets,Detroit Pistons,0,0,1,0,0,0,0
347,293,Anthony Mason,1996-97,December,Charlotte Hornets,Detroit Pistons,17,5,6,0,0,3,1
348,198,Tony Delk,1996-97,December,Charlotte Hornets,Detroit Pistons,3,3,1,0,2,2,1
349,336,Grant Hill,1996-97,December,Detroit Pistons,Charlotte Hornets,23,6,7,1,3,4,2
350,334,Glen Rice,1996-97,December,Charlotte Hornets,Detroit Pistons,17,1,3,0,1,4,2
351,344,Vlade Divac,1996-97,December,Charlotte Hornets,Detroit Pistons,6,3,7,0,1,2,6
352,349,Grant Hill,1996-97,December,Detroit Pistons,Charlotte Hornets,25,6,7,1,3,4,2
353,348,Tony Delk,1996-97,December,Charlotte Hornets,Detroit Pistons,3,3,1,0,2,3,1
354,288,Lindsey Hunter,1996-97,December,Charlotte Hornets,Detroit Pistons,8,0,3,1,3,1,0
355,354,Lindsey Hunter,1996-97,December,Detroit Pistons,Charlotte Hornets,10,0,3,1,3,1,0
357,296,Otis Thorpe,1996-97,December,Detroit Pistons,Charlotte Hornets,10,4,14,0,0,2,3
358,352,Grant Hill,1996-97,December,Detroit Pistons,Charlotte Hornets,27,6,7,1,3,4,2
360,346,Tony Smith,1996-97,December,Charlotte Hornets,Detroit Pistons,2,0,1,0,0,0,0
362,357,Otis Thorpe,1996-97,December,Detroit Pistons,Charlotte Hornets,10,4,15,0,0,2,3
363,360,Tony Smith,1996-97,December,Charlotte Hornets,Detroit Pistons,2,0,1,0,0,0,1
364,358,Grant Hill,1996-97,December,Detroit Pistons,Charlotte Hornets,28,6,7,1,3,4,2
365,364,Grant Hill,1996-97,December,Detroit Pistons,Charlotte Hornets,29,6,7,1,3,4,2
367,365,Grant Hill,1996-97,December,Detroit Pistons,Charlotte Hornets,29,6,8,1,3,4,2
368,181,Matt Geiger,1996-97,December,Charlotte Hornets,Detroit Pistons,7,0,3,0,0,0,1
370,362,Otis Thorpe,1996-97,December,Detroit Pistons,Charlotte Hornets,11,4,15,0,0,2,3
372,306,Litterial Green,1996-97,December,Detroit Pistons,Charlotte Hornets,0,1,2,0,0,0,1
374,368,Matt Geiger,1996-97,December,Charlotte Hornets,Detroit Pistons,7,0,4,0,0,0,1
375,363,Tony Smith,1996-97,December,Charlotte Hornets,Detroit Pistons,2,0,1,0,0,1,1
376,339,Don Reid,1996-97,December,Charlotte Hornets,Detroit Pistons,6,0,4,1,2,1,1
377,342,Michael Curry,1996-97,December,Detroit Pistons,Charlotte Hornets,4,1,1,0,1,0,1
378,370,Otis Thorpe,1996-97,December,Detroit Pistons,Charlotte Hornets,11,5,15,0,0,2,3
379,180,Rafael Addison,1996-97,December,Charlotte Hornets,Detroit Pistons,8,1,2,1,0,1,1
380,372,Litterial Green,1996-97,December,Charlotte Hornets,Detroit Pistons,0,1,2,0,1,0,1
381,380,Litterial Green,1996-97,December,Detroit Pistons,Charlotte Hornets,2,1,2,0,1,0,1
382,375,Tony Smith,1996-97,December,Charlotte Hornets,Detroit Pistons,2,0,1,0,0,2,1
