id,previous_id,player,season,month,team,opponent_team,points,assists,rebounds,blocks,steals,turnovers,personal fouls
1,0,Doug West,1996-97,December,Minnesota Timberwolves,Denver Nuggets,2,0,0,0,0,0,0
2,0,Kevin Garnett,1996-97,December,Minnesota Timberwolves,Denver Nuggets,0,1,0,0,0,0,0
3,0,Antonio McDyess,1996-97,December,Denver Nuggets,Minnesota Timberwolves,2,0,0,0,0,0,0
4,0,Bryant Stith,1996-97,December,Denver Nuggets,Minnesota Timberwolves,0,1,0,0,0,0,0
6,0,Ervin Johnson,1996-97,December,Denver Nuggets,Minnesota Timberwolves,0,0,0,1,0,0,0
7,3,Antonio McDyess,1996-97,December,Denver Nuggets,Minnesota Timberwolves,2,0,1,0,0,0,0
9,2,Kevin Garnett,1996-97,December,Minnesota Timberwolves,Denver Nuggets,0,1,0,0,0,1,0
10,7,Antonio McDyess,1996-97,December,Denver Nuggets,Minnesota Timberwolves,2,0,1,0,1,0,0
11,9,Kevin Garnett,1996-97,December,Minnesota Timberwolves,Denver Nuggets,0,1,0,0,0,1,1
12,10,Antonio McDyess,1996-97,December,Denver Nuggets,Minnesota Timberwolves,4,0,1,0,1,0,0
13,4,Bryant Stith,1996-97,December,Denver Nuggets,Minnesota Timberwolves,0,2,0,0,0,0,0
15,6,Ervin Johnson,1996-97,December,Denver Nuggets,Minnesota Timberwolves,0,0,1,1,0,0,0
16,0,LaPhonso Ellis,1996-97,December,Denver Nuggets,Minnesota Timberwolves,0,0,0,0,0,1,0
18,16,LaPhonso Ellis,1996-97,December,Denver Nuggets,Minnesota Timberwolves,0,0,1,0,0,1,0
19,12,Antonio McDyess,1996-97,December,Denver Nuggets,Minnesota Timberwolves,4,0,1,0,1,1,0
21,0,Mark Jackson,1996-97,December,Denver Nuggets,Minnesota Timberwolves,0,0,1,0,0,0,0
22,19,Antonio McDyess,1996-97,December,Denver Nuggets,Minnesota Timberwolves,6,0,1,0,1,1,0
23,21,Mark Jackson,1996-97,December,Denver Nuggets,Minnesota Timberwolves,0,1,1,0,0,0,0
25,0,Tom Gugliotta,1996-97,December,Minnesota Timberwolves,Denver Nuggets,0,0,1,0,0,0,0
26,25,Tom Gugliotta,1996-97,December,Minnesota Timberwolves,Denver Nuggets,2,0,1,0,0,0,0
27,22,Antonio McDyess,1996-97,December,Denver Nuggets,Minnesota Timberwolves,6,0,1,0,1,2,0
28,0,Stojko Vrankovic,1996-97,December,Minnesota Timberwolves,Denver Nuggets,0,0,0,0,1,0,0
29,28,Stojko Vrankovic,1996-97,December,Minnesota Timberwolves,Denver Nuggets,2,0,0,0,1,0,0
30,0,Stephon Marbury,1996-97,December,Minnesota Timberwolves,Denver Nuggets,0,1,0,0,0,0,0
31,13,Bryant Stith,1996-97,December,Denver Nuggets,Minnesota Timberwolves,2,2,0,0,0,0,0
32,11,Kevin Garnett,1996-97,December,Minnesota Timberwolves,Denver Nuggets,2,1,0,0,0,1,1
33,30,Stephon Marbury,1996-97,December,Minnesota Timberwolves,Denver Nuggets,0,1,0,0,0,0,1
35,32,Kevin Garnett,1996-97,December,Minnesota Timberwolves,Denver Nuggets,2,1,0,1,0,1,1
36,23,Mark Jackson,1996-97,December,Denver Nuggets,Minnesota Timberwolves,0,1,2,0,0,0,0
37,18,LaPhonso Ellis,1996-97,December,Denver Nuggets,Minnesota Timberwolves,3,0,1,0,0,1,0
38,36,Mark Jackson,1996-97,December,Denver Nuggets,Minnesota Timberwolves,0,2,2,0,0,0,0
39,33,Stephon Marbury,1996-97,December,Minnesota Timberwolves,Denver Nuggets,2,1,0,0,0,0,1
40,29,Stojko Vrankovic,1996-97,December,Minnesota Timberwolves,Denver Nuggets,2,0,0,0,1,0,1
43,26,Tom Gugliotta,1996-97,December,Minnesota Timberwolves,Denver Nuggets,2,0,2,0,0,0,0
44,35,Kevin Garnett,1996-97,December,Minnesota Timberwolves,Denver Nuggets,4,1,0,1,0,1,1
46,1,Doug West,1996-97,December,Minnesota Timberwolves,Denver Nuggets,2,0,1,0,0,0,0
48,15,Ervin Johnson,1996-97,December,Denver Nuggets,Minnesota Timberwolves,0,0,1,2,0,0,0
49,48,Ervin Johnson,1996-97,December,Denver Nuggets,Minnesota Timberwolves,0,0,2,2,0,0,0
51,46,Doug West,1996-97,December,Minnesota Timberwolves,Denver Nuggets,2,0,1,1,0,0,0
52,27,Antonio McDyess,1996-97,December,Denver Nuggets,Minnesota Timberwolves,8,0,1,0,1,2,0
53,38,Mark Jackson,1996-97,December,Denver Nuggets,Minnesota Timberwolves,0,3,2,0,0,0,0
55,49,Ervin Johnson,1996-97,December,Denver Nuggets,Minnesota Timberwolves,0,0,3,2,0,0,0
56,52,Antonio McDyess,1996-97,December,Denver Nuggets,Minnesota Timberwolves,10,0,1,0,1,2,0
57,53,Mark Jackson,1996-97,December,Denver Nuggets,Minnesota Timberwolves,0,4,2,0,0,0,0
58,56,Antonio McDyess,1996-97,December,Denver Nuggets,Minnesota Timberwolves,10,0,1,0,1,2,1
59,43,Tom Gugliotta,1996-97,December,Minnesota Timberwolves,Denver Nuggets,3,0,2,0,0,0,0
60,59,Tom Gugliotta,1996-97,December,Minnesota Timberwolves,Denver Nuggets,4,0,2,0,0,0,0
61,58,Antonio McDyess,1996-97,December,Denver Nuggets,Minnesota Timberwolves,12,0,1,0,1,2,1
62,31,Bryant Stith,1996-97,December,Denver Nuggets,Minnesota Timberwolves,2,3,0,0,0,0,0
64,55,Ervin Johnson,1996-97,December,Denver Nuggets,Minnesota Timberwolves,0,0,4,2,0,0,0
65,37,LaPhonso Ellis,1996-97,December,Denver Nuggets,Minnesota Timberwolves,5,0,1,0,0,1,0
66,57,Mark Jackson,1996-97,December,Denver Nuggets,Minnesota Timberwolves,0,5,2,0,0,0,0
67,40,Stojko Vrankovic,1996-97,December,Minnesota Timberwolves,Denver Nuggets,2,0,0,0,1,1,1
69,60,Tom Gugliotta,1996-97,December,Minnesota Timberwolves,Denver Nuggets,4,0,3,0,0,0,0
70,39,Stephon Marbury,1996-97,December,Minnesota Timberwolves,Denver Nuggets,4,1,0,0,0,0,1
73,67,Stojko Vrankovic,1996-97,December,Minnesota Timberwolves,Denver Nuggets,2,0,1,0,1,1,1
74,70,Stephon Marbury,1996-97,December,Minnesota Timberwolves,Denver Nuggets,4,1,0,0,0,1,1
75,61,Antonio McDyess,1996-97,December,Denver Nuggets,Minnesota Timberwolves,12,0,1,0,2,2,1
76,69,Tom Gugliotta,1996-97,December,Minnesota Timberwolves,Denver Nuggets,4,0,3,0,0,0,1
78,65,LaPhonso Ellis,1996-97,December,Denver Nuggets,Minnesota Timberwolves,6,0,1,0,0,1,0
79,78,LaPhonso Ellis,1996-97,December,Denver Nuggets,Minnesota Timberwolves,6,0,1,0,0,1,1
81,64,Ervin Johnson,1996-97,December,Denver Nuggets,Minnesota Timberwolves,0,0,4,3,0,0,0
82,44,Kevin Garnett,1996-97,December,Minnesota Timberwolves,Denver Nuggets,4,1,0,1,0,2,1
83,81,Ervin Johnson,1996-97,December,Denver Nuggets,Minnesota Timberwolves,0,0,4,3,1,0,0
84,79,LaPhonso Ellis,1996-97,December,Denver Nuggets,Minnesota Timberwolves,8,0,1,0,0,1,1
85,62,Bryant Stith,1996-97,December,Denver Nuggets,Minnesota Timberwolves,2,4,0,0,0,0,0
87,75,Antonio McDyess,1996-97,December,Denver Nuggets,Minnesota Timberwolves,12,0,2,0,2,2,1
89,82,Kevin Garnett,1996-97,December,Minnesota Timberwolves,Denver Nuggets,4,1,1,1,0,2,1
90,74,Stephon Marbury,1996-97,December,Minnesota Timberwolves,Denver Nuggets,4,1,0,0,0,2,1
91,85,Bryant Stith,1996-97,December,Denver Nuggets,Minnesota Timberwolves,2,4,0,0,1,0,0
92,91,Bryant Stith,1996-97,December,Denver Nuggets,Minnesota Timberwolves,5,4,0,0,1,0,0
93,87,Antonio McDyess,1996-97,December,Denver Nuggets,Minnesota Timberwolves,12,1,2,0,2,2,1
94,51,Doug West,1996-97,December,Minnesota Timberwolves,Denver Nuggets,5,0,1,1,0,0,0
95,90,Stephon Marbury,1996-97,December,Minnesota Timberwolves,Denver Nuggets,4,2,0,0,0,2,1
96,93,Antonio McDyess,1996-97,December,Denver Nuggets,Minnesota Timberwolves,12,1,2,0,2,3,1
97,0,Cherokee Parks,1996-97,December,Minnesota Timberwolves,Denver Nuggets,2,0,0,0,0,0,0
98,76,Tom Gugliotta,1996-97,December,Minnesota Timberwolves,Denver Nuggets,4,1,3,0,0,0,1
100,89,Kevin Garnett,1996-97,December,Minnesota Timberwolves,Denver Nuggets,4,1,2,1,0,2,1
101,97,Cherokee Parks,1996-97,December,Minnesota Timberwolves,Denver Nuggets,2,0,0,0,0,0,1
103,83,Ervin Johnson,1996-97,December,Denver Nuggets,Minnesota Timberwolves,1,0,4,3,1,0,0
105,101,Cherokee Parks,1996-97,December,Minnesota Timberwolves,Denver Nuggets,2,0,1,0,0,0,1
107,100,Kevin Garnett,1996-97,December,Minnesota Timberwolves,Denver Nuggets,4,1,3,1,0,2,1
108,105,Cherokee Parks,1996-97,December,Minnesota Timberwolves,Denver Nuggets,2,0,1,0,0,1,1
109,96,Antonio McDyess,1996-97,December,Denver Nuggets,Minnesota Timberwolves,14,1,2,0,2,3,1
110,66,Mark Jackson,1996-97,December,Denver Nuggets,Minnesota Timberwolves,0,6,2,0,0,0,0
112,103,Ervin Johnson,1996-97,December,Denver Nuggets,Minnesota Timberwolves,1,0,5,3,1,0,0
114,0,Ricky Pierce,1996-97,December,Denver Nuggets,Minnesota Timberwolves,0,0,1,0,0,0,0
115,108,Cherokee Parks,1996-97,December,Minnesota Timberwolves,Denver Nuggets,2,0,1,0,0,1,2
116,114,Ricky Pierce,1996-97,December,Denver Nuggets,Minnesota Timberwolves,1,0,1,0,0,0,0
118,107,Kevin Garnett,1996-97,December,Minnesota Timberwolves,Denver Nuggets,4,1,4,1,0,2,1
119,110,Mark Jackson,1996-97,December,Denver Nuggets,Minnesota Timberwolves,0,6,2,0,0,0,1
121,0,Sam Mitchell,1996-97,December,Minnesota Timberwolves,Denver Nuggets,1,0,0,0,0,0,0
122,0,Terry Porter,1996-97,December,Minnesota Timberwolves,Denver Nuggets,0,0,0,0,0,0,1
123,112,Ervin Johnson,1996-97,December,Denver Nuggets,Minnesota Timberwolves,2,0,5,3,1,0,0
125,121,Sam Mitchell,1996-97,December,Minnesota Timberwolves,Denver Nuggets,1,0,1,0,0,0,0
127,123,Ervin Johnson,1996-97,December,Denver Nuggets,Minnesota Timberwolves,2,0,6,3,1,0,0
128,109,Antonio McDyess,1996-97,December,Denver Nuggets,Minnesota Timberwolves,14,1,2,0,2,4,1
129,125,Sam Mitchell,1996-97,December,Minnesota Timberwolves,Denver Nuggets,1,0,1,0,1,0,0
130,128,Antonio McDyess,1996-97,December,Denver Nuggets,Minnesota Timberwolves,14,1,2,0,2,4,2
131,98,Tom Gugliotta,1996-97,December,Minnesota Timberwolves,Denver Nuggets,5,1,3,0,0,0,1
132,131,Tom Gugliotta,1996-97,December,Minnesota Timberwolves,Denver Nuggets,6,1,3,0,0,0,1
134,129,Sam Mitchell,1996-97,December,Minnesota Timberwolves,Denver Nuggets,1,0,2,0,1,0,0
135,134,Sam Mitchell,1996-97,December,Minnesota Timberwolves,Denver Nuggets,3,0,2,0,1,0,0
136,95,Stephon Marbury,1996-97,December,Minnesota Timberwolves,Denver Nuggets,4,3,0,0,0,2,1
137,119,Mark Jackson,1996-97,December,Denver Nuggets,Minnesota Timberwolves,3,6,2,0,0,0,1
138,115,Cherokee Parks,1996-97,December,Minnesota Timberwolves,Denver Nuggets,4,0,1,0,0,1,2
139,122,Terry Porter,1996-97,December,Minnesota Timberwolves,Denver Nuggets,0,1,0,0,0,0,1
140,137,Mark Jackson,1996-97,December,Denver Nuggets,Minnesota Timberwolves,6,6,2,0,0,0,1
141,0,Dale Ellis,1996-97,December,Denver Nuggets,Minnesota Timberwolves,0,1,0,0,0,0,0
143,138,Cherokee Parks,1996-97,December,Minnesota Timberwolves,Denver Nuggets,4,0,2,0,0,1,2
144,139,Terry Porter,1996-97,December,Minnesota Timberwolves,Denver Nuggets,3,1,0,0,0,0,1
145,143,Cherokee Parks,1996-97,December,Minnesota Timberwolves,Denver Nuggets,4,1,2,0,0,1,2
146,140,Mark Jackson,1996-97,December,Denver Nuggets,Minnesota Timberwolves,8,6,2,0,0,0,1
147,136,Stephon Marbury,1996-97,December,Minnesota Timberwolves,Denver Nuggets,4,3,0,0,0,2,2
149,132,Tom Gugliotta,1996-97,December,Minnesota Timberwolves,Denver Nuggets,6,1,4,0,0,0,1
150,144,Terry Porter,1996-97,December,Minnesota Timberwolves,Denver Nuggets,5,1,0,0,0,0,1
151,149,Tom Gugliotta,1996-97,December,Minnesota Timberwolves,Denver Nuggets,6,2,4,0,0,0,1
153,150,Terry Porter,1996-97,December,Minnesota Timberwolves,Denver Nuggets,5,1,0,1,0,0,1
154,116,Ricky Pierce,1996-97,December,Denver Nuggets,Minnesota Timberwolves,1,0,2,0,0,0,0
156,135,Sam Mitchell,1996-97,December,Minnesota Timberwolves,Denver Nuggets,3,0,3,0,1,0,0
158,147,Stephon Marbury,1996-97,December,Minnesota Timberwolves,Denver Nuggets,4,3,1,0,0,2,2
159,145,Cherokee Parks,1996-97,December,Minnesota Timberwolves,Denver Nuggets,6,1,2,0,0,1,2
160,158,Stephon Marbury,1996-97,December,Minnesota Timberwolves,Denver Nuggets,4,4,1,0,0,2,2
162,159,Cherokee Parks,1996-97,December,Minnesota Timberwolves,Denver Nuggets,6,1,3,0,0,1,2
164,146,Mark Jackson,1996-97,December,Denver Nuggets,Minnesota Timberwolves,8,6,3,0,0,0,1
165,154,Ricky Pierce,1996-97,December,Denver Nuggets,Minnesota Timberwolves,3,0,2,0,0,0,0
166,164,Mark Jackson,1996-97,December,Denver Nuggets,Minnesota Timberwolves,8,7,3,0,0,0,1
167,84,LaPhonso Ellis,1996-97,December,Denver Nuggets,Minnesota Timberwolves,8,0,1,0,0,1,2
168,151,Tom Gugliotta,1996-97,December,Minnesota Timberwolves,Denver Nuggets,6,2,4,0,0,0,2
169,168,Tom Gugliotta,1996-97,December,Minnesota Timberwolves,Denver Nuggets,6,2,4,0,0,1,2
170,166,Mark Jackson,1996-97,December,Denver Nuggets,Minnesota Timberwolves,8,7,3,0,0,1,1
171,153,Terry Porter,1996-97,December,Minnesota Timberwolves,Denver Nuggets,5,1,0,1,1,0,1
172,169,Tom Gugliotta,1996-97,December,Minnesota Timberwolves,Denver Nuggets,8,2,4,0,0,1,2
173,0,Tom Hammonds,1996-97,December,Denver Nuggets,Minnesota Timberwolves,0,0,0,0,0,0,1
174,172,Tom Gugliotta,1996-97,December,Minnesota Timberwolves,Denver Nuggets,9,2,4,0,0,1,2
176,92,Bryant Stith,1996-97,December,Denver Nuggets,Minnesota Timberwolves,5,4,1,0,1,0,0
178,141,Dale Ellis,1996-97,December,Denver Nuggets,Minnesota Timberwolves,0,1,1,0,0,0,0
180,156,Sam Mitchell,1996-97,December,Minnesota Timberwolves,Denver Nuggets,3,0,3,1,1,0,0
181,173,Tom Hammonds,1996-97,December,Denver Nuggets,Minnesota Timberwolves,0,0,1,0,0,0,1
183,181,Tom Hammonds,1996-97,December,Denver Nuggets,Minnesota Timberwolves,0,0,2,0,0,0,1
185,162,Cherokee Parks,1996-97,December,Minnesota Timberwolves,Denver Nuggets,6,1,4,0,0,1,2
188,174,Tom Gugliotta,1996-97,December,Minnesota Timberwolves,Denver Nuggets,9,2,5,0,0,1,2
190,188,Tom Gugliotta,1996-97,December,Minnesota Timberwolves,Denver Nuggets,9,2,6,0,0,1,2
192,130,Antonio McDyess,1996-97,December,Denver Nuggets,Minnesota Timberwolves,14,1,2,1,2,4,2
193,185,Cherokee Parks,1996-97,December,Minnesota Timberwolves,Denver Nuggets,6,1,5,0,0,1,2
194,193,Cherokee Parks,1996-97,December,Minnesota Timberwolves,Denver Nuggets,8,1,5,0,0,1,2
195,194,Cherokee Parks,1996-97,December,Minnesota Timberwolves,Denver Nuggets,8,1,5,0,0,1,3
196,183,Tom Hammonds,1996-97,December,Denver Nuggets,Minnesota Timberwolves,1,0,2,0,0,0,1
197,196,Tom Hammonds,1996-97,December,Denver Nuggets,Minnesota Timberwolves,2,0,2,0,0,0,1
198,190,Tom Gugliotta,1996-97,December,Minnesota Timberwolves,Denver Nuggets,11,2,6,0,0,1,2
199,118,Kevin Garnett,1996-97,December,Minnesota Timberwolves,Denver Nuggets,4,2,4,1,0,2,1
200,192,Antonio McDyess,1996-97,December,Denver Nuggets,Minnesota Timberwolves,14,1,2,1,2,5,2
201,171,Terry Porter,1996-97,December,Minnesota Timberwolves,Denver Nuggets,5,1,0,1,2,0,1
202,201,Terry Porter,1996-97,December,Minnesota Timberwolves,Denver Nuggets,5,1,0,1,2,1,1
203,178,Dale Ellis,1996-97,December,Denver Nuggets,Minnesota Timberwolves,0,1,1,0,1,0,0
205,127,Ervin Johnson,1996-97,December,Denver Nuggets,Minnesota Timberwolves,2,0,7,3,1,0,0
207,202,Terry Porter,1996-97,December,Minnesota Timberwolves,Denver Nuggets,5,1,1,1,2,1,1
209,180,Sam Mitchell,1996-97,December,Minnesota Timberwolves,Denver Nuggets,3,0,3,1,1,0,1
210,167,LaPhonso Ellis,1996-97,December,Denver Nuggets,Minnesota Timberwolves,9,0,1,0,0,1,2
211,210,LaPhonso Ellis,1996-97,December,Denver Nuggets,Minnesota Timberwolves,10,0,1,0,0,1,2
212,211,LaPhonso Ellis,1996-97,December,Denver Nuggets,Minnesota Timberwolves,10,0,1,0,0,1,3
213,198,Tom Gugliotta,1996-97,December,Minnesota Timberwolves,Denver Nuggets,12,2,6,0,0,1,2
214,213,Tom Gugliotta,1996-97,December,Minnesota Timberwolves,Denver Nuggets,13,2,6,0,0,1,2
216,214,Tom Gugliotta,1996-97,December,Minnesota Timberwolves,Denver Nuggets,13,2,7,0,0,1,2
217,216,Tom Gugliotta,1996-97,December,Minnesota Timberwolves,Denver Nuggets,13,2,7,0,0,2,2
218,170,Mark Jackson,1996-97,December,Denver Nuggets,Minnesota Timberwolves,8,7,3,0,1,1,1
219,203,Dale Ellis,1996-97,December,Denver Nuggets,Minnesota Timberwolves,2,1,1,0,1,0,0
220,218,Mark Jackson,1996-97,December,Denver Nuggets,Minnesota Timberwolves,8,8,3,0,1,1,1
221,207,Terry Porter,1996-97,December,Minnesota Timberwolves,Denver Nuggets,8,1,1,1,2,1,1
222,160,Stephon Marbury,1996-97,December,Minnesota Timberwolves,Denver Nuggets,4,5,1,0,0,2,2
223,220,Mark Jackson,1996-97,December,Denver Nuggets,Minnesota Timberwolves,8,8,3,0,1,2,1
224,197,Tom Hammonds,1996-97,December,Denver Nuggets,Minnesota Timberwolves,2,0,2,0,0,0,2
225,199,Kevin Garnett,1996-97,December,Minnesota Timberwolves,Denver Nuggets,5,2,4,1,0,2,1
226,225,Kevin Garnett,1996-97,December,Minnesota Timberwolves,Denver Nuggets,6,2,4,1,0,2,1
227,221,Terry Porter,1996-97,December,Minnesota Timberwolves,Denver Nuggets,8,1,1,1,2,1,2
229,223,Mark Jackson,1996-97,December,Denver Nuggets,Minnesota Timberwolves,9,8,3,0,1,2,1
231,205,Ervin Johnson,1996-97,December,Denver Nuggets,Minnesota Timberwolves,2,0,7,4,1,0,0
232,229,Mark Jackson,1996-97,December,Denver Nuggets,Minnesota Timberwolves,11,8,3,0,1,2,1
233,231,Ervin Johnson,1996-97,December,Denver Nuggets,Minnesota Timberwolves,2,1,7,4,1,0,0
234,217,Tom Gugliotta,1996-97,December,Minnesota Timberwolves,Denver Nuggets,15,2,7,0,0,2,2
236,226,Kevin Garnett,1996-97,December,Minnesota Timberwolves,Denver Nuggets,6,2,5,1,0,2,1
238,200,Antonio McDyess,1996-97,December,Denver Nuggets,Minnesota Timberwolves,14,1,3,1,2,5,2
239,234,Tom Gugliotta,1996-97,December,Minnesota Timberwolves,Denver Nuggets,15,2,7,0,0,2,3
240,238,Antonio McDyess,1996-97,December,Denver Nuggets,Minnesota Timberwolves,15,1,3,1,2,5,2
241,240,Antonio McDyess,1996-97,December,Denver Nuggets,Minnesota Timberwolves,16,1,3,1,2,5,2
242,222,Stephon Marbury,1996-97,December,Minnesota Timberwolves,Denver Nuggets,4,5,1,0,0,3,2
243,232,Mark Jackson,1996-97,December,Denver Nuggets,Minnesota Timberwolves,11,8,3,0,2,2,1
245,212,LaPhonso Ellis,1996-97,December,Denver Nuggets,Minnesota Timberwolves,10,0,2,0,0,1,3
246,73,Stojko Vrankovic,1996-97,December,Minnesota Timberwolves,Denver Nuggets,2,0,1,0,1,1,2
247,245,LaPhonso Ellis,1996-97,December,Denver Nuggets,Minnesota Timberwolves,11,0,2,0,0,1,3
248,247,LaPhonso Ellis,1996-97,December,Denver Nuggets,Minnesota Timberwolves,12,0,2,0,0,1,3
250,248,LaPhonso Ellis,1996-97,December,Denver Nuggets,Minnesota Timberwolves,12,0,3,0,0,1,3
252,250,LaPhonso Ellis,1996-97,December,Denver Nuggets,Minnesota Timberwolves,12,0,4,0,0,1,3
254,246,Stojko Vrankovic,1996-97,December,Minnesota Timberwolves,Denver Nuggets,2,0,2,0,1,1,2
255,239,Tom Gugliotta,1996-97,December,Minnesota Timberwolves,Denver Nuggets,15,2,7,0,0,3,3
256,241,Antonio McDyess,1996-97,December,Denver Nuggets,Minnesota Timberwolves,16,1,3,1,3,5,2
257,256,Antonio McDyess,1996-97,December,Denver Nuggets,Minnesota Timberwolves,16,1,3,1,3,6,2
258,236,Kevin Garnett,1996-97,December,Minnesota Timberwolves,Denver Nuggets,6,2,5,1,1,2,1
260,254,Stojko Vrankovic,1996-97,December,Minnesota Timberwolves,Denver Nuggets,2,0,3,0,1,1,2
262,260,Stojko Vrankovic,1996-97,December,Minnesota Timberwolves,Denver Nuggets,2,0,4,0,1,1,2
263,262,Stojko Vrankovic,1996-97,December,Minnesota Timberwolves,Denver Nuggets,4,0,4,0,1,1,2
264,263,Stojko Vrankovic,1996-97,December,Minnesota Timberwolves,Denver Nuggets,4,0,4,0,1,1,3
265,252,LaPhonso Ellis,1996-97,December,Denver Nuggets,Minnesota Timberwolves,13,0,4,0,0,1,3
266,265,LaPhonso Ellis,1996-97,December,Denver Nuggets,Minnesota Timberwolves,14,0,4,0,0,1,3
267,242,Stephon Marbury,1996-97,December,Minnesota Timberwolves,Denver Nuggets,6,5,1,0,0,3,2
268,176,Bryant Stith,1996-97,December,Denver Nuggets,Minnesota Timberwolves,5,4,1,0,1,1,0
270,243,Mark Jackson,1996-97,December,Denver Nuggets,Minnesota Timberwolves,11,8,4,0,2,2,1
271,270,Mark Jackson,1996-97,December,Denver Nuggets,Minnesota Timberwolves,11,8,4,0,2,3,1
272,258,Kevin Garnett,1996-97,December,Minnesota Timberwolves,Denver Nuggets,8,2,5,1,1,2,1
273,255,Tom Gugliotta,1996-97,December,Minnesota Timberwolves,Denver Nuggets,15,3,7,0,0,3,3
275,272,Kevin Garnett,1996-97,December,Minnesota Timberwolves,Denver Nuggets,8,2,5,2,1,2,1
276,268,Bryant Stith,1996-97,December,Denver Nuggets,Minnesota Timberwolves,5,4,2,0,1,1,0
278,273,Tom Gugliotta,1996-97,December,Minnesota Timberwolves,Denver Nuggets,15,3,8,0,0,3,3
279,266,LaPhonso Ellis,1996-97,December,Denver Nuggets,Minnesota Timberwolves,14,0,4,0,0,1,4
280,264,Stojko Vrankovic,1996-97,December,Minnesota Timberwolves,Denver Nuggets,5,0,4,0,1,1,3
281,280,Stojko Vrankovic,1996-97,December,Minnesota Timberwolves,Denver Nuggets,6,0,4,0,1,1,3
283,233,Ervin Johnson,1996-97,December,Denver Nuggets,Minnesota Timberwolves,2,1,8,4,1,0,0
284,283,Ervin Johnson,1996-97,December,Denver Nuggets,Minnesota Timberwolves,4,1,8,4,1,0,0
285,281,Stojko Vrankovic,1996-97,December,Minnesota Timberwolves,Denver Nuggets,6,0,4,0,1,2,3
286,284,Ervin Johnson,1996-97,December,Denver Nuggets,Minnesota Timberwolves,6,1,8,4,1,0,0
287,219,Dale Ellis,1996-97,December,Denver Nuggets,Minnesota Timberwolves,2,1,1,0,1,0,1
289,276,Bryant Stith,1996-97,December,Denver Nuggets,Minnesota Timberwolves,5,4,3,0,1,1,0
290,285,Stojko Vrankovic,1996-97,December,Minnesota Timberwolves,Denver Nuggets,6,0,4,0,1,2,4
292,257,Antonio McDyess,1996-97,December,Denver Nuggets,Minnesota Timberwolves,17,1,3,1,3,6,2
293,275,Kevin Garnett,1996-97,December,Minnesota Timberwolves,Denver Nuggets,10,2,5,2,1,2,1
294,267,Stephon Marbury,1996-97,December,Minnesota Timberwolves,Denver Nuggets,6,6,1,0,0,3,2
296,195,Cherokee Parks,1996-97,December,Minnesota Timberwolves,Denver Nuggets,8,1,5,1,0,1,3
297,287,Dale Ellis,1996-97,December,Denver Nuggets,Minnesota Timberwolves,2,1,2,0,1,0,1
298,94,Doug West,1996-97,December,Minnesota Timberwolves,Denver Nuggets,5,0,1,1,0,0,1
299,297,Dale Ellis,1996-97,December,Denver Nuggets,Minnesota Timberwolves,3,1,2,0,1,0,1
300,299,Dale Ellis,1996-97,December,Denver Nuggets,Minnesota Timberwolves,4,1,2,0,1,0,1
302,300,Dale Ellis,1996-97,December,Denver Nuggets,Minnesota Timberwolves,4,1,3,0,1,0,1
303,292,Antonio McDyess,1996-97,December,Denver Nuggets,Minnesota Timberwolves,19,1,3,1,3,6,2
304,289,Bryant Stith,1996-97,December,Denver Nuggets,Minnesota Timberwolves,5,5,3,0,1,1,0
305,294,Stephon Marbury,1996-97,December,Minnesota Timberwolves,Denver Nuggets,8,6,1,0,0,3,2
306,302,Dale Ellis,1996-97,December,Denver Nuggets,Minnesota Timberwolves,4,1,3,0,1,1,1
307,296,Cherokee Parks,1996-97,December,Minnesota Timberwolves,Denver Nuggets,8,1,5,1,1,1,3
308,305,Stephon Marbury,1996-97,December,Minnesota Timberwolves,Denver Nuggets,8,6,1,0,0,4,2
309,304,Bryant Stith,1996-97,December,Denver Nuggets,Minnesota Timberwolves,5,5,3,0,2,1,0
310,309,Bryant Stith,1996-97,December,Denver Nuggets,Minnesota Timberwolves,5,5,3,0,2,2,0
311,307,Cherokee Parks,1996-97,December,Minnesota Timberwolves,Denver Nuggets,8,1,5,1,2,1,3
312,308,Stephon Marbury,1996-97,December,Minnesota Timberwolves,Denver Nuggets,8,6,1,0,0,5,2
313,271,Mark Jackson,1996-97,December,Denver Nuggets,Minnesota Timberwolves,11,8,4,0,3,3,1
314,311,Cherokee Parks,1996-97,December,Minnesota Timberwolves,Denver Nuggets,8,1,5,1,2,1,4
315,313,Mark Jackson,1996-97,December,Denver Nuggets,Minnesota Timberwolves,12,8,4,0,3,3,1
317,209,Sam Mitchell,1996-97,December,Minnesota Timberwolves,Denver Nuggets,3,0,4,1,1,0,1
318,298,Doug West,1996-97,December,Minnesota Timberwolves,Denver Nuggets,7,0,1,1,0,0,1
319,227,Terry Porter,1996-97,December,Minnesota Timberwolves,Denver Nuggets,8,2,1,1,2,1,2
321,278,Tom Gugliotta,1996-97,December,Minnesota Timberwolves,Denver Nuggets,15,3,9,0,0,3,3
322,321,Tom Gugliotta,1996-97,December,Minnesota Timberwolves,Denver Nuggets,18,3,9,0,0,3,3
323,317,Sam Mitchell,1996-97,December,Minnesota Timberwolves,Denver Nuggets,3,1,4,1,1,0,1
324,318,Doug West,1996-97,December,Minnesota Timberwolves,Denver Nuggets,7,0,1,1,0,0,2
325,306,Dale Ellis,1996-97,December,Denver Nuggets,Minnesota Timberwolves,5,1,3,0,1,1,1
326,325,Dale Ellis,1996-97,December,Denver Nuggets,Minnesota Timberwolves,6,1,3,0,1,1,1
327,286,Ervin Johnson,1996-97,December,Denver Nuggets,Minnesota Timberwolves,6,1,8,4,1,0,1
329,315,Mark Jackson,1996-97,December,Denver Nuggets,Minnesota Timberwolves,12,8,5,0,3,3,1
332,327,Ervin Johnson,1996-97,December,Denver Nuggets,Minnesota Timberwolves,6,1,8,5,1,0,1
333,319,Terry Porter,1996-97,December,Minnesota Timberwolves,Denver Nuggets,8,2,2,1,2,1,2
334,329,Mark Jackson,1996-97,December,Denver Nuggets,Minnesota Timberwolves,12,8,5,0,3,4,1
335,293,Kevin Garnett,1996-97,December,Minnesota Timberwolves,Denver Nuggets,10,2,5,2,2,2,1
337,323,Sam Mitchell,1996-97,December,Minnesota Timberwolves,Denver Nuggets,3,1,5,1,1,0,1
338,337,Sam Mitchell,1996-97,December,Minnesota Timberwolves,Denver Nuggets,5,1,5,1,1,0,1
340,335,Kevin Garnett,1996-97,December,Minnesota Timberwolves,Denver Nuggets,10,2,5,3,2,2,1
341,338,Sam Mitchell,1996-97,December,Minnesota Timberwolves,Denver Nuggets,5,1,6,1,1,0,1
343,322,Tom Gugliotta,1996-97,December,Minnesota Timberwolves,Denver Nuggets,18,3,10,0,0,3,3
345,303,Antonio McDyess,1996-97,December,Denver Nuggets,Minnesota Timberwolves,19,1,4,1,3,6,2
346,334,Mark Jackson,1996-97,December,Denver Nuggets,Minnesota Timberwolves,12,8,5,0,3,5,1
347,333,Terry Porter,1996-97,December,Minnesota Timberwolves,Denver Nuggets,10,2,2,1,2,1,2
348,343,Tom Gugliotta,1996-97,December,Minnesota Timberwolves,Denver Nuggets,18,4,10,0,0,3,3
349,341,Sam Mitchell,1996-97,December,Minnesota Timberwolves,Denver Nuggets,5,1,6,1,1,0,2
350,165,Ricky Pierce,1996-97,December,Denver Nuggets,Minnesota Timberwolves,4,0,2,0,0,0,0
351,350,Ricky Pierce,1996-97,December,Denver Nuggets,Minnesota Timberwolves,5,0,2,0,0,0,0
353,332,Ervin Johnson,1996-97,December,Denver Nuggets,Minnesota Timberwolves,6,1,8,6,1,0,1
355,353,Ervin Johnson,1996-97,December,Denver Nuggets,Minnesota Timberwolves,6,1,9,6,1,0,1
357,324,Doug West,1996-97,December,Minnesota Timberwolves,Denver Nuggets,7,0,2,1,0,0,2
358,348,Tom Gugliotta,1996-97,December,Minnesota Timberwolves,Denver Nuggets,18,4,10,0,0,4,3
359,279,LaPhonso Ellis,1996-97,December,Denver Nuggets,Minnesota Timberwolves,16,0,4,0,0,1,4
360,355,Ervin Johnson,1996-97,December,Denver Nuggets,Minnesota Timberwolves,6,1,9,6,1,0,2
362,359,LaPhonso Ellis,1996-97,December,Denver Nuggets,Minnesota Timberwolves,16,0,4,1,0,1,4
363,360,Ervin Johnson,1996-97,December,Denver Nuggets,Minnesota Timberwolves,6,1,10,6,1,0,2
365,358,Tom Gugliotta,1996-97,December,Minnesota Timberwolves,Denver Nuggets,18,4,10,1,0,4,3
366,365,Tom Gugliotta,1996-97,December,Minnesota Timberwolves,Denver Nuggets,18,4,11,1,0,4,3
368,366,Tom Gugliotta,1996-97,December,Minnesota Timberwolves,Denver Nuggets,18,4,11,1,0,4,4
369,326,Dale Ellis,1996-97,December,Denver Nuggets,Minnesota Timberwolves,8,1,3,0,1,1,1
370,340,Kevin Garnett,1996-97,December,Minnesota Timberwolves,Denver Nuggets,12,2,5,3,2,2,1
371,312,Stephon Marbury,1996-97,December,Minnesota Timberwolves,Denver Nuggets,8,7,1,0,0,5,2
372,370,Kevin Garnett,1996-97,December,Minnesota Timberwolves,Denver Nuggets,12,2,5,3,2,2,1
373,369,Dale Ellis,1996-97,December,Denver Nuggets,Minnesota Timberwolves,9,1,3,0,1,1,1
376,362,LaPhonso Ellis,1996-97,December,Denver Nuggets,Minnesota Timberwolves,18,0,4,1,0,1,4
378,372,Kevin Garnett,1996-97,December,Minnesota Timberwolves,Denver Nuggets,12,2,6,3,2,2,1
380,363,Ervin Johnson,1996-97,December,Denver Nuggets,Minnesota Timberwolves,6,1,10,7,1,0,2
381,346,Mark Jackson,1996-97,December,Denver Nuggets,Minnesota Timberwolves,12,8,6,0,3,5,1
382,373,Dale Ellis,1996-97,December,Denver Nuggets,Minnesota Timberwolves,9,1,3,0,1,2,1
383,349,Sam Mitchell,1996-97,December,Minnesota Timberwolves,Denver Nuggets,7,1,6,1,1,0,2
384,351,Ricky Pierce,1996-97,December,Denver Nuggets,Minnesota Timberwolves,7,0,2,0,0,0,0
385,381,Mark Jackson,1996-97,December,Denver Nuggets,Minnesota Timberwolves,12,9,6,0,3,5,1
387,378,Kevin Garnett,1996-97,December,Minnesota Timberwolves,Denver Nuggets,12,2,7,3,2,2,1
389,314,Cherokee Parks,1996-97,December,Minnesota Timberwolves,Denver Nuggets,8,1,5,1,2,1,5
391,383,Sam Mitchell,1996-97,December,Minnesota Timberwolves,Denver Nuggets,7,1,7,1,1,0,2
392,357,Doug West,1996-97,December,Minnesota Timberwolves,Denver Nuggets,7,0,2,1,0,1,2
393,384,Ricky Pierce,1996-97,December,Denver Nuggets,Minnesota Timberwolves,9,0,2,0,0,0,0
395,391,Sam Mitchell,1996-97,December,Minnesota Timberwolves,Denver Nuggets,7,1,8,1,1,0,2
396,393,Ricky Pierce,1996-97,December,Denver Nuggets,Minnesota Timberwolves,9,0,2,0,0,0,1
397,395,Sam Mitchell,1996-97,December,Minnesota Timberwolves,Denver Nuggets,8,1,8,1,1,0,2
399,345,Antonio McDyess,1996-97,December,Denver Nuggets,Minnesota Timberwolves,19,1,5,1,3,6,2
400,399,Antonio McDyess,1996-97,December,Denver Nuggets,Minnesota Timberwolves,21,1,5,1,3,6,2
401,396,Ricky Pierce,1996-97,December,Denver Nuggets,Minnesota Timberwolves,9,1,2,0,0,0,1
402,371,Stephon Marbury,1996-97,December,Minnesota Timberwolves,Denver Nuggets,11,7,1,0,0,5,2
403,401,Ricky Pierce,1996-97,December,Denver Nuggets,Minnesota Timberwolves,11,1,2,0,0,0,1
404,392,Doug West,1996-97,December,Minnesota Timberwolves,Denver Nuggets,7,0,2,1,0,1,3
405,403,Ricky Pierce,1996-97,December,Denver Nuggets,Minnesota Timberwolves,12,1,2,0,0,0,1
406,380,Ervin Johnson,1996-97,December,Denver Nuggets,Minnesota Timberwolves,6,1,10,7,1,0,3
407,368,Tom Gugliotta,1996-97,December,Minnesota Timberwolves,Denver Nuggets,20,4,11,1,0,4,4
408,404,Doug West,1996-97,December,Minnesota Timberwolves,Denver Nuggets,7,1,2,1,0,1,3
409,408,Doug West,1996-97,December,Minnesota Timberwolves,Denver Nuggets,7,1,2,1,0,1,4
410,409,Doug West,1996-97,December,Minnesota Timberwolves,Denver Nuggets,7,1,2,1,0,1,4
411,405,Ricky Pierce,1996-97,December,Denver Nuggets,Minnesota Timberwolves,13,1,2,0,0,0,1
413,411,Ricky Pierce,1996-97,December,Denver Nuggets,Minnesota Timberwolves,14,1,2,0,0,0,1
415,376,LaPhonso Ellis,1996-97,December,Denver Nuggets,Minnesota Timberwolves,18,0,4,2,0,1,4
416,385,Mark Jackson,1996-97,December,Denver Nuggets,Minnesota Timberwolves,12,9,7,0,3,5,1
418,407,Tom Gugliotta,1996-97,December,Minnesota Timberwolves,Denver Nuggets,20,4,12,1,0,4,4
419,400,Antonio McDyess,1996-97,December,Denver Nuggets,Minnesota Timberwolves,21,1,5,1,3,6,3
420,387,Kevin Garnett,1996-97,December,Minnesota Timberwolves,Denver Nuggets,14,2,7,3,2,2,1
421,418,Tom Gugliotta,1996-97,December,Minnesota Timberwolves,Denver Nuggets,20,5,12,1,0,4,4
423,406,Ervin Johnson,1996-97,December,Denver Nuggets,Minnesota Timberwolves,6,1,11,7,1,0,3
424,419,Antonio McDyess,1996-97,December,Denver Nuggets,Minnesota Timberwolves,23,1,5,1,3,6,3
425,416,Mark Jackson,1996-97,December,Denver Nuggets,Minnesota Timberwolves,12,10,7,0,3,5,1
426,402,Stephon Marbury,1996-97,December,Minnesota Timberwolves,Denver Nuggets,13,7,1,0,0,5,2
428,413,Ricky Pierce,1996-97,December,Denver Nuggets,Minnesota Timberwolves,14,1,3,0,0,0,1
429,428,Ricky Pierce,1996-97,December,Denver Nuggets,Minnesota Timberwolves,14,1,3,0,0,1,1
430,420,Kevin Garnett,1996-97,December,Minnesota Timberwolves,Denver Nuggets,14,2,7,3,3,2,1
431,426,Stephon Marbury,1996-97,December,Minnesota Timberwolves,Denver Nuggets,15,7,1,0,0,5,2
432,415,LaPhonso Ellis,1996-97,December,Denver Nuggets,Minnesota Timberwolves,18,0,4,2,0,1,5
433,431,Stephon Marbury,1996-97,December,Minnesota Timberwolves,Denver Nuggets,16,7,1,0,0,5,2
435,430,Kevin Garnett,1996-97,December,Minnesota Timberwolves,Denver Nuggets,14,2,8,3,3,2,1
437,432,LaPhonso Ellis,1996-97,December,Denver Nuggets,Minnesota Timberwolves,18,0,5,2,0,1,5
439,435,Kevin Garnett,1996-97,December,Minnesota Timberwolves,Denver Nuggets,14,2,8,4,3,2,1
440,429,Ricky Pierce,1996-97,December,Denver Nuggets,Minnesota Timberwolves,14,1,4,0,0,1,1
441,440,Ricky Pierce,1996-97,December,Denver Nuggets,Minnesota Timberwolves,14,1,4,0,0,2,1
444,439,Kevin Garnett,1996-97,December,Minnesota Timberwolves,Denver Nuggets,14,2,9,4,3,2,1
445,421,Tom Gugliotta,1996-97,December,Minnesota Timberwolves,Denver Nuggets,22,5,12,1,0,4,4
446,433,Stephon Marbury,1996-97,December,Minnesota Timberwolves,Denver Nuggets,16,8,1,0,0,5,2
447,441,Ricky Pierce,1996-97,December,Denver Nuggets,Minnesota Timberwolves,14,1,4,0,0,2,2
448,445,Tom Gugliotta,1996-97,December,Minnesota Timberwolves,Denver Nuggets,23,5,12,1,0,4,4
449,444,Kevin Garnett,1996-97,December,Minnesota Timberwolves,Denver Nuggets,14,2,9,4,3,2,2
452,449,Kevin Garnett,1996-97,December,Minnesota Timberwolves,Denver Nuggets,14,2,10,4,3,2,2
454,447,Ricky Pierce,1996-97,December,Denver Nuggets,Minnesota Timberwolves,14,1,5,0,0,2,2
455,454,Ricky Pierce,1996-97,December,Denver Nuggets,Minnesota Timberwolves,14,1,5,0,0,3,2
456,448,Tom Gugliotta,1996-97,December,Minnesota Timberwolves,Denver Nuggets,23,5,12,1,1,4,4
457,424,Antonio McDyess,1996-97,December,Denver Nuggets,Minnesota Timberwolves,23,1,5,1,3,6,4
458,397,Sam Mitchell,1996-97,December,Minnesota Timberwolves,Denver Nuggets,9,1,8,1,1,0,2
459,458,Sam Mitchell,1996-97,December,Minnesota Timberwolves,Denver Nuggets,10,1,8,1,1,0,2
460,459,Sam Mitchell,1996-97,December,Minnesota Timberwolves,Denver Nuggets,10,1,8,1,1,0,3
462,456,Tom Gugliotta,1996-97,December,Minnesota Timberwolves,Denver Nuggets,23,5,13,1,1,4,4
464,457,Antonio McDyess,1996-97,December,Denver Nuggets,Minnesota Timberwolves,23,1,5,2,3,6,4
465,452,Kevin Garnett,1996-97,December,Minnesota Timberwolves,Denver Nuggets,14,2,11,4,3,2,2
467,423,Ervin Johnson,1996-97,December,Denver Nuggets,Minnesota Timberwolves,6,1,12,7,1,0,3
468,446,Stephon Marbury,1996-97,December,Minnesota Timberwolves,Denver Nuggets,16,8,1,0,0,5,3
469,425,Mark Jackson,1996-97,December,Denver Nuggets,Minnesota Timberwolves,12,10,7,0,3,6,1
470,460,Sam Mitchell,1996-97,December,Minnesota Timberwolves,Denver Nuggets,10,1,8,1,2,0,3
471,468,Stephon Marbury,1996-97,December,Minnesota Timberwolves,Denver Nuggets,18,8,1,0,0,5,3
472,465,Kevin Garnett,1996-97,December,Minnesota Timberwolves,Denver Nuggets,14,2,11,4,3,2,3
473,310,Bryant Stith,1996-97,December,Denver Nuggets,Minnesota Timberwolves,6,5,3,0,2,2,0
474,473,Bryant Stith,1996-97,December,Denver Nuggets,Minnesota Timberwolves,7,5,3,0,2,2,0
476,472,Kevin Garnett,1996-97,December,Minnesota Timberwolves,Denver Nuggets,14,2,12,4,3,2,3
477,462,Tom Gugliotta,1996-97,December,Minnesota Timberwolves,Denver Nuggets,25,5,13,1,1,4,4
479,476,Kevin Garnett,1996-97,December,Minnesota Timberwolves,Denver Nuggets,14,2,13,4,3,2,3
480,467,Ervin Johnson,1996-97,December,Denver Nuggets,Minnesota Timberwolves,6,1,12,7,1,0,4
481,477,Tom Gugliotta,1996-97,December,Minnesota Timberwolves,Denver Nuggets,26,5,13,1,1,4,4
482,481,Tom Gugliotta,1996-97,December,Minnesota Timberwolves,Denver Nuggets,27,5,13,1,1,4,4
484,410,Doug West,1996-97,December,Minnesota Timberwolves,Denver Nuggets,7,1,3,1,0,1,4
486,474,Bryant Stith,1996-97,December,Denver Nuggets,Minnesota Timberwolves,7,5,4,0,2,2,0
487,437,LaPhonso Ellis,1996-97,December,Denver Nuggets,Minnesota Timberwolves,21,0,5,2,0,1,5
488,469,Mark Jackson,1996-97,December,Denver Nuggets,Minnesota Timberwolves,12,11,7,0,3,6,1
489,487,LaPhonso Ellis,1996-97,December,Denver Nuggets,Minnesota Timberwolves,21,0,5,2,0,1,6
490,470,Sam Mitchell,1996-97,December,Minnesota Timberwolves,Denver Nuggets,11,1,8,1,2,0,3
491,490,Sam Mitchell,1996-97,December,Minnesota Timberwolves,Denver Nuggets,12,1,8,1,2,0,3
492,488,Mark Jackson,1996-97,December,Denver Nuggets,Minnesota Timberwolves,14,11,7,0,3,6,1
493,492,Mark Jackson,1996-97,December,Denver Nuggets,Minnesota Timberwolves,14,11,7,0,3,6,2
495,491,Sam Mitchell,1996-97,December,Minnesota Timberwolves,Denver Nuggets,13,1,8,1,2,0,3
497,484,Doug West,1996-97,December,Minnesota Timberwolves,Denver Nuggets,7,1,4,1,0,1,4
