id,previous_id,player,season,month,team,opponent_team,points,assists,rebounds,blocks,steals,turnovers,personal fouls
1,0,Eric Montross,1996-97,December,Dallas Mavericks,Seattle SuperSonics,2,0,0,0,0,0,0
2,0,Gary Payton,1996-97,December,Seattle SuperSonics,Dallas Mavericks,3,0,0,0,0,0,0
3,0,Shawn Kemp,1996-97,December,Seattle SuperSonics,Dallas Mavericks,0,1,0,0,0,0,0
4,1,Eric Montross,1996-97,December,Dallas Mavericks,Seattle SuperSonics,4,0,0,0,0,0,0
5,0,Jim Jackson,1996-97,December,Dallas Mavericks,Seattle SuperSonics,0,1,0,0,0,0,0
6,0,Jim McIlvaine,1996-97,December,Seattle SuperSonics,Dallas Mavericks,0,0,0,0,0,1,0
7,0,George McCloud,1996-97,December,Dallas Mavericks,Seattle SuperSonics,0,0,0,0,1,0,0
8,7,George McCloud,1996-97,December,Dallas Mavericks,Seattle SuperSonics,0,0,0,0,1,1,0
9,2,Gary Payton,1996-97,December,Seattle SuperSonics,Dallas Mavericks,3,0,0,0,1,0,0
11,0,Samaki Walker,1996-97,December,Dallas Mavericks,Seattle SuperSonics,0,0,1,0,0,0,0
13,6,Jim McIlvaine,1996-97,December,Seattle SuperSonics,Dallas Mavericks,0,0,0,1,0,1,0
14,0,Derek Harper,1996-97,December,Dallas Mavericks,Seattle SuperSonics,0,0,1,0,0,0,0
15,14,Derek Harper,1996-97,December,Dallas Mavericks,Seattle SuperSonics,3,0,1,0,0,0,0
16,11,Samaki Walker,1996-97,December,Dallas Mavericks,Seattle SuperSonics,0,0,1,0,0,0,1
17,16,Samaki Walker,1996-97,December,Dallas Mavericks,Seattle SuperSonics,0,0,1,0,0,0,2
19,4,Eric Montross,1996-97,December,Dallas Mavericks,Seattle SuperSonics,4,0,1,0,0,0,0
20,8,George McCloud,1996-97,December,Dallas Mavericks,Seattle SuperSonics,2,0,0,0,1,1,0
21,0,Detlef Schrempf,1996-97,December,Seattle SuperSonics,Dallas Mavericks,2,0,0,0,0,0,0
22,9,Gary Payton,1996-97,December,Seattle SuperSonics,Dallas Mavericks,3,1,0,0,1,0,0
24,13,Jim McIlvaine,1996-97,December,Seattle SuperSonics,Dallas Mavericks,0,0,1,1,0,1,0
25,20,George McCloud,1996-97,December,Dallas Mavericks,Seattle SuperSonics,2,0,0,0,1,1,1
26,21,Detlef Schrempf,1996-97,December,Seattle SuperSonics,Dallas Mavericks,3,0,0,0,0,0,0
27,26,Detlef Schrempf,1996-97,December,Seattle SuperSonics,Dallas Mavericks,4,0,0,0,0,0,0
28,24,Jim McIlvaine,1996-97,December,Seattle SuperSonics,Dallas Mavericks,0,0,1,1,0,1,1
31,27,Detlef Schrempf,1996-97,December,Seattle SuperSonics,Dallas Mavericks,4,0,1,0,0,0,0
33,22,Gary Payton,1996-97,December,Seattle SuperSonics,Dallas Mavericks,5,1,0,0,1,0,0
34,0,Jamal Mashburn,1996-97,December,Dallas Mavericks,Seattle SuperSonics,3,0,0,0,0,0,0
35,19,Eric Montross,1996-97,December,Dallas Mavericks,Seattle SuperSonics,4,1,1,0,0,0,0
36,31,Detlef Schrempf,1996-97,December,Seattle SuperSonics,Dallas Mavericks,7,0,1,0,0,0,0
37,33,Gary Payton,1996-97,December,Seattle SuperSonics,Dallas Mavericks,5,2,0,0,1,0,0
38,15,Derek Harper,1996-97,December,Dallas Mavericks,Seattle SuperSonics,5,0,1,0,0,0,0
40,34,Jamal Mashburn,1996-97,December,Dallas Mavericks,Seattle SuperSonics,3,0,1,0,0,0,0
42,0,Hersey Hawkins,1996-97,December,Seattle SuperSonics,Dallas Mavericks,0,0,1,0,0,0,0
43,36,Detlef Schrempf,1996-97,December,Seattle SuperSonics,Dallas Mavericks,10,0,1,0,0,0,0
44,42,Hersey Hawkins,1996-97,December,Seattle SuperSonics,Dallas Mavericks,0,1,1,0,0,0,0
45,38,Derek Harper,1996-97,December,Dallas Mavericks,Seattle SuperSonics,8,0,1,0,0,0,0
46,5,Jim Jackson,1996-97,December,Dallas Mavericks,Seattle SuperSonics,0,2,0,0,0,0,0
47,40,Jamal Mashburn,1996-97,December,Dallas Mavericks,Seattle SuperSonics,3,0,1,0,0,0,1
49,3,Shawn Kemp,1996-97,December,Seattle SuperSonics,Dallas Mavericks,1,1,0,0,0,0,0
51,43,Detlef Schrempf,1996-97,December,Seattle SuperSonics,Dallas Mavericks,10,0,2,0,0,0,0
53,35,Eric Montross,1996-97,December,Dallas Mavericks,Seattle SuperSonics,4,1,2,0,0,0,0
55,51,Detlef Schrempf,1996-97,December,Seattle SuperSonics,Dallas Mavericks,10,0,3,0,0,0,0
57,45,Derek Harper,1996-97,December,Dallas Mavericks,Seattle SuperSonics,8,0,2,0,0,0,0
58,57,Derek Harper,1996-97,December,Dallas Mavericks,Seattle SuperSonics,11,0,2,0,0,0,0
59,46,Jim Jackson,1996-97,December,Dallas Mavericks,Seattle SuperSonics,0,3,0,0,0,0,0
60,37,Gary Payton,1996-97,December,Seattle SuperSonics,Dallas Mavericks,7,2,0,0,1,0,0
61,49,Shawn Kemp,1996-97,December,Seattle SuperSonics,Dallas Mavericks,1,2,0,0,0,0,0
63,28,Jim McIlvaine,1996-97,December,Seattle SuperSonics,Dallas Mavericks,0,0,2,1,0,1,1
64,55,Detlef Schrempf,1996-97,December,Seattle SuperSonics,Dallas Mavericks,10,0,3,0,0,1,0
65,53,Eric Montross,1996-97,December,Dallas Mavericks,Seattle SuperSonics,4,1,2,0,1,0,0
66,64,Detlef Schrempf,1996-97,December,Seattle SuperSonics,Dallas Mavericks,10,0,3,0,0,1,1
67,25,George McCloud,1996-97,December,Dallas Mavericks,Seattle SuperSonics,3,0,0,0,1,1,1
68,67,George McCloud,1996-97,December,Dallas Mavericks,Seattle SuperSonics,4,0,0,0,1,1,1
69,59,Jim Jackson,1996-97,December,Dallas Mavericks,Seattle SuperSonics,0,3,0,0,0,0,1
72,65,Eric Montross,1996-97,December,Dallas Mavericks,Seattle SuperSonics,4,1,3,0,1,0,0
73,66,Detlef Schrempf,1996-97,December,Seattle SuperSonics,Dallas Mavericks,10,0,3,0,0,1,2
75,58,Derek Harper,1996-97,December,Dallas Mavericks,Seattle SuperSonics,11,0,3,0,0,0,0
77,60,Gary Payton,1996-97,December,Seattle SuperSonics,Dallas Mavericks,7,2,1,0,1,0,0
78,0,Craig Ehlo,1996-97,December,Seattle SuperSonics,Dallas Mavericks,2,0,0,0,0,0,0
80,77,Gary Payton,1996-97,December,Seattle SuperSonics,Dallas Mavericks,7,2,2,0,1,0,0
82,72,Eric Montross,1996-97,December,Dallas Mavericks,Seattle SuperSonics,4,1,4,0,1,0,0
84,73,Detlef Schrempf,1996-97,December,Seattle SuperSonics,Dallas Mavericks,10,0,4,0,0,1,2
86,0,Sam Perkins,1996-97,December,Seattle SuperSonics,Dallas Mavericks,0,0,1,0,0,0,0
87,86,Sam Perkins,1996-97,December,Seattle SuperSonics,Dallas Mavericks,2,0,1,0,0,0,0
88,69,Jim Jackson,1996-97,December,Dallas Mavericks,Seattle SuperSonics,2,3,0,0,0,0,1
89,82,Eric Montross,1996-97,December,Dallas Mavericks,Seattle SuperSonics,4,2,4,0,1,0,0
90,80,Gary Payton,1996-97,December,Seattle SuperSonics,Dallas Mavericks,10,2,2,0,1,0,0
91,47,Jamal Mashburn,1996-97,December,Dallas Mavericks,Seattle SuperSonics,5,0,1,0,0,0,1
92,90,Gary Payton,1996-97,December,Seattle SuperSonics,Dallas Mavericks,10,2,2,0,1,1,0
93,0,Sam Cassell,1996-97,December,Dallas Mavericks,Seattle SuperSonics,0,0,0,0,0,1,0
95,91,Jamal Mashburn,1996-97,December,Dallas Mavericks,Seattle SuperSonics,5,0,2,0,0,0,1
98,0,Michael Finley,1996-97,December,Dallas Mavericks,Seattle SuperSonics,0,0,1,0,0,0,0
99,0,Eric Snow,1996-97,December,Seattle SuperSonics,Dallas Mavericks,0,0,0,0,0,0,1
100,88,Jim Jackson,1996-97,December,Dallas Mavericks,Seattle SuperSonics,2,3,0,0,0,1,1
102,100,Jim Jackson,1996-97,December,Dallas Mavericks,Seattle SuperSonics,2,3,1,0,0,1,1
103,102,Jim Jackson,1996-97,December,Dallas Mavericks,Seattle SuperSonics,4,3,1,0,0,1,1
104,103,Jim Jackson,1996-97,December,Dallas Mavericks,Seattle SuperSonics,4,3,1,0,0,1,2
106,98,Michael Finley,1996-97,December,Dallas Mavericks,Seattle SuperSonics,0,0,2,0,0,0,0
107,78,Craig Ehlo,1996-97,December,Seattle SuperSonics,Dallas Mavericks,2,0,0,0,0,0,1
109,93,Sam Cassell,1996-97,December,Dallas Mavericks,Seattle SuperSonics,0,0,1,0,0,1,0
111,92,Gary Payton,1996-97,December,Seattle SuperSonics,Dallas Mavericks,10,2,3,0,1,1,0
113,109,Sam Cassell,1996-97,December,Dallas Mavericks,Seattle SuperSonics,0,0,2,0,0,1,0
115,0,A.C. Green,1996-97,December,Dallas Mavericks,Seattle SuperSonics,0,0,1,0,0,0,0
116,87,Sam Perkins,1996-97,December,Seattle SuperSonics,Dallas Mavericks,2,0,1,0,0,0,1
117,0,Larry Stewart,1996-97,December,Seattle SuperSonics,Dallas Mavericks,0,0,0,0,0,0,1
118,106,Michael Finley,1996-97,December,Dallas Mavericks,Seattle SuperSonics,2,0,2,0,0,0,0
119,113,Sam Cassell,1996-97,December,Dallas Mavericks,Seattle SuperSonics,0,1,2,0,0,1,0
120,115,A.C. Green,1996-97,December,Dallas Mavericks,Seattle SuperSonics,0,0,1,0,0,0,1
121,107,Craig Ehlo,1996-97,December,Seattle SuperSonics,Dallas Mavericks,2,0,0,0,0,1,1
122,75,Derek Harper,1996-97,December,Dallas Mavericks,Seattle SuperSonics,11,0,3,0,1,0,0
123,119,Sam Cassell,1996-97,December,Dallas Mavericks,Seattle SuperSonics,2,1,2,0,0,1,0
124,122,Derek Harper,1996-97,December,Dallas Mavericks,Seattle SuperSonics,11,1,3,0,1,0,0
126,0,Chris Gatling,1996-97,December,Dallas Mavericks,Seattle SuperSonics,0,0,0,1,0,0,0
127,61,Shawn Kemp,1996-97,December,Seattle SuperSonics,Dallas Mavericks,1,2,1,0,0,0,0
128,127,Shawn Kemp,1996-97,December,Seattle SuperSonics,Dallas Mavericks,3,2,1,0,0,0,0
130,121,Craig Ehlo,1996-97,December,Seattle SuperSonics,Dallas Mavericks,2,0,1,0,0,1,1
131,117,Larry Stewart,1996-97,December,Seattle SuperSonics,Dallas Mavericks,0,0,0,0,0,1,1
132,130,Craig Ehlo,1996-97,December,Seattle SuperSonics,Dallas Mavericks,2,0,1,0,0,1,2
133,126,Chris Gatling,1996-97,December,Dallas Mavericks,Seattle SuperSonics,1,0,0,1,0,0,0
134,133,Chris Gatling,1996-97,December,Dallas Mavericks,Seattle SuperSonics,2,0,0,1,0,0,0
135,116,Sam Perkins,1996-97,December,Seattle SuperSonics,Dallas Mavericks,2,0,1,0,0,1,1
136,123,Sam Cassell,1996-97,December,Dallas Mavericks,Seattle SuperSonics,2,1,2,0,1,1,0
137,118,Michael Finley,1996-97,December,Dallas Mavericks,Seattle SuperSonics,4,0,2,0,0,0,0
138,120,A.C. Green,1996-97,December,Dallas Mavericks,Seattle SuperSonics,0,0,1,0,0,0,2
139,132,Craig Ehlo,1996-97,December,Seattle SuperSonics,Dallas Mavericks,3,0,1,0,0,1,2
141,134,Chris Gatling,1996-97,December,Dallas Mavericks,Seattle SuperSonics,2,0,1,1,0,0,0
142,138,A.C. Green,1996-97,December,Dallas Mavericks,Seattle SuperSonics,2,0,1,0,0,0,2
143,141,Chris Gatling,1996-97,December,Dallas Mavericks,Seattle SuperSonics,2,1,1,1,0,0,0
144,128,Shawn Kemp,1996-97,December,Seattle SuperSonics,Dallas Mavericks,5,2,1,0,0,0,0
145,84,Detlef Schrempf,1996-97,December,Seattle SuperSonics,Dallas Mavericks,10,1,4,0,0,1,2
146,124,Derek Harper,1996-97,December,Dallas Mavericks,Seattle SuperSonics,13,1,3,0,1,0,0
147,99,Eric Snow,1996-97,December,Seattle SuperSonics,Dallas Mavericks,0,0,0,0,0,1,1
148,146,Derek Harper,1996-97,December,Dallas Mavericks,Seattle SuperSonics,13,1,3,0,2,0,0
150,144,Shawn Kemp,1996-97,December,Seattle SuperSonics,Dallas Mavericks,5,2,2,0,0,0,0
152,135,Sam Perkins,1996-97,December,Seattle SuperSonics,Dallas Mavericks,2,0,2,0,0,1,1
153,150,Shawn Kemp,1996-97,December,Seattle SuperSonics,Dallas Mavericks,5,2,2,0,0,1,0
154,68,George McCloud,1996-97,December,Dallas Mavericks,Seattle SuperSonics,4,0,0,0,2,1,1
155,148,Derek Harper,1996-97,December,Dallas Mavericks,Seattle SuperSonics,15,1,3,0,2,0,0
156,154,George McCloud,1996-97,December,Dallas Mavericks,Seattle SuperSonics,4,1,0,0,2,1,1
157,145,Detlef Schrempf,1996-97,December,Seattle SuperSonics,Dallas Mavericks,10,1,4,0,0,2,2
158,104,Jim Jackson,1996-97,December,Dallas Mavericks,Seattle SuperSonics,6,3,1,0,0,1,2
159,156,George McCloud,1996-97,December,Dallas Mavericks,Seattle SuperSonics,4,2,0,0,2,1,1
160,153,Shawn Kemp,1996-97,December,Seattle SuperSonics,Dallas Mavericks,7,2,2,0,0,1,0
161,111,Gary Payton,1996-97,December,Seattle SuperSonics,Dallas Mavericks,10,3,3,0,1,1,0
163,161,Gary Payton,1996-97,December,Seattle SuperSonics,Dallas Mavericks,10,3,4,0,1,1,0
165,142,A.C. Green,1996-97,December,Dallas Mavericks,Seattle SuperSonics,2,0,2,0,0,0,2
166,155,Derek Harper,1996-97,December,Dallas Mavericks,Seattle SuperSonics,18,1,3,0,2,0,0
167,160,Shawn Kemp,1996-97,December,Seattle SuperSonics,Dallas Mavericks,9,2,2,0,0,1,0
168,166,Derek Harper,1996-97,December,Dallas Mavericks,Seattle SuperSonics,21,1,3,0,2,0,0
169,159,George McCloud,1996-97,December,Dallas Mavericks,Seattle SuperSonics,4,3,0,0,2,1,1
170,167,Shawn Kemp,1996-97,December,Seattle SuperSonics,Dallas Mavericks,11,2,2,0,0,1,0
171,163,Gary Payton,1996-97,December,Seattle SuperSonics,Dallas Mavericks,10,4,4,0,1,1,0
172,171,Gary Payton,1996-97,December,Seattle SuperSonics,Dallas Mavericks,10,4,4,0,1,1,1
173,169,George McCloud,1996-97,December,Dallas Mavericks,Seattle SuperSonics,5,3,0,0,2,1,1
174,173,George McCloud,1996-97,December,Dallas Mavericks,Seattle SuperSonics,6,3,0,0,2,1,1
175,63,Jim McIlvaine,1996-97,December,Seattle SuperSonics,Dallas Mavericks,0,0,2,1,0,2,1
176,168,Derek Harper,1996-97,December,Dallas Mavericks,Seattle SuperSonics,21,1,3,0,2,1,0
177,157,Detlef Schrempf,1996-97,December,Seattle SuperSonics,Dallas Mavericks,10,1,4,0,1,2,2
178,172,Gary Payton,1996-97,December,Seattle SuperSonics,Dallas Mavericks,13,4,4,0,1,1,1
179,170,Shawn Kemp,1996-97,December,Seattle SuperSonics,Dallas Mavericks,11,3,2,0,0,1,0
180,174,George McCloud,1996-97,December,Dallas Mavericks,Seattle SuperSonics,6,3,0,0,2,2,1
181,178,Gary Payton,1996-97,December,Seattle SuperSonics,Dallas Mavericks,13,4,4,0,2,1,1
182,176,Derek Harper,1996-97,December,Dallas Mavericks,Seattle SuperSonics,21,1,3,0,2,1,1
183,181,Gary Payton,1996-97,December,Seattle SuperSonics,Dallas Mavericks,14,4,4,0,2,1,1
185,95,Jamal Mashburn,1996-97,December,Dallas Mavericks,Seattle SuperSonics,5,0,3,0,0,0,1
186,180,George McCloud,1996-97,December,Dallas Mavericks,Seattle SuperSonics,8,3,0,0,2,2,1
187,179,Shawn Kemp,1996-97,December,Seattle SuperSonics,Dallas Mavericks,13,3,2,0,0,1,0
188,183,Gary Payton,1996-97,December,Seattle SuperSonics,Dallas Mavericks,14,5,4,0,2,1,1
190,175,Jim McIlvaine,1996-97,December,Seattle SuperSonics,Dallas Mavericks,0,0,2,2,0,2,1
191,143,Chris Gatling,1996-97,December,Dallas Mavericks,Seattle SuperSonics,2,1,2,1,0,0,0
192,191,Chris Gatling,1996-97,December,Dallas Mavericks,Seattle SuperSonics,4,1,2,1,0,0,0
193,187,Shawn Kemp,1996-97,December,Seattle SuperSonics,Dallas Mavericks,13,3,2,0,0,1,1
194,192,Chris Gatling,1996-97,December,Dallas Mavericks,Seattle SuperSonics,5,1,2,1,0,0,0
196,194,Chris Gatling,1996-97,December,Dallas Mavericks,Seattle SuperSonics,5,1,2,2,0,0,0
197,158,Jim Jackson,1996-97,December,Dallas Mavericks,Seattle SuperSonics,6,3,2,0,0,1,2
198,186,George McCloud,1996-97,December,Dallas Mavericks,Seattle SuperSonics,10,3,0,0,2,2,1
199,197,Jim Jackson,1996-97,December,Dallas Mavericks,Seattle SuperSonics,6,4,2,0,0,1,2
200,190,Jim McIlvaine,1996-97,December,Seattle SuperSonics,Dallas Mavericks,0,0,2,2,0,2,2
201,200,Jim McIlvaine,1996-97,December,Seattle SuperSonics,Dallas Mavericks,0,0,2,2,0,3,2
202,201,Jim McIlvaine,1996-97,December,Seattle SuperSonics,Dallas Mavericks,0,0,2,2,0,3,3
205,196,Chris Gatling,1996-97,December,Dallas Mavericks,Seattle SuperSonics,5,1,3,2,0,0,0
206,193,Shawn Kemp,1996-97,December,Seattle SuperSonics,Dallas Mavericks,13,3,2,0,0,1,2
207,205,Chris Gatling,1996-97,December,Dallas Mavericks,Seattle SuperSonics,6,1,3,2,0,0,0
209,206,Shawn Kemp,1996-97,December,Seattle SuperSonics,Dallas Mavericks,13,3,3,0,0,1,2
211,44,Hersey Hawkins,1996-97,December,Seattle SuperSonics,Dallas Mavericks,3,1,1,0,0,0,0
212,177,Detlef Schrempf,1996-97,December,Seattle SuperSonics,Dallas Mavericks,10,2,4,0,1,2,2
213,17,Samaki Walker,1996-97,December,Dallas Mavericks,Seattle SuperSonics,0,0,1,0,0,1,2
215,202,Jim McIlvaine,1996-97,December,Seattle SuperSonics,Dallas Mavericks,0,0,3,2,0,3,3
216,89,Eric Montross,1996-97,December,Dallas Mavericks,Seattle SuperSonics,4,2,4,0,1,0,1
218,215,Jim McIlvaine,1996-97,December,Seattle SuperSonics,Dallas Mavericks,1,0,3,2,0,3,3
219,213,Samaki Walker,1996-97,December,Dallas Mavericks,Seattle SuperSonics,2,0,1,0,0,1,2
220,209,Shawn Kemp,1996-97,December,Seattle SuperSonics,Dallas Mavericks,13,3,3,0,0,1,3
222,220,Shawn Kemp,1996-97,December,Seattle SuperSonics,Dallas Mavericks,13,3,4,0,0,1,3
223,219,Samaki Walker,1996-97,December,Dallas Mavericks,Seattle SuperSonics,2,0,1,0,0,1,3
224,223,Samaki Walker,1996-97,December,Dallas Mavericks,Seattle SuperSonics,2,0,1,0,0,1,4
225,222,Shawn Kemp,1996-97,December,Seattle SuperSonics,Dallas Mavericks,13,3,4,0,0,2,3
226,185,Jamal Mashburn,1996-97,December,Dallas Mavericks,Seattle SuperSonics,5,0,3,0,0,1,1
227,211,Hersey Hawkins,1996-97,December,Seattle SuperSonics,Dallas Mavericks,3,1,1,0,1,0,0
228,226,Jamal Mashburn,1996-97,December,Dallas Mavericks,Seattle SuperSonics,5,0,3,0,0,1,2
229,227,Hersey Hawkins,1996-97,December,Seattle SuperSonics,Dallas Mavericks,4,1,1,0,1,0,0
230,229,Hersey Hawkins,1996-97,December,Seattle SuperSonics,Dallas Mavericks,5,1,1,0,1,0,0
232,212,Detlef Schrempf,1996-97,December,Seattle SuperSonics,Dallas Mavericks,10,2,5,0,1,2,2
233,216,Eric Montross,1996-97,December,Dallas Mavericks,Seattle SuperSonics,4,2,4,0,1,0,2
234,230,Hersey Hawkins,1996-97,December,Seattle SuperSonics,Dallas Mavericks,6,1,1,0,1,0,0
236,233,Eric Montross,1996-97,December,Dallas Mavericks,Seattle SuperSonics,4,2,5,0,1,0,2
237,198,George McCloud,1996-97,December,Dallas Mavericks,Seattle SuperSonics,10,3,0,0,2,3,1
238,188,Gary Payton,1996-97,December,Seattle SuperSonics,Dallas Mavericks,14,5,4,0,3,1,1
240,225,Shawn Kemp,1996-97,December,Seattle SuperSonics,Dallas Mavericks,13,3,5,0,0,2,3
242,236,Eric Montross,1996-97,December,Dallas Mavericks,Seattle SuperSonics,4,2,5,1,1,0,2
243,232,Detlef Schrempf,1996-97,December,Seattle SuperSonics,Dallas Mavericks,10,2,6,0,1,2,2
244,242,Eric Montross,1996-97,December,Dallas Mavericks,Seattle SuperSonics,4,2,5,1,1,0,3
246,243,Detlef Schrempf,1996-97,December,Seattle SuperSonics,Dallas Mavericks,11,2,6,0,1,2,2
247,244,Eric Montross,1996-97,December,Dallas Mavericks,Seattle SuperSonics,6,2,5,1,1,0,3
248,182,Derek Harper,1996-97,December,Dallas Mavericks,Seattle SuperSonics,21,2,3,0,2,1,1
249,246,Detlef Schrempf,1996-97,December,Seattle SuperSonics,Dallas Mavericks,13,2,6,0,1,2,2
250,237,George McCloud,1996-97,December,Dallas Mavericks,Seattle SuperSonics,10,3,0,0,2,3,2
252,199,Jim Jackson,1996-97,December,Dallas Mavericks,Seattle SuperSonics,6,4,3,0,0,1,2
254,218,Jim McIlvaine,1996-97,December,Seattle SuperSonics,Dallas Mavericks,1,0,4,2,0,3,3
255,249,Detlef Schrempf,1996-97,December,Seattle SuperSonics,Dallas Mavericks,13,2,6,0,1,2,3
256,255,Detlef Schrempf,1996-97,December,Seattle SuperSonics,Dallas Mavericks,13,2,6,0,1,3,3
258,254,Jim McIlvaine,1996-97,December,Seattle SuperSonics,Dallas Mavericks,1,0,5,2,0,3,3
259,238,Gary Payton,1996-97,December,Seattle SuperSonics,Dallas Mavericks,16,5,4,0,3,1,1
261,256,Detlef Schrempf,1996-97,December,Seattle SuperSonics,Dallas Mavericks,13,2,7,0,1,3,3
262,234,Hersey Hawkins,1996-97,December,Seattle SuperSonics,Dallas Mavericks,8,1,1,0,1,0,0
263,259,Gary Payton,1996-97,December,Seattle SuperSonics,Dallas Mavericks,16,5,4,0,3,1,2
265,263,Gary Payton,1996-97,December,Seattle SuperSonics,Dallas Mavericks,16,5,5,0,3,1,2
267,240,Shawn Kemp,1996-97,December,Seattle SuperSonics,Dallas Mavericks,13,3,6,0,0,2,3
269,261,Detlef Schrempf,1996-97,December,Seattle SuperSonics,Dallas Mavericks,13,2,8,0,1,3,3
271,269,Detlef Schrempf,1996-97,December,Seattle SuperSonics,Dallas Mavericks,13,2,9,0,1,3,3
273,258,Jim McIlvaine,1996-97,December,Seattle SuperSonics,Dallas Mavericks,1,0,6,2,0,3,3
274,165,A.C. Green,1996-97,December,Dallas Mavericks,Seattle SuperSonics,2,0,2,0,0,0,3
275,273,Jim McIlvaine,1996-97,December,Seattle SuperSonics,Dallas Mavericks,2,0,6,2,0,3,3
277,207,Chris Gatling,1996-97,December,Dallas Mavericks,Seattle SuperSonics,6,1,4,2,0,0,0
279,248,Derek Harper,1996-97,December,Dallas Mavericks,Seattle SuperSonics,21,2,4,0,2,1,1
281,275,Jim McIlvaine,1996-97,December,Seattle SuperSonics,Dallas Mavericks,2,0,7,2,0,3,3
282,281,Jim McIlvaine,1996-97,December,Seattle SuperSonics,Dallas Mavericks,4,0,7,2,0,3,3
284,267,Shawn Kemp,1996-97,December,Seattle SuperSonics,Dallas Mavericks,13,3,7,0,0,2,3
286,279,Derek Harper,1996-97,December,Dallas Mavericks,Seattle SuperSonics,21,2,5,0,2,1,1
287,282,Jim McIlvaine,1996-97,December,Seattle SuperSonics,Dallas Mavericks,4,0,7,2,0,3,4
288,252,Jim Jackson,1996-97,December,Dallas Mavericks,Seattle SuperSonics,7,4,3,0,0,1,2
289,288,Jim Jackson,1996-97,December,Dallas Mavericks,Seattle SuperSonics,8,4,3,0,0,1,2
290,265,Gary Payton,1996-97,December,Seattle SuperSonics,Dallas Mavericks,16,5,5,0,3,2,2
291,286,Derek Harper,1996-97,December,Dallas Mavericks,Seattle SuperSonics,21,2,5,0,3,1,1
293,271,Detlef Schrempf,1996-97,December,Seattle SuperSonics,Dallas Mavericks,13,2,10,0,1,3,3
295,277,Chris Gatling,1996-97,December,Dallas Mavericks,Seattle SuperSonics,6,1,5,2,0,0,0
296,289,Jim Jackson,1996-97,December,Dallas Mavericks,Seattle SuperSonics,10,4,3,0,0,1,2
297,291,Derek Harper,1996-97,December,Dallas Mavericks,Seattle SuperSonics,21,3,5,0,3,1,1
298,290,Gary Payton,1996-97,December,Seattle SuperSonics,Dallas Mavericks,16,5,5,0,3,3,2
299,297,Derek Harper,1996-97,December,Dallas Mavericks,Seattle SuperSonics,21,3,5,0,4,1,1
300,298,Gary Payton,1996-97,December,Seattle SuperSonics,Dallas Mavericks,16,5,5,0,3,3,3
301,274,A.C. Green,1996-97,December,Dallas Mavericks,Seattle SuperSonics,3,0,2,0,0,0,3
302,301,A.C. Green,1996-97,December,Dallas Mavericks,Seattle SuperSonics,4,0,2,0,0,0,3
303,284,Shawn Kemp,1996-97,December,Seattle SuperSonics,Dallas Mavericks,15,3,7,0,0,2,3
304,300,Gary Payton,1996-97,December,Seattle SuperSonics,Dallas Mavericks,16,6,5,0,3,3,3
305,296,Jim Jackson,1996-97,December,Dallas Mavericks,Seattle SuperSonics,12,4,3,0,0,1,2
307,302,A.C. Green,1996-97,December,Dallas Mavericks,Seattle SuperSonics,4,0,3,0,0,0,3
309,304,Gary Payton,1996-97,December,Seattle SuperSonics,Dallas Mavericks,16,6,6,0,3,3,3
311,299,Derek Harper,1996-97,December,Dallas Mavericks,Seattle SuperSonics,21,3,6,0,4,1,1
312,137,Michael Finley,1996-97,December,Dallas Mavericks,Seattle SuperSonics,6,0,2,0,0,0,0
314,307,A.C. Green,1996-97,December,Dallas Mavericks,Seattle SuperSonics,4,0,4,0,0,0,3
315,303,Shawn Kemp,1996-97,December,Seattle SuperSonics,Dallas Mavericks,15,3,7,0,0,2,4
317,295,Chris Gatling,1996-97,December,Dallas Mavericks,Seattle SuperSonics,7,1,5,2,0,0,0
318,293,Detlef Schrempf,1996-97,December,Seattle SuperSonics,Dallas Mavericks,13,2,10,0,1,3,4
319,318,Detlef Schrempf,1996-97,December,Seattle SuperSonics,Dallas Mavericks,13,2,10,0,1,4,4
321,152,Sam Perkins,1996-97,December,Seattle SuperSonics,Dallas Mavericks,2,0,3,0,0,1,1
322,305,Jim Jackson,1996-97,December,Dallas Mavericks,Seattle SuperSonics,12,4,3,0,0,1,3
323,147,Eric Snow,1996-97,December,Seattle SuperSonics,Dallas Mavericks,1,0,0,0,0,1,1
324,323,Eric Snow,1996-97,December,Seattle SuperSonics,Dallas Mavericks,2,0,0,0,0,1,1
326,317,Chris Gatling,1996-97,December,Dallas Mavericks,Seattle SuperSonics,7,1,6,2,0,0,0
328,314,A.C. Green,1996-97,December,Dallas Mavericks,Seattle SuperSonics,4,0,5,0,0,0,3
330,321,Sam Perkins,1996-97,December,Seattle SuperSonics,Dallas Mavericks,2,0,3,1,0,1,1
332,330,Sam Perkins,1996-97,December,Seattle SuperSonics,Dallas Mavericks,2,0,3,2,0,1,1
334,319,Detlef Schrempf,1996-97,December,Seattle SuperSonics,Dallas Mavericks,13,2,11,0,1,4,4
335,309,Gary Payton,1996-97,December,Seattle SuperSonics,Dallas Mavericks,18,6,6,0,3,3,3
336,324,Eric Snow,1996-97,December,Seattle SuperSonics,Dallas Mavericks,2,1,0,0,0,1,1
337,326,Chris Gatling,1996-97,December,Dallas Mavericks,Seattle SuperSonics,9,1,6,2,0,0,0
338,337,Chris Gatling,1996-97,December,Dallas Mavericks,Seattle SuperSonics,9,1,6,2,0,0,1
340,338,Chris Gatling,1996-97,December,Dallas Mavericks,Seattle SuperSonics,9,1,6,2,0,1,1
341,332,Sam Perkins,1996-97,December,Seattle SuperSonics,Dallas Mavericks,2,0,3,2,0,2,1
342,340,Chris Gatling,1996-97,December,Dallas Mavericks,Seattle SuperSonics,9,1,6,2,1,1,1
343,322,Jim Jackson,1996-97,December,Dallas Mavericks,Seattle SuperSonics,14,4,3,0,0,1,3
345,342,Chris Gatling,1996-97,December,Dallas Mavericks,Seattle SuperSonics,9,1,7,2,1,1,1
346,312,Michael Finley,1996-97,December,Dallas Mavericks,Seattle SuperSonics,6,0,2,0,0,1,0
347,335,Gary Payton,1996-97,December,Seattle SuperSonics,Dallas Mavericks,18,6,6,0,4,3,3
348,347,Gary Payton,1996-97,December,Seattle SuperSonics,Dallas Mavericks,20,6,6,0,4,3,3
350,136,Sam Cassell,1996-97,December,Dallas Mavericks,Seattle SuperSonics,2,1,2,0,1,1,1
352,328,A.C. Green,1996-97,December,Dallas Mavericks,Seattle SuperSonics,4,0,6,0,0,0,3
353,346,Michael Finley,1996-97,December,Dallas Mavericks,Seattle SuperSonics,8,0,2,0,0,1,0
355,336,Eric Snow,1996-97,December,Seattle SuperSonics,Dallas Mavericks,2,1,1,0,0,1,1
357,345,Chris Gatling,1996-97,December,Dallas Mavericks,Seattle SuperSonics,9,1,8,2,1,1,1
358,350,Sam Cassell,1996-97,December,Dallas Mavericks,Seattle SuperSonics,2,1,2,0,1,1,2
359,358,Sam Cassell,1996-97,December,Dallas Mavericks,Seattle SuperSonics,2,1,2,0,1,2,2
360,315,Shawn Kemp,1996-97,December,Seattle SuperSonics,Dallas Mavericks,17,3,7,0,0,2,4
361,348,Gary Payton,1996-97,December,Seattle SuperSonics,Dallas Mavericks,20,7,6,0,4,3,3
363,360,Shawn Kemp,1996-97,December,Seattle SuperSonics,Dallas Mavericks,17,3,7,1,0,2,4
364,262,Hersey Hawkins,1996-97,December,Seattle SuperSonics,Dallas Mavericks,8,1,2,0,1,0,0
365,361,Gary Payton,1996-97,December,Seattle SuperSonics,Dallas Mavericks,22,7,6,0,4,3,3
367,365,Gary Payton,1996-97,December,Seattle SuperSonics,Dallas Mavericks,22,7,7,0,4,3,3
368,363,Shawn Kemp,1996-97,December,Seattle SuperSonics,Dallas Mavericks,19,3,7,1,0,2,4
369,367,Gary Payton,1996-97,December,Seattle SuperSonics,Dallas Mavericks,22,8,7,0,4,3,3
370,353,Michael Finley,1996-97,December,Dallas Mavericks,Seattle SuperSonics,8,0,2,0,0,2,0
371,368,Shawn Kemp,1996-97,December,Seattle SuperSonics,Dallas Mavericks,19,3,7,1,1,2,4
372,355,Eric Snow,1996-97,December,Seattle SuperSonics,Dallas Mavericks,4,1,1,0,0,1,1
374,369,Gary Payton,1996-97,December,Seattle SuperSonics,Dallas Mavericks,22,8,8,0,4,3,3
375,371,Shawn Kemp,1996-97,December,Seattle SuperSonics,Dallas Mavericks,21,3,7,1,1,2,4
376,250,George McCloud,1996-97,December,Dallas Mavericks,Seattle SuperSonics,10,3,0,0,2,3,3
377,375,Shawn Kemp,1996-97,December,Seattle SuperSonics,Dallas Mavericks,22,3,7,1,1,2,4
379,377,Shawn Kemp,1996-97,December,Seattle SuperSonics,Dallas Mavericks,22,3,7,2,1,2,4
380,352,A.C. Green,1996-97,December,Dallas Mavericks,Seattle SuperSonics,4,0,7,0,0,0,3
382,357,Chris Gatling,1996-97,December,Dallas Mavericks,Seattle SuperSonics,9,1,9,2,1,1,1
383,380,A.C. Green,1996-97,December,Dallas Mavericks,Seattle SuperSonics,4,0,8,0,0,0,3
385,372,Eric Snow,1996-97,December,Seattle SuperSonics,Dallas Mavericks,4,1,1,0,0,1,2
387,374,Gary Payton,1996-97,December,Seattle SuperSonics,Dallas Mavericks,22,8,9,0,4,3,3
388,382,Chris Gatling,1996-97,December,Dallas Mavericks,Seattle SuperSonics,9,1,9,2,1,1,2
389,379,Shawn Kemp,1996-97,December,Seattle SuperSonics,Dallas Mavericks,23,3,7,2,1,2,4
390,389,Shawn Kemp,1996-97,December,Seattle SuperSonics,Dallas Mavericks,24,3,7,2,1,2,4
391,343,Jim Jackson,1996-97,December,Dallas Mavericks,Seattle SuperSonics,14,4,3,0,0,2,3
392,390,Shawn Kemp,1996-97,December,Seattle SuperSonics,Dallas Mavericks,24,3,7,2,2,2,4
393,391,Jim Jackson,1996-97,December,Dallas Mavericks,Seattle SuperSonics,14,4,3,0,0,2,4
394,387,Gary Payton,1996-97,December,Seattle SuperSonics,Dallas Mavericks,23,8,9,0,4,3,3
395,394,Gary Payton,1996-97,December,Seattle SuperSonics,Dallas Mavericks,24,8,9,0,4,3,3
396,311,Derek Harper,1996-97,December,Dallas Mavericks,Seattle SuperSonics,24,3,6,0,4,1,1
397,376,George McCloud,1996-97,December,Dallas Mavericks,Seattle SuperSonics,10,4,0,0,2,3,3
398,334,Detlef Schrempf,1996-97,December,Seattle SuperSonics,Dallas Mavericks,15,2,11,0,1,4,4
399,388,Chris Gatling,1996-97,December,Dallas Mavericks,Seattle SuperSonics,9,1,9,2,1,2,2
400,398,Detlef Schrempf,1996-97,December,Seattle SuperSonics,Dallas Mavericks,15,2,11,0,2,4,4
402,393,Jim Jackson,1996-97,December,Dallas Mavericks,Seattle SuperSonics,14,4,3,1,0,2,4
403,402,Jim Jackson,1996-97,December,Dallas Mavericks,Seattle SuperSonics,14,4,4,1,0,2,4
405,399,Chris Gatling,1996-97,December,Dallas Mavericks,Seattle SuperSonics,9,1,10,2,1,2,2
407,383,A.C. Green,1996-97,December,Dallas Mavericks,Seattle SuperSonics,4,0,9,0,0,0,3
408,392,Shawn Kemp,1996-97,December,Seattle SuperSonics,Dallas Mavericks,24,3,7,2,2,2,5
411,341,Sam Perkins,1996-97,December,Seattle SuperSonics,Dallas Mavericks,2,0,4,2,0,2,1
413,405,Chris Gatling,1996-97,December,Dallas Mavericks,Seattle SuperSonics,9,1,11,2,1,2,2
414,400,Detlef Schrempf,1996-97,December,Seattle SuperSonics,Dallas Mavericks,15,2,11,0,2,4,5
416,413,Chris Gatling,1996-97,December,Dallas Mavericks,Seattle SuperSonics,9,1,12,2,1,2,2
417,408,Shawn Kemp,1996-97,December,Seattle SuperSonics,Dallas Mavericks,24,3,7,2,2,2,6
418,416,Chris Gatling,1996-97,December,Dallas Mavericks,Seattle SuperSonics,10,1,12,2,1,2,2
419,418,Chris Gatling,1996-97,December,Dallas Mavericks,Seattle SuperSonics,11,1,12,2,1,2,2
420,395,Gary Payton,1996-97,December,Seattle SuperSonics,Dallas Mavericks,26,8,9,0,4,3,3
422,385,Eric Snow,1996-97,December,Seattle SuperSonics,Dallas Mavericks,4,1,1,1,0,1,2
423,420,Gary Payton,1996-97,December,Seattle SuperSonics,Dallas Mavericks,26,8,10,0,4,3,3
424,396,Derek Harper,1996-97,December,Dallas Mavericks,Seattle SuperSonics,24,3,6,0,4,1,2
425,414,Detlef Schrempf,1996-97,December,Seattle SuperSonics,Dallas Mavericks,16,2,11,0,2,4,5
426,425,Detlef Schrempf,1996-97,December,Seattle SuperSonics,Dallas Mavericks,17,2,11,0,2,4,5
427,397,George McCloud,1996-97,December,Dallas Mavericks,Seattle SuperSonics,13,4,0,0,2,3,3
428,403,Jim Jackson,1996-97,December,Dallas Mavericks,Seattle SuperSonics,14,5,4,1,0,2,4
430,419,Chris Gatling,1996-97,December,Dallas Mavericks,Seattle SuperSonics,11,1,13,2,1,2,2
432,426,Detlef Schrempf,1996-97,December,Seattle SuperSonics,Dallas Mavericks,17,2,12,0,2,4,5
434,428,Jim Jackson,1996-97,December,Dallas Mavericks,Seattle SuperSonics,14,5,5,1,0,2,4
435,427,George McCloud,1996-97,December,Dallas Mavericks,Seattle SuperSonics,15,4,0,0,2,3,3
437,434,Jim Jackson,1996-97,December,Dallas Mavericks,Seattle SuperSonics,14,5,5,2,0,2,4
438,422,Eric Snow,1996-97,December,Seattle SuperSonics,Dallas Mavericks,4,1,1,1,0,1,3
439,437,Jim Jackson,1996-97,December,Dallas Mavericks,Seattle SuperSonics,15,5,5,2,0,2,4
440,439,Jim Jackson,1996-97,December,Dallas Mavericks,Seattle SuperSonics,16,5,5,2,0,2,4
442,440,Jim Jackson,1996-97,December,Dallas Mavericks,Seattle SuperSonics,16,5,6,2,0,2,4
443,139,Craig Ehlo,1996-97,December,Seattle SuperSonics,Dallas Mavericks,3,0,1,0,0,1,3
444,442,Jim Jackson,1996-97,December,Dallas Mavericks,Seattle SuperSonics,17,5,6,2,0,2,4
445,444,Jim Jackson,1996-97,December,Dallas Mavericks,Seattle SuperSonics,18,5,6,2,0,2,4
446,423,Gary Payton,1996-97,December,Seattle SuperSonics,Dallas Mavericks,28,8,10,0,4,3,3
