id,previous_id,player,season,month,team,opponent_team,points,assists,rebounds,blocks,steals,turnovers,personal fouls
2,0,Rick Mahorn,1996-97,December,Orlando Magic,Detroit Pistons,0,0,0,1,0,0,0
3,2,Rick Mahorn,1996-97,December,Detroit Pistons,Orlando Magic,0,0,1,1,0,0,0
5,0,Rony Seikaly,1996-97,December,Orlando Magic,Detroit Pistons,0,0,1,0,0,0,0
6,0,Dennis Scott,1996-97,December,Orlando Magic,Detroit Pistons,2,0,0,0,0,0,0
7,0,Otis Thorpe,1996-97,December,Detroit Pistons,Orlando Magic,2,0,0,0,0,0,0
9,5,Rony Seikaly,1996-97,December,Orlando Magic,Detroit Pistons,0,0,2,0,0,0,0
11,7,Otis Thorpe,1996-97,December,Detroit Pistons,Orlando Magic,2,0,1,0,0,0,0
13,0,Lindsey Hunter,1996-97,December,Detroit Pistons,Orlando Magic,0,0,1,0,0,0,0
14,13,Lindsey Hunter,1996-97,December,Detroit Pistons,Orlando Magic,3,0,1,0,0,0,0
16,11,Otis Thorpe,1996-97,December,Detroit Pistons,Orlando Magic,2,0,2,0,0,0,0
18,9,Rony Seikaly,1996-97,December,Orlando Magic,Detroit Pistons,0,0,3,0,0,0,0
20,14,Lindsey Hunter,1996-97,December,Detroit Pistons,Orlando Magic,3,0,2,0,0,0,0
22,18,Rony Seikaly,1996-97,December,Orlando Magic,Detroit Pistons,0,0,4,0,0,0,0
24,3,Rick Mahorn,1996-97,December,Detroit Pistons,Orlando Magic,0,0,2,1,0,0,0
25,0,Grant Hill,1996-97,December,Detroit Pistons,Orlando Magic,2,0,0,0,0,0,0
26,0,Brian Shaw,1996-97,December,Orlando Magic,Detroit Pistons,2,0,0,0,0,0,0
27,0,Horace Grant,1996-97,December,Orlando Magic,Detroit Pistons,0,1,0,0,0,0,0
29,22,Rony Seikaly,1996-97,December,Orlando Magic,Detroit Pistons,0,0,5,0,0,0,0
30,6,Dennis Scott,1996-97,December,Orlando Magic,Detroit Pistons,5,0,0,0,0,0,0
31,29,Rony Seikaly,1996-97,December,Orlando Magic,Detroit Pistons,0,1,5,0,0,0,0
32,25,Grant Hill,1996-97,December,Detroit Pistons,Orlando Magic,4,0,0,0,0,0,0
34,16,Otis Thorpe,1996-97,December,Detroit Pistons,Orlando Magic,2,0,3,0,0,0,0
35,24,Rick Mahorn,1996-97,December,Detroit Pistons,Orlando Magic,0,0,2,1,0,1,0
36,30,Dennis Scott,1996-97,December,Detroit Pistons,Orlando Magic,5,0,0,0,1,0,0
37,26,Brian Shaw,1996-97,December,Orlando Magic,Detroit Pistons,2,0,0,0,0,1,0
38,34,Otis Thorpe,1996-97,December,Detroit Pistons,Orlando Magic,4,0,3,0,0,0,0
39,32,Grant Hill,1996-97,December,Detroit Pistons,Orlando Magic,4,1,0,0,0,0,0
40,31,Rony Seikaly,1996-97,December,Orlando Magic,Detroit Pistons,0,1,5,0,0,1,0
41,39,Grant Hill,1996-97,December,Detroit Pistons,Orlando Magic,4,1,0,0,0,1,0
42,40,Rony Seikaly,1996-97,December,Detroit Pistons,Orlando Magic,0,1,5,0,1,1,0
43,36,Dennis Scott,1996-97,December,Orlando Magic,Detroit Pistons,8,0,0,0,1,0,0
45,0,Gerald Wilkins,1996-97,December,Orlando Magic,Detroit Pistons,0,0,1,0,0,0,0
46,27,Horace Grant,1996-97,December,Orlando Magic,Detroit Pistons,2,1,0,0,0,0,0
47,37,Brian Shaw,1996-97,December,Orlando Magic,Detroit Pistons,2,1,0,0,0,1,0
49,38,Otis Thorpe,1996-97,December,Detroit Pistons,Orlando Magic,4,0,4,0,0,0,0
50,49,Otis Thorpe,1996-97,December,Detroit Pistons,Orlando Magic,6,0,4,0,0,0,0
51,35,Rick Mahorn,1996-97,December,Detroit Pistons,Orlando Magic,0,0,2,1,0,1,1
52,42,Rony Seikaly,1996-97,December,Orlando Magic,Detroit Pistons,1,1,5,0,1,1,0
53,52,Rony Seikaly,1996-97,December,Orlando Magic,Detroit Pistons,2,1,5,0,1,1,0
55,50,Otis Thorpe,1996-97,December,Detroit Pistons,Orlando Magic,6,0,5,0,0,0,0
56,0,Michael Curry,1996-97,December,Detroit Pistons,Orlando Magic,3,0,0,0,0,0,0
57,55,Otis Thorpe,1996-97,December,Detroit Pistons,Orlando Magic,6,1,5,0,0,0,0
58,43,Dennis Scott,1996-97,December,Orlando Magic,Detroit Pistons,10,0,0,0,1,0,0
59,57,Otis Thorpe,1996-97,December,Detroit Pistons,Orlando Magic,8,1,5,0,0,0,0
60,41,Grant Hill,1996-97,December,Detroit Pistons,Orlando Magic,4,2,0,0,0,1,0
61,46,Horace Grant,1996-97,December,Orlando Magic,Detroit Pistons,4,1,0,0,0,0,0
62,47,Brian Shaw,1996-97,December,Orlando Magic,Detroit Pistons,2,2,0,0,0,1,0
63,20,Lindsey Hunter,1996-97,December,Detroit Pistons,Orlando Magic,3,0,2,0,0,0,1
64,63,Lindsey Hunter,1996-97,December,Detroit Pistons,Orlando Magic,3,0,2,0,0,1,1
66,59,Otis Thorpe,1996-97,December,Detroit Pistons,Orlando Magic,8,1,6,0,0,0,0
67,61,Horace Grant,1996-97,December,Orlando Magic,Detroit Pistons,4,1,0,0,0,0,1
68,0,Theo Ratliff,1996-97,December,Detroit Pistons,Orlando Magic,1,0,0,0,0,0,0
70,0,Derek Strong,1996-97,December,Orlando Magic,Detroit Pistons,0,0,1,0,0,0,0
71,66,Otis Thorpe,1996-97,December,Detroit Pistons,Orlando Magic,8,1,6,0,0,0,1
73,45,Gerald Wilkins,1996-97,December,Orlando Magic,Detroit Pistons,1,0,1,0,0,0,0
74,70,Derek Strong,1996-97,December,Orlando Magic,Detroit Pistons,0,0,1,0,0,0,1
76,58,Dennis Scott,1996-97,December,Orlando Magic,Detroit Pistons,10,0,1,0,1,0,0
78,56,Michael Curry,1996-97,December,Detroit Pistons,Orlando Magic,3,0,1,0,0,0,0
79,60,Grant Hill,1996-97,December,Detroit Pistons,Orlando Magic,4,2,0,0,0,2,0
80,0,Darrell Armstrong,1996-97,December,Detroit Pistons,Orlando Magic,0,0,0,0,1,0,0
81,80,Darrell Armstrong,1996-97,December,Orlando Magic,Detroit Pistons,0,0,0,0,1,1,0
82,0,Litterial Green,1996-97,December,Orlando Magic,Detroit Pistons,0,0,0,0,1,0,0
83,71,Otis Thorpe,1996-97,December,Detroit Pistons,Orlando Magic,10,1,6,0,0,0,1
84,82,Litterial Green,1996-97,December,Detroit Pistons,Orlando Magic,0,1,0,0,1,0,0
85,84,Litterial Green,1996-97,December,Detroit Pistons,Orlando Magic,0,1,0,0,1,0,1
87,74,Derek Strong,1996-97,December,Orlando Magic,Detroit Pistons,0,0,2,0,0,0,1
90,76,Dennis Scott,1996-97,December,Orlando Magic,Detroit Pistons,10,0,2,0,1,0,0
93,68,Theo Ratliff,1996-97,December,Detroit Pistons,Orlando Magic,1,0,0,0,0,0,1
94,87,Derek Strong,1996-97,December,Orlando Magic,Detroit Pistons,2,0,2,0,0,0,1
95,62,Brian Shaw,1996-97,December,Orlando Magic,Detroit Pistons,2,3,0,0,0,1,0
96,0,Joe Dumars,1996-97,December,Detroit Pistons,Orlando Magic,3,0,0,0,0,0,0
97,81,Darrell Armstrong,1996-97,December,Orlando Magic,Detroit Pistons,0,0,0,0,1,2,0
98,96,Joe Dumars,1996-97,December,Orlando Magic,Detroit Pistons,3,0,0,0,1,0,0
99,98,Joe Dumars,1996-97,December,Detroit Pistons,Orlando Magic,3,0,0,0,1,1,0
100,95,Brian Shaw,1996-97,December,Detroit Pistons,Orlando Magic,2,3,0,0,1,1,0
101,94,Derek Strong,1996-97,December,Orlando Magic,Detroit Pistons,2,0,2,0,0,1,1
102,93,Theo Ratliff,1996-97,December,Detroit Pistons,Orlando Magic,1,0,0,0,0,1,1
104,53,Rony Seikaly,1996-97,December,Orlando Magic,Detroit Pistons,2,1,6,0,1,1,0
105,104,Rony Seikaly,1996-97,December,Orlando Magic,Detroit Pistons,4,1,6,0,1,1,0
106,102,Theo Ratliff,1996-97,December,Detroit Pistons,Orlando Magic,1,0,0,0,0,2,1
107,105,Rony Seikaly,1996-97,December,Orlando Magic,Detroit Pistons,6,1,6,0,1,1,0
108,73,Gerald Wilkins,1996-97,December,Orlando Magic,Detroit Pistons,1,1,1,0,0,0,0
109,85,Litterial Green,1996-97,December,Detroit Pistons,Orlando Magic,0,1,0,0,1,1,1
110,97,Darrell Armstrong,1996-97,December,Detroit Pistons,Orlando Magic,0,0,0,0,2,2,0
111,100,Brian Shaw,1996-97,December,Orlando Magic,Detroit Pistons,2,3,0,0,1,2,0
112,99,Joe Dumars,1996-97,December,Detroit Pistons,Orlando Magic,3,0,0,0,1,2,0
113,110,Darrell Armstrong,1996-97,December,Detroit Pistons,Orlando Magic,0,0,0,0,3,2,0
114,108,Gerald Wilkins,1996-97,December,Orlando Magic,Detroit Pistons,1,1,1,0,0,1,0
115,64,Lindsey Hunter,1996-97,December,Detroit Pistons,Orlando Magic,5,0,2,0,0,1,1
116,112,Joe Dumars,1996-97,December,Detroit Pistons,Orlando Magic,3,1,0,0,1,2,0
118,0,Terry Mills,1996-97,December,Detroit Pistons,Orlando Magic,0,0,1,0,0,0,0
119,113,Darrell Armstrong,1996-97,December,Orlando Magic,Detroit Pistons,0,0,0,0,3,2,1
121,107,Rony Seikaly,1996-97,December,Orlando Magic,Detroit Pistons,6,1,7,0,1,1,0
123,79,Grant Hill,1996-97,December,Detroit Pistons,Orlando Magic,4,2,1,0,0,2,0
124,123,Grant Hill,1996-97,December,Detroit Pistons,Orlando Magic,6,2,1,0,0,2,0
126,121,Rony Seikaly,1996-97,December,Orlando Magic,Detroit Pistons,6,1,8,0,1,1,0
127,126,Rony Seikaly,1996-97,December,Orlando Magic,Detroit Pistons,8,1,8,0,1,1,0
129,101,Derek Strong,1996-97,December,Orlando Magic,Detroit Pistons,2,0,3,0,0,1,1
132,124,Grant Hill,1996-97,December,Detroit Pistons,Orlando Magic,6,2,2,0,0,2,0
133,118,Terry Mills,1996-97,December,Detroit Pistons,Orlando Magic,2,0,1,0,0,0,0
134,116,Joe Dumars,1996-97,December,Detroit Pistons,Orlando Magic,3,2,0,0,1,2,0
136,133,Terry Mills,1996-97,December,Detroit Pistons,Orlando Magic,2,0,2,0,0,0,0
137,136,Terry Mills,1996-97,December,Detroit Pistons,Orlando Magic,5,0,2,0,0,0,0
138,132,Grant Hill,1996-97,December,Detroit Pistons,Orlando Magic,6,3,2,0,0,2,0
139,0,Don Reid,1996-97,December,Detroit Pistons,Orlando Magic,0,0,0,0,0,0,1
140,127,Rony Seikaly,1996-97,December,Orlando Magic,Detroit Pistons,10,1,8,0,1,1,0
141,114,Gerald Wilkins,1996-97,December,Orlando Magic,Detroit Pistons,1,2,1,0,0,1,0
143,137,Terry Mills,1996-97,December,Detroit Pistons,Orlando Magic,5,0,2,0,0,0,1
144,111,Brian Shaw,1996-97,December,Orlando Magic,Detroit Pistons,4,3,0,0,1,2,0
145,141,Gerald Wilkins,1996-97,December,Orlando Magic,Detroit Pistons,1,3,1,0,0,1,0
146,138,Grant Hill,1996-97,December,Detroit Pistons,Orlando Magic,6,3,2,0,0,3,0
147,90,Dennis Scott,1996-97,December,Detroit Pistons,Orlando Magic,10,0,2,0,2,0,0
148,67,Horace Grant,1996-97,December,Orlando Magic,Detroit Pistons,6,1,0,0,0,0,1
149,147,Dennis Scott,1996-97,December,Orlando Magic,Detroit Pistons,10,1,2,0,2,0,0
151,146,Grant Hill,1996-97,December,Detroit Pistons,Orlando Magic,6,3,3,0,0,3,0
152,143,Terry Mills,1996-97,December,Detroit Pistons,Orlando Magic,7,0,2,0,0,0,1
153,151,Grant Hill,1996-97,December,Detroit Pistons,Orlando Magic,6,4,3,0,0,3,0
154,144,Brian Shaw,1996-97,December,Orlando Magic,Detroit Pistons,6,3,0,0,1,2,0
155,148,Horace Grant,1996-97,December,Orlando Magic,Detroit Pistons,6,2,0,0,0,0,1
156,153,Grant Hill,1996-97,December,Detroit Pistons,Orlando Magic,8,4,3,0,0,3,0
158,156,Grant Hill,1996-97,December,Detroit Pistons,Orlando Magic,8,4,4,0,0,3,0
159,158,Grant Hill,1996-97,December,Detroit Pistons,Orlando Magic,10,4,4,0,0,3,0
160,159,Grant Hill,1996-97,December,Detroit Pistons,Orlando Magic,10,4,4,0,0,3,1
161,149,Dennis Scott,1996-97,December,Orlando Magic,Detroit Pistons,11,1,2,0,2,0,0
162,161,Dennis Scott,1996-97,December,Orlando Magic,Detroit Pistons,12,1,2,0,2,0,0
163,145,Gerald Wilkins,1996-97,December,Orlando Magic,Detroit Pistons,1,3,1,0,0,1,1
164,152,Terry Mills,1996-97,December,Detroit Pistons,Orlando Magic,10,0,2,0,0,0,1
165,160,Grant Hill,1996-97,December,Detroit Pistons,Orlando Magic,10,5,4,0,0,3,1
167,164,Terry Mills,1996-97,December,Detroit Pistons,Orlando Magic,10,0,3,0,0,0,1
169,140,Rony Seikaly,1996-97,December,Detroit Pistons,Orlando Magic,10,1,8,1,1,1,0
170,155,Horace Grant,1996-97,December,Orlando Magic,Detroit Pistons,6,2,1,0,0,0,1
172,0,Grant Long,1996-97,December,Detroit Pistons,Orlando Magic,0,0,1,0,0,0,0
173,83,Otis Thorpe,1996-97,December,Detroit Pistons,Orlando Magic,10,1,6,0,0,0,2
174,173,Otis Thorpe,1996-97,December,Detroit Pistons,Orlando Magic,10,1,6,0,0,1,2
176,165,Grant Hill,1996-97,December,Detroit Pistons,Orlando Magic,10,5,5,0,0,3,1
177,169,Rony Seikaly,1996-97,December,Orlando Magic,Detroit Pistons,10,1,8,1,1,1,1
179,154,Brian Shaw,1996-97,December,Orlando Magic,Detroit Pistons,6,3,1,0,1,2,0
180,179,Brian Shaw,1996-97,December,Orlando Magic,Detroit Pistons,6,3,1,0,1,3,0
181,134,Joe Dumars,1996-97,December,Orlando Magic,Detroit Pistons,3,2,0,0,2,2,0
183,177,Rony Seikaly,1996-97,December,Orlando Magic,Detroit Pistons,10,1,9,1,1,1,1
185,170,Horace Grant,1996-97,December,Orlando Magic,Detroit Pistons,6,2,2,0,0,0,1
187,176,Grant Hill,1996-97,December,Detroit Pistons,Orlando Magic,10,5,6,0,0,3,1
190,174,Otis Thorpe,1996-97,December,Detroit Pistons,Orlando Magic,10,1,7,0,0,1,2
192,162,Dennis Scott,1996-97,December,Orlando Magic,Detroit Pistons,12,1,3,0,2,0,0
194,115,Lindsey Hunter,1996-97,December,Detroit Pistons,Orlando Magic,5,0,3,0,0,1,1
195,183,Rony Seikaly,1996-97,December,Orlando Magic,Detroit Pistons,10,1,9,1,1,1,2
197,194,Lindsey Hunter,1996-97,December,Detroit Pistons,Orlando Magic,5,0,4,0,0,1,1
199,190,Otis Thorpe,1996-97,December,Detroit Pistons,Orlando Magic,10,1,8,0,0,1,2
201,197,Lindsey Hunter,1996-97,December,Detroit Pistons,Orlando Magic,5,0,5,0,0,1,1
202,163,Gerald Wilkins,1996-97,December,Orlando Magic,Detroit Pistons,1,3,1,0,0,1,2
203,181,Joe Dumars,1996-97,December,Detroit Pistons,Orlando Magic,4,2,0,0,2,2,0
204,203,Joe Dumars,1996-97,December,Detroit Pistons,Orlando Magic,5,2,0,0,2,2,0
206,51,Rick Mahorn,1996-97,December,Detroit Pistons,Orlando Magic,0,0,3,1,0,1,1
207,199,Otis Thorpe,1996-97,December,Detroit Pistons,Orlando Magic,12,1,8,0,0,1,2
208,187,Grant Hill,1996-97,December,Detroit Pistons,Orlando Magic,10,6,6,0,0,3,1
209,202,Gerald Wilkins,1996-97,December,Orlando Magic,Detroit Pistons,1,3,1,0,0,2,2
210,208,Grant Hill,1996-97,December,Detroit Pistons,Orlando Magic,12,6,6,0,0,3,1
211,185,Horace Grant,1996-97,December,Orlando Magic,Detroit Pistons,6,2,2,0,0,1,1
212,210,Grant Hill,1996-97,December,Orlando Magic,Detroit Pistons,12,6,6,0,1,3,1
213,195,Rony Seikaly,1996-97,December,Orlando Magic,Detroit Pistons,10,1,9,1,1,1,3
214,192,Dennis Scott,1996-97,December,Orlando Magic,Detroit Pistons,12,1,3,0,2,0,1
215,212,Grant Hill,1996-97,December,Detroit Pistons,Orlando Magic,13,6,6,0,1,3,1
216,215,Grant Hill,1996-97,December,Detroit Pistons,Orlando Magic,14,6,6,0,1,3,1
217,206,Rick Mahorn,1996-97,December,Detroit Pistons,Orlando Magic,0,0,3,1,0,1,2
219,214,Dennis Scott,1996-97,December,Orlando Magic,Detroit Pistons,13,1,3,0,2,0,1
220,216,Grant Hill,1996-97,December,Detroit Pistons,Orlando Magic,16,6,6,0,1,3,1
222,217,Rick Mahorn,1996-97,December,Detroit Pistons,Orlando Magic,0,0,4,1,0,1,2
223,219,Dennis Scott,1996-97,December,Orlando Magic,Detroit Pistons,13,1,3,0,2,0,2
225,220,Grant Hill,1996-97,December,Detroit Pistons,Orlando Magic,17,6,6,0,1,3,1
227,209,Gerald Wilkins,1996-97,December,Orlando Magic,Detroit Pistons,1,3,2,0,0,2,2
228,227,Gerald Wilkins,1996-97,December,Orlando Magic,Detroit Pistons,3,3,2,0,0,2,2
230,0,Dan Schayes,1996-97,December,Orlando Magic,Detroit Pistons,0,0,1,0,0,0,0
231,207,Otis Thorpe,1996-97,December,Detroit Pistons,Orlando Magic,12,1,8,0,0,1,3
233,211,Horace Grant,1996-97,December,Orlando Magic,Detroit Pistons,7,2,2,0,0,1,1
234,201,Lindsey Hunter,1996-97,December,Detroit Pistons,Orlando Magic,5,0,5,0,0,2,1
235,180,Brian Shaw,1996-97,December,Detroit Pistons,Orlando Magic,6,3,1,0,2,3,0
236,228,Gerald Wilkins,1996-97,December,Orlando Magic,Detroit Pistons,5,3,2,0,0,2,2
237,235,Brian Shaw,1996-97,December,Orlando Magic,Detroit Pistons,6,4,1,0,2,3,0
239,236,Gerald Wilkins,1996-97,December,Orlando Magic,Detroit Pistons,5,3,3,0,0,2,2
240,225,Grant Hill,1996-97,December,Detroit Pistons,Orlando Magic,17,6,6,0,1,3,2
241,231,Otis Thorpe,1996-97,December,Detroit Pistons,Orlando Magic,12,1,8,0,0,1,4
242,239,Gerald Wilkins,1996-97,December,Orlando Magic,Detroit Pistons,6,3,3,0,0,2,2
244,234,Lindsey Hunter,1996-97,December,Detroit Pistons,Orlando Magic,5,0,6,0,0,2,1
246,242,Gerald Wilkins,1996-97,December,Orlando Magic,Detroit Pistons,6,3,4,0,0,2,2
248,167,Terry Mills,1996-97,December,Detroit Pistons,Orlando Magic,10,0,4,0,0,0,1
249,244,Lindsey Hunter,1996-97,December,Detroit Pistons,Orlando Magic,8,0,6,0,0,2,1
250,240,Grant Hill,1996-97,December,Detroit Pistons,Orlando Magic,17,7,6,0,1,3,2
251,230,Dan Schayes,1996-97,December,Orlando Magic,Detroit Pistons,2,0,1,0,0,0,0
252,237,Brian Shaw,1996-97,December,Orlando Magic,Detroit Pistons,6,5,1,0,2,3,0
253,250,Grant Hill,1996-97,December,Detroit Pistons,Orlando Magic,19,7,6,0,1,3,2
254,106,Theo Ratliff,1996-97,December,Detroit Pistons,Orlando Magic,1,0,0,0,0,2,2
255,233,Horace Grant,1996-97,December,Orlando Magic,Detroit Pistons,8,2,2,0,0,1,1
257,248,Terry Mills,1996-97,December,Detroit Pistons,Orlando Magic,10,0,5,0,0,0,1
258,223,Dennis Scott,1996-97,December,Orlando Magic,Detroit Pistons,13,1,3,0,2,0,3
260,253,Grant Hill,1996-97,December,Detroit Pistons,Orlando Magic,20,7,6,0,1,3,2
261,246,Gerald Wilkins,1996-97,December,Orlando Magic,Detroit Pistons,8,3,4,0,0,2,2
262,251,Dan Schayes,1996-97,December,Orlando Magic,Detroit Pistons,2,1,1,0,0,0,0
263,258,Dennis Scott,1996-97,December,Orlando Magic,Detroit Pistons,13,1,3,0,2,0,4
264,260,Grant Hill,1996-97,December,Detroit Pistons,Orlando Magic,21,7,6,0,1,3,2
265,264,Grant Hill,1996-97,December,Detroit Pistons,Orlando Magic,22,7,6,0,1,3,2
266,255,Horace Grant,1996-97,December,Orlando Magic,Detroit Pistons,10,2,2,0,0,1,1
267,262,Dan Schayes,1996-97,December,Orlando Magic,Detroit Pistons,2,2,1,0,0,0,0
268,78,Michael Curry,1996-97,December,Detroit Pistons,Orlando Magic,5,0,1,0,0,0,0
269,257,Terry Mills,1996-97,December,Detroit Pistons,Orlando Magic,10,1,5,0,0,0,1
271,109,Litterial Green,1996-97,December,Detroit Pistons,Orlando Magic,0,1,1,0,1,1,1
272,266,Horace Grant,1996-97,December,Orlando Magic,Detroit Pistons,10,2,2,0,0,1,2
273,271,Litterial Green,1996-97,December,Detroit Pistons,Orlando Magic,1,1,1,0,1,1,1
274,273,Litterial Green,1996-97,December,Detroit Pistons,Orlando Magic,2,1,1,0,1,1,1
275,261,Gerald Wilkins,1996-97,December,Orlando Magic,Detroit Pistons,11,3,4,0,0,2,2
276,272,Horace Grant,1996-97,December,Orlando Magic,Detroit Pistons,10,3,2,0,0,1,2
278,129,Derek Strong,1996-97,December,Orlando Magic,Detroit Pistons,4,0,3,0,0,1,1
279,275,Gerald Wilkins,1996-97,December,Orlando Magic,Detroit Pistons,11,4,4,0,0,2,2
280,254,Theo Ratliff,1996-97,December,Detroit Pistons,Orlando Magic,3,0,0,0,0,2,2
281,265,Grant Hill,1996-97,December,Detroit Pistons,Orlando Magic,22,8,6,0,1,3,2
283,274,Litterial Green,1996-97,December,Detroit Pistons,Orlando Magic,2,1,2,0,1,1,1
285,280,Theo Ratliff,1996-97,December,Detroit Pistons,Orlando Magic,3,0,1,0,0,2,2
286,269,Terry Mills,1996-97,December,Detroit Pistons,Orlando Magic,12,1,5,0,0,0,1
287,285,Theo Ratliff,1996-97,December,Detroit Pistons,Orlando Magic,3,1,1,0,0,2,2
288,0,Kenny Smith,1996-97,December,Orlando Magic,Detroit Pistons,2,0,0,0,0,0,0
290,288,Kenny Smith,1996-97,December,Orlando Magic,Detroit Pistons,2,0,0,0,0,1,0
291,249,Lindsey Hunter,1996-97,December,Orlando Magic,Detroit Pistons,8,0,6,0,1,2,1
292,268,Michael Curry,1996-97,December,Detroit Pistons,Orlando Magic,7,0,1,0,0,0,0
293,291,Lindsey Hunter,1996-97,December,Detroit Pistons,Orlando Magic,8,1,6,0,1,2,1
294,278,Derek Strong,1996-97,December,Orlando Magic,Detroit Pistons,4,0,3,0,0,2,1
295,286,Terry Mills,1996-97,December,Orlando Magic,Detroit Pistons,12,1,5,0,1,0,1
296,294,Derek Strong,1996-97,December,Orlando Magic,Detroit Pistons,4,0,3,0,0,2,2
297,213,Rony Seikaly,1996-97,December,Orlando Magic,Detroit Pistons,10,1,9,1,1,1,4
298,241,Otis Thorpe,1996-97,December,Detroit Pistons,Orlando Magic,14,1,8,0,0,1,4
299,204,Joe Dumars,1996-97,December,Detroit Pistons,Orlando Magic,5,3,0,0,2,2,0
300,279,Gerald Wilkins,1996-97,December,Orlando Magic,Detroit Pistons,13,4,4,0,0,2,2
302,295,Terry Mills,1996-97,December,Detroit Pistons,Orlando Magic,12,1,6,0,1,0,1
303,298,Otis Thorpe,1996-97,December,Detroit Pistons,Orlando Magic,16,1,8,0,0,1,4
304,299,Joe Dumars,1996-97,December,Detroit Pistons,Orlando Magic,5,4,0,0,2,2,0
306,267,Dan Schayes,1996-97,December,Orlando Magic,Detroit Pistons,2,2,2,0,0,0,0
307,292,Michael Curry,1996-97,December,Detroit Pistons,Orlando Magic,7,0,1,0,0,0,1
308,300,Gerald Wilkins,1996-97,December,Orlando Magic,Detroit Pistons,15,4,4,0,0,2,2
309,252,Brian Shaw,1996-97,December,Orlando Magic,Detroit Pistons,6,5,1,0,2,3,1
310,303,Otis Thorpe,1996-97,December,Detroit Pistons,Orlando Magic,18,1,8,0,0,1,4
312,302,Terry Mills,1996-97,December,Detroit Pistons,Orlando Magic,12,1,7,0,1,0,1
314,263,Dennis Scott,1996-97,December,Orlando Magic,Detroit Pistons,13,1,4,0,2,0,4
316,314,Dennis Scott,1996-97,December,Orlando Magic,Detroit Pistons,15,1,4,0,2,0,4
317,276,Horace Grant,1996-97,December,Orlando Magic,Detroit Pistons,10,4,2,0,0,1,2
318,306,Dan Schayes,1996-97,December,Orlando Magic,Detroit Pistons,2,2,2,0,0,0,1
319,293,Lindsey Hunter,1996-97,December,Detroit Pistons,Orlando Magic,9,1,6,0,1,2,1
320,319,Lindsey Hunter,1996-97,December,Detroit Pistons,Orlando Magic,10,1,6,0,1,2,1
321,308,Gerald Wilkins,1996-97,December,Orlando Magic,Detroit Pistons,15,4,4,0,0,3,2
322,281,Grant Hill,1996-97,December,Orlando Magic,Detroit Pistons,22,8,6,0,2,3,2
323,310,Otis Thorpe,1996-97,December,Detroit Pistons,Orlando Magic,20,1,8,0,0,1,4
324,307,Michael Curry,1996-97,December,Detroit Pistons,Orlando Magic,7,1,1,0,0,0,1
325,318,Dan Schayes,1996-97,December,Orlando Magic,Detroit Pistons,2,2,2,0,0,1,1
326,119,Darrell Armstrong,1996-97,December,Orlando Magic,Detroit Pistons,0,0,0,0,3,2,2
327,323,Otis Thorpe,1996-97,December,Detroit Pistons,Orlando Magic,21,1,8,0,0,1,4
328,327,Otis Thorpe,1996-97,December,Detroit Pistons,Orlando Magic,22,1,8,0,0,1,4
330,328,Otis Thorpe,1996-97,December,Detroit Pistons,Orlando Magic,22,1,9,0,0,1,4
331,321,Gerald Wilkins,1996-97,December,Orlando Magic,Detroit Pistons,15,4,4,0,0,3,3
332,320,Lindsey Hunter,1996-97,December,Detroit Pistons,Orlando Magic,11,1,6,0,1,2,1
334,317,Horace Grant,1996-97,December,Orlando Magic,Detroit Pistons,10,4,3,0,0,1,2
335,330,Otis Thorpe,1996-97,December,Detroit Pistons,Orlando Magic,22,1,9,0,0,1,5
336,297,Rony Seikaly,1996-97,December,Orlando Magic,Detroit Pistons,11,1,9,1,1,1,4
337,336,Rony Seikaly,1996-97,December,Orlando Magic,Detroit Pistons,12,1,9,1,1,1,4
339,337,Rony Seikaly,1996-97,December,Orlando Magic,Detroit Pistons,12,1,10,1,1,1,4
340,334,Horace Grant,1996-97,December,Orlando Magic,Detroit Pistons,12,4,3,0,0,1,2
341,309,Brian Shaw,1996-97,December,Orlando Magic,Detroit Pistons,6,6,1,0,2,3,1
342,339,Rony Seikaly,1996-97,December,Orlando Magic,Detroit Pistons,12,1,10,1,1,1,5
344,322,Grant Hill,1996-97,December,Detroit Pistons,Orlando Magic,23,8,6,0,2,3,2
345,316,Dennis Scott,1996-97,December,Orlando Magic,Detroit Pistons,18,1,4,0,2,0,4
346,341,Brian Shaw,1996-97,December,Orlando Magic,Detroit Pistons,6,7,1,0,2,3,1
348,287,Theo Ratliff,1996-97,December,Detroit Pistons,Orlando Magic,3,1,2,0,0,2,2
349,348,Theo Ratliff,1996-97,December,Detroit Pistons,Orlando Magic,5,1,2,0,0,2,2
352,342,Rony Seikaly,1996-97,December,Orlando Magic,Detroit Pistons,12,1,11,1,1,1,5
353,349,Theo Ratliff,1996-97,December,Detroit Pistons,Orlando Magic,5,1,2,0,0,2,3
354,352,Rony Seikaly,1996-97,December,Orlando Magic,Detroit Pistons,13,1,11,1,1,1,5
355,354,Rony Seikaly,1996-97,December,Orlando Magic,Detroit Pistons,14,1,11,1,1,1,5
356,326,Darrell Armstrong,1996-97,December,Orlando Magic,Detroit Pistons,0,0,0,0,3,2,3
357,324,Michael Curry,1996-97,December,Detroit Pistons,Orlando Magic,8,1,1,0,0,0,1
358,357,Michael Curry,1996-97,December,Detroit Pistons,Orlando Magic,9,1,1,0,0,0,1
359,345,Dennis Scott,1996-97,December,Orlando Magic,Detroit Pistons,21,1,4,0,2,0,4
360,356,Darrell Armstrong,1996-97,December,Orlando Magic,Detroit Pistons,0,1,0,0,3,2,3
362,353,Theo Ratliff,1996-97,December,Detroit Pistons,Orlando Magic,5,1,3,0,0,2,3
364,355,Rony Seikaly,1996-97,December,Orlando Magic,Detroit Pistons,14,1,12,1,1,1,5
365,362,Theo Ratliff,1996-97,December,Detroit Pistons,Orlando Magic,5,1,3,0,0,2,4
366,364,Rony Seikaly,1996-97,December,Orlando Magic,Detroit Pistons,15,1,12,1,1,1,5
368,346,Brian Shaw,1996-97,December,Orlando Magic,Detroit Pistons,6,7,2,0,2,3,1
369,368,Brian Shaw,1996-97,December,Orlando Magic,Detroit Pistons,8,7,2,0,2,3,1
370,359,Dennis Scott,1996-97,December,Orlando Magic,Detroit Pistons,21,2,4,0,2,0,4
372,358,Michael Curry,1996-97,December,Detroit Pistons,Orlando Magic,9,1,2,0,0,0,1
374,344,Grant Hill,1996-97,December,Detroit Pistons,Orlando Magic,23,8,7,0,2,3,2
375,374,Grant Hill,1996-97,December,Detroit Pistons,Orlando Magic,25,8,7,0,2,3,2
377,340,Horace Grant,1996-97,December,Orlando Magic,Detroit Pistons,12,4,3,0,0,1,3
378,172,Grant Long,1996-97,December,Detroit Pistons,Orlando Magic,1,0,1,0,0,0,0
379,378,Grant Long,1996-97,December,Detroit Pistons,Orlando Magic,2,0,1,0,0,0,0
380,370,Dennis Scott,1996-97,December,Orlando Magic,Detroit Pistons,24,2,4,0,2,0,4
381,369,Brian Shaw,1996-97,December,Orlando Magic,Detroit Pistons,8,8,2,0,2,3,1
383,380,Dennis Scott,1996-97,December,Orlando Magic,Detroit Pistons,24,2,5,0,2,0,4
385,379,Grant Long,1996-97,December,Detroit Pistons,Orlando Magic,2,0,2,0,0,0,0
386,377,Horace Grant,1996-97,December,Orlando Magic,Detroit Pistons,12,4,3,0,0,1,4
388,283,Litterial Green,1996-97,December,Detroit Pistons,Orlando Magic,3,1,2,0,1,1,1
390,360,Darrell Armstrong,1996-97,December,Orlando Magic,Detroit Pistons,0,1,0,0,3,2,4
392,388,Litterial Green,1996-97,December,Detroit Pistons,Orlando Magic,4,1,2,0,1,1,1
393,390,Darrell Armstrong,1996-97,December,Orlando Magic,Detroit Pistons,3,1,0,0,3,2,4
394,393,Darrell Armstrong,1996-97,December,Orlando Magic,Detroit Pistons,3,1,0,0,3,2,5
395,372,Michael Curry,1996-97,December,Detroit Pistons,Orlando Magic,10,1,2,0,0,0,1
396,395,Michael Curry,1996-97,December,Detroit Pistons,Orlando Magic,11,1,2,0,0,0,1
398,396,Michael Curry,1996-97,December,Detroit Pistons,Orlando Magic,11,1,3,0,0,0,1
