id,previous_id,player,season,month,team,opponent_team,points,assists,rebounds,blocks,steals,turnovers,personal fouls
1,0,Kevin Johnson,1996-97,December,Phoenix Suns,Sacramento Kings,2,0,0,0,0,0,0
2,0,Hot Rod Williams,1996-97,December,Phoenix Suns,Sacramento Kings,0,1,0,0,0,0,0
3,0,Tyus Edney,1996-97,December,Sacramento Kings,Phoenix Suns,0,0,0,0,0,0,1
4,1,Kevin Johnson,1996-97,December,Phoenix Suns,Sacramento Kings,3,0,0,0,0,0,0
5,0,Billy Owens,1996-97,December,Sacramento Kings,Phoenix Suns,0,0,0,0,0,1,0
6,0,Rex Chapman,1996-97,December,Sacramento Kings,Phoenix Suns,0,0,0,0,1,0,0
7,0,Mark Bryant,1996-97,December,Phoenix Suns,Sacramento Kings,2,0,0,0,0,0,0
8,5,Billy Owens,1996-97,December,Sacramento Kings,Phoenix Suns,2,0,0,0,0,1,0
9,0,Olden Polynice,1996-97,December,Sacramento Kings,Phoenix Suns,0,1,0,0,0,0,0
10,7,Mark Bryant,1996-97,December,Phoenix Suns,Sacramento Kings,4,0,0,0,0,0,0
12,10,Mark Bryant,1996-97,December,Phoenix Suns,Sacramento Kings,4,0,1,0,0,0,0
13,4,Kevin Johnson,1996-97,December,Phoenix Suns,Sacramento Kings,5,0,0,0,0,0,0
14,0,Mitch Richmond,1996-97,December,Sacramento Kings,Phoenix Suns,2,0,0,0,0,0,0
15,0,Michael Smith,1996-97,December,Sacramento Kings,Phoenix Suns,0,1,0,0,0,0,0
17,9,Olden Polynice,1996-97,December,Sacramento Kings,Phoenix Suns,0,1,1,0,0,0,0
18,2,Hot Rod Williams,1996-97,December,Phoenix Suns,Sacramento Kings,0,1,0,0,0,0,1
19,8,Billy Owens,1996-97,December,Sacramento Kings,Phoenix Suns,4,0,0,0,0,1,0
20,14,Mitch Richmond,1996-97,December,Sacramento Kings,Phoenix Suns,2,1,0,0,0,0,0
21,12,Mark Bryant,1996-97,December,Phoenix Suns,Sacramento Kings,4,0,1,0,0,0,1
22,21,Mark Bryant,1996-97,December,Phoenix Suns,Sacramento Kings,4,0,1,0,0,1,1
23,20,Mitch Richmond,1996-97,December,Sacramento Kings,Phoenix Suns,4,1,0,0,0,0,0
25,23,Mitch Richmond,1996-97,December,Sacramento Kings,Phoenix Suns,4,1,1,0,0,0,0
26,0,Robert Horry,1996-97,December,Phoenix Suns,Sacramento Kings,0,0,0,0,0,0,1
28,18,Hot Rod Williams,1996-97,December,Phoenix Suns,Sacramento Kings,0,1,1,0,0,0,1
29,13,Kevin Johnson,1996-97,December,Phoenix Suns,Sacramento Kings,7,0,0,0,0,0,0
31,22,Mark Bryant,1996-97,December,Phoenix Suns,Sacramento Kings,4,0,2,0,0,1,1
32,29,Kevin Johnson,1996-97,December,Phoenix Suns,Sacramento Kings,7,0,0,0,0,1,0
33,19,Billy Owens,1996-97,December,Sacramento Kings,Phoenix Suns,4,0,0,0,0,2,0
34,6,Rex Chapman,1996-97,December,Sacramento Kings,Phoenix Suns,0,0,0,0,2,0,0
35,25,Mitch Richmond,1996-97,December,Sacramento Kings,Phoenix Suns,4,1,1,0,0,0,1
36,34,Rex Chapman,1996-97,December,Phoenix Suns,Sacramento Kings,1,0,0,0,2,0,0
37,36,Rex Chapman,1996-97,December,Phoenix Suns,Sacramento Kings,2,0,0,0,2,0,0
39,37,Rex Chapman,1996-97,December,Phoenix Suns,Sacramento Kings,2,0,1,0,2,0,0
41,39,Rex Chapman,1996-97,December,Phoenix Suns,Sacramento Kings,2,0,2,0,2,0,0
43,3,Tyus Edney,1996-97,December,Sacramento Kings,Phoenix Suns,0,0,1,0,0,0,1
44,43,Tyus Edney,1996-97,December,Sacramento Kings,Phoenix Suns,0,0,1,0,0,1,1
45,26,Robert Horry,1996-97,December,Phoenix Suns,Sacramento Kings,2,0,0,0,0,0,1
46,41,Rex Chapman,1996-97,December,Phoenix Suns,Sacramento Kings,2,1,2,0,2,0,0
47,33,Billy Owens,1996-97,December,Sacramento Kings,Phoenix Suns,4,0,0,0,0,2,1
49,15,Michael Smith,1996-97,December,Sacramento Kings,Phoenix Suns,0,1,1,0,0,0,0
50,45,Robert Horry,1996-97,December,Phoenix Suns,Sacramento Kings,2,0,0,0,0,0,2
51,47,Billy Owens,1996-97,December,Sacramento Kings,Phoenix Suns,5,0,0,0,0,2,1
52,51,Billy Owens,1996-97,December,Sacramento Kings,Phoenix Suns,6,0,0,0,0,2,1
53,44,Tyus Edney,1996-97,December,Sacramento Kings,Phoenix Suns,0,0,1,0,0,1,2
54,46,Rex Chapman,1996-97,December,Phoenix Suns,Sacramento Kings,2,1,2,0,2,1,0
55,50,Robert Horry,1996-97,December,Phoenix Suns,Sacramento Kings,2,0,0,0,0,0,3
56,52,Billy Owens,1996-97,December,Sacramento Kings,Phoenix Suns,8,0,0,0,0,2,1
57,32,Kevin Johnson,1996-97,December,Phoenix Suns,Sacramento Kings,9,0,0,0,0,1,0
59,17,Olden Polynice,1996-97,December,Sacramento Kings,Phoenix Suns,0,1,2,0,0,0,0
61,49,Michael Smith,1996-97,December,Sacramento Kings,Phoenix Suns,0,1,2,0,0,0,0
63,28,Hot Rod Williams,1996-97,December,Phoenix Suns,Sacramento Kings,0,1,2,0,0,0,1
64,0,Danny Manning,1996-97,December,Phoenix Suns,Sacramento Kings,2,0,0,0,0,0,0
65,57,Kevin Johnson,1996-97,December,Phoenix Suns,Sacramento Kings,9,1,0,0,0,1,0
67,65,Kevin Johnson,1996-97,December,Phoenix Suns,Sacramento Kings,9,1,1,0,0,1,0
69,35,Mitch Richmond,1996-97,December,Sacramento Kings,Phoenix Suns,4,1,2,0,0,0,1
70,54,Rex Chapman,1996-97,December,Phoenix Suns,Sacramento Kings,2,1,2,0,2,1,1
71,69,Mitch Richmond,1996-97,December,Sacramento Kings,Phoenix Suns,5,1,2,0,0,0,1
72,71,Mitch Richmond,1996-97,December,Sacramento Kings,Phoenix Suns,6,1,2,0,0,0,1
73,64,Danny Manning,1996-97,December,Phoenix Suns,Sacramento Kings,4,0,0,0,0,0,0
74,31,Mark Bryant,1996-97,December,Phoenix Suns,Sacramento Kings,4,1,2,0,0,1,1
75,0,Bobby Hurley,1996-97,December,Sacramento Kings,Phoenix Suns,3,0,0,0,0,0,0
76,0,Corliss Williamson,1996-97,December,Sacramento Kings,Phoenix Suns,0,1,0,0,0,0,0
78,63,Hot Rod Williams,1996-97,December,Phoenix Suns,Sacramento Kings,0,1,3,0,0,0,1
79,73,Danny Manning,1996-97,December,Phoenix Suns,Sacramento Kings,6,0,0,0,0,0,0
81,79,Danny Manning,1996-97,December,Phoenix Suns,Sacramento Kings,6,0,1,0,0,0,0
82,75,Bobby Hurley,1996-97,December,Sacramento Kings,Phoenix Suns,3,0,0,0,0,0,1
84,67,Kevin Johnson,1996-97,December,Phoenix Suns,Sacramento Kings,10,1,1,0,0,1,0
86,78,Hot Rod Williams,1996-97,December,Phoenix Suns,Sacramento Kings,0,1,4,0,0,0,1
87,76,Corliss Williamson,1996-97,December,Sacramento Kings,Phoenix Suns,0,1,0,0,0,0,1
90,74,Mark Bryant,1996-97,December,Phoenix Suns,Sacramento Kings,4,1,3,0,0,1,1
91,86,Hot Rod Williams,1996-97,December,Phoenix Suns,Sacramento Kings,2,1,4,0,0,0,1
92,84,Kevin Johnson,1996-97,December,Phoenix Suns,Sacramento Kings,10,2,1,0,0,1,0
93,61,Michael Smith,1996-97,December,Sacramento Kings,Phoenix Suns,0,1,2,0,0,1,0
94,92,Kevin Johnson,1996-97,December,Sacramento Kings,Phoenix Suns,10,2,1,0,1,1,0
95,94,Kevin Johnson,1996-97,December,Phoenix Suns,Sacramento Kings,12,2,1,0,1,1,0
96,87,Corliss Williamson,1996-97,December,Sacramento Kings,Phoenix Suns,2,1,0,0,0,0,1
97,72,Mitch Richmond,1996-97,December,Sacramento Kings,Phoenix Suns,6,2,2,0,0,0,1
98,90,Mark Bryant,1996-97,December,Phoenix Suns,Sacramento Kings,4,1,3,0,0,2,1
99,82,Bobby Hurley,1996-97,December,Phoenix Suns,Sacramento Kings,3,0,0,0,1,0,1
100,96,Corliss Williamson,1996-97,December,Sacramento Kings,Phoenix Suns,4,1,0,0,0,0,1
101,99,Bobby Hurley,1996-97,December,Sacramento Kings,Phoenix Suns,3,1,0,0,1,0,1
103,91,Hot Rod Williams,1996-97,December,Phoenix Suns,Sacramento Kings,2,1,5,0,0,0,1
105,93,Michael Smith,1996-97,December,Sacramento Kings,Phoenix Suns,0,1,3,0,0,1,0
106,56,Billy Owens,1996-97,December,Sacramento Kings,Phoenix Suns,10,0,0,0,0,2,1
108,81,Danny Manning,1996-97,December,Phoenix Suns,Sacramento Kings,6,0,2,0,0,0,0
109,108,Danny Manning,1996-97,December,Phoenix Suns,Sacramento Kings,9,0,2,0,0,0,0
111,106,Billy Owens,1996-97,December,Sacramento Kings,Phoenix Suns,10,0,1,0,0,2,1
113,105,Michael Smith,1996-97,December,Sacramento Kings,Phoenix Suns,0,1,4,0,0,1,0
114,113,Michael Smith,1996-97,December,Sacramento Kings,Phoenix Suns,2,1,4,0,0,1,0
115,109,Danny Manning,1996-97,December,Phoenix Suns,Sacramento Kings,9,0,2,0,0,0,1
117,0,Wayman Tisdale,1996-97,December,Phoenix Suns,Sacramento Kings,0,0,1,0,0,0,0
118,0,Joe Kleine,1996-97,December,Phoenix Suns,Sacramento Kings,2,0,0,0,0,0,0
119,0,Wesley Person,1996-97,December,Phoenix Suns,Sacramento Kings,0,1,0,0,0,0,0
121,0,Steve Nash,1996-97,December,Phoenix Suns,Sacramento Kings,0,0,1,0,0,0,0
122,111,Billy Owens,1996-97,December,Sacramento Kings,Phoenix Suns,10,0,1,0,0,2,2
124,122,Billy Owens,1996-97,December,Sacramento Kings,Phoenix Suns,10,0,2,0,0,2,2
126,115,Danny Manning,1996-97,December,Phoenix Suns,Sacramento Kings,9,0,3,0,0,0,1
128,124,Billy Owens,1996-97,December,Sacramento Kings,Phoenix Suns,10,0,3,0,0,2,2
130,59,Olden Polynice,1996-97,December,Sacramento Kings,Phoenix Suns,0,1,3,0,0,0,0
132,117,Wayman Tisdale,1996-97,December,Phoenix Suns,Sacramento Kings,0,0,2,0,0,0,0
133,119,Wesley Person,1996-97,December,Phoenix Suns,Sacramento Kings,2,1,0,0,0,0,0
134,121,Steve Nash,1996-97,December,Phoenix Suns,Sacramento Kings,0,1,1,0,0,0,0
136,133,Wesley Person,1996-97,December,Phoenix Suns,Sacramento Kings,2,1,1,0,0,0,0
137,136,Wesley Person,1996-97,December,Phoenix Suns,Sacramento Kings,4,1,1,0,0,0,0
138,101,Bobby Hurley,1996-97,December,Sacramento Kings,Phoenix Suns,3,1,0,0,1,0,2
139,137,Wesley Person,1996-97,December,Phoenix Suns,Sacramento Kings,5,1,1,0,0,0,0
141,118,Joe Kleine,1996-97,December,Phoenix Suns,Sacramento Kings,2,0,1,0,0,0,0
142,100,Corliss Williamson,1996-97,December,Sacramento Kings,Phoenix Suns,4,1,0,0,0,0,2
143,132,Wayman Tisdale,1996-97,December,Phoenix Suns,Sacramento Kings,1,0,2,0,0,0,0
144,143,Wayman Tisdale,1996-97,December,Phoenix Suns,Sacramento Kings,2,0,2,0,0,0,0
145,144,Wayman Tisdale,1996-97,December,Phoenix Suns,Sacramento Kings,2,0,2,0,0,0,1
147,142,Corliss Williamson,1996-97,December,Sacramento Kings,Phoenix Suns,5,1,0,0,0,0,2
149,128,Billy Owens,1996-97,December,Sacramento Kings,Phoenix Suns,10,0,4,0,0,2,2
151,130,Olden Polynice,1996-97,December,Sacramento Kings,Phoenix Suns,2,1,3,0,0,0,0
152,139,Wesley Person,1996-97,December,Phoenix Suns,Sacramento Kings,5,1,1,0,0,1,0
153,53,Tyus Edney,1996-97,December,Sacramento Kings,Phoenix Suns,0,0,1,0,0,2,2
154,152,Wesley Person,1996-97,December,Sacramento Kings,Phoenix Suns,5,1,1,0,1,1,0
156,149,Billy Owens,1996-97,December,Sacramento Kings,Phoenix Suns,10,0,5,0,0,2,2
157,141,Joe Kleine,1996-97,December,Phoenix Suns,Sacramento Kings,2,0,1,0,0,0,1
159,156,Billy Owens,1996-97,December,Sacramento Kings,Phoenix Suns,10,0,6,0,0,2,2
161,126,Danny Manning,1996-97,December,Phoenix Suns,Sacramento Kings,9,0,4,0,0,0,1
162,161,Danny Manning,1996-97,December,Phoenix Suns,Sacramento Kings,11,0,4,0,0,0,1
164,147,Corliss Williamson,1996-97,December,Sacramento Kings,Phoenix Suns,5,1,1,0,0,0,2
166,145,Wayman Tisdale,1996-97,December,Phoenix Suns,Sacramento Kings,2,0,3,0,0,0,1
167,162,Danny Manning,1996-97,December,Phoenix Suns,Sacramento Kings,13,0,4,0,0,0,1
168,134,Steve Nash,1996-97,December,Phoenix Suns,Sacramento Kings,0,2,1,0,0,0,0
170,167,Danny Manning,1996-97,December,Phoenix Suns,Sacramento Kings,13,0,4,0,0,0,2
172,170,Danny Manning,1996-97,December,Phoenix Suns,Sacramento Kings,13,0,5,0,0,0,2
174,114,Michael Smith,1996-97,December,Sacramento Kings,Phoenix Suns,2,1,5,0,0,1,0
176,157,Joe Kleine,1996-97,December,Sacramento Kings,Phoenix Suns,2,0,1,1,0,0,1
177,151,Olden Polynice,1996-97,December,Sacramento Kings,Phoenix Suns,2,1,4,0,0,0,0
178,177,Olden Polynice,1996-97,December,Sacramento Kings,Phoenix Suns,4,1,4,0,0,0,0
179,0,Kevin Gamble,1996-97,December,Sacramento Kings,Phoenix Suns,0,0,0,0,0,0,1
181,174,Michael Smith,1996-97,December,Sacramento Kings,Phoenix Suns,2,1,6,0,0,1,0
182,179,Kevin Gamble,1996-97,December,Sacramento Kings,Phoenix Suns,3,0,0,0,0,0,1
183,97,Mitch Richmond,1996-97,December,Sacramento Kings,Phoenix Suns,6,3,2,0,0,0,1
184,95,Kevin Johnson,1996-97,December,Phoenix Suns,Sacramento Kings,14,2,1,0,1,1,0
186,70,Rex Chapman,1996-97,December,Phoenix Suns,Sacramento Kings,2,1,3,0,2,1,1
187,154,Wesley Person,1996-97,December,Phoenix Suns,Sacramento Kings,8,1,1,0,1,1,0
188,186,Rex Chapman,1996-97,December,Phoenix Suns,Sacramento Kings,2,2,3,0,2,1,1
189,176,Joe Kleine,1996-97,December,Phoenix Suns,Sacramento Kings,2,0,1,1,0,0,2
190,183,Mitch Richmond,1996-97,December,Sacramento Kings,Phoenix Suns,7,3,2,0,0,0,1
191,190,Mitch Richmond,1996-97,December,Sacramento Kings,Phoenix Suns,8,3,2,0,0,0,1
193,182,Kevin Gamble,1996-97,December,Sacramento Kings,Phoenix Suns,3,0,1,0,0,0,1
195,189,Joe Kleine,1996-97,December,Phoenix Suns,Sacramento Kings,2,0,2,1,0,0,2
196,178,Olden Polynice,1996-97,December,Sacramento Kings,Phoenix Suns,4,1,4,0,0,0,1
197,195,Joe Kleine,1996-97,December,Phoenix Suns,Sacramento Kings,3,0,2,1,0,0,2
199,181,Michael Smith,1996-97,December,Sacramento Kings,Phoenix Suns,2,1,7,0,0,1,0
200,193,Kevin Gamble,1996-97,December,Sacramento Kings,Phoenix Suns,3,0,1,0,0,1,1
201,188,Rex Chapman,1996-97,December,Sacramento Kings,Phoenix Suns,2,2,3,0,3,1,1
202,98,Mark Bryant,1996-97,December,Phoenix Suns,Sacramento Kings,6,1,3,0,0,2,1
203,184,Kevin Johnson,1996-97,December,Phoenix Suns,Sacramento Kings,14,3,1,0,1,1,0
205,196,Olden Polynice,1996-97,December,Sacramento Kings,Phoenix Suns,4,1,5,0,0,0,1
206,191,Mitch Richmond,1996-97,December,Sacramento Kings,Phoenix Suns,8,3,2,0,0,1,1
207,203,Kevin Johnson,1996-97,December,Sacramento Kings,Phoenix Suns,14,3,1,0,2,1,0
208,201,Rex Chapman,1996-97,December,Phoenix Suns,Sacramento Kings,4,2,3,0,3,1,1
209,207,Kevin Johnson,1996-97,December,Phoenix Suns,Sacramento Kings,14,4,1,0,2,1,0
210,197,Joe Kleine,1996-97,December,Phoenix Suns,Sacramento Kings,3,0,2,1,0,0,3
212,199,Michael Smith,1996-97,December,Sacramento Kings,Phoenix Suns,3,1,7,0,0,1,0
213,209,Kevin Johnson,1996-97,December,Phoenix Suns,Sacramento Kings,17,4,1,0,2,1,0
214,187,Wesley Person,1996-97,December,Phoenix Suns,Sacramento Kings,8,2,1,0,1,1,0
215,206,Mitch Richmond,1996-97,December,Sacramento Kings,Phoenix Suns,10,3,2,0,0,1,1
216,212,Michael Smith,1996-97,December,Sacramento Kings,Phoenix Suns,3,2,7,0,0,1,0
217,208,Rex Chapman,1996-97,December,Phoenix Suns,Sacramento Kings,4,2,3,0,3,2,1
218,200,Kevin Gamble,1996-97,December,Sacramento Kings,Phoenix Suns,3,0,1,0,0,2,1
219,202,Mark Bryant,1996-97,December,Sacramento Kings,Phoenix Suns,6,1,3,0,1,2,1
222,55,Robert Horry,1996-97,December,Phoenix Suns,Sacramento Kings,2,0,1,0,0,0,3
223,215,Mitch Richmond,1996-97,December,Sacramento Kings,Phoenix Suns,10,3,2,0,0,1,2
224,217,Rex Chapman,1996-97,December,Phoenix Suns,Sacramento Kings,6,2,3,0,3,2,1
225,219,Mark Bryant,1996-97,December,Phoenix Suns,Sacramento Kings,6,2,3,0,1,2,1
226,159,Billy Owens,1996-97,December,Sacramento Kings,Phoenix Suns,10,0,6,0,0,3,2
227,103,Hot Rod Williams,1996-97,December,Sacramento Kings,Phoenix Suns,2,1,5,0,1,0,1
229,205,Olden Polynice,1996-97,December,Sacramento Kings,Phoenix Suns,4,1,6,0,0,0,1
230,227,Hot Rod Williams,1996-97,December,Phoenix Suns,Sacramento Kings,2,1,5,0,1,0,2
232,230,Hot Rod Williams,1996-97,December,Phoenix Suns,Sacramento Kings,2,1,6,0,1,0,2
234,229,Olden Polynice,1996-97,December,Sacramento Kings,Phoenix Suns,4,1,7,0,0,0,1
236,226,Billy Owens,1996-97,December,Sacramento Kings,Phoenix Suns,10,0,7,0,0,3,2
237,236,Billy Owens,1996-97,December,Sacramento Kings,Phoenix Suns,12,0,7,0,0,3,2
239,237,Billy Owens,1996-97,December,Sacramento Kings,Phoenix Suns,12,0,8,0,0,3,2
240,239,Billy Owens,1996-97,December,Sacramento Kings,Phoenix Suns,12,0,8,0,0,4,2
241,234,Olden Polynice,1996-97,December,Sacramento Kings,Phoenix Suns,4,1,7,0,0,0,2
243,232,Hot Rod Williams,1996-97,December,Phoenix Suns,Sacramento Kings,3,1,6,0,1,0,2
244,223,Mitch Richmond,1996-97,December,Sacramento Kings,Phoenix Suns,12,3,2,0,0,1,2
245,216,Michael Smith,1996-97,December,Sacramento Kings,Phoenix Suns,3,3,7,0,0,1,0
247,240,Billy Owens,1996-97,December,Sacramento Kings,Phoenix Suns,12,0,9,0,0,4,2
249,247,Billy Owens,1996-97,December,Sacramento Kings,Phoenix Suns,12,0,10,0,0,4,2
251,241,Olden Polynice,1996-97,December,Sacramento Kings,Phoenix Suns,4,1,7,0,0,0,3
252,251,Olden Polynice,1996-97,December,Sacramento Kings,Phoenix Suns,4,1,7,0,0,1,3
253,245,Michael Smith,1996-97,December,Sacramento Kings,Phoenix Suns,3,3,7,0,0,1,1
254,252,Olden Polynice,1996-97,December,Sacramento Kings,Phoenix Suns,4,1,7,0,0,1,4
255,213,Kevin Johnson,1996-97,December,Phoenix Suns,Sacramento Kings,18,4,1,0,2,1,0
256,255,Kevin Johnson,1996-97,December,Phoenix Suns,Sacramento Kings,19,4,1,0,2,1,0
258,243,Hot Rod Williams,1996-97,December,Phoenix Suns,Sacramento Kings,3,1,7,0,1,0,2
259,224,Rex Chapman,1996-97,December,Phoenix Suns,Sacramento Kings,9,2,3,0,3,2,1
260,256,Kevin Johnson,1996-97,December,Phoenix Suns,Sacramento Kings,19,5,1,0,2,1,0
262,222,Robert Horry,1996-97,December,Phoenix Suns,Sacramento Kings,2,0,2,0,0,0,3
263,225,Mark Bryant,1996-97,December,Phoenix Suns,Sacramento Kings,8,2,3,0,1,2,1
264,260,Kevin Johnson,1996-97,December,Phoenix Suns,Sacramento Kings,19,6,1,0,2,1,0
265,249,Billy Owens,1996-97,December,Sacramento Kings,Phoenix Suns,14,0,10,0,0,4,2
266,138,Bobby Hurley,1996-97,December,Sacramento Kings,Phoenix Suns,3,1,0,0,1,0,3
268,263,Mark Bryant,1996-97,December,Phoenix Suns,Sacramento Kings,9,2,3,0,1,2,1
269,244,Mitch Richmond,1996-97,December,Sacramento Kings,Phoenix Suns,12,3,2,0,0,2,2
270,259,Rex Chapman,1996-97,December,Phoenix Suns,Sacramento Kings,12,2,3,0,3,2,1
271,264,Kevin Johnson,1996-97,December,Phoenix Suns,Sacramento Kings,19,7,1,0,2,1,0
272,269,Mitch Richmond,1996-97,December,Sacramento Kings,Phoenix Suns,12,3,2,0,0,3,2
273,270,Rex Chapman,1996-97,December,Sacramento Kings,Phoenix Suns,12,2,3,0,4,2,1
275,253,Michael Smith,1996-97,December,Sacramento Kings,Phoenix Suns,3,3,8,0,0,1,1
276,262,Robert Horry,1996-97,December,Phoenix Suns,Sacramento Kings,2,0,2,0,0,0,4
277,268,Mark Bryant,1996-97,December,Phoenix Suns,Sacramento Kings,9,2,3,0,1,2,2
278,272,Mitch Richmond,1996-97,December,Sacramento Kings,Phoenix Suns,13,3,2,0,0,3,2
279,278,Mitch Richmond,1996-97,December,Sacramento Kings,Phoenix Suns,14,3,2,0,0,3,2
280,275,Michael Smith,1996-97,December,Sacramento Kings,Phoenix Suns,3,3,8,0,0,1,1
281,271,Kevin Johnson,1996-97,December,Phoenix Suns,Sacramento Kings,20,7,1,0,2,1,0
282,281,Kevin Johnson,1996-97,December,Phoenix Suns,Sacramento Kings,21,7,1,0,2,1,0
283,172,Danny Manning,1996-97,December,Phoenix Suns,Sacramento Kings,13,0,5,0,0,0,3
284,283,Danny Manning,1996-97,December,Phoenix Suns,Sacramento Kings,13,0,5,0,0,1,3
286,280,Michael Smith,1996-97,December,Sacramento Kings,Phoenix Suns,3,3,9,0,0,1,1
288,286,Michael Smith,1996-97,December,Sacramento Kings,Phoenix Suns,3,3,10,0,0,1,1
289,258,Hot Rod Williams,1996-97,December,Phoenix Suns,Sacramento Kings,3,1,7,0,1,0,3
290,276,Robert Horry,1996-97,December,Phoenix Suns,Sacramento Kings,2,0,2,0,0,0,5
291,279,Mitch Richmond,1996-97,December,Sacramento Kings,Phoenix Suns,15,3,2,0,0,3,2
292,291,Mitch Richmond,1996-97,December,Sacramento Kings,Phoenix Suns,16,3,2,0,0,3,2
294,265,Billy Owens,1996-97,December,Sacramento Kings,Phoenix Suns,14,0,11,0,0,4,2
295,292,Mitch Richmond,1996-97,December,Sacramento Kings,Phoenix Suns,19,3,2,0,0,3,2
297,295,Mitch Richmond,1996-97,December,Sacramento Kings,Phoenix Suns,19,3,3,0,0,3,2
298,294,Billy Owens,1996-97,December,Sacramento Kings,Phoenix Suns,16,0,11,0,0,4,2
299,282,Kevin Johnson,1996-97,December,Phoenix Suns,Sacramento Kings,23,7,1,0,2,1,0
300,284,Danny Manning,1996-97,December,Phoenix Suns,Sacramento Kings,13,1,5,0,0,1,3
301,298,Billy Owens,1996-97,December,Sacramento Kings,Phoenix Suns,16,0,11,0,0,5,2
302,299,Kevin Johnson,1996-97,December,Sacramento Kings,Phoenix Suns,23,7,1,0,3,1,0
304,297,Mitch Richmond,1996-97,December,Sacramento Kings,Phoenix Suns,19,3,4,0,0,3,2
306,266,Bobby Hurley,1996-97,December,Sacramento Kings,Phoenix Suns,3,1,1,0,1,0,3
307,301,Billy Owens,1996-97,December,Sacramento Kings,Phoenix Suns,18,0,11,0,0,5,2
308,302,Kevin Johnson,1996-97,December,Phoenix Suns,Sacramento Kings,23,7,1,0,3,1,1
310,289,Hot Rod Williams,1996-97,December,Phoenix Suns,Sacramento Kings,3,1,8,0,1,0,3
311,308,Kevin Johnson,1996-97,December,Phoenix Suns,Sacramento Kings,24,7,1,0,3,1,1
313,307,Billy Owens,1996-97,December,Sacramento Kings,Phoenix Suns,18,0,12,0,0,5,2
314,304,Mitch Richmond,1996-97,December,Sacramento Kings,Phoenix Suns,21,3,4,0,0,3,2
315,164,Corliss Williamson,1996-97,December,Sacramento Kings,Phoenix Suns,5,2,1,0,0,0,2
316,300,Danny Manning,1996-97,December,Phoenix Suns,Sacramento Kings,15,1,5,0,0,1,3
317,311,Kevin Johnson,1996-97,December,Phoenix Suns,Sacramento Kings,24,8,1,0,3,1,1
318,313,Billy Owens,1996-97,December,Sacramento Kings,Phoenix Suns,20,0,12,0,0,5,2
319,254,Olden Polynice,1996-97,December,Sacramento Kings,Phoenix Suns,4,2,7,0,0,1,4
321,314,Mitch Richmond,1996-97,December,Sacramento Kings,Phoenix Suns,21,3,5,0,0,3,2
322,321,Mitch Richmond,1996-97,December,Sacramento Kings,Phoenix Suns,21,3,5,0,0,4,2
323,310,Hot Rod Williams,1996-97,December,Sacramento Kings,Phoenix Suns,3,1,8,0,2,0,3
324,166,Wayman Tisdale,1996-97,December,Phoenix Suns,Sacramento Kings,4,0,3,0,0,0,1
325,323,Hot Rod Williams,1996-97,December,Phoenix Suns,Sacramento Kings,3,2,8,0,2,0,3
326,315,Corliss Williamson,1996-97,December,Sacramento Kings,Phoenix Suns,5,2,1,0,0,0,3
327,318,Billy Owens,1996-97,December,Sacramento Kings,Phoenix Suns,20,0,12,0,0,5,3
329,168,Steve Nash,1996-97,December,Phoenix Suns,Sacramento Kings,1,2,1,0,0,0,0
330,329,Steve Nash,1996-97,December,Phoenix Suns,Sacramento Kings,1,2,1,0,0,0,1
331,322,Mitch Richmond,1996-97,December,Sacramento Kings,Phoenix Suns,22,3,5,0,0,4,2
332,331,Mitch Richmond,1996-97,December,Sacramento Kings,Phoenix Suns,23,3,5,0,0,4,2
334,332,Mitch Richmond,1996-97,December,Sacramento Kings,Phoenix Suns,23,3,6,0,0,4,2
336,324,Wayman Tisdale,1996-97,December,Phoenix Suns,Sacramento Kings,4,0,4,0,0,0,1
337,326,Corliss Williamson,1996-97,December,Sacramento Kings,Phoenix Suns,5,2,1,0,0,0,4
338,316,Danny Manning,1996-97,December,Phoenix Suns,Sacramento Kings,17,1,5,0,0,1,3
339,330,Steve Nash,1996-97,December,Phoenix Suns,Sacramento Kings,1,3,1,0,0,0,1
340,337,Corliss Williamson,1996-97,December,Sacramento Kings,Phoenix Suns,7,2,1,0,0,0,4
341,218,Kevin Gamble,1996-97,December,Sacramento Kings,Phoenix Suns,3,1,1,0,0,2,1
342,214,Wesley Person,1996-97,December,Phoenix Suns,Sacramento Kings,8,2,1,0,1,2,0
343,334,Mitch Richmond,1996-97,December,Sacramento Kings,Phoenix Suns,25,3,6,0,0,4,2
345,340,Corliss Williamson,1996-97,December,Sacramento Kings,Phoenix Suns,7,2,2,0,0,0,4
346,341,Kevin Gamble,1996-97,December,Sacramento Kings,Phoenix Suns,5,1,1,0,0,2,1
347,327,Billy Owens,1996-97,December,Sacramento Kings,Phoenix Suns,20,1,12,0,0,5,3
349,0,Duane Causwell,1996-97,December,Sacramento Kings,Phoenix Suns,0,0,1,0,0,0,0
351,210,Joe Kleine,1996-97,December,Phoenix Suns,Sacramento Kings,3,0,3,1,0,0,3
352,342,Wesley Person,1996-97,December,Phoenix Suns,Sacramento Kings,10,2,1,0,1,2,0
353,338,Danny Manning,1996-97,December,Phoenix Suns,Sacramento Kings,17,2,5,0,0,1,3
354,351,Joe Kleine,1996-97,December,Phoenix Suns,Sacramento Kings,3,0,3,1,0,0,4
355,343,Mitch Richmond,1996-97,December,Sacramento Kings,Phoenix Suns,27,3,6,0,0,4,2
356,347,Billy Owens,1996-97,December,Sacramento Kings,Phoenix Suns,20,2,12,0,0,5,3
358,336,Wayman Tisdale,1996-97,December,Phoenix Suns,Sacramento Kings,4,0,5,0,0,0,1
359,358,Wayman Tisdale,1996-97,December,Phoenix Suns,Sacramento Kings,4,0,5,0,0,1,1
360,356,Billy Owens,1996-97,December,Sacramento Kings,Phoenix Suns,22,2,12,0,0,5,3
361,355,Mitch Richmond,1996-97,December,Sacramento Kings,Phoenix Suns,27,4,6,0,0,4,2
362,352,Wesley Person,1996-97,December,Phoenix Suns,Sacramento Kings,10,2,1,0,1,3,0
363,361,Mitch Richmond,1996-97,December,Phoenix Suns,Sacramento Kings,27,4,6,0,1,4,2
364,363,Mitch Richmond,1996-97,December,Sacramento Kings,Phoenix Suns,29,4,6,0,1,4,2
366,349,Duane Causwell,1996-97,December,Sacramento Kings,Phoenix Suns,0,0,2,0,0,0,0
367,364,Mitch Richmond,1996-97,December,Sacramento Kings,Phoenix Suns,31,4,6,0,1,4,2
368,360,Billy Owens,1996-97,December,Sacramento Kings,Phoenix Suns,22,3,12,0,0,5,3
370,345,Corliss Williamson,1996-97,December,Sacramento Kings,Phoenix Suns,7,2,3,0,0,0,4
372,366,Duane Causwell,1996-97,December,Sacramento Kings,Phoenix Suns,2,0,2,0,0,0,0
373,367,Mitch Richmond,1996-97,December,Sacramento Kings,Phoenix Suns,31,5,6,0,1,4,2
374,353,Danny Manning,1996-97,December,Phoenix Suns,Sacramento Kings,19,2,5,0,0,1,3
375,317,Kevin Johnson,1996-97,December,Phoenix Suns,Sacramento Kings,24,9,1,0,3,1,1
377,372,Duane Causwell,1996-97,December,Sacramento Kings,Phoenix Suns,2,0,3,0,0,0,0
378,377,Duane Causwell,1996-97,December,Sacramento Kings,Phoenix Suns,4,0,3,0,0,0,0
379,374,Danny Manning,1996-97,December,Phoenix Suns,Sacramento Kings,21,2,5,0,0,1,3
380,375,Kevin Johnson,1996-97,December,Phoenix Suns,Sacramento Kings,24,10,1,0,3,1,1
381,373,Mitch Richmond,1996-97,December,Sacramento Kings,Phoenix Suns,34,5,6,0,1,4,2
382,370,Corliss Williamson,1996-97,December,Sacramento Kings,Phoenix Suns,7,3,3,0,0,0,4
384,378,Duane Causwell,1996-97,December,Phoenix Suns,Sacramento Kings,4,0,3,1,0,0,0
385,380,Kevin Johnson,1996-97,December,Phoenix Suns,Sacramento Kings,24,10,2,0,3,1,1
386,385,Kevin Johnson,1996-97,December,Phoenix Suns,Sacramento Kings,26,10,2,0,3,1,1
388,379,Danny Manning,1996-97,December,Phoenix Suns,Sacramento Kings,21,2,6,0,0,1,3
390,388,Danny Manning,1996-97,December,Phoenix Suns,Sacramento Kings,21,2,6,0,0,1,4
392,277,Mark Bryant,1996-97,December,Phoenix Suns,Sacramento Kings,9,2,4,0,1,2,2
393,390,Danny Manning,1996-97,December,Phoenix Suns,Sacramento Kings,21,2,6,0,0,2,4
394,384,Duane Causwell,1996-97,December,Phoenix Suns,Sacramento Kings,4,0,3,1,1,0,0
395,381,Mitch Richmond,1996-97,December,Sacramento Kings,Phoenix Suns,36,5,6,0,1,4,2
396,368,Billy Owens,1996-97,December,Sacramento Kings,Phoenix Suns,22,4,12,0,0,5,3
398,325,Hot Rod Williams,1996-97,December,Phoenix Suns,Sacramento Kings,3,2,9,0,2,0,3
399,398,Hot Rod Williams,1996-97,December,Phoenix Suns,Sacramento Kings,5,2,9,0,2,0,3
400,395,Mitch Richmond,1996-97,December,Sacramento Kings,Phoenix Suns,38,5,6,0,1,4,2
401,392,Mark Bryant,1996-97,December,Phoenix Suns,Sacramento Kings,9,2,4,0,1,3,2
402,394,Duane Causwell,1996-97,December,Phoenix Suns,Sacramento Kings,4,0,3,1,2,0,0
403,396,Billy Owens,1996-97,December,Sacramento Kings,Phoenix Suns,22,4,12,0,0,6,3
404,393,Danny Manning,1996-97,December,Sacramento Kings,Phoenix Suns,21,2,6,0,1,2,4
405,404,Danny Manning,1996-97,December,Phoenix Suns,Sacramento Kings,23,2,6,0,1,2,4
407,288,Michael Smith,1996-97,December,Sacramento Kings,Phoenix Suns,3,3,11,0,0,1,1
409,319,Olden Polynice,1996-97,December,Sacramento Kings,Phoenix Suns,4,2,7,0,0,1,5
411,405,Danny Manning,1996-97,December,Phoenix Suns,Sacramento Kings,23,2,7,0,1,2,4
412,400,Mitch Richmond,1996-97,December,Sacramento Kings,Phoenix Suns,38,5,6,0,1,4,3
413,386,Kevin Johnson,1996-97,December,Phoenix Suns,Sacramento Kings,27,10,2,0,3,1,1
414,413,Kevin Johnson,1996-97,December,Phoenix Suns,Sacramento Kings,28,10,2,0,3,1,1
415,411,Danny Manning,1996-97,December,Phoenix Suns,Sacramento Kings,23,2,7,0,1,2,5
416,273,Rex Chapman,1996-97,December,Phoenix Suns,Sacramento Kings,12,2,3,0,4,2,2
417,412,Mitch Richmond,1996-97,December,Sacramento Kings,Phoenix Suns,39,5,6,0,1,4,3
418,417,Mitch Richmond,1996-97,December,Sacramento Kings,Phoenix Suns,40,5,6,0,1,4,3
419,0,Loren Meyer,1996-97,December,Phoenix Suns,Sacramento Kings,2,0,0,0,0,0,0
420,339,Steve Nash,1996-97,December,Phoenix Suns,Sacramento Kings,1,4,1,0,0,0,1
422,346,Kevin Gamble,1996-97,December,Sacramento Kings,Phoenix Suns,5,1,1,0,0,2,2
423,420,Steve Nash,1996-97,December,Phoenix Suns,Sacramento Kings,2,4,1,0,0,0,1
