id,previous_id,player,season,month,team,opponent_team,points,assists,rebounds,blocks,steals,turnovers,personal fouls
2,0,Will Perdue,1996-97,December,San Antonio Spurs,Vancouver Grizzlies,0,0,1,0,0,0,0
3,0,Sean Elliott,1996-97,December,San Antonio Spurs,Vancouver Grizzlies,0,0,0,0,0,1,0
4,0,Shareef Abdur-Rahim,1996-97,December,Vancouver Grizzlies,San Antonio Spurs,0,0,0,0,1,0,0
6,0,Carl Herrera,1996-97,December,San Antonio Spurs,Vancouver Grizzlies,0,0,1,0,0,0,0
7,0,Anthony Peeler,1996-97,December,Vancouver Grizzlies,San Antonio Spurs,0,0,0,0,0,0,1
8,0,Vernon Maxwell,1996-97,December,San Antonio Spurs,Vancouver Grizzlies,1,0,0,0,0,0,0
9,8,Vernon Maxwell,1996-97,December,San Antonio Spurs,Vancouver Grizzlies,2,0,0,0,0,0,0
11,0,Avery Johnson,1996-97,December,San Antonio Spurs,Vancouver Grizzlies,0,0,1,0,0,0,0
12,9,Vernon Maxwell,1996-97,December,San Antonio Spurs,Vancouver Grizzlies,2,0,0,0,0,1,0
13,0,Lee Mayberry,1996-97,December,Vancouver Grizzlies,San Antonio Spurs,0,0,0,0,1,0,0
15,0,George Lynch,1996-97,December,Vancouver Grizzlies,San Antonio Spurs,0,0,1,0,0,0,0
17,2,Will Perdue,1996-97,December,San Antonio Spurs,Vancouver Grizzlies,0,0,2,0,0,0,0
19,4,Shareef Abdur-Rahim,1996-97,December,Vancouver Grizzlies,San Antonio Spurs,0,0,1,0,1,0,0
21,12,Vernon Maxwell,1996-97,December,San Antonio Spurs,Vancouver Grizzlies,2,0,1,0,0,1,0
22,11,Avery Johnson,1996-97,December,San Antonio Spurs,Vancouver Grizzlies,2,0,1,0,0,0,0
23,3,Sean Elliott,1996-97,December,San Antonio Spurs,Vancouver Grizzlies,0,1,0,0,0,1,0
24,19,Shareef Abdur-Rahim,1996-97,December,Vancouver Grizzlies,San Antonio Spurs,2,0,1,0,1,0,0
25,13,Lee Mayberry,1996-97,December,Vancouver Grizzlies,San Antonio Spurs,0,1,0,0,1,0,0
26,21,Vernon Maxwell,1996-97,December,San Antonio Spurs,Vancouver Grizzlies,4,0,1,0,0,1,0
27,22,Avery Johnson,1996-97,December,San Antonio Spurs,Vancouver Grizzlies,2,1,1,0,0,0,0
29,23,Sean Elliott,1996-97,December,San Antonio Spurs,Vancouver Grizzlies,0,1,1,0,0,1,0
31,29,Sean Elliott,1996-97,December,San Antonio Spurs,Vancouver Grizzlies,0,1,1,0,0,1,1
33,0,Bryant Reeves,1996-97,December,Vancouver Grizzlies,San Antonio Spurs,1,0,0,0,0,0,0
34,26,Vernon Maxwell,1996-97,December,San Antonio Spurs,Vancouver Grizzlies,7,0,1,0,0,1,0
35,27,Avery Johnson,1996-97,December,San Antonio Spurs,Vancouver Grizzlies,2,2,1,0,0,0,0
36,7,Anthony Peeler,1996-97,December,Vancouver Grizzlies,San Antonio Spurs,3,0,0,0,0,0,1
37,25,Lee Mayberry,1996-97,December,Vancouver Grizzlies,San Antonio Spurs,0,2,0,0,1,0,0
38,17,Will Perdue,1996-97,December,San Antonio Spurs,Vancouver Grizzlies,0,0,2,0,0,1,0
39,24,Shareef Abdur-Rahim,1996-97,December,Vancouver Grizzlies,San Antonio Spurs,4,0,1,0,1,0,0
40,15,George Lynch,1996-97,December,Vancouver Grizzlies,San Antonio Spurs,0,1,1,0,0,0,0
41,36,Anthony Peeler,1996-97,December,Vancouver Grizzlies,San Antonio Spurs,3,0,0,0,0,0,2
42,34,Vernon Maxwell,1996-97,December,San Antonio Spurs,Vancouver Grizzlies,9,0,1,0,0,1,0
44,6,Carl Herrera,1996-97,December,San Antonio Spurs,Vancouver Grizzlies,0,0,1,1,0,0,0
45,38,Will Perdue,1996-97,December,San Antonio Spurs,Vancouver Grizzlies,0,0,3,0,0,1,0
46,35,Avery Johnson,1996-97,December,San Antonio Spurs,Vancouver Grizzlies,2,2,1,0,0,1,0
47,0,Lawrence Moten,1996-97,December,Vancouver Grizzlies,San Antonio Spurs,0,0,0,0,0,1,0
48,44,Carl Herrera,1996-97,December,San Antonio Spurs,Vancouver Grizzlies,0,0,1,1,1,0,0
49,31,Sean Elliott,1996-97,December,San Antonio Spurs,Vancouver Grizzlies,2,1,1,0,0,1,1
50,42,Vernon Maxwell,1996-97,December,San Antonio Spurs,Vancouver Grizzlies,9,1,1,0,0,1,0
52,40,George Lynch,1996-97,December,Vancouver Grizzlies,San Antonio Spurs,0,1,2,0,0,0,0
54,52,George Lynch,1996-97,December,Vancouver Grizzlies,San Antonio Spurs,0,1,3,0,0,0,0
55,54,George Lynch,1996-97,December,Vancouver Grizzlies,San Antonio Spurs,0,1,3,0,0,1,0
57,37,Lee Mayberry,1996-97,December,Vancouver Grizzlies,San Antonio Spurs,0,2,1,0,1,0,0
58,39,Shareef Abdur-Rahim,1996-97,December,Vancouver Grizzlies,San Antonio Spurs,6,0,1,0,1,0,0
59,55,George Lynch,1996-97,December,Vancouver Grizzlies,San Antonio Spurs,0,2,3,0,0,1,0
60,49,Sean Elliott,1996-97,December,San Antonio Spurs,Vancouver Grizzlies,2,1,1,0,0,2,1
61,58,Shareef Abdur-Rahim,1996-97,December,Vancouver Grizzlies,San Antonio Spurs,6,0,1,0,2,0,0
63,45,Will Perdue,1996-97,December,San Antonio Spurs,Vancouver Grizzlies,0,0,4,0,0,1,0
64,46,Avery Johnson,1996-97,December,San Antonio Spurs,Vancouver Grizzlies,4,2,1,0,0,1,0
66,48,Carl Herrera,1996-97,December,San Antonio Spurs,Vancouver Grizzlies,0,0,1,2,1,0,0
67,60,Sean Elliott,1996-97,December,San Antonio Spurs,Vancouver Grizzlies,2,1,2,0,0,2,1
68,50,Vernon Maxwell,1996-97,December,San Antonio Spurs,Vancouver Grizzlies,11,1,1,0,0,1,0
69,67,Sean Elliott,1996-97,December,San Antonio Spurs,Vancouver Grizzlies,2,2,2,0,0,2,1
70,61,Shareef Abdur-Rahim,1996-97,December,Vancouver Grizzlies,San Antonio Spurs,8,0,1,0,2,0,0
71,57,Lee Mayberry,1996-97,December,Vancouver Grizzlies,San Antonio Spurs,0,3,1,0,1,0,0
72,70,Shareef Abdur-Rahim,1996-97,December,Vancouver Grizzlies,San Antonio Spurs,8,0,1,0,2,0,1
74,47,Lawrence Moten,1996-97,December,Vancouver Grizzlies,San Antonio Spurs,0,0,0,1,0,1,0
75,33,Bryant Reeves,1996-97,December,Vancouver Grizzlies,San Antonio Spurs,1,0,1,0,0,0,0
76,59,George Lynch,1996-97,December,Vancouver Grizzlies,San Antonio Spurs,2,2,3,0,0,1,0
77,71,Lee Mayberry,1996-97,December,Vancouver Grizzlies,San Antonio Spurs,0,4,1,0,1,0,0
78,69,Sean Elliott,1996-97,December,San Antonio Spurs,Vancouver Grizzlies,4,2,2,0,0,2,1
79,77,Lee Mayberry,1996-97,December,Vancouver Grizzlies,San Antonio Spurs,2,4,1,0,1,0,0
81,75,Bryant Reeves,1996-97,December,Vancouver Grizzlies,San Antonio Spurs,1,0,1,1,0,0,0
82,0,Blue Edwards,1996-97,December,Vancouver Grizzlies,San Antonio Spurs,0,0,1,0,0,0,0
84,0,Monty Williams,1996-97,December,San Antonio Spurs,Vancouver Grizzlies,0,0,0,1,0,0,0
85,74,Lawrence Moten,1996-97,December,Vancouver Grizzlies,San Antonio Spurs,0,0,1,1,0,1,0
87,84,Monty Williams,1996-97,December,San Antonio Spurs,Vancouver Grizzlies,0,0,1,1,0,0,0
89,81,Bryant Reeves,1996-97,December,Vancouver Grizzlies,San Antonio Spurs,1,0,2,1,0,0,0
90,85,Lawrence Moten,1996-97,December,Vancouver Grizzlies,San Antonio Spurs,2,0,1,1,0,1,0
91,72,Shareef Abdur-Rahim,1996-97,December,Vancouver Grizzlies,San Antonio Spurs,8,1,1,0,2,0,1
92,64,Avery Johnson,1996-97,December,San Antonio Spurs,Vancouver Grizzlies,6,2,1,0,0,1,0
93,78,Sean Elliott,1996-97,December,San Antonio Spurs,Vancouver Grizzlies,4,3,2,0,0,2,1
95,87,Monty Williams,1996-97,December,San Antonio Spurs,Vancouver Grizzlies,0,0,2,1,0,0,0
96,66,Carl Herrera,1996-97,December,San Antonio Spurs,Vancouver Grizzlies,2,0,1,2,1,0,0
97,92,Avery Johnson,1996-97,December,San Antonio Spurs,Vancouver Grizzlies,6,3,1,0,0,1,0
98,90,Lawrence Moten,1996-97,December,Vancouver Grizzlies,San Antonio Spurs,5,0,1,1,0,1,0
99,89,Bryant Reeves,1996-97,December,Vancouver Grizzlies,San Antonio Spurs,1,1,2,1,0,0,0
100,79,Lee Mayberry,1996-97,December,Vancouver Grizzlies,San Antonio Spurs,2,4,1,0,1,0,1
101,93,Sean Elliott,1996-97,December,San Antonio Spurs,Vancouver Grizzlies,6,3,2,0,0,2,1
102,95,Monty Williams,1996-97,December,San Antonio Spurs,Vancouver Grizzlies,0,1,2,1,0,0,0
103,0,Dominique Wilkins,1996-97,December,San Antonio Spurs,Vancouver Grizzlies,3,0,0,0,0,0,0
104,97,Avery Johnson,1996-97,December,San Antonio Spurs,Vancouver Grizzlies,6,4,1,0,0,1,0
106,103,Dominique Wilkins,1996-97,December,San Antonio Spurs,Vancouver Grizzlies,3,0,1,0,0,0,0
107,102,Monty Williams,1996-97,December,San Antonio Spurs,Vancouver Grizzlies,2,1,2,1,0,0,0
108,104,Avery Johnson,1996-97,December,San Antonio Spurs,Vancouver Grizzlies,6,5,1,0,0,1,0
110,91,Shareef Abdur-Rahim,1996-97,December,Vancouver Grizzlies,San Antonio Spurs,8,1,2,0,2,0,1
111,110,Shareef Abdur-Rahim,1996-97,December,Vancouver Grizzlies,San Antonio Spurs,10,1,2,0,2,0,1
112,106,Dominique Wilkins,1996-97,December,San Antonio Spurs,Vancouver Grizzlies,3,0,1,0,0,0,1
113,111,Shareef Abdur-Rahim,1996-97,December,Vancouver Grizzlies,San Antonio Spurs,11,1,2,0,2,0,1
114,112,Dominique Wilkins,1996-97,December,San Antonio Spurs,Vancouver Grizzlies,5,0,1,0,0,0,1
115,0,Greg Anthony,1996-97,December,Vancouver Grizzlies,San Antonio Spurs,0,0,0,0,0,1,0
116,68,Vernon Maxwell,1996-97,December,San Antonio Spurs,Vancouver Grizzlies,11,1,1,0,1,1,0
117,107,Monty Williams,1996-97,December,San Antonio Spurs,Vancouver Grizzlies,4,1,2,1,0,0,0
118,116,Vernon Maxwell,1996-97,December,San Antonio Spurs,Vancouver Grizzlies,11,2,1,0,1,1,0
119,0,Greg Anderson,1996-97,December,San Antonio Spurs,Vancouver Grizzlies,0,0,0,0,0,0,1
121,0,Roy Rogers,1996-97,December,Vancouver Grizzlies,San Antonio Spurs,1,0,0,0,0,0,0
123,82,Blue Edwards,1996-97,December,Vancouver Grizzlies,San Antonio Spurs,0,0,2,0,0,0,0
124,41,Anthony Peeler,1996-97,December,Vancouver Grizzlies,San Antonio Spurs,6,0,0,0,0,0,2
125,123,Blue Edwards,1996-97,December,Vancouver Grizzlies,San Antonio Spurs,0,1,2,0,0,0,0
127,121,Roy Rogers,1996-97,December,Vancouver Grizzlies,San Antonio Spurs,1,0,1,0,0,0,0
129,119,Greg Anderson,1996-97,December,San Antonio Spurs,Vancouver Grizzlies,0,0,1,0,0,0,1
130,117,Monty Williams,1996-97,December,San Antonio Spurs,Vancouver Grizzlies,4,1,2,1,0,1,0
132,76,George Lynch,1996-97,December,Vancouver Grizzlies,San Antonio Spurs,2,2,4,0,0,1,0
133,132,George Lynch,1996-97,December,Vancouver Grizzlies,San Antonio Spurs,2,2,4,0,0,2,0
134,118,Vernon Maxwell,1996-97,December,San Antonio Spurs,Vancouver Grizzlies,11,2,1,0,2,1,0
136,127,Roy Rogers,1996-97,December,Vancouver Grizzlies,San Antonio Spurs,1,0,1,1,0,0,0
138,136,Roy Rogers,1996-97,December,Vancouver Grizzlies,San Antonio Spurs,1,0,1,2,0,0,0
139,0,Cory Alexander,1996-97,December,San Antonio Spurs,Vancouver Grizzlies,0,0,1,0,0,0,0
141,138,Roy Rogers,1996-97,December,Vancouver Grizzlies,San Antonio Spurs,1,0,2,2,0,0,0
142,124,Anthony Peeler,1996-97,December,Vancouver Grizzlies,San Antonio Spurs,8,0,0,0,0,0,2
143,115,Greg Anthony,1996-97,December,Vancouver Grizzlies,San Antonio Spurs,0,1,0,0,0,1,0
144,134,Vernon Maxwell,1996-97,December,San Antonio Spurs,Vancouver Grizzlies,14,2,1,0,2,1,0
145,141,Roy Rogers,1996-97,December,Vancouver Grizzlies,San Antonio Spurs,3,0,2,2,0,0,0
146,125,Blue Edwards,1996-97,December,Vancouver Grizzlies,San Antonio Spurs,0,2,2,0,0,0,0
147,139,Cory Alexander,1996-97,December,San Antonio Spurs,Vancouver Grizzlies,3,0,1,0,0,0,0
148,130,Monty Williams,1996-97,December,San Antonio Spurs,Vancouver Grizzlies,4,2,2,1,0,1,0
150,146,Blue Edwards,1996-97,December,Vancouver Grizzlies,San Antonio Spurs,0,2,3,0,0,0,0
151,150,Blue Edwards,1996-97,December,Vancouver Grizzlies,San Antonio Spurs,2,2,3,0,0,0,0
153,133,George Lynch,1996-97,December,Vancouver Grizzlies,San Antonio Spurs,2,2,4,1,0,2,0
154,153,George Lynch,1996-97,December,Vancouver Grizzlies,San Antonio Spurs,2,2,5,1,0,2,0
155,154,George Lynch,1996-97,December,Vancouver Grizzlies,San Antonio Spurs,2,2,5,1,0,3,0
156,147,Cory Alexander,1996-97,December,San Antonio Spurs,Vancouver Grizzlies,3,0,1,0,1,0,0
158,142,Anthony Peeler,1996-97,December,Vancouver Grizzlies,San Antonio Spurs,8,0,1,0,0,0,2
160,114,Dominique Wilkins,1996-97,December,San Antonio Spurs,Vancouver Grizzlies,5,0,2,0,0,0,1
161,144,Vernon Maxwell,1996-97,December,San Antonio Spurs,Vancouver Grizzlies,16,2,1,0,2,1,0
162,158,Anthony Peeler,1996-97,December,Vancouver Grizzlies,San Antonio Spurs,11,0,1,0,0,0,2
163,99,Bryant Reeves,1996-97,December,Vancouver Grizzlies,San Antonio Spurs,1,2,2,1,0,0,0
164,155,George Lynch,1996-97,December,Vancouver Grizzlies,San Antonio Spurs,2,2,5,1,0,3,1
166,63,Will Perdue,1996-97,December,San Antonio Spurs,Vancouver Grizzlies,0,0,5,0,0,1,0
168,164,George Lynch,1996-97,December,Vancouver Grizzlies,San Antonio Spurs,2,2,6,1,0,3,1
170,161,Vernon Maxwell,1996-97,December,San Antonio Spurs,Vancouver Grizzlies,16,2,2,0,2,1,0
172,168,George Lynch,1996-97,December,Vancouver Grizzlies,San Antonio Spurs,2,2,6,2,0,3,1
173,172,George Lynch,1996-97,December,Vancouver Grizzlies,San Antonio Spurs,2,2,7,2,0,3,1
174,170,Vernon Maxwell,1996-97,December,San Antonio Spurs,Vancouver Grizzlies,16,2,2,0,2,1,1
176,166,Will Perdue,1996-97,December,San Antonio Spurs,Vancouver Grizzlies,0,0,5,1,0,1,0
177,176,Will Perdue,1996-97,December,San Antonio Spurs,Vancouver Grizzlies,0,0,6,1,0,1,0
179,177,Will Perdue,1996-97,December,San Antonio Spurs,Vancouver Grizzlies,0,0,7,1,0,1,0
180,179,Will Perdue,1996-97,December,San Antonio Spurs,Vancouver Grizzlies,2,0,7,1,0,1,0
181,174,Vernon Maxwell,1996-97,December,San Antonio Spurs,Vancouver Grizzlies,16,2,2,0,2,1,2
184,162,Anthony Peeler,1996-97,December,Vancouver Grizzlies,San Antonio Spurs,11,0,2,0,0,0,2
185,113,Shareef Abdur-Rahim,1996-97,December,Vancouver Grizzlies,San Antonio Spurs,11,1,2,0,2,1,1
186,0,Stephen Howard,1996-97,December,San Antonio Spurs,Vancouver Grizzlies,0,0,0,0,1,0,0
187,108,Avery Johnson,1996-97,December,San Antonio Spurs,Vancouver Grizzlies,8,5,1,0,0,1,0
188,101,Sean Elliott,1996-97,December,San Antonio Spurs,Vancouver Grizzlies,6,4,2,0,0,2,1
189,184,Anthony Peeler,1996-97,December,Vancouver Grizzlies,San Antonio Spurs,11,0,2,0,0,1,2
190,186,Stephen Howard,1996-97,December,San Antonio Spurs,Vancouver Grizzlies,0,0,0,0,2,0,0
192,185,Shareef Abdur-Rahim,1996-97,December,Vancouver Grizzlies,San Antonio Spurs,11,1,3,0,2,1,1
194,192,Shareef Abdur-Rahim,1996-97,December,Vancouver Grizzlies,San Antonio Spurs,11,1,4,0,2,1,1
196,148,Monty Williams,1996-97,December,San Antonio Spurs,Vancouver Grizzlies,4,2,3,1,0,1,0
197,180,Will Perdue,1996-97,December,San Antonio Spurs,Vancouver Grizzlies,4,0,7,1,0,1,0
198,187,Avery Johnson,1996-97,December,San Antonio Spurs,Vancouver Grizzlies,8,6,1,0,0,1,0
200,197,Will Perdue,1996-97,December,San Antonio Spurs,Vancouver Grizzlies,4,0,7,2,0,1,0
201,194,Shareef Abdur-Rahim,1996-97,December,Vancouver Grizzlies,San Antonio Spurs,11,1,5,0,2,1,1
203,200,Will Perdue,1996-97,December,San Antonio Spurs,Vancouver Grizzlies,4,0,8,2,0,1,0
204,198,Avery Johnson,1996-97,December,San Antonio Spurs,Vancouver Grizzlies,10,6,1,0,0,1,0
205,163,Bryant Reeves,1996-97,December,Vancouver Grizzlies,San Antonio Spurs,1,2,2,1,0,0,1
206,188,Sean Elliott,1996-97,December,San Antonio Spurs,Vancouver Grizzlies,9,4,2,0,0,2,1
207,204,Avery Johnson,1996-97,December,San Antonio Spurs,Vancouver Grizzlies,10,7,1,0,0,1,0
208,189,Anthony Peeler,1996-97,December,Vancouver Grizzlies,San Antonio Spurs,13,0,2,0,0,1,2
209,181,Vernon Maxwell,1996-97,December,San Antonio Spurs,Vancouver Grizzlies,19,2,2,0,2,1,2
210,207,Avery Johnson,1996-97,December,San Antonio Spurs,Vancouver Grizzlies,10,8,1,0,0,1,0
211,208,Anthony Peeler,1996-97,December,Vancouver Grizzlies,San Antonio Spurs,13,0,2,0,0,2,2
213,205,Bryant Reeves,1996-97,December,Vancouver Grizzlies,San Antonio Spurs,1,2,2,2,0,0,1
214,203,Will Perdue,1996-97,December,San Antonio Spurs,Vancouver Grizzlies,4,0,9,2,0,1,0
216,201,Shareef Abdur-Rahim,1996-97,December,Vancouver Grizzlies,San Antonio Spurs,11,1,6,0,2,1,1
217,173,George Lynch,1996-97,December,Vancouver Grizzlies,San Antonio Spurs,4,2,7,2,0,3,1
218,213,Bryant Reeves,1996-97,December,Vancouver Grizzlies,San Antonio Spurs,1,3,2,2,0,0,1
220,218,Bryant Reeves,1996-97,December,Vancouver Grizzlies,San Antonio Spurs,1,3,2,3,0,0,1
221,216,Shareef Abdur-Rahim,1996-97,December,Vancouver Grizzlies,San Antonio Spurs,11,1,7,0,2,1,1
222,217,George Lynch,1996-97,December,Vancouver Grizzlies,San Antonio Spurs,6,2,7,2,0,3,1
223,221,Shareef Abdur-Rahim,1996-97,December,Vancouver Grizzlies,San Antonio Spurs,11,2,7,0,2,1,1
224,209,Vernon Maxwell,1996-97,December,San Antonio Spurs,Vancouver Grizzlies,21,2,2,0,2,1,2
225,210,Avery Johnson,1996-97,December,San Antonio Spurs,Vancouver Grizzlies,10,9,1,0,0,1,0
227,206,Sean Elliott,1996-97,December,San Antonio Spurs,Vancouver Grizzlies,9,4,3,0,0,2,1
228,224,Vernon Maxwell,1996-97,December,San Antonio Spurs,Vancouver Grizzlies,23,2,2,0,2,1,2
229,225,Avery Johnson,1996-97,December,San Antonio Spurs,Vancouver Grizzlies,10,10,1,0,0,1,0
231,227,Sean Elliott,1996-97,December,San Antonio Spurs,Vancouver Grizzlies,9,4,4,0,0,2,1
232,100,Lee Mayberry,1996-97,December,Vancouver Grizzlies,San Antonio Spurs,2,4,1,0,1,0,2
233,96,Carl Herrera,1996-97,December,San Antonio Spurs,Vancouver Grizzlies,3,0,1,2,1,0,0
234,233,Carl Herrera,1996-97,December,San Antonio Spurs,Vancouver Grizzlies,4,0,1,2,1,0,0
235,211,Anthony Peeler,1996-97,December,Vancouver Grizzlies,San Antonio Spurs,15,0,2,0,0,2,2
236,222,George Lynch,1996-97,December,Vancouver Grizzlies,San Antonio Spurs,6,3,7,2,0,3,1
237,229,Avery Johnson,1996-97,December,San Antonio Spurs,Vancouver Grizzlies,10,10,1,0,0,2,0
238,223,Shareef Abdur-Rahim,1996-97,December,Vancouver Grizzlies,San Antonio Spurs,13,2,7,0,2,1,1
239,232,Lee Mayberry,1996-97,December,Vancouver Grizzlies,San Antonio Spurs,2,5,1,0,1,0,2
240,231,Sean Elliott,1996-97,December,San Antonio Spurs,Vancouver Grizzlies,9,4,4,0,0,3,1
241,235,Anthony Peeler,1996-97,December,Vancouver Grizzlies,San Antonio Spurs,15,0,2,0,1,2,2
243,214,Will Perdue,1996-97,December,San Antonio Spurs,Vancouver Grizzlies,4,0,10,2,0,1,0
244,243,Will Perdue,1996-97,December,San Antonio Spurs,Vancouver Grizzlies,4,0,10,2,0,2,0
246,238,Shareef Abdur-Rahim,1996-97,December,Vancouver Grizzlies,San Antonio Spurs,13,2,8,0,2,1,1
247,240,Sean Elliott,1996-97,December,San Antonio Spurs,Vancouver Grizzlies,9,4,4,0,0,3,2
248,244,Will Perdue,1996-97,December,San Antonio Spurs,Vancouver Grizzlies,4,0,10,2,0,2,1
250,220,Bryant Reeves,1996-97,December,Vancouver Grizzlies,San Antonio Spurs,2,3,2,3,0,0,1
251,248,Will Perdue,1996-97,December,San Antonio Spurs,Vancouver Grizzlies,6,0,10,2,0,2,1
252,237,Avery Johnson,1996-97,December,San Antonio Spurs,Vancouver Grizzlies,10,11,1,0,0,2,0
253,241,Anthony Peeler,1996-97,December,Vancouver Grizzlies,San Antonio Spurs,17,0,2,0,1,2,2
254,239,Lee Mayberry,1996-97,December,Vancouver Grizzlies,San Antonio Spurs,2,6,1,0,1,0,2
255,246,Shareef Abdur-Rahim,1996-97,December,Vancouver Grizzlies,San Antonio Spurs,13,2,8,0,2,1,2
256,160,Dominique Wilkins,1996-97,December,San Antonio Spurs,Vancouver Grizzlies,6,0,2,0,0,0,1
258,255,Shareef Abdur-Rahim,1996-97,December,Vancouver Grizzlies,San Antonio Spurs,13,2,9,0,2,1,2
259,251,Will Perdue,1996-97,December,San Antonio Spurs,Vancouver Grizzlies,6,0,10,2,0,2,2
260,258,Shareef Abdur-Rahim,1996-97,December,Vancouver Grizzlies,San Antonio Spurs,14,2,9,0,2,1,2
261,260,Shareef Abdur-Rahim,1996-97,December,Vancouver Grizzlies,San Antonio Spurs,15,2,9,0,2,1,2
262,259,Will Perdue,1996-97,December,San Antonio Spurs,Vancouver Grizzlies,8,0,10,2,0,2,2
263,256,Dominique Wilkins,1996-97,December,San Antonio Spurs,Vancouver Grizzlies,6,1,2,0,0,0,1
264,250,Bryant Reeves,1996-97,December,Vancouver Grizzlies,San Antonio Spurs,2,3,2,3,0,0,2
265,264,Bryant Reeves,1996-97,December,Vancouver Grizzlies,San Antonio Spurs,2,3,2,3,0,1,2
267,265,Bryant Reeves,1996-97,December,Vancouver Grizzlies,San Antonio Spurs,2,3,3,3,0,1,2
268,151,Blue Edwards,1996-97,December,Vancouver Grizzlies,San Antonio Spurs,4,2,3,0,0,0,0
269,254,Lee Mayberry,1996-97,December,Vancouver Grizzlies,San Antonio Spurs,2,7,1,0,1,0,2
270,261,Shareef Abdur-Rahim,1996-97,December,Vancouver Grizzlies,San Antonio Spurs,15,2,9,0,2,1,3
271,263,Dominique Wilkins,1996-97,December,San Antonio Spurs,Vancouver Grizzlies,7,1,2,0,0,0,1
272,271,Dominique Wilkins,1996-97,December,San Antonio Spurs,Vancouver Grizzlies,8,1,2,0,0,0,1
273,272,Dominique Wilkins,1996-97,December,San Antonio Spurs,Vancouver Grizzlies,9,1,2,0,0,0,1
274,247,Sean Elliott,1996-97,December,San Antonio Spurs,Vancouver Grizzlies,9,4,4,0,0,3,3
275,268,Blue Edwards,1996-97,December,Vancouver Grizzlies,San Antonio Spurs,5,2,3,0,0,0,0
276,275,Blue Edwards,1996-97,December,Vancouver Grizzlies,San Antonio Spurs,6,2,3,0,0,0,0
277,252,Avery Johnson,1996-97,December,San Antonio Spurs,Vancouver Grizzlies,12,11,1,0,0,2,0
279,262,Will Perdue,1996-97,December,San Antonio Spurs,Vancouver Grizzlies,8,0,11,2,0,2,2
280,277,Avery Johnson,1996-97,December,San Antonio Spurs,Vancouver Grizzlies,12,11,1,0,0,3,0
281,236,George Lynch,1996-97,December,Vancouver Grizzlies,San Antonio Spurs,8,3,7,2,0,3,1
282,276,Blue Edwards,1996-97,December,Vancouver Grizzlies,San Antonio Spurs,6,3,3,0,0,0,0
283,267,Bryant Reeves,1996-97,December,Vancouver Grizzlies,San Antonio Spurs,2,3,3,3,0,1,3
285,196,Monty Williams,1996-97,December,San Antonio Spurs,Vancouver Grizzlies,5,2,3,1,0,1,0
286,282,Blue Edwards,1996-97,December,Vancouver Grizzlies,San Antonio Spurs,6,3,3,0,0,1,0
288,283,Bryant Reeves,1996-97,December,Vancouver Grizzlies,San Antonio Spurs,2,3,4,3,0,1,3
289,288,Bryant Reeves,1996-97,December,Vancouver Grizzlies,San Antonio Spurs,2,3,4,3,0,2,3
291,289,Bryant Reeves,1996-97,December,Vancouver Grizzlies,San Antonio Spurs,2,3,4,4,0,2,3
292,281,George Lynch,1996-97,December,Vancouver Grizzlies,San Antonio Spurs,8,3,8,2,0,3,1
294,279,Will Perdue,1996-97,December,San Antonio Spurs,Vancouver Grizzlies,8,0,11,3,0,2,2
295,286,Blue Edwards,1996-97,December,Vancouver Grizzlies,San Antonio Spurs,6,3,4,0,0,1,0
296,292,George Lynch,1996-97,December,Vancouver Grizzlies,San Antonio Spurs,8,3,8,2,0,4,1
297,285,Monty Williams,1996-97,December,San Antonio Spurs,Vancouver Grizzlies,5,2,3,1,1,1,0
298,291,Bryant Reeves,1996-97,December,Vancouver Grizzlies,San Antonio Spurs,4,3,4,4,0,2,3
299,143,Greg Anthony,1996-97,December,Vancouver Grizzlies,San Antonio Spurs,0,2,0,0,0,1,0
301,253,Anthony Peeler,1996-97,December,Vancouver Grizzlies,San Antonio Spurs,17,0,3,0,1,2,2
302,296,George Lynch,1996-97,December,Vancouver Grizzlies,San Antonio Spurs,8,3,8,2,0,5,1
303,294,Will Perdue,1996-97,December,San Antonio Spurs,Vancouver Grizzlies,8,0,11,3,1,2,2
304,295,Blue Edwards,1996-97,December,Vancouver Grizzlies,San Antonio Spurs,6,3,4,0,0,1,1
306,302,George Lynch,1996-97,December,Vancouver Grizzlies,San Antonio Spurs,8,3,9,2,0,5,1
307,299,Greg Anthony,1996-97,December,Vancouver Grizzlies,San Antonio Spurs,0,2,0,0,0,2,0
308,273,Dominique Wilkins,1996-97,December,San Antonio Spurs,Vancouver Grizzlies,9,1,2,0,1,0,1
309,304,Blue Edwards,1996-97,December,Vancouver Grizzlies,San Antonio Spurs,6,3,4,0,0,1,2
310,280,Avery Johnson,1996-97,December,San Antonio Spurs,Vancouver Grizzlies,13,11,1,0,0,3,0
311,310,Avery Johnson,1996-97,December,San Antonio Spurs,Vancouver Grizzlies,14,11,1,0,0,3,0
312,309,Blue Edwards,1996-97,December,Vancouver Grizzlies,San Antonio Spurs,8,3,4,0,0,1,2
313,306,George Lynch,1996-97,December,Vancouver Grizzlies,San Antonio Spurs,8,4,9,2,0,5,1
315,312,Blue Edwards,1996-97,December,Vancouver Grizzlies,San Antonio Spurs,8,3,5,0,0,1,2
316,297,Monty Williams,1996-97,December,San Antonio Spurs,Vancouver Grizzlies,5,2,3,1,1,1,1
317,311,Avery Johnson,1996-97,December,San Antonio Spurs,Vancouver Grizzlies,14,11,1,0,0,3,1
319,313,George Lynch,1996-97,December,Vancouver Grizzlies,San Antonio Spurs,8,4,10,2,0,5,1
320,319,George Lynch,1996-97,December,Vancouver Grizzlies,San Antonio Spurs,8,4,10,2,0,6,1
321,274,Sean Elliott,1996-97,December,San Antonio Spurs,Vancouver Grizzlies,9,4,4,0,1,3,3
322,228,Vernon Maxwell,1996-97,December,San Antonio Spurs,Vancouver Grizzlies,23,2,2,0,2,2,2
323,315,Blue Edwards,1996-97,December,Vancouver Grizzlies,San Antonio Spurs,8,3,5,0,1,1,2
325,322,Vernon Maxwell,1996-97,December,San Antonio Spurs,Vancouver Grizzlies,23,2,3,0,2,2,2
326,317,Avery Johnson,1996-97,December,San Antonio Spurs,Vancouver Grizzlies,14,11,1,0,0,4,1
327,301,Anthony Peeler,1996-97,December,Vancouver Grizzlies,San Antonio Spurs,19,0,3,0,1,2,2
328,307,Greg Anthony,1996-97,December,Vancouver Grizzlies,San Antonio Spurs,0,3,0,0,0,2,0
329,316,Monty Williams,1996-97,December,San Antonio Spurs,Vancouver Grizzlies,7,2,3,1,1,1,1
330,326,Avery Johnson,1996-97,December,San Antonio Spurs,Vancouver Grizzlies,14,12,1,0,0,4,1
332,303,Will Perdue,1996-97,December,San Antonio Spurs,Vancouver Grizzlies,8,0,12,3,1,2,2
334,145,Roy Rogers,1996-97,December,Vancouver Grizzlies,San Antonio Spurs,3,0,2,3,0,0,0
335,323,Blue Edwards,1996-97,December,Vancouver Grizzlies,San Antonio Spurs,8,3,6,0,1,1,2
336,329,Monty Williams,1996-97,December,San Antonio Spurs,Vancouver Grizzlies,7,2,3,1,1,1,2
337,270,Shareef Abdur-Rahim,1996-97,December,Vancouver Grizzlies,San Antonio Spurs,16,2,9,0,2,1,3
338,337,Shareef Abdur-Rahim,1996-97,December,Vancouver Grizzlies,San Antonio Spurs,17,2,9,0,2,1,3
340,335,Blue Edwards,1996-97,December,Vancouver Grizzlies,San Antonio Spurs,8,3,6,1,1,1,2
341,340,Blue Edwards,1996-97,December,Vancouver Grizzlies,San Antonio Spurs,8,3,7,1,1,1,2
343,334,Roy Rogers,1996-97,December,Vancouver Grizzlies,San Antonio Spurs,3,0,3,3,0,0,0
344,129,Greg Anderson,1996-97,December,San Antonio Spurs,Vancouver Grizzlies,0,0,1,0,0,0,2
345,328,Greg Anthony,1996-97,December,Vancouver Grizzlies,San Antonio Spurs,1,3,0,0,0,2,0
347,341,Blue Edwards,1996-97,December,Vancouver Grizzlies,San Antonio Spurs,8,3,7,1,1,1,3
349,336,Monty Williams,1996-97,December,San Antonio Spurs,Vancouver Grizzlies,7,2,4,1,1,1,2
350,349,Monty Williams,1996-97,December,San Antonio Spurs,Vancouver Grizzlies,9,2,4,1,1,1,2
351,350,Monty Williams,1996-97,December,San Antonio Spurs,Vancouver Grizzlies,9,2,4,1,1,1,3
352,338,Shareef Abdur-Rahim,1996-97,December,Vancouver Grizzlies,San Antonio Spurs,18,2,9,0,2,1,3
354,343,Roy Rogers,1996-97,December,Vancouver Grizzlies,San Antonio Spurs,3,0,4,3,0,0,0
355,354,Roy Rogers,1996-97,December,Vancouver Grizzlies,San Antonio Spurs,5,0,4,3,0,0,0
356,269,Lee Mayberry,1996-97,December,Vancouver Grizzlies,San Antonio Spurs,2,8,1,0,1,0,2
357,344,Greg Anderson,1996-97,December,San Antonio Spurs,Vancouver Grizzlies,0,0,1,0,0,0,3
358,355,Roy Rogers,1996-97,December,Vancouver Grizzlies,San Antonio Spurs,6,0,4,3,0,0,0
359,330,Avery Johnson,1996-97,December,San Antonio Spurs,Vancouver Grizzlies,17,12,1,0,0,4,1
360,351,Monty Williams,1996-97,December,San Antonio Spurs,Vancouver Grizzlies,9,3,4,1,1,1,3
362,321,Sean Elliott,1996-97,December,San Antonio Spurs,Vancouver Grizzlies,9,4,5,0,1,3,3
363,359,Avery Johnson,1996-97,December,San Antonio Spurs,Vancouver Grizzlies,19,12,1,0,0,4,1
364,362,Sean Elliott,1996-97,December,San Antonio Spurs,Vancouver Grizzlies,9,5,5,0,1,3,3
366,352,Shareef Abdur-Rahim,1996-97,December,Vancouver Grizzlies,San Antonio Spurs,18,2,10,0,2,1,3
368,325,Vernon Maxwell,1996-97,December,San Antonio Spurs,Vancouver Grizzlies,23,2,4,0,2,2,2
369,298,Bryant Reeves,1996-97,December,Vancouver Grizzlies,San Antonio Spurs,4,3,4,4,0,2,4
370,332,Will Perdue,1996-97,December,San Antonio Spurs,Vancouver Grizzlies,9,0,12,3,1,2,2
372,369,Bryant Reeves,1996-97,December,Vancouver Grizzlies,San Antonio Spurs,4,3,5,4,0,2,4
375,356,Lee Mayberry,1996-97,December,Vancouver Grizzlies,San Antonio Spurs,2,8,2,0,1,0,2
376,327,Anthony Peeler,1996-97,December,Vancouver Grizzlies,San Antonio Spurs,21,0,3,0,1,2,2
377,375,Lee Mayberry,1996-97,December,Vancouver Grizzlies,San Antonio Spurs,2,9,2,0,1,0,2
378,360,Monty Williams,1996-97,December,San Antonio Spurs,Vancouver Grizzlies,11,3,4,1,1,1,3
379,363,Avery Johnson,1996-97,December,San Antonio Spurs,Vancouver Grizzlies,19,13,1,0,0,4,1
380,378,Monty Williams,1996-97,December,San Antonio Spurs,Vancouver Grizzlies,11,3,4,1,1,1,4
381,376,Anthony Peeler,1996-97,December,Vancouver Grizzlies,San Antonio Spurs,22,0,3,0,1,2,2
382,381,Anthony Peeler,1996-97,December,Vancouver Grizzlies,San Antonio Spurs,23,0,3,0,1,2,2
384,366,Shareef Abdur-Rahim,1996-97,December,Vancouver Grizzlies,San Antonio Spurs,18,2,10,1,2,1,3
385,384,Shareef Abdur-Rahim,1996-97,December,Vancouver Grizzlies,San Antonio Spurs,18,2,11,1,2,1,3
387,320,George Lynch,1996-97,December,Vancouver Grizzlies,San Antonio Spurs,8,4,11,2,0,6,1
388,387,George Lynch,1996-97,December,Vancouver Grizzlies,San Antonio Spurs,10,4,11,2,0,6,1
390,372,Bryant Reeves,1996-97,December,Vancouver Grizzlies,San Antonio Spurs,4,3,5,5,0,2,4
391,377,Lee Mayberry,1996-97,December,Vancouver Grizzlies,San Antonio Spurs,5,9,2,0,1,0,2
392,382,Anthony Peeler,1996-97,December,Vancouver Grizzlies,San Antonio Spurs,23,1,3,0,1,2,2
393,388,George Lynch,1996-97,December,Vancouver Grizzlies,San Antonio Spurs,10,4,11,2,0,6,2
394,364,Sean Elliott,1996-97,December,San Antonio Spurs,Vancouver Grizzlies,10,5,5,0,1,3,3
395,394,Sean Elliott,1996-97,December,San Antonio Spurs,Vancouver Grizzlies,11,5,5,0,1,3,3
396,390,Bryant Reeves,1996-97,December,Vancouver Grizzlies,San Antonio Spurs,6,3,5,5,0,2,4
397,392,Anthony Peeler,1996-97,December,Vancouver Grizzlies,San Antonio Spurs,23,2,3,0,1,2,2
399,370,Will Perdue,1996-97,December,San Antonio Spurs,Vancouver Grizzlies,9,0,13,3,1,2,2
400,399,Will Perdue,1996-97,December,San Antonio Spurs,Vancouver Grizzlies,11,0,13,3,1,2,2
401,347,Blue Edwards,1996-97,December,Vancouver Grizzlies,San Antonio Spurs,8,3,7,1,1,2,3
402,395,Sean Elliott,1996-97,December,San Antonio Spurs,Vancouver Grizzlies,11,5,5,0,1,4,3
404,385,Shareef Abdur-Rahim,1996-97,December,Vancouver Grizzlies,San Antonio Spurs,18,2,12,1,2,1,3
405,404,Shareef Abdur-Rahim,1996-97,December,Vancouver Grizzlies,San Antonio Spurs,20,2,12,1,2,1,3
406,391,Lee Mayberry,1996-97,December,Vancouver Grizzlies,San Antonio Spurs,5,9,2,0,1,0,3
407,379,Avery Johnson,1996-97,December,San Antonio Spurs,Vancouver Grizzlies,20,13,1,0,0,4,1
408,407,Avery Johnson,1996-97,December,San Antonio Spurs,Vancouver Grizzlies,21,13,1,0,0,4,1
409,406,Lee Mayberry,1996-97,December,Vancouver Grizzlies,San Antonio Spurs,7,9,2,0,1,0,3
410,401,Blue Edwards,1996-97,December,Vancouver Grizzlies,San Antonio Spurs,8,3,7,1,1,2,4
411,408,Avery Johnson,1996-97,December,San Antonio Spurs,Vancouver Grizzlies,22,13,1,0,0,4,1
412,411,Avery Johnson,1996-97,December,San Antonio Spurs,Vancouver Grizzlies,23,13,1,0,0,4,1
414,410,Blue Edwards,1996-97,December,Vancouver Grizzlies,San Antonio Spurs,10,3,7,1,1,2,4
415,397,Anthony Peeler,1996-97,December,Vancouver Grizzlies,San Antonio Spurs,23,3,3,0,1,2,2
