id,previous_id,player,season,month,team,opponent_team,points,assists,rebounds,blocks,steals,turnovers,personal fouls
1,0,Patrick Ewing,1997-96,January,New York Knicks,Washington Bullets,2,0,0,0,0,0,0
2,0,Chris Webber,1997-96,January,Washington Bullets,New York Knicks,0,0,0,0,0,1,0
3,0,Larry Johnson,1997-96,January,New York Knicks,Washington Bullets,0,0,0,0,1,0,0
5,2,Chris Webber,1997-96,January,Washington Bullets,New York Knicks,0,0,1,0,0,1,0
6,0,Calbert Cheaney,1997-96,January,Washington Bullets,New York Knicks,2,0,0,0,0,0,0
7,5,Chris Webber,1997-96,January,Washington Bullets,New York Knicks,0,1,1,0,0,1,0
8,1,Patrick Ewing,1997-96,January,New York Knicks,Washington Bullets,4,0,0,0,0,0,0
9,0,Charles Oakley,1997-96,January,New York Knicks,Washington Bullets,0,1,0,0,0,0,0
10,6,Calbert Cheaney,1997-96,January,Washington Bullets,New York Knicks,4,0,0,0,0,0,0
11,7,Chris Webber,1997-96,January,Washington Bullets,New York Knicks,0,2,1,0,0,1,0
12,0,Allan Houston,1997-96,January,New York Knicks,Washington Bullets,2,0,0,0,0,0,0
13,0,Gheorghe Muresan,1997-96,January,Washington Bullets,New York Knicks,2,0,0,0,0,0,0
14,0,Juwan Howard,1997-96,January,Washington Bullets,New York Knicks,0,1,0,0,0,0,0
16,11,Chris Webber,1997-96,January,Washington Bullets,New York Knicks,0,2,2,0,0,1,0
17,10,Calbert Cheaney,1997-96,January,Washington Bullets,New York Knicks,4,0,0,0,0,1,0
18,12,Allan Houston,1997-96,January,New York Knicks,Washington Bullets,2,0,0,0,1,0,0
19,13,Gheorghe Muresan,1997-96,January,Washington Bullets,New York Knicks,2,0,0,0,0,0,1
21,0,Rod Strickland,1997-96,January,Washington Bullets,New York Knicks,0,0,1,0,0,0,0
22,0,Chris Childs,1997-96,January,New York Knicks,Washington Bullets,0,0,0,0,0,0,0
23,16,Chris Webber,1997-96,January,Washington Bullets,New York Knicks,1,2,2,0,0,1,0
24,23,Chris Webber,1997-96,January,Washington Bullets,New York Knicks,2,2,2,0,0,1,0
25,22,Chris Childs,1997-96,January,New York Knicks,Washington Bullets,0,0,0,0,0,0,1
27,24,Chris Webber,1997-96,January,Washington Bullets,New York Knicks,2,2,3,0,0,1,0
29,8,Patrick Ewing,1997-96,January,New York Knicks,Washington Bullets,4,0,1,0,0,0,0
31,9,Charles Oakley,1997-96,January,New York Knicks,Washington Bullets,0,1,1,0,0,0,0
33,27,Chris Webber,1997-96,January,Washington Bullets,New York Knicks,2,2,4,0,0,1,0
34,14,Juwan Howard,1997-96,January,Washington Bullets,New York Knicks,2,1,0,0,0,0,0
35,21,Rod Strickland,1997-96,January,Washington Bullets,New York Knicks,0,1,1,0,0,0,0
37,34,Juwan Howard,1997-96,January,Washington Bullets,New York Knicks,2,1,1,0,0,0,0
39,33,Chris Webber,1997-96,January,Washington Bullets,New York Knicks,2,2,5,0,0,1,0
40,31,Charles Oakley,1997-96,January,New York Knicks,Washington Bullets,0,1,1,0,0,0,1
41,39,Chris Webber,1997-96,January,Washington Bullets,New York Knicks,4,2,5,0,0,1,0
42,18,Allan Houston,1997-96,January,New York Knicks,Washington Bullets,2,0,0,0,1,1,0
43,37,Juwan Howard,1997-96,January,Washington Bullets,New York Knicks,2,1,1,0,1,0,0
44,41,Chris Webber,1997-96,January,Washington Bullets,New York Knicks,6,2,5,0,0,1,0
45,43,Juwan Howard,1997-96,January,Washington Bullets,New York Knicks,2,2,1,0,1,0,0
46,45,Juwan Howard,1997-96,January,Washington Bullets,New York Knicks,2,2,1,0,1,0,1
48,44,Chris Webber,1997-96,January,Washington Bullets,New York Knicks,6,2,6,0,0,1,0
50,29,Patrick Ewing,1997-96,January,New York Knicks,Washington Bullets,4,0,1,1,0,0,0
51,35,Rod Strickland,1997-96,January,Washington Bullets,New York Knicks,0,1,2,0,0,0,0
52,42,Allan Houston,1997-96,January,New York Knicks,Washington Bullets,2,0,0,0,1,1,1
55,40,Charles Oakley,1997-96,January,New York Knicks,Washington Bullets,0,1,2,0,0,0,1
56,19,Gheorghe Muresan,1997-96,January,Washington Bullets,New York Knicks,2,0,0,0,0,0,2
58,0,Lorenzo Williams,1997-96,January,Washington Bullets,New York Knicks,0,0,0,1,0,0,0
59,3,Larry Johnson,1997-96,January,New York Knicks,Washington Bullets,0,0,1,0,1,0,0
61,59,Larry Johnson,1997-96,January,New York Knicks,Washington Bullets,0,0,2,0,1,0,0
62,61,Larry Johnson,1997-96,January,New York Knicks,Washington Bullets,2,0,2,0,1,0,0
63,51,Rod Strickland,1997-96,January,Washington Bullets,New York Knicks,2,1,2,0,0,0,0
64,52,Allan Houston,1997-96,January,New York Knicks,Washington Bullets,4,0,0,0,1,1,1
65,55,Charles Oakley,1997-96,January,New York Knicks,Washington Bullets,0,2,2,0,0,0,1
67,64,Allan Houston,1997-96,January,New York Knicks,Washington Bullets,4,0,1,0,1,1,1
68,25,Chris Childs,1997-96,January,New York Knicks,Washington Bullets,0,0,0,0,0,1,1
69,58,Lorenzo Williams,1997-96,January,Washington Bullets,New York Knicks,0,0,0,1,1,0,0
71,50,Patrick Ewing,1997-96,January,New York Knicks,Washington Bullets,4,0,2,1,0,0,0
72,67,Allan Houston,1997-96,January,New York Knicks,Washington Bullets,4,0,1,0,1,2,1
74,62,Larry Johnson,1997-96,January,New York Knicks,Washington Bullets,2,0,3,0,1,0,0
75,72,Allan Houston,1997-96,January,New York Knicks,Washington Bullets,7,0,1,0,1,2,1
76,68,Chris Childs,1997-96,January,New York Knicks,Washington Bullets,0,1,0,0,0,1,1
77,46,Juwan Howard,1997-96,January,Washington Bullets,New York Knicks,2,2,1,0,1,1,1
78,76,Chris Childs,1997-96,January,New York Knicks,Washington Bullets,0,1,0,0,1,1,1
80,71,Patrick Ewing,1997-96,January,New York Knicks,Washington Bullets,4,0,2,1,0,1,0
82,65,Charles Oakley,1997-96,January,New York Knicks,Washington Bullets,0,2,3,0,0,0,1
83,48,Chris Webber,1997-96,January,Washington Bullets,New York Knicks,6,2,6,0,0,1,1
86,83,Chris Webber,1997-96,January,Washington Bullets,New York Knicks,6,2,7,0,0,1,1
88,80,Patrick Ewing,1997-96,January,New York Knicks,Washington Bullets,4,0,3,1,0,1,0
90,86,Chris Webber,1997-96,January,Washington Bullets,New York Knicks,6,2,7,1,0,1,1
92,75,Allan Houston,1997-96,January,New York Knicks,Washington Bullets,7,0,2,0,1,2,1
94,82,Charles Oakley,1997-96,January,New York Knicks,Washington Bullets,0,2,4,0,0,0,1
95,88,Patrick Ewing,1997-96,January,New York Knicks,Washington Bullets,6,0,3,1,0,1,0
96,94,Charles Oakley,1997-96,January,New York Knicks,Washington Bullets,0,3,4,0,0,0,1
97,69,Lorenzo Williams,1997-96,January,Washington Bullets,New York Knicks,0,0,0,1,1,0,1
98,95,Patrick Ewing,1997-96,January,New York Knicks,Washington Bullets,7,0,3,1,0,1,0
99,0,Tracy Murray,1997-96,January,Washington Bullets,New York Knicks,2,0,0,0,0,0,0
100,63,Rod Strickland,1997-96,January,Washington Bullets,New York Knicks,2,2,2,0,0,0,0
101,97,Lorenzo Williams,1997-96,January,Washington Bullets,New York Knicks,0,0,0,1,1,0,2
102,0,John Starks,1997-96,January,New York Knicks,Washington Bullets,1,0,0,0,0,0,0
104,101,Lorenzo Williams,1997-96,January,Washington Bullets,New York Knicks,0,0,1,1,1,0,2
106,0,Buck Williams,1997-96,January,New York Knicks,Washington Bullets,0,0,1,0,0,0,0
107,102,John Starks,1997-96,January,New York Knicks,Washington Bullets,3,0,0,0,0,0,0
109,77,Juwan Howard,1997-96,January,Washington Bullets,New York Knicks,2,2,2,0,1,1,1
110,96,Charles Oakley,1997-96,January,New York Knicks,Washington Bullets,0,3,4,0,0,0,2
111,109,Juwan Howard,1997-96,January,Washington Bullets,New York Knicks,3,2,2,0,1,1,1
112,111,Juwan Howard,1997-96,January,Washington Bullets,New York Knicks,4,2,2,0,1,1,1
113,74,Larry Johnson,1997-96,January,New York Knicks,Washington Bullets,2,0,3,0,1,1,0
114,99,Tracy Murray,1997-96,January,Washington Bullets,New York Knicks,2,0,0,0,1,0,0
115,112,Juwan Howard,1997-96,January,Washington Bullets,New York Knicks,6,2,2,0,1,1,1
116,107,John Starks,1997-96,January,New York Knicks,Washington Bullets,6,0,0,0,0,0,0
118,106,Buck Williams,1997-96,January,New York Knicks,Washington Bullets,0,0,2,0,0,0,0
120,115,Juwan Howard,1997-96,January,Washington Bullets,New York Knicks,6,2,3,0,1,1,1
121,90,Chris Webber,1997-96,January,Washington Bullets,New York Knicks,6,2,7,1,0,1,2
122,121,Chris Webber,1997-96,January,Washington Bullets,New York Knicks,6,2,7,1,0,2,2
123,116,John Starks,1997-96,January,New York Knicks,Washington Bullets,9,0,0,0,0,0,0
124,0,Charlie Ward,1997-96,January,New York Knicks,Washington Bullets,0,1,0,0,0,0,0
126,124,Charlie Ward,1997-96,January,New York Knicks,Washington Bullets,0,1,1,0,0,0,0
128,113,Larry Johnson,1997-96,January,New York Knicks,Washington Bullets,2,0,4,0,1,1,0
130,114,Tracy Murray,1997-96,January,Washington Bullets,New York Knicks,2,0,1,0,1,0,0
132,0,Harvey Grant,1997-96,January,Washington Bullets,New York Knicks,2,0,0,0,0,0,0
133,0,Chris Whitney,1997-96,January,Washington Bullets,New York Knicks,0,1,0,0,0,0,0
134,128,Larry Johnson,1997-96,January,New York Knicks,Washington Bullets,2,0,4,0,1,2,0
135,104,Lorenzo Williams,1997-96,January,Washington Bullets,New York Knicks,0,0,1,1,2,0,2
137,118,Buck Williams,1997-96,January,New York Knicks,Washington Bullets,0,0,3,0,0,0,0
138,137,Buck Williams,1997-96,January,New York Knicks,Washington Bullets,0,0,3,0,0,1,0
139,122,Chris Webber,1997-96,January,Washington Bullets,New York Knicks,6,2,7,1,0,3,2
140,123,John Starks,1997-96,January,New York Knicks,Washington Bullets,9,0,0,0,1,0,0
141,126,Charlie Ward,1997-96,January,New York Knicks,Washington Bullets,2,1,1,0,0,0,0
142,140,John Starks,1997-96,January,New York Knicks,Washington Bullets,9,1,0,0,1,0,0
144,0,John Wallace,1997-96,January,New York Knicks,Washington Bullets,0,0,1,0,0,0,0
146,56,Gheorghe Muresan,1997-96,January,Washington Bullets,New York Knicks,2,0,1,0,0,0,2
147,142,John Starks,1997-96,January,New York Knicks,Washington Bullets,9,1,0,0,1,0,1
148,139,Chris Webber,1997-96,January,Washington Bullets,New York Knicks,6,2,7,1,0,3,3
149,148,Chris Webber,1997-96,January,Washington Bullets,New York Knicks,6,2,7,1,0,4,3
150,149,Chris Webber,1997-96,January,Washington Bullets,New York Knicks,6,2,7,1,0,4,3
151,147,John Starks,1997-96,January,New York Knicks,Washington Bullets,10,1,0,0,1,0,1
152,98,Patrick Ewing,1997-96,January,New York Knicks,Washington Bullets,9,0,3,1,0,1,0
153,144,John Wallace,1997-96,January,New York Knicks,Washington Bullets,0,1,1,0,0,0,0
154,130,Tracy Murray,1997-96,January,Washington Bullets,New York Knicks,2,0,1,0,1,1,0
155,151,John Starks,1997-96,January,New York Knicks,Washington Bullets,10,1,0,0,2,0,1
156,154,Tracy Murray,1997-96,January,Washington Bullets,New York Knicks,2,0,1,0,1,1,1
158,120,Juwan Howard,1997-96,January,Washington Bullets,New York Knicks,8,2,3,0,1,1,1
159,133,Chris Whitney,1997-96,January,Washington Bullets,New York Knicks,0,2,0,0,0,0,0
160,152,Patrick Ewing,1997-96,January,New York Knicks,Washington Bullets,11,0,3,1,0,1,0
161,155,John Starks,1997-96,January,New York Knicks,Washington Bullets,10,2,0,0,2,0,1
163,141,Charlie Ward,1997-96,January,New York Knicks,Washington Bullets,2,1,1,1,0,0,0
164,138,Buck Williams,1997-96,January,New York Knicks,Washington Bullets,0,0,4,0,0,1,0
166,146,Gheorghe Muresan,1997-96,January,Washington Bullets,New York Knicks,2,0,1,1,0,0,2
167,150,Chris Webber,1997-96,January,Washington Bullets,New York Knicks,6,2,8,1,0,4,3
169,158,Juwan Howard,1997-96,January,Washington Bullets,New York Knicks,8,2,4,0,1,1,1
171,160,Patrick Ewing,1997-96,January,New York Knicks,Washington Bullets,11,0,4,1,0,1,0
173,17,Calbert Cheaney,1997-96,January,Washington Bullets,New York Knicks,4,0,1,0,0,1,0
175,167,Chris Webber,1997-96,January,Washington Bullets,New York Knicks,6,2,9,1,0,4,3
177,171,Patrick Ewing,1997-96,January,New York Knicks,Washington Bullets,11,0,4,2,0,1,0
178,169,Juwan Howard,1997-96,January,Washington Bullets,New York Knicks,8,2,5,0,1,1,1
180,177,Patrick Ewing,1997-96,January,New York Knicks,Washington Bullets,11,0,4,3,0,1,0
181,175,Chris Webber,1997-96,January,Washington Bullets,New York Knicks,6,2,10,1,0,4,3
182,181,Chris Webber,1997-96,January,Washington Bullets,New York Knicks,8,2,10,1,0,4,3
183,180,Patrick Ewing,1997-96,January,New York Knicks,Washington Bullets,11,0,4,3,0,2,0
184,100,Rod Strickland,1997-96,January,Washington Bullets,New York Knicks,2,2,2,0,0,1,0
185,164,Buck Williams,1997-96,January,New York Knicks,Washington Bullets,0,0,4,0,1,1,0
186,184,Rod Strickland,1997-96,January,Washington Bullets,New York Knicks,2,2,2,0,0,1,1
187,153,John Wallace,1997-96,January,New York Knicks,Washington Bullets,2,1,1,0,0,0,0
188,78,Chris Childs,1997-96,January,New York Knicks,Washington Bullets,0,2,0,0,1,1,1
190,183,Patrick Ewing,1997-96,January,New York Knicks,Washington Bullets,11,0,4,4,0,2,0
191,188,Chris Childs,1997-96,January,New York Knicks,Washington Bullets,0,2,1,0,1,1,1
192,191,Chris Childs,1997-96,January,New York Knicks,Washington Bullets,0,2,1,0,1,2,1
193,182,Chris Webber,1997-96,January,Washington Bullets,New York Knicks,8,2,10,1,0,5,3
194,161,John Starks,1997-96,January,New York Knicks,Washington Bullets,10,2,0,0,3,0,1
195,173,Calbert Cheaney,1997-96,January,Washington Bullets,New York Knicks,4,0,1,0,0,1,1
197,166,Gheorghe Muresan,1997-96,January,Washington Bullets,New York Knicks,2,0,2,1,0,0,2
198,197,Gheorghe Muresan,1997-96,January,Washington Bullets,New York Knicks,2,0,2,1,0,1,2
199,187,John Wallace,1997-96,January,New York Knicks,Washington Bullets,2,1,1,0,1,0,0
200,195,Calbert Cheaney,1997-96,January,Washington Bullets,New York Knicks,4,0,1,0,0,1,2
201,185,Buck Williams,1997-96,January,New York Knicks,Washington Bullets,1,0,4,0,1,1,0
202,201,Buck Williams,1997-96,January,New York Knicks,Washington Bullets,2,0,4,0,1,1,0
204,202,Buck Williams,1997-96,January,New York Knicks,Washington Bullets,2,0,5,0,1,1,0
206,199,John Wallace,1997-96,January,New York Knicks,Washington Bullets,2,1,2,0,1,0,0
207,206,John Wallace,1997-96,January,New York Knicks,Washington Bullets,4,1,2,0,1,0,0
208,194,John Starks,1997-96,January,New York Knicks,Washington Bullets,10,2,0,0,3,0,2
210,198,Gheorghe Muresan,1997-96,January,Washington Bullets,New York Knicks,3,0,2,1,0,1,2
211,208,John Starks,1997-96,January,New York Knicks,Washington Bullets,12,2,0,0,3,0,2
213,190,Patrick Ewing,1997-96,January,New York Knicks,Washington Bullets,11,0,4,5,0,2,0
214,110,Charles Oakley,1997-96,January,New York Knicks,Washington Bullets,0,3,5,0,0,0,2
216,213,Patrick Ewing,1997-96,January,New York Knicks,Washington Bullets,11,0,5,5,0,2,0
217,214,Charles Oakley,1997-96,January,New York Knicks,Washington Bullets,2,3,5,0,0,0,2
218,192,Chris Childs,1997-96,January,New York Knicks,Washington Bullets,0,3,1,0,1,2,1
219,193,Chris Webber,1997-96,January,Washington Bullets,New York Knicks,8,2,10,1,0,6,3
220,218,Chris Childs,1997-96,January,New York Knicks,Washington Bullets,0,3,1,0,1,3,1
221,178,Juwan Howard,1997-96,January,Washington Bullets,New York Knicks,8,2,5,0,2,1,1
222,186,Rod Strickland,1997-96,January,Washington Bullets,New York Knicks,4,2,2,0,0,1,1
223,216,Patrick Ewing,1997-96,January,New York Knicks,Washington Bullets,11,0,5,5,0,2,1
224,222,Rod Strickland,1997-96,January,Washington Bullets,New York Knicks,5,2,2,0,0,1,1
226,224,Rod Strickland,1997-96,January,Washington Bullets,New York Knicks,5,2,3,0,0,1,1
227,226,Rod Strickland,1997-96,January,Washington Bullets,New York Knicks,5,2,3,0,0,2,1
228,207,John Wallace,1997-96,January,New York Knicks,Washington Bullets,4,1,2,0,1,1,0
230,223,Patrick Ewing,1997-96,January,New York Knicks,Washington Bullets,11,0,6,5,0,2,1
231,227,Rod Strickland,1997-96,January,Washington Bullets,New York Knicks,5,2,3,0,0,2,2
232,230,Patrick Ewing,1997-96,January,New York Knicks,Washington Bullets,12,0,6,5,0,2,1
233,217,Charles Oakley,1997-96,January,New York Knicks,Washington Bullets,2,3,5,0,0,1,2
235,200,Calbert Cheaney,1997-96,January,Washington Bullets,New York Knicks,4,0,2,0,0,1,2
236,220,Chris Childs,1997-96,January,New York Knicks,Washington Bullets,0,3,1,0,1,3,2
237,235,Calbert Cheaney,1997-96,January,Washington Bullets,New York Knicks,5,0,2,0,0,1,2
238,237,Calbert Cheaney,1997-96,January,Washington Bullets,New York Knicks,6,0,2,0,0,1,2
240,233,Charles Oakley,1997-96,January,New York Knicks,Washington Bullets,2,3,6,0,0,1,2
242,238,Calbert Cheaney,1997-96,January,Washington Bullets,New York Knicks,6,0,3,0,0,1,2
244,163,Charlie Ward,1997-96,January,New York Knicks,Washington Bullets,2,1,2,1,0,0,0
245,242,Calbert Cheaney,1997-96,January,Washington Bullets,New York Knicks,6,0,3,0,0,1,3
246,92,Allan Houston,1997-96,January,New York Knicks,Washington Bullets,8,0,2,0,1,2,1
247,246,Allan Houston,1997-96,January,New York Knicks,Washington Bullets,9,0,2,0,1,2,1
248,135,Lorenzo Williams,1997-96,January,Washington Bullets,New York Knicks,0,0,1,1,2,1,2
250,132,Harvey Grant,1997-96,January,Washington Bullets,New York Knicks,2,0,1,0,0,0,0
251,210,Gheorghe Muresan,1997-96,January,Washington Bullets,New York Knicks,3,0,2,1,0,2,2
252,232,Patrick Ewing,1997-96,January,New York Knicks,Washington Bullets,14,0,6,5,0,2,1
253,236,Chris Childs,1997-96,January,New York Knicks,Washington Bullets,0,4,1,0,1,3,2
254,221,Juwan Howard,1997-96,January,Washington Bullets,New York Knicks,10,2,5,0,2,1,1
255,231,Rod Strickland,1997-96,January,Washington Bullets,New York Knicks,5,3,3,0,0,2,2
257,219,Chris Webber,1997-96,January,Washington Bullets,New York Knicks,8,2,11,1,0,6,3
258,252,Patrick Ewing,1997-96,January,New York Knicks,Washington Bullets,14,0,6,5,0,2,2
260,257,Chris Webber,1997-96,January,Washington Bullets,New York Knicks,8,2,12,1,0,6,3
262,134,Larry Johnson,1997-96,January,New York Knicks,Washington Bullets,2,0,4,1,1,2,0
263,262,Larry Johnson,1997-96,January,New York Knicks,Washington Bullets,2,0,5,1,1,2,0
264,240,Charles Oakley,1997-96,January,New York Knicks,Washington Bullets,4,3,6,0,0,1,2
265,253,Chris Childs,1997-96,January,New York Knicks,Washington Bullets,0,5,1,0,1,3,2
267,258,Patrick Ewing,1997-96,January,New York Knicks,Washington Bullets,14,0,6,6,0,2,2
268,251,Gheorghe Muresan,1997-96,January,Washington Bullets,New York Knicks,3,0,3,1,0,2,2
269,268,Gheorghe Muresan,1997-96,January,Washington Bullets,New York Knicks,5,0,3,1,0,2,2
270,267,Patrick Ewing,1997-96,January,New York Knicks,Washington Bullets,16,0,6,6,0,2,2
271,245,Calbert Cheaney,1997-96,January,Washington Bullets,New York Knicks,8,0,3,0,0,1,3
272,254,Juwan Howard,1997-96,January,Washington Bullets,New York Knicks,10,3,5,0,2,1,1
273,271,Calbert Cheaney,1997-96,January,Washington Bullets,New York Knicks,8,0,3,0,0,1,4
275,270,Patrick Ewing,1997-96,January,New York Knicks,Washington Bullets,16,0,6,6,0,2,3
277,247,Allan Houston,1997-96,January,New York Knicks,Washington Bullets,9,0,3,0,1,2,1
278,269,Gheorghe Muresan,1997-96,January,Washington Bullets,New York Knicks,5,0,3,1,0,2,3
279,275,Patrick Ewing,1997-96,January,New York Knicks,Washington Bullets,17,0,6,6,0,2,3
280,279,Patrick Ewing,1997-96,January,New York Knicks,Washington Bullets,18,0,6,6,0,2,3
281,273,Calbert Cheaney,1997-96,January,Washington Bullets,New York Knicks,10,0,3,0,0,1,4
282,255,Rod Strickland,1997-96,January,Washington Bullets,New York Knicks,5,4,3,0,0,2,2
283,264,Charles Oakley,1997-96,January,New York Knicks,Washington Bullets,4,3,6,0,0,2,2
284,277,Allan Houston,1997-96,January,New York Knicks,Washington Bullets,9,0,3,0,1,2,2
285,282,Rod Strickland,1997-96,January,Washington Bullets,New York Knicks,5,4,3,0,0,3,2
287,272,Juwan Howard,1997-96,January,Washington Bullets,New York Knicks,10,3,6,0,2,1,1
289,280,Patrick Ewing,1997-96,January,New York Knicks,Washington Bullets,18,0,7,6,0,2,3
290,265,Chris Childs,1997-96,January,New York Knicks,Washington Bullets,0,5,1,0,1,4,2
291,260,Chris Webber,1997-96,January,Washington Bullets,New York Knicks,10,2,12,1,0,6,3
293,289,Patrick Ewing,1997-96,January,New York Knicks,Washington Bullets,18,0,8,6,0,2,3
294,284,Allan Houston,1997-96,January,New York Knicks,Washington Bullets,11,0,3,0,1,2,2
295,290,Chris Childs,1997-96,January,New York Knicks,Washington Bullets,0,5,1,0,1,4,3
296,283,Charles Oakley,1997-96,January,New York Knicks,Washington Bullets,4,3,6,0,0,2,3
298,287,Juwan Howard,1997-96,January,Washington Bullets,New York Knicks,11,3,6,0,2,1,1
300,278,Gheorghe Muresan,1997-96,January,Washington Bullets,New York Knicks,5,0,4,1,0,2,3
301,298,Juwan Howard,1997-96,January,Washington Bullets,New York Knicks,13,3,6,0,2,1,1
302,291,Chris Webber,1997-96,January,Washington Bullets,New York Knicks,10,3,12,1,0,6,3
304,301,Juwan Howard,1997-96,January,Washington Bullets,New York Knicks,13,3,7,0,2,1,1
305,285,Rod Strickland,1997-96,January,Washington Bullets,New York Knicks,7,4,3,0,0,3,2
306,300,Gheorghe Muresan,1997-96,January,Washington Bullets,New York Knicks,5,0,4,1,0,2,4
307,295,Chris Childs,1997-96,January,New York Knicks,Washington Bullets,2,5,1,0,1,4,3
308,263,Larry Johnson,1997-96,January,New York Knicks,Washington Bullets,2,0,5,1,1,2,1
309,304,Juwan Howard,1997-96,January,Washington Bullets,New York Knicks,14,3,7,0,2,1,1
310,309,Juwan Howard,1997-96,January,Washington Bullets,New York Knicks,15,3,7,0,2,1,1
312,302,Chris Webber,1997-96,January,Washington Bullets,New York Knicks,10,3,12,2,0,6,3
313,296,Charles Oakley,1997-96,January,New York Knicks,Washington Bullets,4,3,7,0,0,2,3
314,313,Charles Oakley,1997-96,January,New York Knicks,Washington Bullets,6,3,7,0,0,2,3
316,293,Patrick Ewing,1997-96,January,New York Knicks,Washington Bullets,18,0,9,6,0,2,3
317,250,Harvey Grant,1997-96,January,Washington Bullets,New York Knicks,2,0,1,0,0,0,1
318,316,Patrick Ewing,1997-96,January,New York Knicks,Washington Bullets,19,0,9,6,0,2,3
319,318,Patrick Ewing,1997-96,January,New York Knicks,Washington Bullets,20,0,9,6,0,2,3
320,312,Chris Webber,1997-96,January,Washington Bullets,New York Knicks,12,3,12,2,0,6,3
321,281,Calbert Cheaney,1997-96,January,Washington Bullets,New York Knicks,10,1,3,0,0,1,4
322,308,Larry Johnson,1997-96,January,New York Knicks,Washington Bullets,2,0,5,1,1,3,1
324,294,Allan Houston,1997-96,January,New York Knicks,Washington Bullets,11,0,4,0,1,2,2
325,317,Harvey Grant,1997-96,January,Washington Bullets,New York Knicks,2,0,1,0,0,0,2
326,324,Allan Houston,1997-96,January,New York Knicks,Washington Bullets,12,0,4,0,1,2,2
327,326,Allan Houston,1997-96,January,New York Knicks,Washington Bullets,13,0,4,0,1,2,2
329,244,Charlie Ward,1997-96,January,New York Knicks,Washington Bullets,2,1,3,1,0,0,0
330,321,Calbert Cheaney,1997-96,January,Washington Bullets,New York Knicks,10,1,3,0,0,1,5
331,327,Allan Houston,1997-96,January,New York Knicks,Washington Bullets,14,0,4,0,1,2,2
333,320,Chris Webber,1997-96,January,Washington Bullets,New York Knicks,12,3,13,2,0,6,3
335,305,Rod Strickland,1997-96,January,Washington Bullets,New York Knicks,7,4,4,0,0,3,2
336,331,Allan Houston,1997-96,January,New York Knicks,Washington Bullets,14,0,4,0,1,2,3
337,335,Rod Strickland,1997-96,January,Washington Bullets,New York Knicks,8,4,4,0,0,3,2
338,337,Rod Strickland,1997-96,January,Washington Bullets,New York Knicks,9,4,4,0,0,3,2
340,319,Patrick Ewing,1997-96,January,New York Knicks,Washington Bullets,20,0,9,6,0,2,4
341,310,Juwan Howard,1997-96,January,Washington Bullets,New York Knicks,16,3,7,0,2,1,1
343,204,Buck Williams,1997-96,January,New York Knicks,Washington Bullets,2,0,6,0,1,1,0
345,333,Chris Webber,1997-96,January,Washington Bullets,New York Knicks,12,3,14,2,0,6,3
346,0,Jaren Jackson,1997-96,January,Washington Bullets,New York Knicks,2,0,0,0,0,0,0
347,338,Rod Strickland,1997-96,January,Washington Bullets,New York Knicks,9,5,4,0,0,3,2
348,211,John Starks,1997-96,January,New York Knicks,Washington Bullets,14,2,0,0,3,0,2
349,329,Charlie Ward,1997-96,January,New York Knicks,Washington Bullets,2,2,3,1,0,0,0
350,349,Charlie Ward,1997-96,January,New York Knicks,Washington Bullets,2,2,3,1,0,0,1
351,347,Rod Strickland,1997-96,January,Washington Bullets,New York Knicks,10,5,4,0,0,3,2
352,351,Rod Strickland,1997-96,January,Washington Bullets,New York Knicks,11,5,4,0,0,3,2
353,322,Larry Johnson,1997-96,January,New York Knicks,Washington Bullets,2,0,5,1,1,4,1
354,352,Rod Strickland,1997-96,January,Washington Bullets,New York Knicks,11,5,4,0,0,4,2
355,350,Charlie Ward,1997-96,January,New York Knicks,Washington Bullets,2,2,3,1,0,1,1
357,156,Tracy Murray,1997-96,January,Washington Bullets,New York Knicks,2,0,1,0,1,1,2
359,228,John Wallace,1997-96,January,New York Knicks,Washington Bullets,4,1,3,0,1,1,0
360,359,John Wallace,1997-96,January,New York Knicks,Washington Bullets,4,1,3,0,1,2,0
361,346,Jaren Jackson,1997-96,January,Washington Bullets,New York Knicks,2,0,0,0,1,0,0
363,360,John Wallace,1997-96,January,New York Knicks,Washington Bullets,4,1,4,0,1,2,0
364,345,Chris Webber,1997-96,January,Washington Bullets,New York Knicks,12,3,14,2,0,6,4
365,159,Chris Whitney,1997-96,January,Washington Bullets,New York Knicks,0,2,0,0,0,0,1
366,348,John Starks,1997-96,January,New York Knicks,Washington Bullets,14,2,0,0,3,0,3
367,366,John Starks,1997-96,January,New York Knicks,Washington Bullets,14,2,0,0,3,1,3
370,364,Chris Webber,1997-96,January,Washington Bullets,New York Knicks,12,3,15,2,0,6,4
372,363,John Wallace,1997-96,January,New York Knicks,Washington Bullets,4,1,5,0,1,2,0
374,343,Buck Williams,1997-96,January,New York Knicks,Washington Bullets,2,0,7,0,1,1,0
375,374,Buck Williams,1997-96,January,New York Knicks,Washington Bullets,4,0,7,0,1,1,0
376,336,Allan Houston,1997-96,January,New York Knicks,Washington Bullets,14,0,4,0,1,2,4
377,367,John Starks,1997-96,January,New York Knicks,Washington Bullets,14,2,0,0,3,1,4
378,375,Buck Williams,1997-96,January,New York Knicks,Washington Bullets,4,0,7,0,1,1,1
380,377,John Starks,1997-96,January,New York Knicks,Washington Bullets,14,2,1,0,3,1,4
381,361,Jaren Jackson,1997-96,January,Washington Bullets,New York Knicks,2,0,0,0,1,0,1
382,381,Jaren Jackson,1997-96,January,Washington Bullets,New York Knicks,2,0,0,0,1,0,2
383,372,John Wallace,1997-96,January,New York Knicks,Washington Bullets,5,1,5,0,1,2,0
384,383,John Wallace,1997-96,January,New York Knicks,Washington Bullets,6,1,5,0,1,2,0
386,384,John Wallace,1997-96,January,New York Knicks,Washington Bullets,6,1,6,0,1,2,0
387,325,Harvey Grant,1997-96,January,Washington Bullets,New York Knicks,2,0,1,0,0,0,3
388,386,John Wallace,1997-96,January,New York Knicks,Washington Bullets,7,1,6,0,1,2,0
389,388,John Wallace,1997-96,January,New York Knicks,Washington Bullets,8,1,6,0,1,2,0
390,378,Buck Williams,1997-96,January,New York Knicks,Washington Bullets,4,0,7,0,1,1,2
392,354,Rod Strickland,1997-96,January,Washington Bullets,New York Knicks,12,5,4,0,0,4,2
394,370,Chris Webber,1997-96,January,Washington Bullets,New York Knicks,12,3,15,3,0,6,4
395,330,Calbert Cheaney,1997-96,January,Washington Bullets,New York Knicks,10,1,4,0,0,1,5
396,392,Rod Strickland,1997-96,January,Washington Bullets,New York Knicks,12,5,4,0,0,5,2
397,355,Charlie Ward,1997-96,January,New York Knicks,Washington Bullets,2,2,3,1,1,1,1
398,397,Charlie Ward,1997-96,January,New York Knicks,Washington Bullets,2,2,3,1,1,2,1
399,357,Tracy Murray,1997-96,January,Washington Bullets,New York Knicks,2,0,1,0,2,1,2
401,390,Buck Williams,1997-96,January,New York Knicks,Washington Bullets,4,0,8,0,1,1,2
402,399,Tracy Murray,1997-96,January,Washington Bullets,New York Knicks,2,0,1,0,2,1,3
404,389,John Wallace,1997-96,January,New York Knicks,Washington Bullets,9,1,6,0,1,2,0
406,340,Patrick Ewing,1997-96,January,New York Knicks,Washington Bullets,20,0,9,7,0,2,4
407,398,Charlie Ward,1997-96,January,New York Knicks,Washington Bullets,2,2,3,1,1,2,2
408,396,Rod Strickland,1997-96,January,Washington Bullets,New York Knicks,13,5,4,0,0,5,2
409,408,Rod Strickland,1997-96,January,Washington Bullets,New York Knicks,14,5,4,0,0,5,2
411,409,Rod Strickland,1997-96,January,Washington Bullets,New York Knicks,14,5,5,0,0,5,2
412,394,Chris Webber,1997-96,January,Washington Bullets,New York Knicks,12,3,15,3,0,6,5
413,412,Chris Webber,1997-96,January,Washington Bullets,New York Knicks,12,3,15,3,0,7,5
415,401,Buck Williams,1997-96,January,New York Knicks,Washington Bullets,4,0,9,0,1,1,2
416,415,Buck Williams,1997-96,January,New York Knicks,Washington Bullets,4,0,9,0,1,2,2
417,341,Juwan Howard,1997-96,January,Washington Bullets,New York Knicks,16,3,7,0,3,1,1
418,395,Calbert Cheaney,1997-96,January,Washington Bullets,New York Knicks,12,1,4,0,0,1,5
419,411,Rod Strickland,1997-96,January,Washington Bullets,New York Knicks,14,6,5,0,0,5,2
420,376,Allan Houston,1997-96,January,New York Knicks,Washington Bullets,16,0,4,0,1,2,4
421,307,Chris Childs,1997-96,January,New York Knicks,Washington Bullets,2,6,1,0,1,4,3
422,419,Rod Strickland,1997-96,January,Washington Bullets,New York Knicks,14,6,5,0,0,6,2
424,417,Juwan Howard,1997-96,January,Washington Bullets,New York Knicks,16,3,7,0,3,1,2
425,406,Patrick Ewing,1997-96,January,New York Knicks,Washington Bullets,21,0,9,7,0,2,4
426,425,Patrick Ewing,1997-96,January,New York Knicks,Washington Bullets,22,0,9,7,0,2,4
427,420,Allan Houston,1997-96,January,New York Knicks,Washington Bullets,16,0,4,0,1,2,5
428,402,Tracy Murray,1997-96,January,Washington Bullets,New York Knicks,3,0,1,0,2,1,3
429,428,Tracy Murray,1997-96,January,Washington Bullets,New York Knicks,4,0,1,0,2,1,3
431,416,Buck Williams,1997-96,January,New York Knicks,Washington Bullets,4,0,10,0,1,2,2
432,431,Buck Williams,1997-96,January,New York Knicks,Washington Bullets,6,0,10,0,1,2,2
434,421,Chris Childs,1997-96,January,New York Knicks,Washington Bullets,2,6,2,0,1,4,3
435,434,Chris Childs,1997-96,January,New York Knicks,Washington Bullets,4,6,2,0,1,4,3
437,435,Chris Childs,1997-96,January,New York Knicks,Washington Bullets,4,6,3,0,1,4,3
439,413,Chris Webber,1997-96,January,Washington Bullets,New York Knicks,12,3,16,3,0,7,5
440,432,Buck Williams,1997-96,January,New York Knicks,Washington Bullets,6,0,10,0,1,2,3
441,422,Rod Strickland,1997-96,January,Washington Bullets,New York Knicks,15,6,5,0,0,6,2
443,426,Patrick Ewing,1997-96,January,New York Knicks,Washington Bullets,22,0,10,7,0,2,4
444,437,Chris Childs,1997-96,January,New York Knicks,Washington Bullets,6,6,3,0,1,4,3
445,439,Chris Webber,1997-96,January,Washington Bullets,New York Knicks,14,3,16,3,0,7,5
446,441,Rod Strickland,1997-96,January,Washington Bullets,New York Knicks,15,7,5,0,0,6,2
447,443,Patrick Ewing,1997-96,January,New York Knicks,Washington Bullets,22,0,10,7,0,2,5
448,447,Patrick Ewing,1997-96,January,New York Knicks,Washington Bullets,22,0,10,7,0,3,5
450,380,John Starks,1997-96,January,New York Knicks,Washington Bullets,14,2,2,0,3,1,4
451,448,Patrick Ewing,1997-96,January,New York Knicks,Washington Bullets,22,0,10,7,0,4,5
452,445,Chris Webber,1997-96,January,Washington Bullets,New York Knicks,16,3,16,3,0,7,5
453,440,Buck Williams,1997-96,January,New York Knicks,Washington Bullets,8,0,10,0,1,2,3
454,444,Chris Childs,1997-96,January,New York Knicks,Washington Bullets,6,7,3,0,1,4,3
456,382,Jaren Jackson,1997-96,January,Washington Bullets,New York Knicks,5,0,0,0,1,0,2
457,446,Rod Strickland,1997-96,January,Washington Bullets,New York Knicks,15,8,5,0,0,6,2
458,453,Buck Williams,1997-96,January,New York Knicks,Washington Bullets,10,0,10,0,1,2,3
459,427,Allan Houston,1997-96,January,New York Knicks,Washington Bullets,16,1,4,0,1,2,5
460,454,Chris Childs,1997-96,January,New York Knicks,Washington Bullets,6,7,3,0,1,4,4
461,457,Rod Strickland,1997-96,January,Washington Bullets,New York Knicks,16,8,5,0,0,6,2
462,461,Rod Strickland,1997-96,January,Washington Bullets,New York Knicks,17,8,5,0,0,6,2
464,462,Rod Strickland,1997-96,January,Washington Bullets,New York Knicks,17,8,6,0,0,6,2
465,452,Chris Webber,1997-96,January,Washington Bullets,New York Knicks,19,3,16,3,0,7,5
466,456,Jaren Jackson,1997-96,January,Washington Bullets,New York Knicks,5,1,0,0,1,0,2
467,459,Allan Houston,1997-96,January,New York Knicks,Washington Bullets,18,1,4,0,1,2,5
469,424,Juwan Howard,1997-96,January,Washington Bullets,New York Knicks,16,3,7,0,3,1,3
470,460,Chris Childs,1997-96,January,New York Knicks,Washington Bullets,7,7,3,0,1,4,4
472,465,Chris Webber,1997-96,January,Washington Bullets,New York Knicks,19,3,17,3,0,7,5
473,466,Jaren Jackson,1997-96,January,Washington Bullets,New York Knicks,5,1,0,0,1,1,2
474,450,John Starks,1997-96,January,New York Knicks,Washington Bullets,16,2,2,0,3,1,4
475,467,Allan Houston,1997-96,January,New York Knicks,Washington Bullets,18,2,4,0,1,2,5
477,451,Patrick Ewing,1997-96,January,New York Knicks,Washington Bullets,22,0,11,7,0,4,5
479,469,Juwan Howard,1997-96,January,Washington Bullets,New York Knicks,16,3,8,0,3,1,3
481,477,Patrick Ewing,1997-96,January,New York Knicks,Washington Bullets,22,0,12,7,0,4,5
