id,previous_id,player,season,month,team,opponent_team,points,assists,rebounds,blocks,steals,turnovers,personal fouls
2,0,Gheorghe Muresan,1997-96,January,Washington Bullets,Charlotte Hornets,0,0,1,0,0,0,0
3,2,Gheorghe Muresan,1997-96,January,Washington Bullets,Charlotte Hornets,2,0,1,0,0,0,0
5,0,Vlade Divac,1997-96,January,Charlotte Hornets,Washington Bullets,0,0,1,0,0,0,0
7,0,Harvey Grant,1997-96,January,Washington Bullets,Charlotte Hornets,0,0,1,0,0,0,0
8,0,Rod Strickland,1997-96,January,Washington Bullets,Charlotte Hornets,0,0,0,0,0,1,0
9,0,Muggsy Bogues,1997-96,January,Washington Bullets,Charlotte Hornets,0,0,0,0,1,0,0
11,3,Gheorghe Muresan,1997-96,January,Washington Bullets,Charlotte Hornets,2,0,2,0,0,0,0
12,11,Gheorghe Muresan,1997-96,January,Washington Bullets,Charlotte Hornets,4,0,2,0,0,0,0
13,8,Rod Strickland,1997-96,January,Washington Bullets,Charlotte Hornets,0,1,0,0,0,1,0
14,0,Calbert Cheaney,1997-96,January,Washington Bullets,Charlotte Hornets,0,0,0,0,0,0,1
15,0,Juwan Howard,1997-96,January,Washington Bullets,Charlotte Hornets,0,0,0,0,0,0,1
16,0,Anthony Mason,1997-96,January,Charlotte Hornets,Washington Bullets,1,0,0,0,0,0,0
17,16,Anthony Mason,1997-96,January,Charlotte Hornets,Washington Bullets,2,0,0,0,0,0,0
18,13,Rod Strickland,1997-96,January,Washington Bullets,Charlotte Hornets,2,1,0,0,0,1,0
20,12,Gheorghe Muresan,1997-96,January,Charlotte Hornets,Washington Bullets,4,0,2,1,0,0,0
22,0,Glen Rice,1997-96,January,Charlotte Hornets,Washington Bullets,0,0,1,0,0,0,0
23,5,Vlade Divac,1997-96,January,Charlotte Hornets,Washington Bullets,2,0,1,0,0,0,0
24,9,Muggsy Bogues,1997-96,January,Charlotte Hornets,Washington Bullets,0,1,0,0,1,0,0
25,7,Harvey Grant,1997-96,January,Washington Bullets,Charlotte Hornets,3,0,1,0,0,0,0
26,20,Gheorghe Muresan,1997-96,January,Washington Bullets,Charlotte Hornets,4,1,2,1,0,0,0
27,0,Rafael Addison,1997-96,January,Charlotte Hornets,Washington Bullets,2,0,0,0,0,0,0
28,23,Vlade Divac,1997-96,January,Charlotte Hornets,Washington Bullets,2,1,1,0,0,0,0
29,14,Calbert Cheaney,1997-96,January,Washington Bullets,Charlotte Hornets,2,0,0,0,0,0,1
30,18,Rod Strickland,1997-96,January,Washington Bullets,Charlotte Hornets,2,2,0,0,0,1,0
31,22,Glen Rice,1997-96,January,Charlotte Hornets,Washington Bullets,2,0,1,0,0,0,0
32,28,Vlade Divac,1997-96,January,Charlotte Hornets,Washington Bullets,2,2,1,0,0,0,0
34,26,Gheorghe Muresan,1997-96,January,Washington Bullets,Charlotte Hornets,4,1,3,1,0,0,0
35,34,Gheorghe Muresan,1997-96,January,Washington Bullets,Charlotte Hornets,6,1,3,1,0,0,0
36,30,Rod Strickland,1997-96,January,Washington Bullets,Charlotte Hornets,2,3,0,0,0,1,0
37,31,Glen Rice,1997-96,January,Charlotte Hornets,Washington Bullets,2,0,1,0,0,1,0
38,29,Calbert Cheaney,1997-96,January,Washington Bullets,Charlotte Hornets,4,0,0,0,0,0,1
39,15,Juwan Howard,1997-96,January,Washington Bullets,Charlotte Hornets,0,1,0,0,0,0,1
40,24,Muggsy Bogues,1997-96,January,Charlotte Hornets,Washington Bullets,0,1,0,0,1,1,0
41,36,Rod Strickland,1997-96,January,Charlotte Hornets,Washington Bullets,2,3,0,0,1,1,0
42,41,Rod Strickland,1997-96,January,Washington Bullets,Charlotte Hornets,2,3,0,0,1,2,0
43,40,Muggsy Bogues,1997-96,January,Washington Bullets,Charlotte Hornets,0,1,0,0,2,1,0
44,37,Glen Rice,1997-96,January,Charlotte Hornets,Washington Bullets,4,0,1,0,0,1,0
45,43,Muggsy Bogues,1997-96,January,Charlotte Hornets,Washington Bullets,0,2,0,0,2,1,0
47,27,Rafael Addison,1997-96,January,Charlotte Hornets,Washington Bullets,2,0,1,0,0,0,0
48,17,Anthony Mason,1997-96,January,Charlotte Hornets,Washington Bullets,4,0,0,0,0,0,0
49,45,Muggsy Bogues,1997-96,January,Charlotte Hornets,Washington Bullets,0,3,0,0,2,1,0
51,48,Anthony Mason,1997-96,January,Charlotte Hornets,Washington Bullets,4,0,1,0,0,0,0
52,35,Gheorghe Muresan,1997-96,January,Washington Bullets,Charlotte Hornets,6,1,3,1,0,0,1
53,44,Glen Rice,1997-96,January,Charlotte Hornets,Washington Bullets,5,0,1,0,0,1,0
54,53,Glen Rice,1997-96,January,Charlotte Hornets,Washington Bullets,6,0,1,0,0,1,0
55,38,Calbert Cheaney,1997-96,January,Washington Bullets,Charlotte Hornets,6,0,0,0,0,0,1
56,52,Gheorghe Muresan,1997-96,January,Washington Bullets,Charlotte Hornets,6,2,3,1,0,0,1
57,51,Anthony Mason,1997-96,January,Charlotte Hornets,Washington Bullets,4,0,1,0,0,0,1
58,57,Anthony Mason,1997-96,January,Charlotte Hornets,Washington Bullets,4,0,1,0,0,1,1
60,32,Vlade Divac,1997-96,January,Charlotte Hornets,Washington Bullets,2,2,2,0,0,0,0
61,42,Rod Strickland,1997-96,January,Washington Bullets,Charlotte Hornets,2,3,0,0,1,2,1
63,61,Rod Strickland,1997-96,January,Washington Bullets,Charlotte Hornets,2,3,1,0,1,2,1
64,39,Juwan Howard,1997-96,January,Washington Bullets,Charlotte Hornets,2,1,0,0,0,0,1
65,63,Rod Strickland,1997-96,January,Washington Bullets,Charlotte Hornets,2,4,1,0,1,2,1
67,54,Glen Rice,1997-96,January,Charlotte Hornets,Washington Bullets,6,0,2,0,0,1,0
68,60,Vlade Divac,1997-96,January,Charlotte Hornets,Washington Bullets,4,2,2,0,0,0,0
69,49,Muggsy Bogues,1997-96,January,Charlotte Hornets,Washington Bullets,0,4,0,0,2,1,0
71,68,Vlade Divac,1997-96,January,Charlotte Hornets,Washington Bullets,4,2,3,0,0,0,0
72,71,Vlade Divac,1997-96,January,Charlotte Hornets,Washington Bullets,6,2,3,0,0,0,0
73,69,Muggsy Bogues,1997-96,January,Charlotte Hornets,Washington Bullets,0,5,0,0,2,1,0
74,0,Tracy Murray,1997-96,January,Washington Bullets,Charlotte Hornets,0,0,0,0,0,1,0
75,67,Glen Rice,1997-96,January,Washington Bullets,Charlotte Hornets,6,0,2,0,1,1,0
76,0,Dell Curry,1997-96,January,Charlotte Hornets,Washington Bullets,2,0,0,0,0,0,0
77,73,Muggsy Bogues,1997-96,January,Charlotte Hornets,Washington Bullets,0,6,0,0,2,1,0
78,65,Rod Strickland,1997-96,January,Washington Bullets,Charlotte Hornets,4,4,1,0,1,2,1
80,76,Dell Curry,1997-96,January,Charlotte Hornets,Washington Bullets,2,0,1,0,0,0,0
81,74,Tracy Murray,1997-96,January,Washington Bullets,Charlotte Hornets,0,0,0,0,0,1,1
82,80,Dell Curry,1997-96,January,Charlotte Hornets,Washington Bullets,3,0,1,0,0,0,0
83,82,Dell Curry,1997-96,January,Charlotte Hornets,Washington Bullets,4,0,1,0,0,0,0
84,64,Juwan Howard,1997-96,January,Washington Bullets,Charlotte Hornets,4,1,0,0,0,0,1
85,78,Rod Strickland,1997-96,January,Washington Bullets,Charlotte Hornets,4,5,1,0,1,2,1
86,84,Juwan Howard,1997-96,January,Washington Bullets,Charlotte Hornets,4,1,0,0,0,0,2
87,58,Anthony Mason,1997-96,January,Charlotte Hornets,Washington Bullets,5,0,1,0,0,1,1
88,87,Anthony Mason,1997-96,January,Charlotte Hornets,Washington Bullets,6,0,1,0,0,1,1
89,72,Vlade Divac,1997-96,January,Charlotte Hornets,Washington Bullets,6,2,3,0,0,0,1
90,0,Lorenzo Williams,1997-96,January,Washington Bullets,Charlotte Hornets,1,0,0,0,0,0,0
91,90,Lorenzo Williams,1997-96,January,Washington Bullets,Charlotte Hornets,2,0,0,0,0,0,0
92,91,Lorenzo Williams,1997-96,January,Washington Bullets,Charlotte Hornets,2,0,0,0,0,0,1
93,89,Vlade Divac,1997-96,January,Charlotte Hornets,Washington Bullets,7,2,3,0,0,0,1
94,93,Vlade Divac,1997-96,January,Charlotte Hornets,Washington Bullets,8,2,3,0,0,0,1
96,88,Anthony Mason,1997-96,January,Charlotte Hornets,Washington Bullets,6,0,2,0,0,1,1
98,85,Rod Strickland,1997-96,January,Washington Bullets,Charlotte Hornets,4,5,2,0,1,2,1
100,81,Tracy Murray,1997-96,January,Washington Bullets,Charlotte Hornets,0,0,1,0,0,1,1
101,100,Tracy Murray,1997-96,January,Washington Bullets,Charlotte Hornets,2,0,1,0,0,1,1
102,83,Dell Curry,1997-96,January,Charlotte Hornets,Washington Bullets,7,0,1,0,0,0,0
103,47,Rafael Addison,1997-96,January,Charlotte Hornets,Washington Bullets,2,1,1,0,0,0,0
105,103,Rafael Addison,1997-96,January,Charlotte Hornets,Washington Bullets,2,1,2,0,0,0,0
106,102,Dell Curry,1997-96,January,Charlotte Hornets,Washington Bullets,10,0,1,0,0,0,0
107,77,Muggsy Bogues,1997-96,January,Charlotte Hornets,Washington Bullets,0,7,0,0,2,1,0
108,92,Lorenzo Williams,1997-96,January,Washington Bullets,Charlotte Hornets,2,0,0,0,0,1,1
109,94,Vlade Divac,1997-96,January,Washington Bullets,Charlotte Hornets,8,2,3,0,1,0,1
110,109,Vlade Divac,1997-96,January,Charlotte Hornets,Washington Bullets,10,2,3,0,1,0,1
111,96,Anthony Mason,1997-96,January,Charlotte Hornets,Washington Bullets,6,1,2,0,0,1,1
112,86,Juwan Howard,1997-96,January,Washington Bullets,Charlotte Hornets,6,1,0,0,0,0,2
113,105,Rafael Addison,1997-96,January,Charlotte Hornets,Washington Bullets,2,1,2,0,0,0,1
114,112,Juwan Howard,1997-96,January,Washington Bullets,Charlotte Hornets,7,1,0,0,0,0,2
116,101,Tracy Murray,1997-96,January,Washington Bullets,Charlotte Hornets,2,0,2,0,0,1,1
117,113,Rafael Addison,1997-96,January,Charlotte Hornets,Washington Bullets,2,1,2,0,0,0,2
118,116,Tracy Murray,1997-96,January,Washington Bullets,Charlotte Hornets,3,0,2,0,0,1,1
119,118,Tracy Murray,1997-96,January,Washington Bullets,Charlotte Hornets,4,0,2,0,0,1,1
120,0,George Zidek,1997-96,January,Charlotte Hornets,Washington Bullets,2,0,0,0,0,0,0
121,75,Glen Rice,1997-96,January,Charlotte Hornets,Washington Bullets,6,1,2,0,1,1,0
122,0,Anthony Goldwire,1997-96,January,Charlotte Hornets,Washington Bullets,0,0,0,0,0,0,1
124,106,Dell Curry,1997-96,January,Charlotte Hornets,Washington Bullets,10,0,2,0,0,0,0
125,111,Anthony Mason,1997-96,January,Charlotte Hornets,Washington Bullets,8,1,2,0,0,1,1
126,124,Dell Curry,1997-96,January,Charlotte Hornets,Washington Bullets,10,1,2,0,0,0,0
127,126,Dell Curry,1997-96,January,Charlotte Hornets,Washington Bullets,10,1,2,0,0,0,1
128,119,Tracy Murray,1997-96,January,Washington Bullets,Charlotte Hornets,6,0,2,0,0,1,1
129,0,Chris Whitney,1997-96,January,Washington Bullets,Charlotte Hornets,0,1,0,0,0,0,0
130,122,Anthony Goldwire,1997-96,January,Charlotte Hornets,Washington Bullets,0,0,0,0,0,1,1
132,129,Chris Whitney,1997-96,January,Washington Bullets,Charlotte Hornets,0,1,1,0,0,0,0
133,128,Tracy Murray,1997-96,January,Washington Bullets,Charlotte Hornets,8,0,2,0,0,1,1
134,132,Chris Whitney,1997-96,January,Washington Bullets,Charlotte Hornets,0,2,1,0,0,0,0
135,125,Anthony Mason,1997-96,January,Charlotte Hornets,Washington Bullets,10,1,2,0,0,1,1
136,127,Dell Curry,1997-96,January,Charlotte Hornets,Washington Bullets,10,2,2,0,0,0,1
137,133,Tracy Murray,1997-96,January,Washington Bullets,Charlotte Hornets,8,0,2,0,0,1,2
138,137,Tracy Murray,1997-96,January,Washington Bullets,Charlotte Hornets,8,0,2,0,0,2,2
140,56,Gheorghe Muresan,1997-96,January,Washington Bullets,Charlotte Hornets,6,2,4,1,0,0,1
142,121,Glen Rice,1997-96,January,Charlotte Hornets,Washington Bullets,6,1,3,0,1,1,0
143,120,George Zidek,1997-96,January,Charlotte Hornets,Washington Bullets,4,0,0,0,0,0,0
144,135,Anthony Mason,1997-96,January,Charlotte Hornets,Washington Bullets,10,2,2,0,0,1,1
145,25,Harvey Grant,1997-96,January,Washington Bullets,Charlotte Hornets,3,0,1,0,0,0,1
146,143,George Zidek,1997-96,January,Charlotte Hornets,Washington Bullets,5,0,0,0,0,0,0
148,145,Harvey Grant,1997-96,January,Washington Bullets,Charlotte Hornets,3,0,2,0,0,0,1
149,134,Chris Whitney,1997-96,January,Washington Bullets,Charlotte Hornets,0,2,1,0,0,1,0
151,140,Gheorghe Muresan,1997-96,January,Washington Bullets,Charlotte Hornets,6,2,5,1,0,0,1
153,144,Anthony Mason,1997-96,January,Charlotte Hornets,Washington Bullets,10,2,3,0,0,1,1
154,153,Anthony Mason,1997-96,January,Charlotte Hornets,Washington Bullets,10,2,3,0,0,2,1
155,146,George Zidek,1997-96,January,Charlotte Hornets,Washington Bullets,5,0,0,0,0,0,1
158,107,Muggsy Bogues,1997-96,January,Charlotte Hornets,Washington Bullets,0,7,1,0,2,1,0
159,98,Rod Strickland,1997-96,January,Washington Bullets,Charlotte Hornets,4,5,2,0,1,2,2
161,149,Chris Whitney,1997-96,January,Washington Bullets,Charlotte Hornets,0,2,2,0,0,1,0
162,161,Chris Whitney,1997-96,January,Washington Bullets,Charlotte Hornets,0,2,2,0,0,2,0
163,158,Muggsy Bogues,1997-96,January,Washington Bullets,Charlotte Hornets,0,7,1,0,3,1,0
164,136,Dell Curry,1997-96,January,Charlotte Hornets,Washington Bullets,12,2,2,0,0,0,1
165,163,Muggsy Bogues,1997-96,January,Charlotte Hornets,Washington Bullets,0,8,1,0,3,1,0
166,159,Rod Strickland,1997-96,January,Washington Bullets,Charlotte Hornets,6,5,2,0,1,2,2
167,142,Glen Rice,1997-96,January,Charlotte Hornets,Washington Bullets,9,1,3,0,1,1,0
168,155,George Zidek,1997-96,January,Charlotte Hornets,Washington Bullets,5,1,0,0,0,0,1
170,55,Calbert Cheaney,1997-96,January,Washington Bullets,Charlotte Hornets,6,0,0,0,0,0,2
171,164,Dell Curry,1997-96,January,Charlotte Hornets,Washington Bullets,14,2,2,0,0,0,1
172,165,Muggsy Bogues,1997-96,January,Charlotte Hornets,Washington Bullets,0,9,1,0,3,1,0
173,171,Dell Curry,1997-96,January,Charlotte Hornets,Washington Bullets,14,2,2,0,0,0,2
175,170,Calbert Cheaney,1997-96,January,Washington Bullets,Charlotte Hornets,7,0,0,0,0,0,2
177,151,Gheorghe Muresan,1997-96,January,Washington Bullets,Charlotte Hornets,6,2,6,1,0,0,1
178,114,Juwan Howard,1997-96,January,Washington Bullets,Charlotte Hornets,9,1,0,0,0,0,2
180,166,Rod Strickland,1997-96,January,Charlotte Hornets,Washington Bullets,6,5,2,1,1,2,2
181,177,Gheorghe Muresan,1997-96,January,Washington Bullets,Charlotte Hornets,6,2,7,1,0,0,1
182,180,Rod Strickland,1997-96,January,Washington Bullets,Charlotte Hornets,8,5,2,1,1,2,2
183,178,Juwan Howard,1997-96,January,Washington Bullets,Charlotte Hornets,9,2,0,0,0,0,2
184,154,Anthony Mason,1997-96,January,Charlotte Hornets,Washington Bullets,10,2,3,0,0,3,1
185,182,Rod Strickland,1997-96,January,Washington Bullets,Charlotte Hornets,10,5,2,1,1,2,2
186,110,Vlade Divac,1997-96,January,Charlotte Hornets,Washington Bullets,10,2,3,0,1,1,1
187,181,Gheorghe Muresan,1997-96,January,Charlotte Hornets,Washington Bullets,6,2,7,1,1,0,1
188,175,Calbert Cheaney,1997-96,January,Washington Bullets,Charlotte Hornets,9,0,0,0,0,0,2
189,183,Juwan Howard,1997-96,January,Washington Bullets,Charlotte Hornets,9,3,0,0,0,0,2
190,187,Gheorghe Muresan,1997-96,January,Washington Bullets,Charlotte Hornets,6,2,7,1,1,0,2
191,173,Dell Curry,1997-96,January,Charlotte Hornets,Washington Bullets,15,2,2,0,0,0,2
192,191,Dell Curry,1997-96,January,Charlotte Hornets,Washington Bullets,16,2,2,0,0,0,2
194,190,Gheorghe Muresan,1997-96,January,Washington Bullets,Charlotte Hornets,6,2,7,1,1,0,3
195,186,Vlade Divac,1997-96,January,Charlotte Hornets,Washington Bullets,11,2,3,0,1,1,1
196,195,Vlade Divac,1997-96,January,Charlotte Hornets,Washington Bullets,12,2,3,0,1,1,1
198,184,Anthony Mason,1997-96,January,Charlotte Hornets,Washington Bullets,10,2,4,0,0,3,1
200,192,Dell Curry,1997-96,January,Charlotte Hornets,Washington Bullets,16,2,3,0,0,0,2
202,185,Rod Strickland,1997-96,January,Washington Bullets,Charlotte Hornets,10,5,3,1,1,2,2
203,189,Juwan Howard,1997-96,January,Washington Bullets,Charlotte Hornets,11,3,0,0,0,0,2
204,138,Tracy Murray,1997-96,January,Washington Bullets,Charlotte Hornets,8,0,2,0,0,2,3
205,167,Glen Rice,1997-96,January,Charlotte Hornets,Washington Bullets,10,1,3,0,1,1,0
206,205,Glen Rice,1997-96,January,Charlotte Hornets,Washington Bullets,11,1,3,0,1,1,0
207,172,Muggsy Bogues,1997-96,January,Charlotte Hornets,Washington Bullets,0,9,1,0,3,1,1
208,202,Rod Strickland,1997-96,January,Washington Bullets,Charlotte Hornets,11,5,3,1,1,2,2
209,208,Rod Strickland,1997-96,January,Washington Bullets,Charlotte Hornets,12,5,3,1,1,2,2
210,196,Vlade Divac,1997-96,January,Charlotte Hornets,Washington Bullets,14,2,3,0,1,1,1
211,207,Muggsy Bogues,1997-96,January,Charlotte Hornets,Washington Bullets,0,10,1,0,3,1,1
213,108,Lorenzo Williams,1997-96,January,Washington Bullets,Charlotte Hornets,2,0,1,0,0,1,1
214,213,Lorenzo Williams,1997-96,January,Washington Bullets,Charlotte Hornets,4,0,1,0,0,1,1
215,206,Glen Rice,1997-96,January,Charlotte Hornets,Washington Bullets,14,1,3,0,1,1,0
216,211,Muggsy Bogues,1997-96,January,Charlotte Hornets,Washington Bullets,0,11,1,0,3,1,1
217,210,Vlade Divac,1997-96,January,Charlotte Hornets,Washington Bullets,14,2,3,0,1,2,1
219,148,Harvey Grant,1997-96,January,Washington Bullets,Charlotte Hornets,3,0,3,0,0,0,1
221,215,Glen Rice,1997-96,January,Charlotte Hornets,Washington Bullets,14,1,4,0,1,1,0
222,217,Vlade Divac,1997-96,January,Charlotte Hornets,Washington Bullets,16,2,3,0,1,2,1
223,198,Anthony Mason,1997-96,January,Charlotte Hornets,Washington Bullets,10,3,4,0,0,3,1
224,222,Vlade Divac,1997-96,January,Charlotte Hornets,Washington Bullets,16,2,3,0,1,2,2
226,194,Gheorghe Muresan,1997-96,January,Washington Bullets,Charlotte Hornets,7,2,7,1,1,0,3
228,188,Calbert Cheaney,1997-96,January,Washington Bullets,Charlotte Hornets,9,0,1,0,0,0,2
230,224,Vlade Divac,1997-96,January,Washington Bullets,Charlotte Hornets,16,2,3,1,1,2,2
231,230,Vlade Divac,1997-96,January,Charlotte Hornets,Washington Bullets,16,2,4,1,1,2,2
232,231,Vlade Divac,1997-96,January,Charlotte Hornets,Washington Bullets,16,2,4,1,1,3,2
233,209,Rod Strickland,1997-96,January,Washington Bullets,Charlotte Hornets,15,5,3,1,1,2,2
235,232,Vlade Divac,1997-96,January,Charlotte Hornets,Washington Bullets,16,2,5,1,1,3,2
237,226,Gheorghe Muresan,1997-96,January,Washington Bullets,Charlotte Hornets,7,2,8,1,1,0,3
239,237,Gheorghe Muresan,1997-96,January,Washington Bullets,Charlotte Hornets,9,2,8,1,1,0,3
240,233,Rod Strickland,1997-96,January,Washington Bullets,Charlotte Hornets,15,6,3,1,1,2,2
241,235,Vlade Divac,1997-96,January,Charlotte Hornets,Washington Bullets,16,2,5,1,1,4,2
243,228,Calbert Cheaney,1997-96,January,Washington Bullets,Charlotte Hornets,9,0,2,0,0,0,2
245,241,Vlade Divac,1997-96,January,Washington Bullets,Charlotte Hornets,16,2,5,2,1,4,2
246,245,Vlade Divac,1997-96,January,Charlotte Hornets,Washington Bullets,16,2,6,2,1,4,2
247,221,Glen Rice,1997-96,January,Charlotte Hornets,Washington Bullets,16,1,4,0,1,1,0
248,246,Vlade Divac,1997-96,January,Charlotte Hornets,Washington Bullets,16,3,6,2,1,4,2
249,239,Gheorghe Muresan,1997-96,January,Washington Bullets,Charlotte Hornets,11,2,8,1,1,0,3
250,203,Juwan Howard,1997-96,January,Washington Bullets,Charlotte Hornets,11,4,0,0,0,0,2
251,247,Glen Rice,1997-96,January,Charlotte Hornets,Washington Bullets,16,1,4,0,1,2,0
252,243,Calbert Cheaney,1997-96,January,Charlotte Hornets,Washington Bullets,9,0,2,0,1,0,2
253,252,Calbert Cheaney,1997-96,January,Washington Bullets,Charlotte Hornets,11,0,2,0,1,0,2
254,219,Harvey Grant,1997-96,January,Washington Bullets,Charlotte Hornets,3,1,3,0,0,0,1
255,250,Juwan Howard,1997-96,January,Washington Bullets,Charlotte Hornets,11,4,0,0,0,0,3
257,223,Anthony Mason,1997-96,January,Charlotte Hornets,Washington Bullets,11,3,4,0,0,3,1
259,251,Glen Rice,1997-96,January,Charlotte Hornets,Washington Bullets,16,1,5,0,1,2,0
260,216,Muggsy Bogues,1997-96,January,Charlotte Hornets,Washington Bullets,0,11,1,0,3,2,1
261,255,Juwan Howard,1997-96,January,Charlotte Hornets,Washington Bullets,11,4,0,0,1,0,3
262,254,Harvey Grant,1997-96,January,Washington Bullets,Charlotte Hornets,5,1,3,0,0,0,1
263,261,Juwan Howard,1997-96,January,Washington Bullets,Charlotte Hornets,11,5,0,0,1,0,3
264,248,Vlade Divac,1997-96,January,Charlotte Hornets,Washington Bullets,16,3,6,2,1,5,2
266,249,Gheorghe Muresan,1997-96,January,Washington Bullets,Charlotte Hornets,11,2,9,1,1,0,3
267,266,Gheorghe Muresan,1997-96,January,Washington Bullets,Charlotte Hornets,13,2,9,1,1,0,3
268,262,Harvey Grant,1997-96,January,Washington Bullets,Charlotte Hornets,5,1,3,0,0,0,2
269,259,Glen Rice,1997-96,January,Charlotte Hornets,Washington Bullets,17,1,5,0,1,2,0
270,269,Glen Rice,1997-96,January,Charlotte Hornets,Washington Bullets,18,1,5,0,1,2,0
271,204,Tracy Murray,1997-96,January,Washington Bullets,Charlotte Hornets,8,0,2,0,0,3,3
273,240,Rod Strickland,1997-96,January,Washington Bullets,Charlotte Hornets,15,6,4,1,1,2,2
274,271,Tracy Murray,1997-96,January,Washington Bullets,Charlotte Hornets,11,0,2,0,0,3,3
275,273,Rod Strickland,1997-96,January,Washington Bullets,Charlotte Hornets,15,7,4,1,1,2,2
277,263,Juwan Howard,1997-96,January,Washington Bullets,Charlotte Hornets,11,5,1,0,1,0,3
279,257,Anthony Mason,1997-96,January,Charlotte Hornets,Washington Bullets,11,3,5,0,0,3,1
281,277,Juwan Howard,1997-96,January,Washington Bullets,Charlotte Hornets,11,5,2,0,1,0,3
282,275,Rod Strickland,1997-96,January,Washington Bullets,Charlotte Hornets,18,7,4,1,1,2,2
284,267,Gheorghe Muresan,1997-96,January,Washington Bullets,Charlotte Hornets,13,2,10,1,1,0,3
285,284,Gheorghe Muresan,1997-96,January,Washington Bullets,Charlotte Hornets,13,2,10,1,1,0,4
286,285,Gheorghe Muresan,1997-96,January,Washington Bullets,Charlotte Hornets,13,2,10,1,1,1,4
288,281,Juwan Howard,1997-96,January,Washington Bullets,Charlotte Hornets,11,5,3,0,1,0,3
289,288,Juwan Howard,1997-96,January,Washington Bullets,Charlotte Hornets,13,5,3,0,1,0,3
290,282,Rod Strickland,1997-96,January,Washington Bullets,Charlotte Hornets,18,8,4,1,1,2,2
291,264,Vlade Divac,1997-96,January,Charlotte Hornets,Washington Bullets,16,3,6,2,1,5,3
293,214,Lorenzo Williams,1997-96,January,Washington Bullets,Charlotte Hornets,4,0,2,0,0,1,1
294,279,Anthony Mason,1997-96,January,Charlotte Hornets,Washington Bullets,11,3,5,0,0,3,2
295,290,Rod Strickland,1997-96,January,Washington Bullets,Charlotte Hornets,20,8,4,1,1,2,2
296,253,Calbert Cheaney,1997-96,January,Washington Bullets,Charlotte Hornets,11,0,2,0,1,0,3
298,270,Glen Rice,1997-96,January,Charlotte Hornets,Washington Bullets,18,1,6,0,1,2,0
300,295,Rod Strickland,1997-96,January,Washington Bullets,Charlotte Hornets,20,8,4,1,1,2,3
302,293,Lorenzo Williams,1997-96,January,Washington Bullets,Charlotte Hornets,4,0,3,0,0,1,1
304,168,George Zidek,1997-96,January,Charlotte Hornets,Washington Bullets,5,1,1,0,0,0,1
306,302,Lorenzo Williams,1997-96,January,Washington Bullets,Charlotte Hornets,4,0,4,0,0,1,1
307,274,Tracy Murray,1997-96,January,Washington Bullets,Charlotte Hornets,11,0,2,0,0,4,3
309,304,George Zidek,1997-96,January,Charlotte Hornets,Washington Bullets,5,1,2,0,0,0,1
310,309,George Zidek,1997-96,January,Charlotte Hornets,Washington Bullets,5,1,2,0,0,1,1
311,300,Rod Strickland,1997-96,January,Charlotte Hornets,Washington Bullets,20,8,4,1,2,2,3
312,289,Juwan Howard,1997-96,January,Washington Bullets,Charlotte Hornets,13,5,3,0,1,1,3
314,312,Juwan Howard,1997-96,January,Washington Bullets,Charlotte Hornets,13,5,4,0,1,1,3
315,311,Rod Strickland,1997-96,January,Washington Bullets,Charlotte Hornets,22,8,4,1,2,2,3
317,314,Juwan Howard,1997-96,January,Washington Bullets,Charlotte Hornets,13,5,5,0,1,1,3
318,317,Juwan Howard,1997-96,January,Washington Bullets,Charlotte Hornets,15,5,5,0,1,1,3
319,315,Rod Strickland,1997-96,January,Washington Bullets,Charlotte Hornets,22,9,4,1,2,2,3
321,310,George Zidek,1997-96,January,Charlotte Hornets,Washington Bullets,5,1,2,0,0,1,2
322,307,Tracy Murray,1997-96,January,Washington Bullets,Charlotte Hornets,12,0,2,0,0,4,3
323,322,Tracy Murray,1997-96,January,Washington Bullets,Charlotte Hornets,13,0,2,0,0,4,3
324,200,Dell Curry,1997-96,January,Charlotte Hornets,Washington Bullets,16,2,3,0,0,1,2
325,162,Chris Whitney,1997-96,January,Charlotte Hornets,Washington Bullets,0,2,2,0,1,2,0
326,323,Tracy Murray,1997-96,January,Washington Bullets,Charlotte Hornets,15,0,2,0,0,4,3
327,325,Chris Whitney,1997-96,January,Washington Bullets,Charlotte Hornets,0,3,2,0,1,2,0
328,130,Anthony Goldwire,1997-96,January,Charlotte Hornets,Washington Bullets,0,0,0,0,0,1,2
329,326,Tracy Murray,1997-96,January,Washington Bullets,Charlotte Hornets,16,0,2,0,0,4,3
331,306,Lorenzo Williams,1997-96,January,Charlotte Hornets,Washington Bullets,4,0,4,1,0,1,1
332,327,Chris Whitney,1997-96,January,Washington Bullets,Charlotte Hornets,0,3,3,0,1,2,0
333,331,Lorenzo Williams,1997-96,January,Washington Bullets,Charlotte Hornets,4,0,4,1,0,2,1
335,321,George Zidek,1997-96,January,Charlotte Hornets,Washington Bullets,5,1,3,0,0,1,2
336,335,George Zidek,1997-96,January,Charlotte Hornets,Washington Bullets,7,1,3,0,0,1,2
337,333,Lorenzo Williams,1997-96,January,Washington Bullets,Charlotte Hornets,4,0,4,1,0,2,2
338,336,George Zidek,1997-96,January,Charlotte Hornets,Washington Bullets,8,1,3,0,0,1,2
339,318,Juwan Howard,1997-96,January,Washington Bullets,Charlotte Hornets,17,5,5,0,1,1,3
340,332,Chris Whitney,1997-96,January,Washington Bullets,Charlotte Hornets,0,3,3,0,1,2,1
342,338,George Zidek,1997-96,January,Charlotte Hornets,Washington Bullets,8,1,4,0,0,1,2
343,342,George Zidek,1997-96,January,Charlotte Hornets,Washington Bullets,10,1,4,0,0,1,2
345,324,Dell Curry,1997-96,January,Charlotte Hornets,Washington Bullets,16,2,4,0,0,1,2
346,337,Lorenzo Williams,1997-96,January,Washington Bullets,Charlotte Hornets,4,0,4,1,0,2,3
348,340,Chris Whitney,1997-96,January,Washington Bullets,Charlotte Hornets,0,3,4,0,1,2,1
350,328,Anthony Goldwire,1997-96,January,Charlotte Hornets,Washington Bullets,0,0,1,0,0,1,2
351,345,Dell Curry,1997-96,January,Charlotte Hornets,Washington Bullets,18,2,4,0,0,1,2
352,350,Anthony Goldwire,1997-96,January,Charlotte Hornets,Washington Bullets,0,1,1,0,0,1,2
353,329,Tracy Murray,1997-96,January,Washington Bullets,Charlotte Hornets,18,0,2,0,0,4,3
354,319,Rod Strickland,1997-96,January,Washington Bullets,Charlotte Hornets,22,10,4,1,2,2,3
355,298,Glen Rice,1997-96,January,Charlotte Hornets,Washington Bullets,21,1,6,0,1,2,0
356,294,Anthony Mason,1997-96,January,Charlotte Hornets,Washington Bullets,11,4,5,0,0,3,2
358,355,Glen Rice,1997-96,January,Charlotte Hornets,Washington Bullets,21,1,7,0,1,2,0
360,286,Gheorghe Muresan,1997-96,January,Washington Bullets,Charlotte Hornets,13,2,11,1,1,1,4
361,268,Harvey Grant,1997-96,January,Washington Bullets,Charlotte Hornets,7,1,3,0,0,0,2
362,356,Anthony Mason,1997-96,January,Charlotte Hornets,Washington Bullets,11,4,5,0,0,4,2
363,361,Harvey Grant,1997-96,January,Charlotte Hornets,Washington Bullets,7,1,3,0,1,0,2
364,354,Rod Strickland,1997-96,January,Washington Bullets,Charlotte Hornets,24,10,4,1,2,2,3
366,360,Gheorghe Muresan,1997-96,January,Washington Bullets,Charlotte Hornets,13,2,12,1,1,1,4
367,343,George Zidek,1997-96,January,Charlotte Hornets,Washington Bullets,10,1,4,0,0,1,3
368,366,Gheorghe Muresan,1997-96,January,Washington Bullets,Charlotte Hornets,13,2,12,1,1,2,4
369,351,Dell Curry,1997-96,January,Charlotte Hornets,Washington Bullets,18,2,4,0,0,2,2
370,353,Tracy Murray,1997-96,January,Charlotte Hornets,Washington Bullets,18,0,2,0,1,4,3
371,364,Rod Strickland,1997-96,January,Washington Bullets,Charlotte Hornets,24,10,4,1,2,3,3
372,358,Glen Rice,1997-96,January,Washington Bullets,Charlotte Hornets,21,1,7,0,2,2,0
374,339,Juwan Howard,1997-96,January,Washington Bullets,Charlotte Hornets,17,5,6,0,1,1,3
375,369,Dell Curry,1997-96,January,Charlotte Hornets,Washington Bullets,18,2,4,0,0,2,3
376,368,Gheorghe Muresan,1997-96,January,Washington Bullets,Charlotte Hornets,15,2,12,1,1,2,4
377,363,Harvey Grant,1997-96,January,Washington Bullets,Charlotte Hornets,7,2,3,0,1,0,2
379,376,Gheorghe Muresan,1997-96,January,Washington Bullets,Charlotte Hornets,15,2,13,1,1,2,4
380,371,Rod Strickland,1997-96,January,Washington Bullets,Charlotte Hornets,26,10,4,1,2,3,3
382,374,Juwan Howard,1997-96,January,Washington Bullets,Charlotte Hornets,17,5,7,0,1,1,3
384,291,Vlade Divac,1997-96,January,Charlotte Hornets,Washington Bullets,16,3,6,2,1,5,4
387,362,Anthony Mason,1997-96,January,Charlotte Hornets,Washington Bullets,11,4,6,0,0,4,2
388,372,Glen Rice,1997-96,January,Charlotte Hornets,Washington Bullets,23,1,7,0,2,2,0
389,379,Gheorghe Muresan,1997-96,January,Washington Bullets,Charlotte Hornets,15,2,13,1,1,2,5
390,388,Glen Rice,1997-96,January,Charlotte Hornets,Washington Bullets,24,1,7,0,2,2,0
391,380,Rod Strickland,1997-96,January,Washington Bullets,Charlotte Hornets,28,10,4,1,2,3,3
393,389,Gheorghe Muresan,1997-96,January,Washington Bullets,Charlotte Hornets,15,2,14,1,1,2,5
395,370,Tracy Murray,1997-96,January,Washington Bullets,Charlotte Hornets,18,0,3,0,1,4,3
396,395,Tracy Murray,1997-96,January,Washington Bullets,Charlotte Hornets,20,0,3,0,1,4,3
397,367,George Zidek,1997-96,January,Charlotte Hornets,Washington Bullets,12,1,4,0,0,1,3
398,0,Tony Smith,1997-96,January,Charlotte Hornets,Washington Bullets,0,1,0,0,0,0,0
400,390,Glen Rice,1997-96,January,Charlotte Hornets,Washington Bullets,24,1,8,0,2,2,0
401,400,Glen Rice,1997-96,January,Charlotte Hornets,Washington Bullets,27,1,8,0,2,2,0
402,117,Rafael Addison,1997-96,January,Charlotte Hornets,Washington Bullets,4,1,2,0,0,0,2
403,0,Ashraf Amaya,1997-96,January,Washington Bullets,Charlotte Hornets,2,0,0,0,0,0,0
404,391,Rod Strickland,1997-96,January,Washington Bullets,Charlotte Hornets,28,11,4,1,2,3,3
406,398,Tony Smith,1997-96,January,Charlotte Hornets,Washington Bullets,0,1,1,0,0,0,0
408,0,Malik Rose,1997-96,January,Charlotte Hornets,Washington Bullets,0,0,1,0,0,0,0
409,0,Tony Delk,1997-96,January,Charlotte Hornets,Washington Bullets,3,0,0,0,0,0,0
410,408,Malik Rose,1997-96,January,Charlotte Hornets,Washington Bullets,0,1,1,0,0,0,0
412,410,Malik Rose,1997-96,January,Charlotte Hornets,Washington Bullets,0,1,2,0,0,0,0
413,412,Malik Rose,1997-96,January,Charlotte Hornets,Washington Bullets,2,1,2,0,0,0,0
414,409,Tony Delk,1997-96,January,Charlotte Hornets,Washington Bullets,3,1,0,0,0,0,0
416,397,George Zidek,1997-96,January,Charlotte Hornets,Washington Bullets,12,1,5,0,0,1,3
