id,previous_id,player,season,month,team,opponent_team,points,assists,rebounds,blocks,steals,turnovers,personal fouls
2,0,Vin Baker,1996-97,November,Milwaukee Bucks,Vancouver Grizzlies,0,0,0,1,0,0,0
3,0,Bryant Reeves,1996-97,November,Vancouver Grizzlies,Milwaukee Bucks,0,0,1,0,0,0,0
5,0,Shareef Abdur-Rahim,1996-97,November,Vancouver Grizzlies,Milwaukee Bucks,0,0,0,0,0,1,0
7,0,Anthony Peeler,1996-97,November,Vancouver Grizzlies,Milwaukee Bucks,0,0,1,0,0,0,0
9,0,Andrew Lang,1996-97,November,Milwaukee Bucks,Vancouver Grizzlies,0,0,1,0,0,0,0
10,5,Shareef Abdur-Rahim,1996-97,November,Vancouver Grizzlies,Milwaukee Bucks,0,0,0,0,0,1,1
11,0,Ray Allen,1996-97,November,Milwaukee Bucks,Vancouver Grizzlies,2,0,0,0,0,0,0
13,9,Andrew Lang,1996-97,November,Milwaukee Bucks,Vancouver Grizzlies,0,0,2,0,0,0,0
14,0,Sherman Douglas,1996-97,November,Milwaukee Bucks,Vancouver Grizzlies,2,0,0,0,0,0,0
15,0,Greg Anthony,1996-97,November,Vancouver Grizzlies,Milwaukee Bucks,2,0,0,0,0,0,0
16,14,Sherman Douglas,1996-97,November,Milwaukee Bucks,Vancouver Grizzlies,4,0,0,0,0,0,0
17,10,Shareef Abdur-Rahim,1996-97,November,Vancouver Grizzlies,Milwaukee Bucks,2,0,0,0,0,1,1
18,15,Greg Anthony,1996-97,November,Vancouver Grizzlies,Milwaukee Bucks,2,1,0,0,0,0,0
20,3,Bryant Reeves,1996-97,November,Vancouver Grizzlies,Milwaukee Bucks,0,0,2,0,0,0,0
22,0,Eric Mobley,1996-97,November,Vancouver Grizzlies,Milwaukee Bucks,0,0,1,0,0,0,0
23,2,Vin Baker,1996-97,November,Milwaukee Bucks,Vancouver Grizzlies,0,0,0,1,0,0,1
24,22,Eric Mobley,1996-97,November,Vancouver Grizzlies,Milwaukee Bucks,1,0,1,0,0,0,0
25,24,Eric Mobley,1996-97,November,Vancouver Grizzlies,Milwaukee Bucks,2,0,1,0,0,0,0
27,7,Anthony Peeler,1996-97,November,Vancouver Grizzlies,Milwaukee Bucks,0,0,2,0,0,0,0
28,11,Ray Allen,1996-97,November,Milwaukee Bucks,Vancouver Grizzlies,2,0,0,0,0,0,1
30,20,Bryant Reeves,1996-97,November,Vancouver Grizzlies,Milwaukee Bucks,0,0,3,0,0,0,0
32,0,Glenn Robinson,1996-97,November,Milwaukee Bucks,Vancouver Grizzlies,0,0,1,0,0,0,0
33,28,Ray Allen,1996-97,November,Milwaukee Bucks,Vancouver Grizzlies,5,0,0,0,0,0,1
34,32,Glenn Robinson,1996-97,November,Milwaukee Bucks,Vancouver Grizzlies,0,1,1,0,0,0,0
35,25,Eric Mobley,1996-97,November,Vancouver Grizzlies,Milwaukee Bucks,2,0,1,0,0,0,1
36,35,Eric Mobley,1996-97,November,Vancouver Grizzlies,Milwaukee Bucks,2,0,1,0,0,1,1
38,18,Greg Anthony,1996-97,November,Vancouver Grizzlies,Milwaukee Bucks,2,1,1,0,0,0,0
39,30,Bryant Reeves,1996-97,November,Vancouver Grizzlies,Milwaukee Bucks,0,0,3,0,0,1,0
40,36,Eric Mobley,1996-97,November,Vancouver Grizzlies,Milwaukee Bucks,2,0,1,0,0,1,2
42,23,Vin Baker,1996-97,November,Milwaukee Bucks,Vancouver Grizzlies,1,0,0,1,0,0,1
44,13,Andrew Lang,1996-97,November,Milwaukee Bucks,Vancouver Grizzlies,0,0,3,0,0,0,0
46,17,Shareef Abdur-Rahim,1996-97,November,Vancouver Grizzlies,Milwaukee Bucks,2,0,1,0,0,1,1
47,34,Glenn Robinson,1996-97,November,Milwaukee Bucks,Vancouver Grizzlies,0,1,1,0,0,0,1
48,0,Roy Rogers,1996-97,November,Vancouver Grizzlies,Milwaukee Bucks,0,0,0,0,0,1,0
49,44,Andrew Lang,1996-97,November,Milwaukee Bucks,Vancouver Grizzlies,2,0,3,0,0,0,0
50,16,Sherman Douglas,1996-97,November,Milwaukee Bucks,Vancouver Grizzlies,4,1,0,0,0,0,0
52,49,Andrew Lang,1996-97,November,Milwaukee Bucks,Vancouver Grizzlies,2,0,4,0,0,0,0
53,42,Vin Baker,1996-97,November,Milwaukee Bucks,Vancouver Grizzlies,3,0,0,1,0,0,1
54,50,Sherman Douglas,1996-97,November,Milwaukee Bucks,Vancouver Grizzlies,4,2,0,0,0,0,0
55,46,Shareef Abdur-Rahim,1996-97,November,Vancouver Grizzlies,Milwaukee Bucks,2,0,1,0,0,2,1
56,54,Sherman Douglas,1996-97,November,Milwaukee Bucks,Vancouver Grizzlies,4,2,0,0,1,0,0
57,47,Glenn Robinson,1996-97,November,Milwaukee Bucks,Vancouver Grizzlies,2,1,1,0,0,0,1
58,56,Sherman Douglas,1996-97,November,Milwaukee Bucks,Vancouver Grizzlies,4,3,0,0,1,0,0
59,0,Blue Edwards,1996-97,November,Vancouver Grizzlies,Milwaukee Bucks,2,0,0,0,0,0,0
60,38,Greg Anthony,1996-97,November,Vancouver Grizzlies,Milwaukee Bucks,2,2,1,0,0,0,0
61,33,Ray Allen,1996-97,November,Milwaukee Bucks,Vancouver Grizzlies,7,0,0,0,0,0,1
62,58,Sherman Douglas,1996-97,November,Milwaukee Bucks,Vancouver Grizzlies,4,4,0,0,1,0,0
63,59,Blue Edwards,1996-97,November,Vancouver Grizzlies,Milwaukee Bucks,4,0,0,0,0,0,0
64,61,Ray Allen,1996-97,November,Milwaukee Bucks,Vancouver Grizzlies,7,0,0,0,0,0,2
65,63,Blue Edwards,1996-97,November,Vancouver Grizzlies,Milwaukee Bucks,5,0,0,0,0,0,0
66,57,Glenn Robinson,1996-97,November,Milwaukee Bucks,Vancouver Grizzlies,4,1,1,0,0,0,1
67,52,Andrew Lang,1996-97,November,Milwaukee Bucks,Vancouver Grizzlies,2,0,4,0,0,0,1
68,60,Greg Anthony,1996-97,November,Vancouver Grizzlies,Milwaukee Bucks,3,2,1,0,0,0,0
70,62,Sherman Douglas,1996-97,November,Milwaukee Bucks,Vancouver Grizzlies,4,4,1,0,1,0,0
71,48,Roy Rogers,1996-97,November,Vancouver Grizzlies,Milwaukee Bucks,0,0,0,0,0,1,1
72,53,Vin Baker,1996-97,November,Milwaukee Bucks,Vancouver Grizzlies,3,0,0,1,0,0,2
73,72,Vin Baker,1996-97,November,Milwaukee Bucks,Vancouver Grizzlies,3,0,0,1,0,1,2
75,70,Sherman Douglas,1996-97,November,Milwaukee Bucks,Vancouver Grizzlies,4,4,2,0,1,0,0
77,66,Glenn Robinson,1996-97,November,Milwaukee Bucks,Vancouver Grizzlies,4,1,1,0,0,0,2
78,68,Greg Anthony,1996-97,November,Vancouver Grizzlies,Milwaukee Bucks,4,2,1,0,0,0,0
80,67,Andrew Lang,1996-97,November,Milwaukee Bucks,Vancouver Grizzlies,2,0,5,0,0,0,1
81,75,Sherman Douglas,1996-97,November,Milwaukee Bucks,Vancouver Grizzlies,4,4,2,0,1,1,0
82,71,Roy Rogers,1996-97,November,Vancouver Grizzlies,Milwaukee Bucks,0,0,0,0,1,1,1
84,81,Sherman Douglas,1996-97,November,Milwaukee Bucks,Vancouver Grizzlies,4,4,3,0,1,1,0
85,39,Bryant Reeves,1996-97,November,Vancouver Grizzlies,Milwaukee Bucks,0,0,3,0,0,1,1
86,0,Darrin Hancock,1996-97,November,Milwaukee Bucks,Vancouver Grizzlies,0,0,0,0,0,1,0
87,27,Anthony Peeler,1996-97,November,Vancouver Grizzlies,Milwaukee Bucks,0,0,2,0,1,0,0
88,78,Greg Anthony,1996-97,November,Vancouver Grizzlies,Milwaukee Bucks,6,2,1,0,0,0,0
89,87,Anthony Peeler,1996-97,November,Vancouver Grizzlies,Milwaukee Bucks,0,1,2,0,1,0,0
91,85,Bryant Reeves,1996-97,November,Vancouver Grizzlies,Milwaukee Bucks,0,0,4,0,0,1,1
92,82,Roy Rogers,1996-97,November,Vancouver Grizzlies,Milwaukee Bucks,2,0,0,0,1,1,1
93,88,Greg Anthony,1996-97,November,Vancouver Grizzlies,Milwaukee Bucks,6,3,1,0,0,0,0
94,86,Darrin Hancock,1996-97,November,Milwaukee Bucks,Vancouver Grizzlies,0,0,0,0,0,2,0
95,92,Roy Rogers,1996-97,November,Vancouver Grizzlies,Milwaukee Bucks,2,0,0,0,1,2,1
96,0,Johnny Newman,1996-97,November,Milwaukee Bucks,Vancouver Grizzlies,2,0,0,0,0,0,0
97,95,Roy Rogers,1996-97,November,Vancouver Grizzlies,Milwaukee Bucks,2,0,0,0,1,3,1
98,0,Armen Gilliam,1996-97,November,Milwaukee Bucks,Vancouver Grizzlies,0,0,0,0,1,0,0
99,98,Armen Gilliam,1996-97,November,Milwaukee Bucks,Vancouver Grizzlies,2,0,0,0,1,0,0
101,91,Bryant Reeves,1996-97,November,Vancouver Grizzlies,Milwaukee Bucks,0,0,5,0,0,1,1
102,89,Anthony Peeler,1996-97,November,Vancouver Grizzlies,Milwaukee Bucks,2,1,2,0,1,0,0
103,101,Bryant Reeves,1996-97,November,Vancouver Grizzlies,Milwaukee Bucks,0,1,5,0,0,1,1
104,99,Armen Gilliam,1996-97,November,Milwaukee Bucks,Vancouver Grizzlies,2,0,0,0,1,0,1
105,104,Armen Gilliam,1996-97,November,Milwaukee Bucks,Vancouver Grizzlies,2,0,0,0,1,1,1
107,105,Armen Gilliam,1996-97,November,Milwaukee Bucks,Vancouver Grizzlies,2,0,1,0,1,1,1
109,80,Andrew Lang,1996-97,November,Milwaukee Bucks,Vancouver Grizzlies,2,0,5,0,0,0,2
110,109,Andrew Lang,1996-97,November,Milwaukee Bucks,Vancouver Grizzlies,2,0,5,0,0,1,2
112,0,David Wood,1996-97,November,Milwaukee Bucks,Vancouver Grizzlies,0,0,1,0,0,0,0
113,65,Blue Edwards,1996-97,November,Vancouver Grizzlies,Milwaukee Bucks,5,0,0,0,0,0,1
114,96,Johnny Newman,1996-97,November,Milwaukee Bucks,Vancouver Grizzlies,3,0,0,0,0,0,0
115,114,Johnny Newman,1996-97,November,Milwaukee Bucks,Vancouver Grizzlies,4,0,0,0,0,0,0
116,113,Blue Edwards,1996-97,November,Vancouver Grizzlies,Milwaukee Bucks,7,0,0,0,0,0,1
117,0,George Lynch,1996-97,November,Vancouver Grizzlies,Milwaukee Bucks,0,1,0,0,0,0,0
118,107,Armen Gilliam,1996-97,November,Milwaukee Bucks,Vancouver Grizzlies,2,0,1,0,1,2,1
119,115,Johnny Newman,1996-97,November,Milwaukee Bucks,Vancouver Grizzlies,4,0,0,0,0,0,1
120,97,Roy Rogers,1996-97,November,Vancouver Grizzlies,Milwaukee Bucks,2,0,0,0,1,3,2
121,120,Roy Rogers,1996-97,November,Vancouver Grizzlies,Milwaukee Bucks,2,0,0,0,1,4,2
123,0,Joe Wolf,1996-97,November,Milwaukee Bucks,Vancouver Grizzlies,2,0,0,0,0,0,0
124,119,Johnny Newman,1996-97,November,Milwaukee Bucks,Vancouver Grizzlies,4,1,0,0,0,0,1
125,123,Joe Wolf,1996-97,November,Milwaukee Bucks,Vancouver Grizzlies,2,0,0,0,0,0,1
128,125,Joe Wolf,1996-97,November,Milwaukee Bucks,Vancouver Grizzlies,2,0,1,0,0,0,1
130,0,Richard Manning,1996-97,November,Vancouver Grizzlies,Milwaukee Bucks,0,0,1,0,0,0,0
132,117,George Lynch,1996-97,November,Vancouver Grizzlies,Milwaukee Bucks,0,1,1,0,0,0,0
134,132,George Lynch,1996-97,November,Vancouver Grizzlies,Milwaukee Bucks,0,1,2,0,0,0,0
135,134,George Lynch,1996-97,November,Vancouver Grizzlies,Milwaukee Bucks,2,1,2,0,0,0,0
136,124,Johnny Newman,1996-97,November,Milwaukee Bucks,Vancouver Grizzlies,6,1,0,0,0,0,1
137,116,Blue Edwards,1996-97,November,Vancouver Grizzlies,Milwaukee Bucks,7,0,0,0,0,1,1
139,118,Armen Gilliam,1996-97,November,Milwaukee Bucks,Vancouver Grizzlies,2,0,2,0,1,2,1
140,139,Armen Gilliam,1996-97,November,Milwaukee Bucks,Vancouver Grizzlies,4,0,2,0,1,2,1
141,40,Eric Mobley,1996-97,November,Vancouver Grizzlies,Milwaukee Bucks,2,0,1,0,0,1,3
142,140,Armen Gilliam,1996-97,November,Milwaukee Bucks,Vancouver Grizzlies,5,0,2,0,1,2,1
143,112,David Wood,1996-97,November,Milwaukee Bucks,Vancouver Grizzlies,0,0,1,0,0,0,1
145,141,Eric Mobley,1996-97,November,Vancouver Grizzlies,Milwaukee Bucks,3,0,1,0,0,1,3
147,55,Shareef Abdur-Rahim,1996-97,November,Vancouver Grizzlies,Milwaukee Bucks,2,0,2,0,0,2,1
149,73,Vin Baker,1996-97,November,Milwaukee Bucks,Vancouver Grizzlies,3,0,0,1,0,2,2
150,137,Blue Edwards,1996-97,November,Vancouver Grizzlies,Milwaukee Bucks,7,0,0,0,1,1,1
152,103,Bryant Reeves,1996-97,November,Vancouver Grizzlies,Milwaukee Bucks,0,1,5,0,0,1,2
153,77,Glenn Robinson,1996-97,November,Milwaukee Bucks,Vancouver Grizzlies,6,1,1,0,0,0,2
154,0,Elliot Perry,1996-97,November,Milwaukee Bucks,Vancouver Grizzlies,0,1,0,0,0,0,0
156,149,Vin Baker,1996-97,November,Milwaukee Bucks,Vancouver Grizzlies,3,0,1,1,0,2,2
157,142,Armen Gilliam,1996-97,November,Milwaukee Bucks,Vancouver Grizzlies,7,0,2,0,1,2,1
158,154,Elliot Perry,1996-97,November,Milwaukee Bucks,Vancouver Grizzlies,0,2,0,0,0,0,0
160,158,Elliot Perry,1996-97,November,Milwaukee Bucks,Vancouver Grizzlies,0,2,1,0,0,0,0
162,147,Shareef Abdur-Rahim,1996-97,November,Vancouver Grizzlies,Milwaukee Bucks,2,0,2,1,0,2,1
163,156,Vin Baker,1996-97,November,Milwaukee Bucks,Vancouver Grizzlies,3,0,2,1,0,2,2
164,163,Vin Baker,1996-97,November,Milwaukee Bucks,Vancouver Grizzlies,5,0,2,1,0,2,2
165,162,Shareef Abdur-Rahim,1996-97,November,Vancouver Grizzlies,Milwaukee Bucks,4,0,2,1,0,2,1
166,102,Anthony Peeler,1996-97,November,Vancouver Grizzlies,Milwaukee Bucks,2,2,2,0,1,0,0
167,136,Johnny Newman,1996-97,November,Milwaukee Bucks,Vancouver Grizzlies,6,1,0,0,0,1,1
168,135,George Lynch,1996-97,November,Vancouver Grizzlies,Milwaukee Bucks,2,1,2,0,1,0,0
169,168,George Lynch,1996-97,November,Vancouver Grizzlies,Milwaukee Bucks,4,1,2,0,1,0,0
170,0,Lee Mayberry,1996-97,November,Vancouver Grizzlies,Milwaukee Bucks,0,1,0,0,0,0,0
171,165,Shareef Abdur-Rahim,1996-97,November,Vancouver Grizzlies,Milwaukee Bucks,4,0,2,1,0,2,2
173,153,Glenn Robinson,1996-97,November,Milwaukee Bucks,Vancouver Grizzlies,7,1,1,0,0,0,2
174,152,Bryant Reeves,1996-97,November,Vancouver Grizzlies,Milwaukee Bucks,2,1,5,0,0,1,2
176,157,Armen Gilliam,1996-97,November,Milwaukee Bucks,Vancouver Grizzlies,7,0,3,0,1,2,1
178,160,Elliot Perry,1996-97,November,Milwaukee Bucks,Vancouver Grizzlies,0,2,2,0,0,0,0
179,178,Elliot Perry,1996-97,November,Milwaukee Bucks,Vancouver Grizzlies,0,2,2,0,0,1,0
180,169,George Lynch,1996-97,November,Vancouver Grizzlies,Milwaukee Bucks,4,1,2,0,2,0,0
182,173,Glenn Robinson,1996-97,November,Milwaukee Bucks,Vancouver Grizzlies,7,1,2,0,0,0,2
183,179,Elliot Perry,1996-97,November,Milwaukee Bucks,Vancouver Grizzlies,2,2,2,0,0,1,0
184,167,Johnny Newman,1996-97,November,Milwaukee Bucks,Vancouver Grizzlies,6,2,0,0,0,1,1
185,184,Johnny Newman,1996-97,November,Milwaukee Bucks,Vancouver Grizzlies,6,2,0,0,0,1,2
186,182,Glenn Robinson,1996-97,November,Milwaukee Bucks,Vancouver Grizzlies,7,1,2,0,0,0,3
187,170,Lee Mayberry,1996-97,November,Vancouver Grizzlies,Milwaukee Bucks,1,1,0,0,0,0,0
188,187,Lee Mayberry,1996-97,November,Vancouver Grizzlies,Milwaukee Bucks,2,1,0,0,0,0,0
189,64,Ray Allen,1996-97,November,Milwaukee Bucks,Vancouver Grizzlies,7,0,0,0,0,1,2
190,171,Shareef Abdur-Rahim,1996-97,November,Vancouver Grizzlies,Milwaukee Bucks,4,0,2,1,0,3,2
191,176,Armen Gilliam,1996-97,November,Milwaukee Bucks,Vancouver Grizzlies,7,0,3,0,2,2,1
192,183,Elliot Perry,1996-97,November,Milwaukee Bucks,Vancouver Grizzlies,4,2,2,0,0,1,0
193,191,Armen Gilliam,1996-97,November,Milwaukee Bucks,Vancouver Grizzlies,7,1,3,0,2,2,1
194,190,Shareef Abdur-Rahim,1996-97,November,Vancouver Grizzlies,Milwaukee Bucks,6,0,2,1,0,3,2
196,174,Bryant Reeves,1996-97,November,Vancouver Grizzlies,Milwaukee Bucks,2,1,6,0,0,1,2
197,194,Shareef Abdur-Rahim,1996-97,November,Vancouver Grizzlies,Milwaukee Bucks,8,0,2,1,0,3,2
198,188,Lee Mayberry,1996-97,November,Vancouver Grizzlies,Milwaukee Bucks,2,2,0,0,0,0,0
199,166,Anthony Peeler,1996-97,November,Vancouver Grizzlies,Milwaukee Bucks,2,2,2,0,1,0,1
200,189,Ray Allen,1996-97,November,Milwaukee Bucks,Vancouver Grizzlies,8,0,0,0,0,1,2
201,200,Ray Allen,1996-97,November,Milwaukee Bucks,Vancouver Grizzlies,9,0,0,0,0,1,2
202,193,Armen Gilliam,1996-97,November,Milwaukee Bucks,Vancouver Grizzlies,7,1,3,0,2,2,2
203,196,Bryant Reeves,1996-97,November,Vancouver Grizzlies,Milwaukee Bucks,3,1,6,0,0,1,2
205,164,Vin Baker,1996-97,November,Milwaukee Bucks,Vancouver Grizzlies,5,0,3,1,0,2,2
207,197,Shareef Abdur-Rahim,1996-97,November,Vancouver Grizzlies,Milwaukee Bucks,8,0,3,1,0,3,2
208,207,Shareef Abdur-Rahim,1996-97,November,Vancouver Grizzlies,Milwaukee Bucks,8,0,3,1,0,4,2
209,201,Ray Allen,1996-97,November,Milwaukee Bucks,Vancouver Grizzlies,9,0,0,0,1,1,2
210,209,Ray Allen,1996-97,November,Milwaukee Bucks,Vancouver Grizzlies,11,0,0,0,1,1,2
211,208,Shareef Abdur-Rahim,1996-97,November,Vancouver Grizzlies,Milwaukee Bucks,10,0,3,1,0,4,2
212,199,Anthony Peeler,1996-97,November,Vancouver Grizzlies,Milwaukee Bucks,2,3,2,0,1,0,1
213,205,Vin Baker,1996-97,November,Milwaukee Bucks,Vancouver Grizzlies,7,0,3,1,0,2,2
214,192,Elliot Perry,1996-97,November,Milwaukee Bucks,Vancouver Grizzlies,4,3,2,0,0,1,0
216,202,Armen Gilliam,1996-97,November,Milwaukee Bucks,Vancouver Grizzlies,7,1,3,1,2,2,2
217,213,Vin Baker,1996-97,November,Milwaukee Bucks,Vancouver Grizzlies,7,0,4,1,0,2,2
219,217,Vin Baker,1996-97,November,Milwaukee Bucks,Vancouver Grizzlies,7,0,5,1,0,2,2
221,186,Glenn Robinson,1996-97,November,Milwaukee Bucks,Vancouver Grizzlies,9,1,2,0,0,0,3
222,84,Sherman Douglas,1996-97,November,Milwaukee Bucks,Vancouver Grizzlies,4,5,3,0,1,1,0
224,210,Ray Allen,1996-97,November,Milwaukee Bucks,Vancouver Grizzlies,11,0,1,0,1,1,2
225,93,Greg Anthony,1996-97,November,Vancouver Grizzlies,Milwaukee Bucks,6,3,1,0,0,0,1
227,224,Ray Allen,1996-97,November,Milwaukee Bucks,Vancouver Grizzlies,12,0,1,0,1,1,2
228,225,Greg Anthony,1996-97,November,Vancouver Grizzlies,Milwaukee Bucks,6,3,1,0,0,1,1
229,219,Vin Baker,1996-97,November,Milwaukee Bucks,Vancouver Grizzlies,7,0,5,1,1,2,2
231,145,Eric Mobley,1996-97,November,Vancouver Grizzlies,Milwaukee Bucks,3,0,2,0,0,1,3
232,211,Shareef Abdur-Rahim,1996-97,November,Vancouver Grizzlies,Milwaukee Bucks,12,0,3,1,0,4,2
233,221,Glenn Robinson,1996-97,November,Milwaukee Bucks,Vancouver Grizzlies,11,1,2,0,0,0,3
234,222,Sherman Douglas,1996-97,November,Milwaukee Bucks,Vancouver Grizzlies,4,6,3,0,1,1,0
235,232,Shareef Abdur-Rahim,1996-97,November,Vancouver Grizzlies,Milwaukee Bucks,14,0,3,1,0,4,2
236,233,Glenn Robinson,1996-97,November,Milwaukee Bucks,Vancouver Grizzlies,13,1,2,0,0,0,3
237,234,Sherman Douglas,1996-97,November,Milwaukee Bucks,Vancouver Grizzlies,4,7,3,0,1,1,0
239,110,Andrew Lang,1996-97,November,Milwaukee Bucks,Vancouver Grizzlies,2,0,6,0,0,1,2
240,227,Ray Allen,1996-97,November,Milwaukee Bucks,Vancouver Grizzlies,14,0,1,0,1,1,2
241,236,Glenn Robinson,1996-97,November,Milwaukee Bucks,Vancouver Grizzlies,13,2,2,0,0,0,3
243,239,Andrew Lang,1996-97,November,Milwaukee Bucks,Vancouver Grizzlies,2,0,7,0,0,1,2
245,203,Bryant Reeves,1996-97,November,Vancouver Grizzlies,Milwaukee Bucks,3,1,7,0,0,1,2
246,237,Sherman Douglas,1996-97,November,Milwaukee Bucks,Vancouver Grizzlies,4,7,3,0,1,1,1
247,228,Greg Anthony,1996-97,November,Vancouver Grizzlies,Milwaukee Bucks,7,3,1,0,0,1,1
248,247,Greg Anthony,1996-97,November,Vancouver Grizzlies,Milwaukee Bucks,8,3,1,0,0,1,1
250,243,Andrew Lang,1996-97,November,Milwaukee Bucks,Vancouver Grizzlies,2,0,8,0,0,1,2
252,245,Bryant Reeves,1996-97,November,Vancouver Grizzlies,Milwaukee Bucks,3,1,8,0,0,1,2
254,241,Glenn Robinson,1996-97,November,Milwaukee Bucks,Vancouver Grizzlies,13,2,2,1,0,0,3
255,229,Vin Baker,1996-97,November,Milwaukee Bucks,Vancouver Grizzlies,7,0,6,1,1,2,2
256,255,Vin Baker,1996-97,November,Milwaukee Bucks,Vancouver Grizzlies,7,0,6,1,1,3,2
257,252,Bryant Reeves,1996-97,November,Vancouver Grizzlies,Milwaukee Bucks,3,1,8,0,1,1,2
258,231,Eric Mobley,1996-97,November,Vancouver Grizzlies,Milwaukee Bucks,5,0,2,0,0,1,3
259,257,Bryant Reeves,1996-97,November,Vancouver Grizzlies,Milwaukee Bucks,3,2,8,0,1,1,2
260,248,Greg Anthony,1996-97,November,Vancouver Grizzlies,Milwaukee Bucks,8,3,1,0,0,1,2
261,150,Blue Edwards,1996-97,November,Vancouver Grizzlies,Milwaukee Bucks,7,0,0,0,1,1,2
263,246,Sherman Douglas,1996-97,November,Milwaukee Bucks,Vancouver Grizzlies,4,7,4,0,1,1,1
266,258,Eric Mobley,1996-97,November,Vancouver Grizzlies,Milwaukee Bucks,5,0,3,0,0,1,3
267,266,Eric Mobley,1996-97,November,Vancouver Grizzlies,Milwaukee Bucks,5,0,3,0,0,2,3
268,250,Andrew Lang,1996-97,November,Milwaukee Bucks,Vancouver Grizzlies,2,0,8,0,1,1,2
270,263,Sherman Douglas,1996-97,November,Milwaukee Bucks,Vancouver Grizzlies,4,7,5,0,1,1,1
271,235,Shareef Abdur-Rahim,1996-97,November,Vancouver Grizzlies,Milwaukee Bucks,14,0,3,1,0,4,3
272,254,Glenn Robinson,1996-97,November,Milwaukee Bucks,Vancouver Grizzlies,14,2,2,1,0,0,3
273,272,Glenn Robinson,1996-97,November,Milwaukee Bucks,Vancouver Grizzlies,15,2,2,1,0,0,3
274,261,Blue Edwards,1996-97,November,Vancouver Grizzlies,Milwaukee Bucks,9,0,0,0,1,1,2
275,260,Greg Anthony,1996-97,November,Vancouver Grizzlies,Milwaukee Bucks,8,4,1,0,0,1,2
276,240,Ray Allen,1996-97,November,Milwaukee Bucks,Vancouver Grizzlies,14,0,1,0,1,1,3
277,276,Ray Allen,1996-97,November,Milwaukee Bucks,Vancouver Grizzlies,14,0,1,0,1,2,3
279,277,Ray Allen,1996-97,November,Milwaukee Bucks,Vancouver Grizzlies,14,0,2,0,1,2,3
280,274,Blue Edwards,1996-97,November,Vancouver Grizzlies,Milwaukee Bucks,9,0,0,0,1,1,3
281,270,Sherman Douglas,1996-97,November,Milwaukee Bucks,Vancouver Grizzlies,5,7,5,0,1,1,1
282,281,Sherman Douglas,1996-97,November,Milwaukee Bucks,Vancouver Grizzlies,6,7,5,0,1,1,1
284,259,Bryant Reeves,1996-97,November,Vancouver Grizzlies,Milwaukee Bucks,3,2,9,0,1,1,2
286,256,Vin Baker,1996-97,November,Milwaukee Bucks,Vancouver Grizzlies,7,0,7,1,1,3,2
288,282,Sherman Douglas,1996-97,November,Milwaukee Bucks,Vancouver Grizzlies,6,7,6,0,1,1,1
289,288,Sherman Douglas,1996-97,November,Milwaukee Bucks,Vancouver Grizzlies,6,7,6,0,1,2,1
290,284,Bryant Reeves,1996-97,November,Vancouver Grizzlies,Milwaukee Bucks,3,2,9,0,2,1,2
292,273,Glenn Robinson,1996-97,November,Milwaukee Bucks,Vancouver Grizzlies,15,2,2,2,0,0,3
293,292,Glenn Robinson,1996-97,November,Milwaukee Bucks,Vancouver Grizzlies,15,2,3,2,0,0,3
295,271,Shareef Abdur-Rahim,1996-97,November,Vancouver Grizzlies,Milwaukee Bucks,14,0,4,1,0,4,3
296,268,Andrew Lang,1996-97,November,Milwaukee Bucks,Vancouver Grizzlies,2,0,8,0,1,1,3
297,280,Blue Edwards,1996-97,November,Vancouver Grizzlies,Milwaukee Bucks,10,0,0,0,1,1,3
298,297,Blue Edwards,1996-97,November,Vancouver Grizzlies,Milwaukee Bucks,11,0,0,0,1,1,3
300,267,Eric Mobley,1996-97,November,Vancouver Grizzlies,Milwaukee Bucks,5,0,4,0,0,2,3
301,300,Eric Mobley,1996-97,November,Vancouver Grizzlies,Milwaukee Bucks,5,0,4,0,0,3,3
302,293,Glenn Robinson,1996-97,November,Milwaukee Bucks,Vancouver Grizzlies,15,2,3,2,1,0,3
304,290,Bryant Reeves,1996-97,November,Vancouver Grizzlies,Milwaukee Bucks,3,2,10,0,2,1,2
305,301,Eric Mobley,1996-97,November,Vancouver Grizzlies,Milwaukee Bucks,5,0,4,0,0,3,4
306,305,Eric Mobley,1996-97,November,Vancouver Grizzlies,Milwaukee Bucks,5,0,4,0,0,4,4
307,279,Ray Allen,1996-97,November,Milwaukee Bucks,Vancouver Grizzlies,14,0,2,0,1,3,3
308,275,Greg Anthony,1996-97,November,Vancouver Grizzlies,Milwaukee Bucks,8,4,1,0,1,1,2
309,295,Shareef Abdur-Rahim,1996-97,November,Vancouver Grizzlies,Milwaukee Bucks,16,0,4,1,0,4,3
310,308,Greg Anthony,1996-97,November,Vancouver Grizzlies,Milwaukee Bucks,8,5,1,0,1,1,2
311,302,Glenn Robinson,1996-97,November,Milwaukee Bucks,Vancouver Grizzlies,18,2,3,2,1,0,3
312,310,Greg Anthony,1996-97,November,Vancouver Grizzlies,Milwaukee Bucks,10,5,1,0,1,1,2
313,307,Ray Allen,1996-97,November,Milwaukee Bucks,Vancouver Grizzlies,16,0,2,0,1,3,3
314,289,Sherman Douglas,1996-97,November,Milwaukee Bucks,Vancouver Grizzlies,6,8,6,0,1,2,1
316,311,Glenn Robinson,1996-97,November,Milwaukee Bucks,Vancouver Grizzlies,18,2,4,2,1,0,3
317,314,Sherman Douglas,1996-97,November,Milwaukee Bucks,Vancouver Grizzlies,6,8,6,0,1,3,1
319,286,Vin Baker,1996-97,November,Milwaukee Bucks,Vancouver Grizzlies,7,0,7,2,1,3,2
321,121,Roy Rogers,1996-97,November,Vancouver Grizzlies,Milwaukee Bucks,2,0,1,0,1,4,2
323,316,Glenn Robinson,1996-97,November,Milwaukee Bucks,Vancouver Grizzlies,18,2,5,2,1,0,3
324,321,Roy Rogers,1996-97,November,Vancouver Grizzlies,Milwaukee Bucks,2,0,1,0,1,4,3
327,324,Roy Rogers,1996-97,November,Vancouver Grizzlies,Milwaukee Bucks,2,0,2,0,1,4,3
328,327,Roy Rogers,1996-97,November,Vancouver Grizzlies,Milwaukee Bucks,4,0,2,0,1,4,3
329,304,Bryant Reeves,1996-97,November,Vancouver Grizzlies,Milwaukee Bucks,3,3,10,0,2,1,2
331,328,Roy Rogers,1996-97,November,Vancouver Grizzlies,Milwaukee Bucks,4,0,3,0,1,4,3
332,329,Bryant Reeves,1996-97,November,Vancouver Grizzlies,Milwaukee Bucks,3,3,10,0,2,2,2
333,298,Blue Edwards,1996-97,November,Vancouver Grizzlies,Milwaukee Bucks,11,0,0,0,1,1,4
334,313,Ray Allen,1996-97,November,Milwaukee Bucks,Vancouver Grizzlies,17,0,2,0,1,3,3
335,334,Ray Allen,1996-97,November,Milwaukee Bucks,Vancouver Grizzlies,18,0,2,0,1,3,3
337,198,Lee Mayberry,1996-97,November,Vancouver Grizzlies,Milwaukee Bucks,2,2,1,0,0,0,0
338,337,Lee Mayberry,1996-97,November,Vancouver Grizzlies,Milwaukee Bucks,4,2,1,0,0,0,0
339,319,Vin Baker,1996-97,November,Milwaukee Bucks,Vancouver Grizzlies,9,0,7,2,1,3,2
340,214,Elliot Perry,1996-97,November,Milwaukee Bucks,Vancouver Grizzlies,4,4,2,0,0,1,0
341,331,Roy Rogers,1996-97,November,Vancouver Grizzlies,Milwaukee Bucks,4,0,3,0,1,4,4
342,339,Vin Baker,1996-97,November,Milwaukee Bucks,Vancouver Grizzlies,10,0,7,2,1,3,2
344,180,George Lynch,1996-97,November,Vancouver Grizzlies,Milwaukee Bucks,4,1,3,0,2,0,0
345,341,Roy Rogers,1996-97,November,Vancouver Grizzlies,Milwaukee Bucks,6,0,3,0,1,4,4
347,338,Lee Mayberry,1996-97,November,Vancouver Grizzlies,Milwaukee Bucks,4,2,2,0,0,0,0
350,342,Vin Baker,1996-97,November,Milwaukee Bucks,Vancouver Grizzlies,10,0,8,2,1,3,2
351,350,Vin Baker,1996-97,November,Milwaukee Bucks,Vancouver Grizzlies,12,0,8,2,1,3,2
352,335,Ray Allen,1996-97,November,Milwaukee Bucks,Vancouver Grizzlies,18,1,2,0,1,3,3
353,347,Lee Mayberry,1996-97,November,Vancouver Grizzlies,Milwaukee Bucks,6,2,2,0,0,0,0
354,212,Anthony Peeler,1996-97,November,Vancouver Grizzlies,Milwaukee Bucks,2,4,2,0,1,0,1
355,354,Anthony Peeler,1996-97,November,Vancouver Grizzlies,Milwaukee Bucks,2,4,2,0,1,0,2
356,351,Vin Baker,1996-97,November,Milwaukee Bucks,Vancouver Grizzlies,12,0,8,2,1,3,3
357,356,Vin Baker,1996-97,November,Milwaukee Bucks,Vancouver Grizzlies,12,0,8,2,1,4,3
359,357,Vin Baker,1996-97,November,Milwaukee Bucks,Vancouver Grizzlies,12,0,9,2,1,4,3
360,344,George Lynch,1996-97,November,Vancouver Grizzlies,Milwaukee Bucks,4,1,3,0,2,0,1
361,185,Johnny Newman,1996-97,November,Milwaukee Bucks,Vancouver Grizzlies,7,2,0,0,0,1,2
362,361,Johnny Newman,1996-97,November,Milwaukee Bucks,Vancouver Grizzlies,8,2,0,0,0,1,2
364,360,George Lynch,1996-97,November,Vancouver Grizzlies,Milwaukee Bucks,4,1,4,0,2,0,1
365,362,Johnny Newman,1996-97,November,Milwaukee Bucks,Vancouver Grizzlies,8,2,0,0,0,1,3
366,355,Anthony Peeler,1996-97,November,Vancouver Grizzlies,Milwaukee Bucks,2,4,2,0,1,1,2
367,340,Elliot Perry,1996-97,November,Milwaukee Bucks,Vancouver Grizzlies,4,4,2,0,1,1,0
369,216,Armen Gilliam,1996-97,November,Milwaukee Bucks,Vancouver Grizzlies,7,1,4,1,2,2,2
371,359,Vin Baker,1996-97,November,Milwaukee Bucks,Vancouver Grizzlies,12,0,10,2,1,4,3
372,371,Vin Baker,1996-97,November,Milwaukee Bucks,Vancouver Grizzlies,14,0,10,2,1,4,3
374,345,Roy Rogers,1996-97,November,Vancouver Grizzlies,Milwaukee Bucks,6,0,4,0,1,4,4
375,309,Shareef Abdur-Rahim,1996-97,November,Vancouver Grizzlies,Milwaukee Bucks,18,0,4,1,0,4,3
377,372,Vin Baker,1996-97,November,Milwaukee Bucks,Vancouver Grizzlies,14,0,11,2,1,4,3
379,369,Armen Gilliam,1996-97,November,Milwaukee Bucks,Vancouver Grizzlies,7,1,5,1,2,2,2
380,379,Armen Gilliam,1996-97,November,Milwaukee Bucks,Vancouver Grizzlies,9,1,5,1,2,2,2
381,364,George Lynch,1996-97,November,Vancouver Grizzlies,Milwaukee Bucks,6,1,4,0,2,0,1
382,381,George Lynch,1996-97,November,Vancouver Grizzlies,Milwaukee Bucks,6,1,4,0,2,0,2
383,365,Johnny Newman,1996-97,November,Milwaukee Bucks,Vancouver Grizzlies,9,2,0,0,0,1,3
384,383,Johnny Newman,1996-97,November,Milwaukee Bucks,Vancouver Grizzlies,10,2,0,0,0,1,3
385,382,George Lynch,1996-97,November,Vancouver Grizzlies,Milwaukee Bucks,6,1,4,0,2,1,2
386,377,Vin Baker,1996-97,November,Milwaukee Bucks,Vancouver Grizzlies,14,0,11,2,2,4,3
387,374,Roy Rogers,1996-97,November,Vancouver Grizzlies,Milwaukee Bucks,6,0,4,0,1,4,5
388,386,Vin Baker,1996-97,November,Milwaukee Bucks,Vancouver Grizzlies,15,0,11,2,2,4,3
389,388,Vin Baker,1996-97,November,Milwaukee Bucks,Vancouver Grizzlies,16,0,11,2,2,4,3
390,332,Bryant Reeves,1996-97,November,Vancouver Grizzlies,Milwaukee Bucks,3,3,10,0,2,3,2
391,367,Elliot Perry,1996-97,November,Milwaukee Bucks,Vancouver Grizzlies,6,4,2,0,1,1,0
392,384,Johnny Newman,1996-97,November,Milwaukee Bucks,Vancouver Grizzlies,10,3,0,0,0,1,3
393,392,Johnny Newman,1996-97,November,Milwaukee Bucks,Vancouver Grizzlies,10,3,0,0,0,1,4
395,333,Blue Edwards,1996-97,November,Vancouver Grizzlies,Milwaukee Bucks,12,0,0,0,1,1,4
396,389,Vin Baker,1996-97,November,Milwaukee Bucks,Vancouver Grizzlies,16,0,11,2,2,5,3
397,0,Lawrence Moten,1996-97,November,Vancouver Grizzlies,Milwaukee Bucks,0,0,0,0,1,0,0
398,395,Blue Edwards,1996-97,November,Vancouver Grizzlies,Milwaukee Bucks,14,0,0,0,1,1,4
399,397,Lawrence Moten,1996-97,November,Vancouver Grizzlies,Milwaukee Bucks,0,1,0,0,1,0,0
401,380,Armen Gilliam,1996-97,November,Milwaukee Bucks,Vancouver Grizzlies,9,1,6,1,2,2,2
402,390,Bryant Reeves,1996-97,November,Vancouver Grizzlies,Milwaukee Bucks,3,3,10,0,2,3,3
403,401,Armen Gilliam,1996-97,November,Milwaukee Bucks,Vancouver Grizzlies,10,1,6,1,2,2,2
404,403,Armen Gilliam,1996-97,November,Milwaukee Bucks,Vancouver Grizzlies,11,1,6,1,2,2,2
405,399,Lawrence Moten,1996-97,November,Vancouver Grizzlies,Milwaukee Bucks,0,1,0,0,1,1,0
406,404,Armen Gilliam,1996-97,November,Milwaukee Bucks,Vancouver Grizzlies,11,1,6,1,3,2,2
407,402,Bryant Reeves,1996-97,November,Vancouver Grizzlies,Milwaukee Bucks,3,3,10,0,2,3,4
408,406,Armen Gilliam,1996-97,November,Milwaukee Bucks,Vancouver Grizzlies,12,1,6,1,3,2,2
409,408,Armen Gilliam,1996-97,November,Milwaukee Bucks,Vancouver Grizzlies,13,1,6,1,3,2,2
410,398,Blue Edwards,1996-97,November,Vancouver Grizzlies,Milwaukee Bucks,16,0,0,0,1,1,4
411,312,Greg Anthony,1996-97,November,Vancouver Grizzlies,Milwaukee Bucks,10,6,1,0,1,1,2
413,407,Bryant Reeves,1996-97,November,Vancouver Grizzlies,Milwaukee Bucks,3,3,11,0,2,3,4
414,405,Lawrence Moten,1996-97,November,Vancouver Grizzlies,Milwaukee Bucks,2,1,0,0,1,1,0
415,411,Greg Anthony,1996-97,November,Vancouver Grizzlies,Milwaukee Bucks,10,7,1,0,1,1,2
416,414,Lawrence Moten,1996-97,November,Vancouver Grizzlies,Milwaukee Bucks,2,1,0,0,1,1,1
417,393,Johnny Newman,1996-97,November,Milwaukee Bucks,Vancouver Grizzlies,11,3,0,0,0,1,4
418,417,Johnny Newman,1996-97,November,Milwaukee Bucks,Vancouver Grizzlies,12,3,0,0,0,1,4
419,410,Blue Edwards,1996-97,November,Vancouver Grizzlies,Milwaukee Bucks,18,0,0,0,1,1,4
420,323,Glenn Robinson,1996-97,November,Milwaukee Bucks,Vancouver Grizzlies,18,2,5,2,1,1,3
421,415,Greg Anthony,1996-97,November,Vancouver Grizzlies,Milwaukee Bucks,12,7,1,0,1,1,2
422,409,Armen Gilliam,1996-97,November,Milwaukee Bucks,Vancouver Grizzlies,15,1,6,1,3,2,2
423,418,Johnny Newman,1996-97,November,Milwaukee Bucks,Vancouver Grizzlies,12,4,0,0,0,1,4
424,419,Blue Edwards,1996-97,November,Vancouver Grizzlies,Milwaukee Bucks,18,0,0,0,1,2,4
425,423,Johnny Newman,1996-97,November,Milwaukee Bucks,Vancouver Grizzlies,14,4,0,0,0,1,4
426,396,Vin Baker,1996-97,November,Milwaukee Bucks,Vancouver Grizzlies,16,1,11,2,2,5,3
428,426,Vin Baker,1996-97,November,Milwaukee Bucks,Vancouver Grizzlies,18,1,11,2,2,5,3
429,425,Johnny Newman,1996-97,November,Milwaukee Bucks,Vancouver Grizzlies,14,5,0,0,0,1,4
430,416,Lawrence Moten,1996-97,November,Vancouver Grizzlies,Milwaukee Bucks,5,1,0,0,1,1,1
431,353,Lee Mayberry,1996-97,November,Vancouver Grizzlies,Milwaukee Bucks,6,3,2,0,0,0,0
432,391,Elliot Perry,1996-97,November,Milwaukee Bucks,Vancouver Grizzlies,8,4,2,0,1,1,0
433,430,Lawrence Moten,1996-97,November,Vancouver Grizzlies,Milwaukee Bucks,7,1,0,0,1,1,1
434,428,Vin Baker,1996-97,November,Milwaukee Bucks,Vancouver Grizzlies,20,1,11,2,2,5,3
435,432,Elliot Perry,1996-97,November,Milwaukee Bucks,Vancouver Grizzlies,8,5,2,0,1,1,0
436,435,Elliot Perry,1996-97,November,Milwaukee Bucks,Vancouver Grizzlies,8,5,2,0,1,1,1
437,385,George Lynch,1996-97,November,Vancouver Grizzlies,Milwaukee Bucks,8,1,4,0,2,1,2
438,306,Eric Mobley,1996-97,November,Vancouver Grizzlies,Milwaukee Bucks,5,1,4,0,0,4,4
439,436,Elliot Perry,1996-97,November,Milwaukee Bucks,Vancouver Grizzlies,8,5,2,0,1,2,1
441,128,Joe Wolf,1996-97,November,Milwaukee Bucks,Vancouver Grizzlies,2,0,2,0,0,0,1
442,0,Shawn Respert,1996-97,November,Milwaukee Bucks,Vancouver Grizzlies,0,0,0,0,0,1,0
444,438,Eric Mobley,1996-97,November,Vancouver Grizzlies,Milwaukee Bucks,5,1,5,0,0,4,4
445,444,Eric Mobley,1996-97,November,Vancouver Grizzlies,Milwaukee Bucks,7,1,5,0,0,4,4
446,422,Armen Gilliam,1996-97,November,Milwaukee Bucks,Vancouver Grizzlies,15,1,6,1,3,2,3
448,439,Elliot Perry,1996-97,November,Milwaukee Bucks,Vancouver Grizzlies,8,5,3,0,1,2,1
450,437,George Lynch,1996-97,November,Vancouver Grizzlies,Milwaukee Bucks,8,1,5,0,2,1,2
451,450,George Lynch,1996-97,November,Vancouver Grizzlies,Milwaukee Bucks,8,1,5,0,2,2,2
452,352,Ray Allen,1996-97,November,Milwaukee Bucks,Vancouver Grizzlies,20,1,2,0,1,3,3
453,448,Elliot Perry,1996-97,November,Milwaukee Bucks,Vancouver Grizzlies,8,6,3,0,1,2,1
454,431,Lee Mayberry,1996-97,November,Vancouver Grizzlies,Milwaukee Bucks,8,3,2,0,0,0,0
