id,previous_id,player,season,month,team,opponent_team,points,assists,rebounds,blocks,steals,turnovers,personal fouls
2,0,Danny Ferry,1997-96,January,Cleveland Cavaliers,Indiana Pacers,0,0,1,0,0,0,0
3,0,Terrell Brandon,1997-96,January,Cleveland Cavaliers,Indiana Pacers,2,0,0,0,0,0,0
4,0,Rik Smits,1997-96,January,Indiana Pacers,Cleveland Cavaliers,0,0,0,0,0,1,0
5,3,Terrell Brandon,1997-96,January,Indiana Pacers,Cleveland Cavaliers,2,0,0,0,1,0,0
6,5,Terrell Brandon,1997-96,January,Cleveland Cavaliers,Indiana Pacers,4,0,0,0,1,0,0
8,0,Tyrone Hill,1997-96,January,Cleveland Cavaliers,Indiana Pacers,0,0,1,0,0,0,0
10,0,Derrick McKey,1997-96,January,Indiana Pacers,Cleveland Cavaliers,0,0,1,0,0,0,0
12,2,Danny Ferry,1997-96,January,Indiana Pacers,Cleveland Cavaliers,0,0,1,1,0,0,0
13,12,Danny Ferry,1997-96,January,Cleveland Cavaliers,Indiana Pacers,0,0,2,1,0,0,0
14,10,Derrick McKey,1997-96,January,Indiana Pacers,Cleveland Cavaliers,0,0,1,0,0,0,1
16,0,Dale Davis,1997-96,January,Indiana Pacers,Cleveland Cavaliers,0,0,1,0,0,0,0
17,14,Derrick McKey,1997-96,January,Indiana Pacers,Cleveland Cavaliers,0,0,1,0,0,1,1
18,6,Terrell Brandon,1997-96,January,Cleveland Cavaliers,Indiana Pacers,6,0,0,0,1,0,0
20,13,Danny Ferry,1997-96,January,Cleveland Cavaliers,Indiana Pacers,0,0,3,1,0,0,0
21,20,Danny Ferry,1997-96,January,Cleveland Cavaliers,Indiana Pacers,2,0,3,1,0,0,0
22,18,Terrell Brandon,1997-96,January,Cleveland Cavaliers,Indiana Pacers,6,1,0,0,1,0,0
23,0,Bobby Phills,1997-96,January,Cleveland Cavaliers,Indiana Pacers,0,0,0,0,0,0,1
24,0,Jalen Rose,1997-96,January,Indiana Pacers,Cleveland Cavaliers,1,0,0,0,0,0,0
25,24,Jalen Rose,1997-96,January,Indiana Pacers,Cleveland Cavaliers,2,0,0,0,0,0,0
26,8,Tyrone Hill,1997-96,January,Cleveland Cavaliers,Indiana Pacers,2,0,1,0,0,0,0
27,21,Danny Ferry,1997-96,January,Cleveland Cavaliers,Indiana Pacers,2,1,3,1,0,0,0
29,0,Chris Mills,1997-96,January,Cleveland Cavaliers,Indiana Pacers,0,0,1,0,0,0,0
30,22,Terrell Brandon,1997-96,January,Cleveland Cavaliers,Indiana Pacers,6,1,0,0,1,1,0
31,0,Travis Best,1997-96,January,Cleveland Cavaliers,Indiana Pacers,0,0,0,0,1,0,0
32,17,Derrick McKey,1997-96,January,Indiana Pacers,Cleveland Cavaliers,2,0,1,0,0,1,1
33,25,Jalen Rose,1997-96,January,Indiana Pacers,Cleveland Cavaliers,2,1,0,0,0,0,0
34,33,Jalen Rose,1997-96,January,Indiana Pacers,Cleveland Cavaliers,2,1,0,0,0,0,1
36,34,Jalen Rose,1997-96,January,Indiana Pacers,Cleveland Cavaliers,2,1,1,0,0,0,1
37,31,Travis Best,1997-96,January,Indiana Pacers,Cleveland Cavaliers,2,0,0,0,1,0,0
38,16,Dale Davis,1997-96,January,Indiana Pacers,Cleveland Cavaliers,0,0,1,0,0,0,1
41,4,Rik Smits,1997-96,January,Indiana Pacers,Cleveland Cavaliers,0,0,1,0,0,1,0
42,32,Derrick McKey,1997-96,January,Indiana Pacers,Cleveland Cavaliers,4,0,1,0,0,1,1
44,26,Tyrone Hill,1997-96,January,Cleveland Cavaliers,Indiana Pacers,2,0,2,0,0,0,0
45,29,Chris Mills,1997-96,January,Cleveland Cavaliers,Indiana Pacers,3,0,1,0,0,0,0
46,30,Terrell Brandon,1997-96,January,Cleveland Cavaliers,Indiana Pacers,6,2,0,0,1,1,0
47,36,Jalen Rose,1997-96,January,Indiana Pacers,Cleveland Cavaliers,2,1,1,0,0,1,1
48,23,Bobby Phills,1997-96,January,Indiana Pacers,Cleveland Cavaliers,0,0,0,0,1,0,1
49,46,Terrell Brandon,1997-96,January,Cleveland Cavaliers,Indiana Pacers,8,2,0,0,1,1,0
50,38,Dale Davis,1997-96,January,Indiana Pacers,Cleveland Cavaliers,2,0,1,0,0,0,1
51,47,Jalen Rose,1997-96,January,Indiana Pacers,Cleveland Cavaliers,2,2,1,0,0,1,1
52,44,Tyrone Hill,1997-96,January,Cleveland Cavaliers,Indiana Pacers,4,0,2,0,0,0,0
53,49,Terrell Brandon,1997-96,January,Cleveland Cavaliers,Indiana Pacers,8,3,0,0,1,1,0
55,53,Terrell Brandon,1997-96,January,Cleveland Cavaliers,Indiana Pacers,8,3,1,0,1,1,0
57,48,Bobby Phills,1997-96,January,Cleveland Cavaliers,Indiana Pacers,0,0,1,0,1,0,1
59,51,Jalen Rose,1997-96,January,Indiana Pacers,Cleveland Cavaliers,2,2,2,0,0,1,1
60,27,Danny Ferry,1997-96,January,Cleveland Cavaliers,Indiana Pacers,2,1,3,1,0,0,1
61,52,Tyrone Hill,1997-96,January,Cleveland Cavaliers,Indiana Pacers,4,0,2,0,0,0,1
64,61,Tyrone Hill,1997-96,January,Cleveland Cavaliers,Indiana Pacers,4,0,3,0,0,0,1
65,64,Tyrone Hill,1997-96,January,Cleveland Cavaliers,Indiana Pacers,6,0,3,0,0,0,1
66,41,Rik Smits,1997-96,January,Indiana Pacers,Cleveland Cavaliers,0,0,1,0,0,2,0
68,0,Antonio Davis,1997-96,January,Indiana Pacers,Cleveland Cavaliers,0,0,1,0,0,0,0
70,65,Tyrone Hill,1997-96,January,Cleveland Cavaliers,Indiana Pacers,6,0,4,0,0,0,1
71,70,Tyrone Hill,1997-96,January,Cleveland Cavaliers,Indiana Pacers,8,0,4,0,0,0,1
72,0,Bob Sura,1997-96,January,Cleveland Cavaliers,Indiana Pacers,0,1,0,0,0,0,0
73,50,Dale Davis,1997-96,January,Indiana Pacers,Cleveland Cavaliers,4,0,1,0,0,0,1
74,72,Bob Sura,1997-96,January,Cleveland Cavaliers,Indiana Pacers,0,1,0,0,0,0,1
75,74,Bob Sura,1997-96,January,Cleveland Cavaliers,Indiana Pacers,0,1,0,0,0,1,1
76,73,Dale Davis,1997-96,January,Indiana Pacers,Cleveland Cavaliers,6,0,1,0,0,0,1
77,0,Eddie Johnson,1997-96,January,Indiana Pacers,Cleveland Cavaliers,0,1,0,0,0,0,0
79,76,Dale Davis,1997-96,January,Indiana Pacers,Cleveland Cavaliers,6,0,2,0,0,0,1
81,57,Bobby Phills,1997-96,January,Cleveland Cavaliers,Indiana Pacers,0,0,2,0,1,0,1
83,60,Danny Ferry,1997-96,January,Cleveland Cavaliers,Indiana Pacers,4,1,3,1,0,0,1
85,45,Chris Mills,1997-96,January,Cleveland Cavaliers,Indiana Pacers,3,0,2,0,0,0,0
87,59,Jalen Rose,1997-96,January,Indiana Pacers,Cleveland Cavaliers,2,2,2,0,0,1,2
88,87,Jalen Rose,1997-96,January,Indiana Pacers,Cleveland Cavaliers,2,2,2,0,0,2,2
89,0,Vitaly Potapenko,1997-96,January,Cleveland Cavaliers,Indiana Pacers,0,0,0,0,0,1,0
90,79,Dale Davis,1997-96,January,Cleveland Cavaliers,Indiana Pacers,6,0,2,0,1,0,1
92,85,Chris Mills,1997-96,January,Cleveland Cavaliers,Indiana Pacers,3,0,3,0,0,0,0
93,0,Mark West,1997-96,January,Cleveland Cavaliers,Indiana Pacers,2,0,0,0,0,0,0
94,75,Bob Sura,1997-96,January,Cleveland Cavaliers,Indiana Pacers,0,2,0,0,0,1,1
96,68,Antonio Davis,1997-96,January,Indiana Pacers,Cleveland Cavaliers,0,0,2,0,0,0,0
97,93,Mark West,1997-96,January,Cleveland Cavaliers,Indiana Pacers,2,0,0,0,0,0,1
98,96,Antonio Davis,1997-96,January,Indiana Pacers,Cleveland Cavaliers,1,0,2,0,0,0,0
99,98,Antonio Davis,1997-96,January,Indiana Pacers,Cleveland Cavaliers,2,0,2,0,0,0,0
100,94,Bob Sura,1997-96,January,Cleveland Cavaliers,Indiana Pacers,2,2,0,0,0,1,1
101,77,Eddie Johnson,1997-96,January,Indiana Pacers,Cleveland Cavaliers,1,1,0,0,0,0,0
103,92,Chris Mills,1997-96,January,Indiana Pacers,Cleveland Cavaliers,3,0,3,1,0,0,0
104,97,Mark West,1997-96,January,Cleveland Cavaliers,Indiana Pacers,2,0,1,0,0,0,1
105,89,Vitaly Potapenko,1997-96,January,Cleveland Cavaliers,Indiana Pacers,0,0,0,0,0,2,0
106,66,Rik Smits,1997-96,January,Indiana Pacers,Cleveland Cavaliers,2,0,1,0,0,2,0
107,101,Eddie Johnson,1997-96,January,Indiana Pacers,Cleveland Cavaliers,1,2,0,0,0,0,0
109,105,Vitaly Potapenko,1997-96,January,Cleveland Cavaliers,Indiana Pacers,0,0,1,0,0,2,0
111,109,Vitaly Potapenko,1997-96,January,Cleveland Cavaliers,Indiana Pacers,0,0,2,0,0,2,0
112,0,Vincent Askew,1997-96,January,Indiana Pacers,Cleveland Cavaliers,0,0,0,0,0,0,1
115,90,Dale Davis,1997-96,January,Indiana Pacers,Cleveland Cavaliers,6,0,3,0,1,0,1
116,106,Rik Smits,1997-96,January,Indiana Pacers,Cleveland Cavaliers,2,0,1,0,0,3,0
117,111,Vitaly Potapenko,1997-96,January,Cleveland Cavaliers,Indiana Pacers,2,0,2,0,0,2,0
118,100,Bob Sura,1997-96,January,Cleveland Cavaliers,Indiana Pacers,2,3,0,0,0,1,1
119,115,Dale Davis,1997-96,January,Indiana Pacers,Cleveland Cavaliers,8,0,3,0,1,0,1
120,107,Eddie Johnson,1997-96,January,Indiana Pacers,Cleveland Cavaliers,1,3,0,0,0,0,0
121,117,Vitaly Potapenko,1997-96,January,Cleveland Cavaliers,Indiana Pacers,4,0,2,0,0,2,0
122,118,Bob Sura,1997-96,January,Cleveland Cavaliers,Indiana Pacers,2,4,0,0,0,1,1
124,104,Mark West,1997-96,January,Indiana Pacers,Cleveland Cavaliers,2,0,1,1,0,0,1
125,124,Mark West,1997-96,January,Cleveland Cavaliers,Indiana Pacers,2,0,1,1,0,0,2
127,55,Terrell Brandon,1997-96,January,Indiana Pacers,Cleveland Cavaliers,8,3,1,1,1,1,0
128,125,Mark West,1997-96,January,Cleveland Cavaliers,Indiana Pacers,2,0,2,1,0,0,2
129,103,Chris Mills,1997-96,January,Cleveland Cavaliers,Indiana Pacers,6,0,3,1,0,0,0
130,127,Terrell Brandon,1997-96,January,Cleveland Cavaliers,Indiana Pacers,8,4,1,1,1,1,0
132,122,Bob Sura,1997-96,January,Cleveland Cavaliers,Indiana Pacers,2,4,1,0,0,1,1
134,119,Dale Davis,1997-96,January,Cleveland Cavaliers,Indiana Pacers,8,0,3,1,1,0,1
135,128,Mark West,1997-96,January,Cleveland Cavaliers,Indiana Pacers,2,0,3,1,0,0,2
136,135,Mark West,1997-96,January,Cleveland Cavaliers,Indiana Pacers,4,0,3,1,0,0,2
137,134,Dale Davis,1997-96,January,Indiana Pacers,Cleveland Cavaliers,10,0,3,1,1,0,1
138,0,Jerome Allen,1997-96,January,Indiana Pacers,Cleveland Cavaliers,0,1,0,0,0,0,0
140,116,Rik Smits,1997-96,January,Indiana Pacers,Cleveland Cavaliers,2,0,2,0,0,3,0
141,130,Terrell Brandon,1997-96,January,Cleveland Cavaliers,Indiana Pacers,8,4,1,1,1,1,1
142,0,Duane Ferrell,1997-96,January,Indiana Pacers,Cleveland Cavaliers,0,0,0,0,0,1,0
143,37,Travis Best,1997-96,January,Indiana Pacers,Cleveland Cavaliers,2,0,0,0,1,0,1
145,99,Antonio Davis,1997-96,January,Indiana Pacers,Cleveland Cavaliers,2,0,3,0,0,0,0
146,132,Bob Sura,1997-96,January,Cleveland Cavaliers,Indiana Pacers,2,4,1,0,0,1,2
147,88,Jalen Rose,1997-96,January,Indiana Pacers,Cleveland Cavaliers,4,2,2,0,0,2,2
149,143,Travis Best,1997-96,January,Indiana Pacers,Cleveland Cavaliers,2,0,1,0,1,0,1
150,147,Jalen Rose,1997-96,January,Indiana Pacers,Cleveland Cavaliers,6,2,2,0,0,2,2
151,149,Travis Best,1997-96,January,Indiana Pacers,Cleveland Cavaliers,2,1,1,0,1,0,1
152,71,Tyrone Hill,1997-96,January,Cleveland Cavaliers,Indiana Pacers,8,0,4,0,0,0,2
153,42,Derrick McKey,1997-96,January,Indiana Pacers,Cleveland Cavaliers,5,0,1,0,0,1,1
154,153,Derrick McKey,1997-96,January,Indiana Pacers,Cleveland Cavaliers,6,0,1,0,0,1,1
155,152,Tyrone Hill,1997-96,January,Cleveland Cavaliers,Indiana Pacers,10,0,4,0,0,0,2
157,83,Danny Ferry,1997-96,January,Indiana Pacers,Cleveland Cavaliers,4,1,3,2,0,0,1
158,151,Travis Best,1997-96,January,Indiana Pacers,Cleveland Cavaliers,2,1,1,0,1,0,2
160,154,Derrick McKey,1997-96,January,Indiana Pacers,Cleveland Cavaliers,6,0,2,0,0,1,1
162,157,Danny Ferry,1997-96,January,Cleveland Cavaliers,Indiana Pacers,4,1,4,2,0,0,1
163,162,Danny Ferry,1997-96,January,Cleveland Cavaliers,Indiana Pacers,7,1,4,2,0,0,1
164,141,Terrell Brandon,1997-96,January,Cleveland Cavaliers,Indiana Pacers,8,5,1,1,1,1,1
166,160,Derrick McKey,1997-96,January,Indiana Pacers,Cleveland Cavaliers,6,0,3,0,0,1,1
169,81,Bobby Phills,1997-96,January,Cleveland Cavaliers,Indiana Pacers,0,0,3,0,1,0,1
170,129,Chris Mills,1997-96,January,Cleveland Cavaliers,Indiana Pacers,8,0,3,1,0,0,0
171,164,Terrell Brandon,1997-96,January,Cleveland Cavaliers,Indiana Pacers,8,6,1,1,1,1,1
172,163,Danny Ferry,1997-96,January,Cleveland Cavaliers,Indiana Pacers,7,1,4,2,0,0,2
174,166,Derrick McKey,1997-96,January,Indiana Pacers,Cleveland Cavaliers,7,0,3,0,0,1,1
176,145,Antonio Davis,1997-96,January,Indiana Pacers,Cleveland Cavaliers,2,0,4,0,0,0,0
177,150,Jalen Rose,1997-96,January,Indiana Pacers,Cleveland Cavaliers,8,2,2,0,0,2,2
179,155,Tyrone Hill,1997-96,January,Cleveland Cavaliers,Indiana Pacers,12,0,4,0,0,0,2
180,171,Terrell Brandon,1997-96,January,Cleveland Cavaliers,Indiana Pacers,8,7,1,1,1,1,1
181,137,Dale Davis,1997-96,January,Indiana Pacers,Cleveland Cavaliers,10,0,3,1,1,0,2
182,179,Tyrone Hill,1997-96,January,Cleveland Cavaliers,Indiana Pacers,13,0,4,0,0,0,2
184,172,Danny Ferry,1997-96,January,Cleveland Cavaliers,Indiana Pacers,7,1,4,2,0,0,3
186,180,Terrell Brandon,1997-96,January,Cleveland Cavaliers,Indiana Pacers,8,7,2,1,1,1,1
188,140,Rik Smits,1997-96,January,Cleveland Cavaliers,Indiana Pacers,2,0,2,1,0,3,0
189,188,Rik Smits,1997-96,January,Indiana Pacers,Cleveland Cavaliers,2,0,3,1,0,3,0
190,174,Derrick McKey,1997-96,January,Indiana Pacers,Cleveland Cavaliers,9,0,3,0,0,1,1
191,182,Tyrone Hill,1997-96,January,Cleveland Cavaliers,Indiana Pacers,15,0,4,0,0,0,2
192,170,Chris Mills,1997-96,January,Cleveland Cavaliers,Indiana Pacers,8,1,3,1,0,0,0
193,181,Dale Davis,1997-96,January,Indiana Pacers,Cleveland Cavaliers,12,0,3,1,1,0,2
195,158,Travis Best,1997-96,January,Indiana Pacers,Cleveland Cavaliers,2,1,2,0,1,0,2
197,193,Dale Davis,1997-96,January,Indiana Pacers,Cleveland Cavaliers,12,0,4,1,1,0,2
198,197,Dale Davis,1997-96,January,Indiana Pacers,Cleveland Cavaliers,14,0,4,1,1,0,2
199,184,Danny Ferry,1997-96,January,Cleveland Cavaliers,Indiana Pacers,9,1,4,2,0,0,3
200,169,Bobby Phills,1997-96,January,Cleveland Cavaliers,Indiana Pacers,0,1,3,0,1,0,1
201,192,Chris Mills,1997-96,January,Cleveland Cavaliers,Indiana Pacers,8,1,3,1,0,0,1
202,177,Jalen Rose,1997-96,January,Indiana Pacers,Cleveland Cavaliers,9,2,2,0,0,2,2
203,202,Jalen Rose,1997-96,January,Indiana Pacers,Cleveland Cavaliers,10,2,2,0,0,2,2
205,195,Travis Best,1997-96,January,Indiana Pacers,Cleveland Cavaliers,2,1,3,0,1,0,2
206,190,Derrick McKey,1997-96,January,Indiana Pacers,Cleveland Cavaliers,9,0,3,0,0,2,1
207,186,Terrell Brandon,1997-96,January,Indiana Pacers,Cleveland Cavaliers,8,7,2,1,2,1,1
209,198,Dale Davis,1997-96,January,Indiana Pacers,Cleveland Cavaliers,14,0,5,1,1,0,2
210,203,Jalen Rose,1997-96,January,Indiana Pacers,Cleveland Cavaliers,10,2,2,0,0,3,2
211,207,Terrell Brandon,1997-96,January,Indiana Pacers,Cleveland Cavaliers,8,7,2,1,3,1,1
213,206,Derrick McKey,1997-96,January,Indiana Pacers,Cleveland Cavaliers,9,0,4,0,0,2,1
214,209,Dale Davis,1997-96,January,Indiana Pacers,Cleveland Cavaliers,16,0,5,1,1,0,2
215,199,Danny Ferry,1997-96,January,Cleveland Cavaliers,Indiana Pacers,11,1,4,2,0,0,3
216,200,Bobby Phills,1997-96,January,Cleveland Cavaliers,Indiana Pacers,0,2,3,0,1,0,1
217,210,Jalen Rose,1997-96,January,Indiana Pacers,Cleveland Cavaliers,12,2,2,0,0,3,2
219,176,Antonio Davis,1997-96,January,Indiana Pacers,Cleveland Cavaliers,2,0,5,0,0,0,0
220,219,Antonio Davis,1997-96,January,Indiana Pacers,Cleveland Cavaliers,4,0,5,0,0,0,0
221,205,Travis Best,1997-96,January,Indiana Pacers,Cleveland Cavaliers,2,2,3,0,1,0,2
222,211,Terrell Brandon,1997-96,January,Cleveland Cavaliers,Indiana Pacers,10,7,2,1,3,1,1
224,222,Terrell Brandon,1997-96,January,Cleveland Cavaliers,Indiana Pacers,10,7,3,1,3,1,1
226,191,Tyrone Hill,1997-96,January,Cleveland Cavaliers,Indiana Pacers,15,0,4,0,0,0,3
227,217,Jalen Rose,1997-96,January,Indiana Pacers,Cleveland Cavaliers,13,2,2,0,0,3,2
229,136,Mark West,1997-96,January,Cleveland Cavaliers,Indiana Pacers,4,0,4,1,0,0,2
230,213,Derrick McKey,1997-96,January,Indiana Pacers,Cleveland Cavaliers,9,0,4,0,0,2,2
231,224,Terrell Brandon,1997-96,January,Cleveland Cavaliers,Indiana Pacers,11,7,3,1,3,1,1
232,231,Terrell Brandon,1997-96,January,Cleveland Cavaliers,Indiana Pacers,12,7,3,1,3,1,1
233,220,Antonio Davis,1997-96,January,Indiana Pacers,Cleveland Cavaliers,4,0,5,0,0,0,1
234,233,Antonio Davis,1997-96,January,Indiana Pacers,Cleveland Cavaliers,4,0,5,0,0,1,1
235,216,Bobby Phills,1997-96,January,Cleveland Cavaliers,Indiana Pacers,2,2,3,0,1,0,1
236,232,Terrell Brandon,1997-96,January,Cleveland Cavaliers,Indiana Pacers,12,8,3,1,3,1,1
237,227,Jalen Rose,1997-96,January,Indiana Pacers,Cleveland Cavaliers,15,2,2,0,0,3,2
239,234,Antonio Davis,1997-96,January,Indiana Pacers,Cleveland Cavaliers,4,0,6,0,0,1,1
240,226,Tyrone Hill,1997-96,January,Cleveland Cavaliers,Indiana Pacers,15,0,4,0,0,0,4
241,239,Antonio Davis,1997-96,January,Indiana Pacers,Cleveland Cavaliers,5,0,6,0,0,1,1
242,241,Antonio Davis,1997-96,January,Indiana Pacers,Cleveland Cavaliers,6,0,6,0,0,1,1
243,0,Erick Dampier,1997-96,January,Indiana Pacers,Cleveland Cavaliers,0,0,0,0,0,0,1
245,237,Jalen Rose,1997-96,January,Indiana Pacers,Cleveland Cavaliers,15,2,3,0,0,3,2
246,242,Antonio Davis,1997-96,January,Indiana Pacers,Cleveland Cavaliers,8,0,6,0,0,1,1
247,245,Jalen Rose,1997-96,January,Indiana Pacers,Cleveland Cavaliers,15,3,3,0,0,3,2
248,247,Jalen Rose,1997-96,January,Indiana Pacers,Cleveland Cavaliers,15,3,3,0,0,3,3
249,201,Chris Mills,1997-96,January,Cleveland Cavaliers,Indiana Pacers,10,1,3,1,0,0,1
250,229,Mark West,1997-96,January,Cleveland Cavaliers,Indiana Pacers,4,0,4,1,0,0,3
251,246,Antonio Davis,1997-96,January,Indiana Pacers,Cleveland Cavaliers,9,0,6,0,0,1,1
252,251,Antonio Davis,1997-96,January,Indiana Pacers,Cleveland Cavaliers,10,0,6,0,0,1,1
253,215,Danny Ferry,1997-96,January,Cleveland Cavaliers,Indiana Pacers,13,1,4,2,0,0,3
254,236,Terrell Brandon,1997-96,January,Cleveland Cavaliers,Indiana Pacers,12,9,3,1,3,1,1
255,146,Bob Sura,1997-96,January,Cleveland Cavaliers,Indiana Pacers,2,4,1,0,0,1,3
257,248,Jalen Rose,1997-96,January,Indiana Pacers,Cleveland Cavaliers,16,3,3,0,0,3,3
258,254,Terrell Brandon,1997-96,January,Cleveland Cavaliers,Indiana Pacers,14,9,3,1,3,1,1
259,258,Terrell Brandon,1997-96,January,Cleveland Cavaliers,Indiana Pacers,14,9,3,1,3,1,2
260,221,Travis Best,1997-96,January,Indiana Pacers,Cleveland Cavaliers,3,2,3,0,1,0,2
261,260,Travis Best,1997-96,January,Indiana Pacers,Cleveland Cavaliers,4,2,3,0,1,0,2
263,138,Jerome Allen,1997-96,January,Indiana Pacers,Cleveland Cavaliers,0,1,1,0,0,0,0
264,263,Jerome Allen,1997-96,January,Indiana Pacers,Cleveland Cavaliers,3,1,1,0,0,0,0
265,261,Travis Best,1997-96,January,Indiana Pacers,Cleveland Cavaliers,4,3,3,0,1,0,2
266,265,Travis Best,1997-96,January,Indiana Pacers,Cleveland Cavaliers,4,3,3,0,1,0,3
267,259,Terrell Brandon,1997-96,January,Cleveland Cavaliers,Indiana Pacers,15,9,3,1,3,1,2
268,267,Terrell Brandon,1997-96,January,Cleveland Cavaliers,Indiana Pacers,16,9,3,1,3,1,2
270,142,Duane Ferrell,1997-96,January,Indiana Pacers,Cleveland Cavaliers,0,0,1,0,0,1,0
271,0,Antonio Lang,1997-96,January,Cleveland Cavaliers,Indiana Pacers,0,0,0,0,0,0,1
272,270,Duane Ferrell,1997-96,January,Indiana Pacers,Cleveland Cavaliers,1,0,1,0,0,1,0
273,272,Duane Ferrell,1997-96,January,Indiana Pacers,Cleveland Cavaliers,2,0,1,0,0,1,0
275,249,Chris Mills,1997-96,January,Cleveland Cavaliers,Indiana Pacers,10,1,3,1,0,1,1
276,266,Travis Best,1997-96,January,Cleveland Cavaliers,Indiana Pacers,4,3,3,0,2,0,3
277,275,Chris Mills,1997-96,January,Cleveland Cavaliers,Indiana Pacers,10,1,3,1,0,1,2
278,214,Dale Davis,1997-96,January,Indiana Pacers,Cleveland Cavaliers,17,0,5,1,1,0,2
280,273,Duane Ferrell,1997-96,January,Indiana Pacers,Cleveland Cavaliers,2,0,2,0,0,1,0
282,280,Duane Ferrell,1997-96,January,Indiana Pacers,Cleveland Cavaliers,2,0,3,0,0,1,0
284,282,Duane Ferrell,1997-96,January,Indiana Pacers,Cleveland Cavaliers,2,0,4,0,0,1,0
285,278,Dale Davis,1997-96,January,Indiana Pacers,Cleveland Cavaliers,19,0,5,1,1,0,2
286,284,Duane Ferrell,1997-96,January,Indiana Pacers,Cleveland Cavaliers,2,1,4,0,0,1,0
287,276,Travis Best,1997-96,January,Indiana Pacers,Cleveland Cavaliers,4,3,3,0,2,0,4
288,268,Terrell Brandon,1997-96,January,Cleveland Cavaliers,Indiana Pacers,18,9,3,1,3,1,2
289,264,Jerome Allen,1997-96,January,Indiana Pacers,Cleveland Cavaliers,6,1,1,0,0,0,0
291,189,Rik Smits,1997-96,January,Indiana Pacers,Cleveland Cavaliers,2,0,4,1,0,3,0
292,289,Jerome Allen,1997-96,January,Indiana Pacers,Cleveland Cavaliers,6,1,1,0,0,1,0
293,235,Bobby Phills,1997-96,January,Indiana Pacers,Cleveland Cavaliers,2,2,3,0,2,0,1
294,257,Jalen Rose,1997-96,January,Indiana Pacers,Cleveland Cavaliers,16,3,3,0,0,3,4
295,293,Bobby Phills,1997-96,January,Cleveland Cavaliers,Indiana Pacers,3,2,3,0,2,0,1
296,295,Bobby Phills,1997-96,January,Cleveland Cavaliers,Indiana Pacers,4,2,3,0,2,0,1
297,292,Jerome Allen,1997-96,January,Indiana Pacers,Cleveland Cavaliers,6,1,1,0,0,2,0
298,296,Bobby Phills,1997-96,January,Indiana Pacers,Cleveland Cavaliers,4,2,3,0,3,0,1
300,291,Rik Smits,1997-96,January,Indiana Pacers,Cleveland Cavaliers,2,0,5,1,0,3,0
301,250,Mark West,1997-96,January,Cleveland Cavaliers,Indiana Pacers,4,0,4,1,0,0,4
304,301,Mark West,1997-96,January,Cleveland Cavaliers,Indiana Pacers,4,0,5,1,0,0,4
305,288,Terrell Brandon,1997-96,January,Cleveland Cavaliers,Indiana Pacers,20,9,3,1,3,1,2
306,286,Duane Ferrell,1997-96,January,Indiana Pacers,Cleveland Cavaliers,5,1,4,0,0,1,0
307,300,Rik Smits,1997-96,January,Indiana Pacers,Cleveland Cavaliers,2,1,5,1,0,3,0
309,305,Terrell Brandon,1997-96,January,Cleveland Cavaliers,Indiana Pacers,20,9,4,1,3,1,2
310,304,Mark West,1997-96,January,Cleveland Cavaliers,Indiana Pacers,4,0,5,1,0,1,4
312,240,Tyrone Hill,1997-96,January,Cleveland Cavaliers,Indiana Pacers,15,0,5,0,0,0,4
314,294,Jalen Rose,1997-96,January,Indiana Pacers,Cleveland Cavaliers,16,3,3,0,0,3,5
315,298,Bobby Phills,1997-96,January,Cleveland Cavaliers,Indiana Pacers,6,2,3,0,3,0,1
316,253,Danny Ferry,1997-96,January,Cleveland Cavaliers,Indiana Pacers,13,2,4,2,0,0,3
317,309,Terrell Brandon,1997-96,January,Cleveland Cavaliers,Indiana Pacers,20,9,4,1,3,1,3
319,285,Dale Davis,1997-96,January,Indiana Pacers,Cleveland Cavaliers,19,0,6,1,1,0,2
321,312,Tyrone Hill,1997-96,January,Cleveland Cavaliers,Indiana Pacers,15,0,6,0,0,0,4
322,317,Terrell Brandon,1997-96,January,Cleveland Cavaliers,Indiana Pacers,20,9,4,1,3,2,3
323,287,Travis Best,1997-96,January,Cleveland Cavaliers,Indiana Pacers,4,3,3,0,3,0,4
324,322,Terrell Brandon,1997-96,January,Cleveland Cavaliers,Indiana Pacers,20,9,4,1,3,2,4
327,315,Bobby Phills,1997-96,January,Cleveland Cavaliers,Indiana Pacers,6,2,4,0,3,0,1
328,323,Travis Best,1997-96,January,Indiana Pacers,Cleveland Cavaliers,4,3,3,0,3,0,5
330,319,Dale Davis,1997-96,January,Indiana Pacers,Cleveland Cavaliers,19,0,7,1,1,0,2
331,310,Mark West,1997-96,January,Cleveland Cavaliers,Indiana Pacers,4,0,5,1,0,1,5
332,330,Dale Davis,1997-96,January,Indiana Pacers,Cleveland Cavaliers,20,0,7,1,1,0,2
333,332,Dale Davis,1997-96,January,Indiana Pacers,Cleveland Cavaliers,21,0,7,1,1,0,2
335,252,Antonio Davis,1997-96,January,Indiana Pacers,Cleveland Cavaliers,10,0,7,0,0,1,1
336,328,Travis Best,1997-96,January,Indiana Pacers,Cleveland Cavaliers,6,3,3,0,3,0,5
337,230,Derrick McKey,1997-96,January,Indiana Pacers,Cleveland Cavaliers,9,1,4,0,0,2,2
338,324,Terrell Brandon,1997-96,January,Cleveland Cavaliers,Indiana Pacers,22,9,4,1,3,2,4
339,337,Derrick McKey,1997-96,January,Indiana Pacers,Cleveland Cavaliers,11,1,4,0,0,2,2
340,314,Jalen Rose,1997-96,January,Indiana Pacers,Cleveland Cavaliers,16,4,3,0,0,3,5
342,335,Antonio Davis,1997-96,January,Cleveland Cavaliers,Indiana Pacers,10,0,7,1,0,1,1
343,336,Travis Best,1997-96,January,Indiana Pacers,Cleveland Cavaliers,9,3,3,0,3,0,5
344,342,Antonio Davis,1997-96,January,Indiana Pacers,Cleveland Cavaliers,10,1,7,1,0,1,1
346,339,Derrick McKey,1997-96,January,Cleveland Cavaliers,Indiana Pacers,11,1,4,1,0,2,2
347,344,Antonio Davis,1997-96,January,Indiana Pacers,Cleveland Cavaliers,10,1,8,1,0,1,1
348,321,Tyrone Hill,1997-96,January,Cleveland Cavaliers,Indiana Pacers,15,0,6,0,0,0,5
349,346,Derrick McKey,1997-96,January,Indiana Pacers,Cleveland Cavaliers,12,1,4,1,0,2,2
350,349,Derrick McKey,1997-96,January,Indiana Pacers,Cleveland Cavaliers,13,1,4,1,0,2,2
351,338,Terrell Brandon,1997-96,January,Cleveland Cavaliers,Indiana Pacers,24,9,4,1,3,2,4
352,351,Terrell Brandon,1997-96,January,Cleveland Cavaliers,Indiana Pacers,24,9,4,1,3,2,5
353,343,Travis Best,1997-96,January,Indiana Pacers,Cleveland Cavaliers,10,3,3,0,3,0,5
355,333,Dale Davis,1997-96,January,Indiana Pacers,Cleveland Cavaliers,21,0,8,1,1,0,2
356,353,Travis Best,1997-96,January,Indiana Pacers,Cleveland Cavaliers,13,3,3,0,3,0,5
357,347,Antonio Davis,1997-96,January,Indiana Pacers,Cleveland Cavaliers,10,2,8,1,0,1,1
358,277,Chris Mills,1997-96,January,Cleveland Cavaliers,Indiana Pacers,12,1,3,1,0,1,2
359,327,Bobby Phills,1997-96,January,Cleveland Cavaliers,Indiana Pacers,6,2,4,0,3,0,2
361,350,Derrick McKey,1997-96,January,Indiana Pacers,Cleveland Cavaliers,14,1,4,1,0,2,2
362,340,Jalen Rose,1997-96,January,Indiana Pacers,Cleveland Cavaliers,16,4,3,0,0,3,6
363,316,Danny Ferry,1997-96,January,Cleveland Cavaliers,Indiana Pacers,14,2,4,2,0,0,3
364,363,Danny Ferry,1997-96,January,Cleveland Cavaliers,Indiana Pacers,15,2,4,2,0,0,3
365,356,Travis Best,1997-96,January,Indiana Pacers,Cleveland Cavaliers,15,3,3,0,3,0,5
366,352,Terrell Brandon,1997-96,January,Cleveland Cavaliers,Indiana Pacers,26,9,4,1,3,2,5
367,364,Danny Ferry,1997-96,January,Cleveland Cavaliers,Indiana Pacers,15,2,4,2,0,0,4
368,297,Jerome Allen,1997-96,January,Indiana Pacers,Cleveland Cavaliers,7,1,1,0,0,2,0
370,358,Chris Mills,1997-96,January,Cleveland Cavaliers,Indiana Pacers,12,1,4,1,0,1,2
371,255,Bob Sura,1997-96,January,Cleveland Cavaliers,Indiana Pacers,4,4,1,0,0,1,3
372,371,Bob Sura,1997-96,January,Cleveland Cavaliers,Indiana Pacers,4,4,1,0,0,1,4
373,365,Travis Best,1997-96,January,Indiana Pacers,Cleveland Cavaliers,16,3,3,0,3,0,5
374,373,Travis Best,1997-96,January,Indiana Pacers,Cleveland Cavaliers,17,3,3,0,3,0,5
375,306,Duane Ferrell,1997-96,January,Indiana Pacers,Cleveland Cavaliers,5,1,4,0,0,1,1
376,359,Bobby Phills,1997-96,January,Cleveland Cavaliers,Indiana Pacers,7,2,4,0,3,0,2
377,376,Bobby Phills,1997-96,January,Cleveland Cavaliers,Indiana Pacers,8,2,4,0,3,0,2
378,377,Bobby Phills,1997-96,January,Cleveland Cavaliers,Indiana Pacers,8,2,4,0,3,0,3
379,374,Travis Best,1997-96,January,Indiana Pacers,Cleveland Cavaliers,18,3,3,0,3,0,5
380,379,Travis Best,1997-96,January,Indiana Pacers,Cleveland Cavaliers,19,3,3,0,3,0,5
381,372,Bob Sura,1997-96,January,Cleveland Cavaliers,Indiana Pacers,6,4,1,0,0,1,4
382,380,Travis Best,1997-96,January,Indiana Pacers,Cleveland Cavaliers,19,3,3,0,3,1,5
383,381,Bob Sura,1997-96,January,Indiana Pacers,Cleveland Cavaliers,6,4,1,0,1,1,4
