id,previous_id,player,season,month,team,opponent_team,points,assists,rebounds,blocks,steals,turnovers,personal fouls
2,0,Charles Barkley,1997-96,January,Houston Rockets,Minnesota Timberwolves,0,0,1,0,0,0,0
4,0,Stojko Vrankovic,1997-96,January,Minnesota Timberwolves,Houston Rockets,0,0,1,0,0,0,0
6,4,Stojko Vrankovic,1997-96,January,Minnesota Timberwolves,Houston Rockets,0,0,2,0,0,0,0
7,0,Stephon Marbury,1997-96,January,Minnesota Timberwolves,Houston Rockets,3,0,0,0,0,0,0
8,0,Kevin Garnett,1997-96,January,Minnesota Timberwolves,Houston Rockets,0,1,0,0,0,0,0
10,0,Chris Carr,1997-96,January,Minnesota Timberwolves,Houston Rockets,0,0,1,0,0,0,0
12,0,Mario Elie,1997-96,January,Houston Rockets,Minnesota Timberwolves,0,0,0,0,0,0,1
13,6,Stojko Vrankovic,1997-96,January,Minnesota Timberwolves,Houston Rockets,2,0,2,0,0,0,0
15,0,Hakeem Olajuwon,1997-96,January,Houston Rockets,Minnesota Timberwolves,0,0,1,0,0,0,0
16,15,Hakeem Olajuwon,1997-96,January,Houston Rockets,Minnesota Timberwolves,2,0,1,0,0,0,0
17,13,Stojko Vrankovic,1997-96,January,Minnesota Timberwolves,Houston Rockets,4,0,2,0,0,0,0
18,10,Chris Carr,1997-96,January,Minnesota Timberwolves,Houston Rockets,0,1,1,0,0,0,0
19,0,Clyde Drexler,1997-96,January,Houston Rockets,Minnesota Timberwolves,0,0,0,0,0,1,0
20,0,Tom Gugliotta,1997-96,January,Minnesota Timberwolves,Houston Rockets,0,0,0,0,1,0,0
21,18,Chris Carr,1997-96,January,Minnesota Timberwolves,Houston Rockets,2,1,1,0,0,0,0
22,7,Stephon Marbury,1997-96,January,Minnesota Timberwolves,Houston Rockets,3,1,0,0,0,0,0
23,17,Stojko Vrankovic,1997-96,January,Minnesota Timberwolves,Houston Rockets,4,0,2,0,0,0,1
24,2,Charles Barkley,1997-96,January,Houston Rockets,Minnesota Timberwolves,1,0,1,0,0,0,0
25,24,Charles Barkley,1997-96,January,Houston Rockets,Minnesota Timberwolves,2,0,1,0,0,0,0
27,16,Hakeem Olajuwon,1997-96,January,Houston Rockets,Minnesota Timberwolves,2,0,1,1,0,0,0
29,25,Charles Barkley,1997-96,January,Houston Rockets,Minnesota Timberwolves,2,0,2,0,0,0,0
31,23,Stojko Vrankovic,1997-96,January,Minnesota Timberwolves,Houston Rockets,4,0,2,1,0,0,1
32,29,Charles Barkley,1997-96,January,Houston Rockets,Minnesota Timberwolves,2,0,3,0,0,0,0
34,31,Stojko Vrankovic,1997-96,January,Minnesota Timberwolves,Houston Rockets,4,0,2,2,0,0,1
35,32,Charles Barkley,1997-96,January,Houston Rockets,Minnesota Timberwolves,2,0,4,0,0,0,0
37,20,Tom Gugliotta,1997-96,January,Minnesota Timberwolves,Houston Rockets,0,0,1,0,1,0,0
39,34,Stojko Vrankovic,1997-96,January,Minnesota Timberwolves,Houston Rockets,4,0,3,2,0,0,1
41,39,Stojko Vrankovic,1997-96,January,Minnesota Timberwolves,Houston Rockets,4,0,4,2,0,0,1
42,41,Stojko Vrankovic,1997-96,January,Minnesota Timberwolves,Houston Rockets,6,0,4,2,0,0,1
43,19,Clyde Drexler,1997-96,January,Houston Rockets,Minnesota Timberwolves,3,0,0,0,0,1,0
44,0,Matt Maloney,1997-96,January,Houston Rockets,Minnesota Timberwolves,0,1,0,0,0,0,0
45,37,Tom Gugliotta,1997-96,January,Minnesota Timberwolves,Houston Rockets,0,0,1,0,1,1,0
46,27,Hakeem Olajuwon,1997-96,January,Houston Rockets,Minnesota Timberwolves,2,0,1,1,1,0,0
47,35,Charles Barkley,1997-96,January,Houston Rockets,Minnesota Timberwolves,4,0,4,0,0,0,0
48,44,Matt Maloney,1997-96,January,Houston Rockets,Minnesota Timberwolves,0,2,0,0,0,0,0
50,8,Kevin Garnett,1997-96,January,Minnesota Timberwolves,Houston Rockets,0,1,1,0,0,0,0
51,45,Tom Gugliotta,1997-96,January,Minnesota Timberwolves,Houston Rockets,2,0,1,0,1,1,0
52,22,Stephon Marbury,1997-96,January,Minnesota Timberwolves,Houston Rockets,3,2,0,0,0,0,0
53,43,Clyde Drexler,1997-96,January,Houston Rockets,Minnesota Timberwolves,5,0,0,0,0,1,0
54,48,Matt Maloney,1997-96,January,Houston Rockets,Minnesota Timberwolves,0,3,0,0,0,0,0
55,21,Chris Carr,1997-96,January,Minnesota Timberwolves,Houston Rockets,4,1,1,0,0,0,0
57,50,Kevin Garnett,1997-96,January,Minnesota Timberwolves,Houston Rockets,0,1,1,1,0,0,0
58,12,Mario Elie,1997-96,January,Houston Rockets,Minnesota Timberwolves,0,0,0,0,0,1,1
60,55,Chris Carr,1997-96,January,Minnesota Timberwolves,Houston Rockets,4,1,2,0,0,0,0
61,60,Chris Carr,1997-96,January,Minnesota Timberwolves,Houston Rockets,6,1,2,0,0,0,0
63,57,Kevin Garnett,1997-96,January,Minnesota Timberwolves,Houston Rockets,0,1,1,2,0,0,0
64,61,Chris Carr,1997-96,January,Minnesota Timberwolves,Houston Rockets,6,1,3,0,0,0,0
65,47,Charles Barkley,1997-96,January,Houston Rockets,Minnesota Timberwolves,4,0,4,0,0,0,1
67,53,Clyde Drexler,1997-96,January,Houston Rockets,Minnesota Timberwolves,5,0,1,0,0,1,0
69,46,Hakeem Olajuwon,1997-96,January,Houston Rockets,Minnesota Timberwolves,2,0,2,1,1,0,0
71,69,Hakeem Olajuwon,1997-96,January,Houston Rockets,Minnesota Timberwolves,2,0,3,1,1,0,0
73,51,Tom Gugliotta,1997-96,January,Minnesota Timberwolves,Houston Rockets,2,0,1,1,1,1,0
74,64,Chris Carr,1997-96,January,Minnesota Timberwolves,Houston Rockets,6,1,4,0,0,0,0
75,74,Chris Carr,1997-96,January,Minnesota Timberwolves,Houston Rockets,6,1,4,0,0,1,0
76,63,Kevin Garnett,1997-96,January,Minnesota Timberwolves,Houston Rockets,0,1,1,2,0,0,0
77,58,Mario Elie,1997-96,January,Houston Rockets,Minnesota Timberwolves,1,0,0,0,0,1,1
78,67,Clyde Drexler,1997-96,January,Houston Rockets,Minnesota Timberwolves,8,0,1,0,0,1,0
79,71,Hakeem Olajuwon,1997-96,January,Houston Rockets,Minnesota Timberwolves,2,1,3,1,1,0,0
81,54,Matt Maloney,1997-96,January,Houston Rockets,Minnesota Timberwolves,0,3,1,0,0,0,0
82,73,Tom Gugliotta,1997-96,January,Minnesota Timberwolves,Houston Rockets,2,0,1,1,1,1,1
83,78,Clyde Drexler,1997-96,January,Houston Rockets,Minnesota Timberwolves,9,0,1,0,0,1,0
84,83,Clyde Drexler,1997-96,January,Houston Rockets,Minnesota Timberwolves,10,0,1,0,0,1,0
86,82,Tom Gugliotta,1997-96,January,Minnesota Timberwolves,Houston Rockets,2,0,2,1,1,1,1
87,77,Mario Elie,1997-96,January,Houston Rockets,Minnesota Timberwolves,1,0,0,0,0,1,2
89,79,Hakeem Olajuwon,1997-96,January,Houston Rockets,Minnesota Timberwolves,2,1,4,1,1,0,0
90,89,Hakeem Olajuwon,1997-96,January,Houston Rockets,Minnesota Timberwolves,4,1,4,1,1,0,0
91,86,Tom Gugliotta,1997-96,January,Minnesota Timberwolves,Houston Rockets,5,0,2,1,1,1,1
92,76,Kevin Garnett,1997-96,January,Minnesota Timberwolves,Houston Rockets,0,2,1,2,0,0,0
93,84,Clyde Drexler,1997-96,January,Houston Rockets,Minnesota Timberwolves,10,0,1,0,0,2,0
94,75,Chris Carr,1997-96,January,Minnesota Timberwolves,Houston Rockets,6,1,4,0,1,1,0
95,52,Stephon Marbury,1997-96,January,Minnesota Timberwolves,Houston Rockets,5,2,0,0,0,0,0
96,92,Kevin Garnett,1997-96,January,Minnesota Timberwolves,Houston Rockets,2,2,1,2,0,0,0
98,65,Charles Barkley,1997-96,January,Houston Rockets,Minnesota Timberwolves,4,0,5,0,0,0,1
99,98,Charles Barkley,1997-96,January,Houston Rockets,Minnesota Timberwolves,6,0,5,0,0,0,1
100,42,Stojko Vrankovic,1997-96,January,Minnesota Timberwolves,Houston Rockets,6,0,4,2,0,0,2
102,96,Kevin Garnett,1997-96,January,Minnesota Timberwolves,Houston Rockets,2,2,2,2,0,0,0
104,0,Kevin Willis,1997-96,January,Houston Rockets,Minnesota Timberwolves,0,0,0,1,0,0,0
105,102,Kevin Garnett,1997-96,January,Minnesota Timberwolves,Houston Rockets,2,2,3,2,0,0,0
107,0,Cherokee Parks,1997-96,January,Minnesota Timberwolves,Houston Rockets,0,0,1,0,0,0,0
108,93,Clyde Drexler,1997-96,January,Houston Rockets,Minnesota Timberwolves,10,0,1,0,0,2,1
109,95,Stephon Marbury,1997-96,January,Minnesota Timberwolves,Houston Rockets,6,2,0,0,0,0,0
110,109,Stephon Marbury,1997-96,January,Minnesota Timberwolves,Houston Rockets,7,2,0,0,0,0,0
111,108,Clyde Drexler,1997-96,January,Houston Rockets,Minnesota Timberwolves,12,0,1,0,0,2,1
112,105,Kevin Garnett,1997-96,January,Minnesota Timberwolves,Houston Rockets,4,2,3,2,0,0,0
113,107,Cherokee Parks,1997-96,January,Minnesota Timberwolves,Houston Rockets,0,0,1,0,0,0,0
114,111,Clyde Drexler,1997-96,January,Houston Rockets,Minnesota Timberwolves,13,0,1,0,0,2,1
115,99,Charles Barkley,1997-96,January,Houston Rockets,Minnesota Timberwolves,6,0,5,0,0,1,1
116,91,Tom Gugliotta,1997-96,January,Minnesota Timberwolves,Houston Rockets,5,0,2,1,2,1,1
117,94,Chris Carr,1997-96,January,Minnesota Timberwolves,Houston Rockets,8,1,4,0,1,1,0
118,110,Stephon Marbury,1997-96,January,Minnesota Timberwolves,Houston Rockets,7,3,0,0,0,0,0
121,118,Stephon Marbury,1997-96,January,Minnesota Timberwolves,Houston Rockets,7,3,0,1,0,0,0
122,121,Stephon Marbury,1997-96,January,Minnesota Timberwolves,Houston Rockets,9,3,0,1,0,0,0
124,116,Tom Gugliotta,1997-96,January,Minnesota Timberwolves,Houston Rockets,5,0,2,2,2,1,1
125,0,Sam Mitchell,1997-96,January,Minnesota Timberwolves,Houston Rockets,0,0,1,0,0,0,0
127,0,Sam Mack,1997-96,January,Houston Rockets,Minnesota Timberwolves,0,0,1,0,0,0,0
128,113,Cherokee Parks,1997-96,January,Minnesota Timberwolves,Houston Rockets,0,0,1,0,0,0,1
130,128,Cherokee Parks,1997-96,January,Minnesota Timberwolves,Houston Rockets,0,0,2,0,0,0,1
132,130,Cherokee Parks,1997-96,January,Minnesota Timberwolves,Houston Rockets,0,0,3,0,0,0,1
134,104,Kevin Willis,1997-96,January,Houston Rockets,Minnesota Timberwolves,0,0,1,1,0,0,0
135,114,Clyde Drexler,1997-96,January,Houston Rockets,Minnesota Timberwolves,16,0,1,0,0,2,1
136,0,Randy Livingston,1997-96,January,Houston Rockets,Minnesota Timberwolves,0,1,0,0,0,0,0
137,90,Hakeem Olajuwon,1997-96,January,Houston Rockets,Minnesota Timberwolves,4,1,4,1,1,0,1
138,124,Tom Gugliotta,1997-96,January,Minnesota Timberwolves,Houston Rockets,6,0,2,2,2,1,1
140,132,Cherokee Parks,1997-96,January,Minnesota Timberwolves,Houston Rockets,0,0,4,0,0,0,1
142,137,Hakeem Olajuwon,1997-96,January,Houston Rockets,Minnesota Timberwolves,4,1,5,1,1,0,1
143,136,Randy Livingston,1997-96,January,Houston Rockets,Minnesota Timberwolves,2,1,0,0,0,0,0
144,142,Hakeem Olajuwon,1997-96,January,Houston Rockets,Minnesota Timberwolves,4,2,5,1,1,0,1
146,144,Hakeem Olajuwon,1997-96,January,Houston Rockets,Minnesota Timberwolves,4,2,6,1,1,0,1
147,146,Hakeem Olajuwon,1997-96,January,Houston Rockets,Minnesota Timberwolves,4,2,6,1,1,1,1
148,0,James Robinson,1997-96,January,Minnesota Timberwolves,Houston Rockets,0,0,0,0,1,0,0
149,147,Hakeem Olajuwon,1997-96,January,Houston Rockets,Minnesota Timberwolves,4,2,6,1,1,1,2
150,138,Tom Gugliotta,1997-96,January,Minnesota Timberwolves,Houston Rockets,7,0,2,2,2,1,1
151,150,Tom Gugliotta,1997-96,January,Minnesota Timberwolves,Houston Rockets,8,0,2,2,2,1,1
152,149,Hakeem Olajuwon,1997-96,January,Houston Rockets,Minnesota Timberwolves,4,2,6,1,1,2,2
154,152,Hakeem Olajuwon,1997-96,January,Houston Rockets,Minnesota Timberwolves,4,2,7,1,1,2,2
155,134,Kevin Willis,1997-96,January,Houston Rockets,Minnesota Timberwolves,2,0,1,1,0,0,0
156,143,Randy Livingston,1997-96,January,Houston Rockets,Minnesota Timberwolves,2,2,0,0,0,0,0
158,156,Randy Livingston,1997-96,January,Houston Rockets,Minnesota Timberwolves,2,2,1,0,0,0,0
160,112,Kevin Garnett,1997-96,January,Minnesota Timberwolves,Houston Rockets,4,2,4,2,0,0,0
162,140,Cherokee Parks,1997-96,January,Minnesota Timberwolves,Houston Rockets,0,0,5,0,0,0,1
164,155,Kevin Willis,1997-96,January,Houston Rockets,Minnesota Timberwolves,2,0,2,1,0,0,0
165,164,Kevin Willis,1997-96,January,Houston Rockets,Minnesota Timberwolves,2,0,2,1,0,1,0
166,162,Cherokee Parks,1997-96,January,Minnesota Timberwolves,Houston Rockets,0,0,5,0,0,0,2
167,166,Cherokee Parks,1997-96,January,Minnesota Timberwolves,Houston Rockets,0,0,5,0,0,1,2
169,160,Kevin Garnett,1997-96,January,Minnesota Timberwolves,Houston Rockets,4,2,5,2,0,0,0
170,125,Sam Mitchell,1997-96,January,Minnesota Timberwolves,Houston Rockets,0,0,1,0,0,1,0
171,154,Hakeem Olajuwon,1997-96,January,Houston Rockets,Minnesota Timberwolves,6,2,7,1,1,2,2
172,170,Sam Mitchell,1997-96,January,Minnesota Timberwolves,Houston Rockets,0,0,1,0,0,2,0
173,87,Mario Elie,1997-96,January,Houston Rockets,Minnesota Timberwolves,1,0,0,0,1,1,2
174,158,Randy Livingston,1997-96,January,Houston Rockets,Minnesota Timberwolves,2,2,1,0,0,1,0
175,169,Kevin Garnett,1997-96,January,Minnesota Timberwolves,Houston Rockets,6,2,5,2,0,0,0
176,171,Hakeem Olajuwon,1997-96,January,Houston Rockets,Minnesota Timberwolves,8,2,7,1,1,2,2
177,174,Randy Livingston,1997-96,January,Houston Rockets,Minnesota Timberwolves,2,3,1,0,0,1,0
178,148,James Robinson,1997-96,January,Minnesota Timberwolves,Houston Rockets,3,0,0,0,1,0,0
179,175,Kevin Garnett,1997-96,January,Minnesota Timberwolves,Houston Rockets,6,3,5,2,0,0,0
181,0,Brent Price,1997-96,January,Houston Rockets,Minnesota Timberwolves,0,0,1,0,0,0,0
182,179,Kevin Garnett,1997-96,January,Minnesota Timberwolves,Houston Rockets,6,3,5,2,0,0,1
183,173,Mario Elie,1997-96,January,Houston Rockets,Minnesota Timberwolves,2,0,0,0,1,1,2
184,183,Mario Elie,1997-96,January,Houston Rockets,Minnesota Timberwolves,3,0,0,0,1,1,2
185,178,James Robinson,1997-96,January,Minnesota Timberwolves,Houston Rockets,6,0,0,0,1,0,0
186,182,Kevin Garnett,1997-96,January,Minnesota Timberwolves,Houston Rockets,6,4,5,2,0,0,1
188,100,Stojko Vrankovic,1997-96,January,Minnesota Timberwolves,Houston Rockets,6,0,5,2,0,0,2
189,185,James Robinson,1997-96,January,Minnesota Timberwolves,Houston Rockets,9,0,0,0,1,0,0
191,189,James Robinson,1997-96,January,Minnesota Timberwolves,Houston Rockets,9,0,1,0,1,0,0
193,188,Stojko Vrankovic,1997-96,January,Minnesota Timberwolves,Houston Rockets,6,0,6,2,0,0,2
195,184,Mario Elie,1997-96,January,Houston Rockets,Minnesota Timberwolves,3,0,1,0,1,1,2
196,186,Kevin Garnett,1997-96,January,Minnesota Timberwolves,Houston Rockets,6,4,5,2,0,0,2
197,81,Matt Maloney,1997-96,January,Houston Rockets,Minnesota Timberwolves,2,3,1,0,0,0,0
198,193,Stojko Vrankovic,1997-96,January,Minnesota Timberwolves,Houston Rockets,8,0,6,2,0,0,2
200,172,Sam Mitchell,1997-96,January,Minnesota Timberwolves,Houston Rockets,0,0,2,0,0,2,0
202,176,Hakeem Olajuwon,1997-96,January,Houston Rockets,Minnesota Timberwolves,8,2,8,1,1,2,2
203,191,James Robinson,1997-96,January,Minnesota Timberwolves,Houston Rockets,9,0,1,0,1,0,1
204,195,Mario Elie,1997-96,January,Houston Rockets,Minnesota Timberwolves,4,0,1,0,1,1,2
205,204,Mario Elie,1997-96,January,Houston Rockets,Minnesota Timberwolves,5,0,1,0,1,1,2
206,151,Tom Gugliotta,1997-96,January,Minnesota Timberwolves,Houston Rockets,10,0,2,2,2,1,1
208,198,Stojko Vrankovic,1997-96,January,Minnesota Timberwolves,Houston Rockets,8,0,7,2,0,0,2
210,208,Stojko Vrankovic,1997-96,January,Minnesota Timberwolves,Houston Rockets,8,0,7,2,0,1,2
211,202,Hakeem Olajuwon,1997-96,January,Houston Rockets,Minnesota Timberwolves,8,2,8,1,2,2,2
212,205,Mario Elie,1997-96,January,Houston Rockets,Minnesota Timberwolves,5,0,1,0,1,2,2
213,122,Stephon Marbury,1997-96,January,Minnesota Timberwolves,Houston Rockets,9,3,0,1,1,0,0
215,211,Hakeem Olajuwon,1997-96,January,Houston Rockets,Minnesota Timberwolves,8,2,8,2,2,2,2
216,197,Matt Maloney,1997-96,January,Houston Rockets,Minnesota Timberwolves,2,3,2,0,0,0,0
217,115,Charles Barkley,1997-96,January,Houston Rockets,Minnesota Timberwolves,8,0,5,0,0,1,1
218,200,Sam Mitchell,1997-96,January,Minnesota Timberwolves,Houston Rockets,0,0,2,0,0,2,1
220,216,Matt Maloney,1997-96,January,Houston Rockets,Minnesota Timberwolves,2,3,3,0,0,0,0
221,135,Clyde Drexler,1997-96,January,Houston Rockets,Minnesota Timberwolves,19,0,1,0,0,2,1
222,217,Charles Barkley,1997-96,January,Houston Rockets,Minnesota Timberwolves,8,1,5,0,0,1,1
225,210,Stojko Vrankovic,1997-96,January,Minnesota Timberwolves,Houston Rockets,8,0,7,3,0,1,2
226,213,Stephon Marbury,1997-96,January,Minnesota Timberwolves,Houston Rockets,9,3,1,1,1,0,0
227,117,Chris Carr,1997-96,January,Minnesota Timberwolves,Houston Rockets,8,1,4,0,1,2,0
228,212,Mario Elie,1997-96,January,Houston Rockets,Minnesota Timberwolves,5,0,1,0,2,2,2
229,220,Matt Maloney,1997-96,January,Houston Rockets,Minnesota Timberwolves,5,3,3,0,0,0,0
230,221,Clyde Drexler,1997-96,January,Houston Rockets,Minnesota Timberwolves,19,1,1,0,0,2,1
231,226,Stephon Marbury,1997-96,January,Minnesota Timberwolves,Houston Rockets,12,3,1,1,1,0,0
232,230,Clyde Drexler,1997-96,January,Houston Rockets,Minnesota Timberwolves,22,1,1,0,0,2,1
233,227,Chris Carr,1997-96,January,Minnesota Timberwolves,Houston Rockets,10,1,4,0,1,2,0
234,206,Tom Gugliotta,1997-96,January,Minnesota Timberwolves,Houston Rockets,10,1,2,2,2,1,1
235,232,Clyde Drexler,1997-96,January,Houston Rockets,Minnesota Timberwolves,22,1,1,0,0,2,2
236,233,Chris Carr,1997-96,January,Minnesota Timberwolves,Houston Rockets,11,1,4,0,1,2,0
238,222,Charles Barkley,1997-96,January,Houston Rockets,Minnesota Timberwolves,8,1,6,0,0,1,1
240,196,Kevin Garnett,1997-96,January,Minnesota Timberwolves,Houston Rockets,6,4,6,2,0,0,2
242,235,Clyde Drexler,1997-96,January,Houston Rockets,Minnesota Timberwolves,22,1,2,0,0,2,2
243,231,Stephon Marbury,1997-96,January,Minnesota Timberwolves,Houston Rockets,12,3,1,1,1,0,1
244,229,Matt Maloney,1997-96,January,Houston Rockets,Minnesota Timberwolves,5,3,3,0,0,1,0
245,234,Tom Gugliotta,1997-96,January,Minnesota Timberwolves,Houston Rockets,10,1,2,2,3,1,1
246,245,Tom Gugliotta,1997-96,January,Minnesota Timberwolves,Houston Rockets,10,1,2,2,3,2,1
248,240,Kevin Garnett,1997-96,January,Minnesota Timberwolves,Houston Rockets,6,4,7,2,0,0,2
249,248,Kevin Garnett,1997-96,January,Minnesota Timberwolves,Houston Rockets,8,4,7,2,0,0,2
250,246,Tom Gugliotta,1997-96,January,Minnesota Timberwolves,Houston Rockets,10,2,2,2,3,2,1
251,242,Clyde Drexler,1997-96,January,Houston Rockets,Minnesota Timberwolves,24,1,2,0,0,2,2
252,236,Chris Carr,1997-96,January,Minnesota Timberwolves,Houston Rockets,13,1,4,0,1,2,0
253,243,Stephon Marbury,1997-96,January,Minnesota Timberwolves,Houston Rockets,12,4,1,1,1,0,1
254,252,Chris Carr,1997-96,January,Minnesota Timberwolves,Houston Rockets,13,1,4,0,1,2,1
255,251,Clyde Drexler,1997-96,January,Houston Rockets,Minnesota Timberwolves,25,1,2,0,0,2,2
256,255,Clyde Drexler,1997-96,January,Houston Rockets,Minnesota Timberwolves,26,1,2,0,0,2,2
258,215,Hakeem Olajuwon,1997-96,January,Houston Rockets,Minnesota Timberwolves,8,2,8,3,2,2,2
259,258,Hakeem Olajuwon,1997-96,January,Houston Rockets,Minnesota Timberwolves,8,2,9,3,2,2,2
260,228,Mario Elie,1997-96,January,Houston Rockets,Minnesota Timberwolves,7,0,1,0,2,2,2
261,244,Matt Maloney,1997-96,January,Houston Rockets,Minnesota Timberwolves,5,4,3,0,0,1,0
262,250,Tom Gugliotta,1997-96,January,Minnesota Timberwolves,Houston Rockets,12,2,2,2,3,2,1
265,238,Charles Barkley,1997-96,January,Houston Rockets,Minnesota Timberwolves,8,1,7,0,0,1,1
268,265,Charles Barkley,1997-96,January,Houston Rockets,Minnesota Timberwolves,8,1,8,0,0,1,1
270,249,Kevin Garnett,1997-96,January,Minnesota Timberwolves,Houston Rockets,8,4,8,2,0,0,2
271,253,Stephon Marbury,1997-96,January,Minnesota Timberwolves,Houston Rockets,15,4,1,1,1,0,1
272,261,Matt Maloney,1997-96,January,Houston Rockets,Minnesota Timberwolves,8,4,3,0,0,1,0
273,260,Mario Elie,1997-96,January,Houston Rockets,Minnesota Timberwolves,7,1,1,0,2,2,2
275,262,Tom Gugliotta,1997-96,January,Minnesota Timberwolves,Houston Rockets,12,2,3,2,3,2,1
276,275,Tom Gugliotta,1997-96,January,Minnesota Timberwolves,Houston Rockets,14,2,3,2,3,2,1
278,276,Tom Gugliotta,1997-96,January,Minnesota Timberwolves,Houston Rockets,14,2,4,2,3,2,1
279,278,Tom Gugliotta,1997-96,January,Minnesota Timberwolves,Houston Rockets,14,2,4,2,3,3,1
280,279,Tom Gugliotta,1997-96,January,Minnesota Timberwolves,Houston Rockets,14,2,4,2,3,3,2
281,268,Charles Barkley,1997-96,January,Houston Rockets,Minnesota Timberwolves,9,1,8,0,0,1,1
282,281,Charles Barkley,1997-96,January,Houston Rockets,Minnesota Timberwolves,10,1,8,0,0,1,1
284,259,Hakeem Olajuwon,1997-96,January,Houston Rockets,Minnesota Timberwolves,8,2,9,4,2,2,2
285,273,Mario Elie,1997-96,January,Houston Rockets,Minnesota Timberwolves,7,1,2,0,2,2,2
287,285,Mario Elie,1997-96,January,Houston Rockets,Minnesota Timberwolves,7,1,3,0,2,2,2
288,287,Mario Elie,1997-96,January,Houston Rockets,Minnesota Timberwolves,9,1,3,0,2,2,2
289,288,Mario Elie,1997-96,January,Houston Rockets,Minnesota Timberwolves,9,1,3,0,2,2,3
290,280,Tom Gugliotta,1997-96,January,Minnesota Timberwolves,Houston Rockets,15,2,4,2,3,3,2
291,290,Tom Gugliotta,1997-96,January,Minnesota Timberwolves,Houston Rockets,16,2,4,2,3,3,2
293,165,Kevin Willis,1997-96,January,Houston Rockets,Minnesota Timberwolves,2,0,3,1,0,1,0
295,272,Matt Maloney,1997-96,January,Houston Rockets,Minnesota Timberwolves,8,4,4,0,0,1,0
296,295,Matt Maloney,1997-96,January,Houston Rockets,Minnesota Timberwolves,8,4,4,0,0,2,0
297,167,Cherokee Parks,1997-96,January,Minnesota Timberwolves,Houston Rockets,0,0,5,0,1,1,2
299,291,Tom Gugliotta,1997-96,January,Minnesota Timberwolves,Houston Rockets,16,2,5,2,3,3,2
300,254,Chris Carr,1997-96,January,Minnesota Timberwolves,Houston Rockets,15,1,4,0,1,2,1
301,271,Stephon Marbury,1997-96,January,Minnesota Timberwolves,Houston Rockets,15,5,1,1,1,0,1
302,293,Kevin Willis,1997-96,January,Houston Rockets,Minnesota Timberwolves,4,0,3,1,0,1,0
303,256,Clyde Drexler,1997-96,January,Houston Rockets,Minnesota Timberwolves,26,1,2,0,0,2,3
305,282,Charles Barkley,1997-96,January,Houston Rockets,Minnesota Timberwolves,10,1,9,0,0,1,1
307,270,Kevin Garnett,1997-96,January,Minnesota Timberwolves,Houston Rockets,8,4,9,2,0,0,2
309,305,Charles Barkley,1997-96,January,Houston Rockets,Minnesota Timberwolves,10,1,10,0,0,1,1
311,300,Chris Carr,1997-96,January,Minnesota Timberwolves,Houston Rockets,15,1,5,0,1,2,1
312,299,Tom Gugliotta,1997-96,January,Minnesota Timberwolves,Houston Rockets,18,2,5,2,3,3,2
313,301,Stephon Marbury,1997-96,January,Minnesota Timberwolves,Houston Rockets,15,6,1,1,1,0,1
314,302,Kevin Willis,1997-96,January,Houston Rockets,Minnesota Timberwolves,4,0,3,1,0,2,0
316,309,Charles Barkley,1997-96,January,Houston Rockets,Minnesota Timberwolves,10,1,10,1,0,1,1
317,314,Kevin Willis,1997-96,January,Houston Rockets,Minnesota Timberwolves,4,0,4,1,0,2,0
319,297,Cherokee Parks,1997-96,January,Minnesota Timberwolves,Houston Rockets,0,0,6,0,1,1,2
320,177,Randy Livingston,1997-96,January,Houston Rockets,Minnesota Timberwolves,2,3,1,0,0,1,1
321,313,Stephon Marbury,1997-96,January,Minnesota Timberwolves,Houston Rockets,16,6,1,1,1,0,1
322,321,Stephon Marbury,1997-96,January,Minnesota Timberwolves,Houston Rockets,17,6,1,1,1,0,1
323,311,Chris Carr,1997-96,January,Minnesota Timberwolves,Houston Rockets,15,1,5,0,1,2,2
325,218,Sam Mitchell,1997-96,January,Minnesota Timberwolves,Houston Rockets,0,0,2,0,0,2,2
327,319,Cherokee Parks,1997-96,January,Minnesota Timberwolves,Houston Rockets,0,0,6,1,1,1,2
328,284,Hakeem Olajuwon,1997-96,January,Houston Rockets,Minnesota Timberwolves,10,2,9,4,2,2,2
329,317,Kevin Willis,1997-96,January,Houston Rockets,Minnesota Timberwolves,4,0,4,1,0,2,1
331,127,Sam Mack,1997-96,January,Houston Rockets,Minnesota Timberwolves,0,0,2,0,0,0,0
332,331,Sam Mack,1997-96,January,Houston Rockets,Minnesota Timberwolves,0,0,2,0,0,1,0
334,328,Hakeem Olajuwon,1997-96,January,Houston Rockets,Minnesota Timberwolves,10,2,9,5,2,2,2
335,303,Clyde Drexler,1997-96,January,Houston Rockets,Minnesota Timberwolves,26,1,3,0,0,2,3
336,325,Sam Mitchell,1997-96,January,Minnesota Timberwolves,Houston Rockets,0,0,2,0,0,2,3
337,329,Kevin Willis,1997-96,January,Houston Rockets,Minnesota Timberwolves,5,0,4,1,0,2,1
338,337,Kevin Willis,1997-96,January,Houston Rockets,Minnesota Timberwolves,6,0,4,1,0,2,1
340,334,Hakeem Olajuwon,1997-96,January,Houston Rockets,Minnesota Timberwolves,10,2,10,5,2,2,2
342,312,Tom Gugliotta,1997-96,January,Minnesota Timberwolves,Houston Rockets,18,2,6,2,3,3,2
343,342,Tom Gugliotta,1997-96,January,Minnesota Timberwolves,Houston Rockets,18,2,6,2,3,4,2
344,340,Hakeem Olajuwon,1997-96,January,Houston Rockets,Minnesota Timberwolves,10,2,10,5,3,2,2
345,335,Clyde Drexler,1997-96,January,Houston Rockets,Minnesota Timberwolves,28,1,3,0,0,2,3
346,336,Sam Mitchell,1997-96,January,Minnesota Timberwolves,Houston Rockets,0,0,2,0,0,2,4
347,345,Clyde Drexler,1997-96,January,Houston Rockets,Minnesota Timberwolves,29,1,3,0,0,2,3
348,343,Tom Gugliotta,1997-96,January,Minnesota Timberwolves,Houston Rockets,18,2,6,2,3,5,2
349,332,Sam Mack,1997-96,January,Houston Rockets,Minnesota Timberwolves,0,0,2,0,1,1,0
351,349,Sam Mack,1997-96,January,Houston Rockets,Minnesota Timberwolves,0,0,3,0,1,1,0
352,0,Terry Porter,1997-96,January,Minnesota Timberwolves,Houston Rockets,0,0,0,0,0,0,1
353,351,Sam Mack,1997-96,January,Houston Rockets,Minnesota Timberwolves,1,0,3,0,1,1,0
354,353,Sam Mack,1997-96,January,Houston Rockets,Minnesota Timberwolves,2,0,3,0,1,1,0
355,352,Terry Porter,1997-96,January,Minnesota Timberwolves,Houston Rockets,2,0,0,0,0,0,1
356,307,Kevin Garnett,1997-96,January,Minnesota Timberwolves,Houston Rockets,8,5,9,2,0,0,2
357,320,Randy Livingston,1997-96,January,Houston Rockets,Minnesota Timberwolves,2,3,1,0,0,2,1
358,327,Cherokee Parks,1997-96,January,Minnesota Timberwolves,Houston Rockets,0,0,6,1,2,1,2
359,322,Stephon Marbury,1997-96,January,Minnesota Timberwolves,Houston Rockets,19,6,1,1,1,0,1
360,348,Tom Gugliotta,1997-96,January,Minnesota Timberwolves,Houston Rockets,18,3,6,2,3,5,2
361,347,Clyde Drexler,1997-96,January,Houston Rockets,Minnesota Timberwolves,31,1,3,0,0,2,3
362,357,Randy Livingston,1997-96,January,Houston Rockets,Minnesota Timberwolves,2,4,1,0,0,2,1
363,355,Terry Porter,1997-96,January,Minnesota Timberwolves,Houston Rockets,5,0,0,0,0,0,1
364,358,Cherokee Parks,1997-96,January,Minnesota Timberwolves,Houston Rockets,0,1,6,1,2,1,2
365,344,Hakeem Olajuwon,1997-96,January,Houston Rockets,Minnesota Timberwolves,12,2,10,5,3,2,2
367,361,Clyde Drexler,1997-96,January,Houston Rockets,Minnesota Timberwolves,31,1,4,0,0,2,3
368,354,Sam Mack,1997-96,January,Houston Rockets,Minnesota Timberwolves,5,0,3,0,1,1,0
369,367,Clyde Drexler,1997-96,January,Houston Rockets,Minnesota Timberwolves,31,2,4,0,0,2,3
372,360,Tom Gugliotta,1997-96,January,Minnesota Timberwolves,Houston Rockets,18,3,7,2,3,5,2
374,365,Hakeem Olajuwon,1997-96,January,Houston Rockets,Minnesota Timberwolves,12,2,11,5,3,2,2
375,364,Cherokee Parks,1997-96,January,Minnesota Timberwolves,Houston Rockets,0,1,6,1,2,1,3
376,374,Hakeem Olajuwon,1997-96,January,Houston Rockets,Minnesota Timberwolves,13,2,11,5,3,2,2
377,376,Hakeem Olajuwon,1997-96,January,Houston Rockets,Minnesota Timberwolves,14,2,11,5,3,2,2
379,377,Hakeem Olajuwon,1997-96,January,Houston Rockets,Minnesota Timberwolves,14,2,12,5,3,2,2
380,379,Hakeem Olajuwon,1997-96,January,Houston Rockets,Minnesota Timberwolves,14,2,12,5,3,3,2
381,372,Tom Gugliotta,1997-96,January,Minnesota Timberwolves,Houston Rockets,18,3,7,2,4,5,2
382,381,Tom Gugliotta,1997-96,January,Minnesota Timberwolves,Houston Rockets,20,3,7,2,4,5,2
383,380,Hakeem Olajuwon,1997-96,January,Houston Rockets,Minnesota Timberwolves,16,2,12,5,3,3,2
384,362,Randy Livingston,1997-96,January,Houston Rockets,Minnesota Timberwolves,2,5,1,0,0,2,1
385,359,Stephon Marbury,1997-96,January,Minnesota Timberwolves,Houston Rockets,21,6,1,1,1,0,1
386,356,Kevin Garnett,1997-96,January,Minnesota Timberwolves,Houston Rockets,8,5,9,2,0,0,3
387,369,Clyde Drexler,1997-96,January,Houston Rockets,Minnesota Timberwolves,32,2,4,0,0,2,3
388,387,Clyde Drexler,1997-96,January,Houston Rockets,Minnesota Timberwolves,33,2,4,0,0,2,3
390,316,Charles Barkley,1997-96,January,Houston Rockets,Minnesota Timberwolves,10,1,11,1,0,1,1
391,388,Clyde Drexler,1997-96,January,Houston Rockets,Minnesota Timberwolves,35,2,4,0,0,2,3
392,384,Randy Livingston,1997-96,January,Houston Rockets,Minnesota Timberwolves,2,6,1,0,0,2,1
393,368,Sam Mack,1997-96,January,Houston Rockets,Minnesota Timberwolves,5,0,3,0,1,1,1
395,390,Charles Barkley,1997-96,January,Houston Rockets,Minnesota Timberwolves,10,1,12,1,0,1,1
397,363,Terry Porter,1997-96,January,Minnesota Timberwolves,Houston Rockets,5,0,1,0,0,0,1
399,296,Matt Maloney,1997-96,January,Houston Rockets,Minnesota Timberwolves,8,4,5,0,0,2,0
400,225,Stojko Vrankovic,1997-96,January,Minnesota Timberwolves,Houston Rockets,8,0,7,3,0,1,3
401,383,Hakeem Olajuwon,1997-96,January,Houston Rockets,Minnesota Timberwolves,17,2,12,5,3,3,2
402,401,Hakeem Olajuwon,1997-96,January,Houston Rockets,Minnesota Timberwolves,18,2,12,5,3,3,2
404,375,Cherokee Parks,1997-96,January,Minnesota Timberwolves,Houston Rockets,0,1,7,1,2,1,3
406,395,Charles Barkley,1997-96,January,Houston Rockets,Minnesota Timberwolves,10,1,13,1,0,1,1
408,382,Tom Gugliotta,1997-96,January,Minnesota Timberwolves,Houston Rockets,20,3,8,2,4,5,2
410,391,Clyde Drexler,1997-96,January,Houston Rockets,Minnesota Timberwolves,35,2,5,0,0,2,3
411,408,Tom Gugliotta,1997-96,January,Minnesota Timberwolves,Houston Rockets,20,3,8,2,4,5,3
413,406,Charles Barkley,1997-96,January,Houston Rockets,Minnesota Timberwolves,11,1,13,1,0,1,1
414,402,Hakeem Olajuwon,1997-96,January,Houston Rockets,Minnesota Timberwolves,18,2,12,5,3,3,3
415,385,Stephon Marbury,1997-96,January,Minnesota Timberwolves,Houston Rockets,22,6,1,1,1,0,1
416,415,Stephon Marbury,1997-96,January,Minnesota Timberwolves,Houston Rockets,23,6,1,1,1,0,1
417,397,Terry Porter,1997-96,January,Minnesota Timberwolves,Houston Rockets,5,0,1,0,0,0,2
418,410,Clyde Drexler,1997-96,January,Houston Rockets,Minnesota Timberwolves,36,2,5,0,0,2,3
419,418,Clyde Drexler,1997-96,January,Houston Rockets,Minnesota Timberwolves,37,2,5,0,0,2,3
421,393,Sam Mack,1997-96,January,Houston Rockets,Minnesota Timberwolves,5,0,4,0,1,1,1
422,203,James Robinson,1997-96,January,Minnesota Timberwolves,Houston Rockets,9,0,1,0,1,0,2
423,421,Sam Mack,1997-96,January,Houston Rockets,Minnesota Timberwolves,6,0,4,0,1,1,1
424,423,Sam Mack,1997-96,January,Houston Rockets,Minnesota Timberwolves,7,0,4,0,1,1,1
425,422,James Robinson,1997-96,January,Minnesota Timberwolves,Houston Rockets,12,0,1,0,1,0,2
426,424,Sam Mack,1997-96,January,Houston Rockets,Minnesota Timberwolves,9,0,4,0,1,1,1
427,413,Charles Barkley,1997-96,January,Houston Rockets,Minnesota Timberwolves,11,2,13,1,0,1,1
428,411,Tom Gugliotta,1997-96,January,Minnesota Timberwolves,Houston Rockets,22,3,8,2,4,5,3
429,386,Kevin Garnett,1997-96,January,Minnesota Timberwolves,Houston Rockets,8,5,9,2,0,0,4
430,414,Hakeem Olajuwon,1997-96,January,Houston Rockets,Minnesota Timberwolves,19,2,12,5,3,3,3
432,427,Charles Barkley,1997-96,January,Houston Rockets,Minnesota Timberwolves,11,2,14,1,0,1,1
433,430,Hakeem Olajuwon,1997-96,January,Houston Rockets,Minnesota Timberwolves,22,2,12,5,3,3,3
434,419,Clyde Drexler,1997-96,January,Houston Rockets,Minnesota Timberwolves,37,3,5,0,0,2,3
435,417,Terry Porter,1997-96,January,Minnesota Timberwolves,Houston Rockets,7,0,1,0,0,0,2
