id,previous_id,player,season,month,team,opponent_team,points,assists,rebounds,blocks,steals,turnovers,personal fouls
2,0,Michael Smith,1997-96,January,Sacramento Kings,Denver Nuggets,0,0,1,0,0,0,0
3,0,Olden Polynice,1997-96,January,Sacramento Kings,Denver Nuggets,0,0,0,0,0,1,0
5,2,Michael Smith,1997-96,January,Sacramento Kings,Denver Nuggets,0,0,2,0,0,0,0
7,0,Ervin Johnson,1997-96,January,Denver Nuggets,Sacramento Kings,0,0,1,0,0,0,0
9,5,Michael Smith,1997-96,January,Sacramento Kings,Denver Nuggets,0,0,3,0,0,0,0
10,5,Michael Smith,1997-96,January,Sacramento Kings,Denver Nuggets,2,0,2,0,0,0,0
11,0,Tyus Edney,1997-96,January,Sacramento Kings,Denver Nuggets,0,1,0,0,0,0,0
13,3,Olden Polynice,1997-96,January,Sacramento Kings,Denver Nuggets,0,0,1,0,0,1,0
15,0,LaPhonso Ellis,1997-96,January,Sacramento Kings,Denver Nuggets,0,0,0,1,0,0,0
16,15,LaPhonso Ellis,1997-96,January,Denver Nuggets,Sacramento Kings,2,0,0,1,0,0,0
17,0,Mark Jackson,1997-96,January,Denver Nuggets,Sacramento Kings,0,1,0,0,0,0,0
18,0,Mitch Richmond,1997-96,January,Sacramento Kings,Denver Nuggets,2,0,0,0,0,0,0
19,16,LaPhonso Ellis,1997-96,January,Denver Nuggets,Sacramento Kings,4,0,0,1,0,0,0
20,0,Ricky Pierce,1997-96,January,Denver Nuggets,Sacramento Kings,0,1,0,0,0,0,0
22,7,Ervin Johnson,1997-96,January,Sacramento Kings,Denver Nuggets,0,0,1,1,0,0,0
23,13,Olden Polynice,1997-96,January,Sacramento Kings,Denver Nuggets,0,0,2,0,0,1,0
25,17,Mark Jackson,1997-96,January,Denver Nuggets,Sacramento Kings,0,1,1,0,0,0,0
27,23,Olden Polynice,1997-96,January,Sacramento Kings,Denver Nuggets,0,0,3,0,0,1,0
29,22,Ervin Johnson,1997-96,January,Denver Nuggets,Sacramento Kings,0,0,2,1,0,0,0
30,0,Dale Ellis,1997-96,January,Denver Nuggets,Sacramento Kings,3,0,0,0,0,0,0
31,25,Mark Jackson,1997-96,January,Denver Nuggets,Sacramento Kings,0,2,1,0,0,0,0
32,0,Billy Owens,1997-96,January,Sacramento Kings,Denver Nuggets,2,0,0,0,0,0,0
33,18,Mitch Richmond,1997-96,January,Sacramento Kings,Denver Nuggets,2,1,0,0,0,0,0
35,27,Olden Polynice,1997-96,January,Sacramento Kings,Denver Nuggets,0,0,4,0,0,1,0
37,10,Michael Smith,1997-96,January,Sacramento Kings,Denver Nuggets,2,0,3,0,0,0,0
38,37,Michael Smith,1997-96,January,Sacramento Kings,Denver Nuggets,4,0,3,0,0,0,0
39,11,Tyus Edney,1997-96,January,Sacramento Kings,Denver Nuggets,0,2,0,0,0,0,0
41,32,Billy Owens,1997-96,January,Denver Nuggets,Sacramento Kings,2,0,0,1,0,0,0
42,41,Billy Owens,1997-96,January,Sacramento Kings,Denver Nuggets,2,0,1,1,0,0,0
44,19,LaPhonso Ellis,1997-96,January,Denver Nuggets,Sacramento Kings,4,0,1,1,0,0,0
45,30,Dale Ellis,1997-96,January,Denver Nuggets,Sacramento Kings,6,0,0,0,0,0,0
46,31,Mark Jackson,1997-96,January,Denver Nuggets,Sacramento Kings,0,3,1,0,0,0,0
47,35,Olden Polynice,1997-96,January,Sacramento Kings,Denver Nuggets,2,0,4,0,0,1,0
48,39,Tyus Edney,1997-96,January,Sacramento Kings,Denver Nuggets,0,3,0,0,0,0,0
49,45,Dale Ellis,1997-96,January,Denver Nuggets,Sacramento Kings,8,0,0,0,0,0,0
50,29,Ervin Johnson,1997-96,January,Denver Nuggets,Sacramento Kings,0,1,2,1,0,0,0
51,48,Tyus Edney,1997-96,January,Sacramento Kings,Denver Nuggets,0,3,0,0,0,1,0
52,20,Ricky Pierce,1997-96,January,Denver Nuggets,Sacramento Kings,2,1,0,0,0,0,0
53,49,Dale Ellis,1997-96,January,Denver Nuggets,Sacramento Kings,8,1,0,0,0,0,0
54,33,Mitch Richmond,1997-96,January,Sacramento Kings,Denver Nuggets,5,1,0,0,0,0,0
55,51,Tyus Edney,1997-96,January,Sacramento Kings,Denver Nuggets,0,4,0,0,0,1,0
56,53,Dale Ellis,1997-96,January,Denver Nuggets,Sacramento Kings,10,1,0,0,0,0,0
57,44,LaPhonso Ellis,1997-96,January,Denver Nuggets,Sacramento Kings,4,1,1,1,0,0,0
58,55,Tyus Edney,1997-96,January,Sacramento Kings,Denver Nuggets,0,4,0,0,0,2,0
59,50,Ervin Johnson,1997-96,January,Denver Nuggets,Sacramento Kings,2,1,2,1,0,0,0
60,56,Dale Ellis,1997-96,January,Denver Nuggets,Sacramento Kings,10,2,0,0,0,0,0
61,54,Mitch Richmond,1997-96,January,Sacramento Kings,Denver Nuggets,7,1,0,0,0,0,0
63,61,Mitch Richmond,1997-96,January,Sacramento Kings,Denver Nuggets,7,1,1,0,0,0,0
64,38,Michael Smith,1997-96,January,Sacramento Kings,Denver Nuggets,6,0,3,0,0,0,0
65,63,Mitch Richmond,1997-96,January,Sacramento Kings,Denver Nuggets,7,2,1,0,0,0,0
66,52,Ricky Pierce,1997-96,January,Denver Nuggets,Sacramento Kings,4,1,0,0,0,0,0
67,46,Mark Jackson,1997-96,January,Denver Nuggets,Sacramento Kings,0,4,1,0,0,0,0
68,66,Ricky Pierce,1997-96,January,Denver Nuggets,Sacramento Kings,4,1,0,0,0,0,1
69,65,Mitch Richmond,1997-96,January,Sacramento Kings,Denver Nuggets,9,2,1,0,0,0,0
70,42,Billy Owens,1997-96,January,Sacramento Kings,Denver Nuggets,2,0,1,1,0,0,0
71,60,Dale Ellis,1997-96,January,Denver Nuggets,Sacramento Kings,11,2,0,0,0,0,0
72,71,Dale Ellis,1997-96,January,Denver Nuggets,Sacramento Kings,11,2,0,0,0,1,0
73,64,Michael Smith,1997-96,January,Denver Nuggets,Sacramento Kings,6,0,3,0,1,0,0
74,47,Olden Polynice,1997-96,January,Sacramento Kings,Denver Nuggets,4,0,4,0,0,1,0
75,58,Tyus Edney,1997-96,January,Sacramento Kings,Denver Nuggets,0,5,0,0,0,2,0
76,57,LaPhonso Ellis,1997-96,January,Denver Nuggets,Sacramento Kings,6,1,1,1,0,0,0
77,69,Mitch Richmond,1997-96,January,Sacramento Kings,Denver Nuggets,11,2,1,0,0,0,0
78,0,Corliss Williamson,1997-96,January,Sacramento Kings,Denver Nuggets,0,1,0,0,0,0,0
79,59,Ervin Johnson,1997-96,January,Denver Nuggets,Sacramento Kings,2,1,2,1,0,0,1
81,76,LaPhonso Ellis,1997-96,January,Denver Nuggets,Sacramento Kings,6,1,2,1,0,0,0
82,67,Mark Jackson,1997-96,January,Denver Nuggets,Sacramento Kings,2,4,1,0,0,0,0
83,79,Ervin Johnson,1997-96,January,Denver Nuggets,Sacramento Kings,2,2,2,1,0,0,1
85,83,Ervin Johnson,1997-96,January,Denver Nuggets,Sacramento Kings,2,2,3,1,0,0,1
87,82,Mark Jackson,1997-96,January,Denver Nuggets,Sacramento Kings,2,4,2,0,0,0,0
88,87,Mark Jackson,1997-96,January,Denver Nuggets,Sacramento Kings,4,4,2,0,0,0,0
90,85,Ervin Johnson,1997-96,January,Denver Nuggets,Sacramento Kings,2,2,4,1,0,0,1
91,0,Darvin Ham,1997-96,January,Denver Nuggets,Sacramento Kings,2,0,0,0,0,0,0
92,78,Corliss Williamson,1997-96,January,Sacramento Kings,Denver Nuggets,2,1,0,0,0,0,0
94,81,LaPhonso Ellis,1997-96,January,Denver Nuggets,Sacramento Kings,6,1,3,1,0,0,0
95,92,Corliss Williamson,1997-96,January,Sacramento Kings,Denver Nuggets,2,1,0,0,0,0,1
96,94,LaPhonso Ellis,1997-96,January,Denver Nuggets,Sacramento Kings,7,1,3,1,0,0,0
98,74,Olden Polynice,1997-96,January,Sacramento Kings,Denver Nuggets,4,0,5,0,0,1,0
100,91,Darvin Ham,1997-96,January,Denver Nuggets,Sacramento Kings,2,0,1,0,0,0,0
101,96,LaPhonso Ellis,1997-96,January,Denver Nuggets,Sacramento Kings,9,1,3,1,0,0,0
102,88,Mark Jackson,1997-96,January,Denver Nuggets,Sacramento Kings,4,5,2,0,0,0,0
103,0,Mahmoud Abdul-Rauf,1997-96,January,Sacramento Kings,Denver Nuggets,0,0,0,0,0,1,0
104,101,LaPhonso Ellis,1997-96,January,Sacramento Kings,Denver Nuggets,9,1,3,1,1,0,0
105,102,Mark Jackson,1997-96,January,Denver Nuggets,Sacramento Kings,4,5,2,0,0,1,0
106,95,Corliss Williamson,1997-96,January,Denver Nuggets,Sacramento Kings,2,1,0,0,1,0,1
108,100,Darvin Ham,1997-96,January,Denver Nuggets,Sacramento Kings,2,0,2,0,0,0,0
109,0,Brooks Thompson,1997-96,January,Denver Nuggets,Sacramento Kings,3,0,0,0,0,0,0
110,105,Mark Jackson,1997-96,January,Denver Nuggets,Sacramento Kings,4,6,2,0,0,1,0
112,77,Mitch Richmond,1997-96,January,Sacramento Kings,Denver Nuggets,11,2,2,0,0,0,0
113,112,Mitch Richmond,1997-96,January,Sacramento Kings,Denver Nuggets,13,2,2,0,0,0,0
114,109,Brooks Thompson,1997-96,January,Denver Nuggets,Sacramento Kings,5,0,0,0,0,0,0
115,108,Darvin Ham,1997-96,January,Denver Nuggets,Sacramento Kings,2,1,2,0,0,0,0
116,90,Ervin Johnson,1997-96,January,Denver Nuggets,Sacramento Kings,2,2,4,1,0,0,1
117,103,Mahmoud Abdul-Rauf,1997-96,January,Sacramento Kings,Denver Nuggets,1,0,0,0,0,1,0
119,115,Darvin Ham,1997-96,January,Sacramento Kings,Denver Nuggets,2,1,2,1,0,0,0
120,0,Tom Hammonds,1997-96,January,Denver Nuggets,Sacramento Kings,0,0,1,0,0,0,0
122,119,Darvin Ham,1997-96,January,Denver Nuggets,Sacramento Kings,2,1,3,1,0,0,0
123,120,Tom Hammonds,1997-96,January,Denver Nuggets,Sacramento Kings,2,0,1,0,0,0,0
124,122,Darvin Ham,1997-96,January,Denver Nuggets,Sacramento Kings,2,2,3,1,0,0,0
125,113,Mitch Richmond,1997-96,January,Sacramento Kings,Denver Nuggets,13,2,2,0,0,1,0
127,98,Olden Polynice,1997-96,January,Sacramento Kings,Denver Nuggets,4,0,6,0,0,1,0
129,123,Tom Hammonds,1997-96,January,Denver Nuggets,Sacramento Kings,2,0,2,0,0,0,0
130,106,Corliss Williamson,1997-96,January,Sacramento Kings,Denver Nuggets,2,1,0,0,1,0,2
131,0,Elmer Bennett,1997-96,January,Denver Nuggets,Sacramento Kings,3,0,0,0,0,0,0
132,114,Brooks Thompson,1997-96,January,Denver Nuggets,Sacramento Kings,5,1,0,0,0,0,0
134,129,Tom Hammonds,1997-96,January,Denver Nuggets,Sacramento Kings,2,0,3,0,0,0,0
135,127,Olden Polynice,1997-96,January,Sacramento Kings,Denver Nuggets,4,0,6,0,0,1,1
136,134,Tom Hammonds,1997-96,January,Denver Nuggets,Sacramento Kings,3,0,3,0,0,0,0
137,136,Tom Hammonds,1997-96,January,Denver Nuggets,Sacramento Kings,4,0,3,0,0,0,0
139,0,Duane Causwell,1997-96,January,Sacramento Kings,Denver Nuggets,0,0,1,0,0,0,0
140,132,Brooks Thompson,1997-96,January,Denver Nuggets,Sacramento Kings,5,1,0,0,0,0,1
141,139,Duane Causwell,1997-96,January,Sacramento Kings,Denver Nuggets,2,0,1,0,0,0,0
142,70,Billy Owens,1997-96,January,Sacramento Kings,Denver Nuggets,2,1,1,1,0,0,0
143,137,Tom Hammonds,1997-96,January,Denver Nuggets,Sacramento Kings,4,0,3,0,0,0,1
144,143,Tom Hammonds,1997-96,January,Denver Nuggets,Sacramento Kings,4,0,3,0,0,1,1
146,141,Duane Causwell,1997-96,January,Sacramento Kings,Denver Nuggets,2,0,1,0,0,0,1
147,146,Duane Causwell,1997-96,January,Sacramento Kings,Denver Nuggets,2,0,1,0,0,1,1
148,104,LaPhonso Ellis,1997-96,January,Denver Nuggets,Sacramento Kings,11,1,3,1,1,0,0
149,142,Billy Owens,1997-96,January,Sacramento Kings,Denver Nuggets,4,1,1,1,0,0,0
151,117,Mahmoud Abdul-Rauf,1997-96,January,Sacramento Kings,Denver Nuggets,1,0,1,0,0,1,0
153,116,Ervin Johnson,1997-96,January,Denver Nuggets,Sacramento Kings,2,2,5,1,0,0,1
154,131,Elmer Bennett,1997-96,January,Denver Nuggets,Sacramento Kings,3,0,0,0,0,0,1
155,154,Elmer Bennett,1997-96,January,Denver Nuggets,Sacramento Kings,3,0,0,0,0,1,1
156,68,Ricky Pierce,1997-96,January,Denver Nuggets,Sacramento Kings,4,1,0,0,0,0,1
157,151,Mahmoud Abdul-Rauf,1997-96,January,Sacramento Kings,Denver Nuggets,2,0,1,0,0,1,0
159,72,Dale Ellis,1997-96,January,Denver Nuggets,Sacramento Kings,11,2,1,0,0,1,0
161,125,Mitch Richmond,1997-96,January,Denver Nuggets,Sacramento Kings,13,2,2,1,0,1,0
162,161,Mitch Richmond,1997-96,January,Sacramento Kings,Denver Nuggets,13,2,3,1,0,1,0
164,149,Billy Owens,1997-96,January,Sacramento Kings,Denver Nuggets,4,1,2,1,0,0,0
165,164,Billy Owens,1997-96,January,Sacramento Kings,Denver Nuggets,6,1,2,1,0,0,0
166,148,LaPhonso Ellis,1997-96,January,Denver Nuggets,Sacramento Kings,11,1,3,1,1,1,0
167,165,Billy Owens,1997-96,January,Denver Nuggets,Sacramento Kings,6,1,2,1,1,0,0
168,157,Mahmoud Abdul-Rauf,1997-96,January,Sacramento Kings,Denver Nuggets,4,0,1,0,0,1,0
169,0,Kevin Gamble,1997-96,January,Sacramento Kings,Denver Nuggets,0,1,0,0,0,0,0
170,166,LaPhonso Ellis,1997-96,January,Denver Nuggets,Sacramento Kings,13,1,3,1,1,1,0
172,170,LaPhonso Ellis,1997-96,January,Denver Nuggets,Sacramento Kings,13,1,4,1,1,1,0
173,172,LaPhonso Ellis,1997-96,January,Denver Nuggets,Sacramento Kings,15,1,4,1,1,1,0
174,156,Ricky Pierce,1997-96,January,Denver Nuggets,Sacramento Kings,4,2,0,0,0,0,1
176,147,Duane Causwell,1997-96,January,Sacramento Kings,Denver Nuggets,2,0,2,0,0,1,1
177,173,LaPhonso Ellis,1997-96,January,Denver Nuggets,Sacramento Kings,15,1,4,1,1,1,1
178,162,Mitch Richmond,1997-96,January,Sacramento Kings,Denver Nuggets,14,2,3,1,0,1,0
180,144,Tom Hammonds,1997-96,January,Denver Nuggets,Sacramento Kings,4,0,4,0,0,1,1
182,169,Kevin Gamble,1997-96,January,Denver Nuggets,Sacramento Kings,0,1,0,1,0,0,0
183,178,Mitch Richmond,1997-96,January,Sacramento Kings,Denver Nuggets,14,2,4,1,0,1,0
184,180,Tom Hammonds,1997-96,January,Denver Nuggets,Sacramento Kings,4,0,4,0,0,1,2
185,130,Corliss Williamson,1997-96,January,Sacramento Kings,Denver Nuggets,3,1,0,0,1,0,2
187,185,Corliss Williamson,1997-96,January,Sacramento Kings,Denver Nuggets,3,1,1,0,1,0,2
188,187,Corliss Williamson,1997-96,January,Sacramento Kings,Denver Nuggets,3,1,1,0,1,1,2
189,182,Kevin Gamble,1997-96,January,Sacramento Kings,Denver Nuggets,0,1,0,1,0,0,1
191,184,Tom Hammonds,1997-96,January,Denver Nuggets,Sacramento Kings,5,0,4,0,0,1,2
192,183,Mitch Richmond,1997-96,January,Sacramento Kings,Denver Nuggets,16,2,4,1,0,1,0
193,188,Corliss Williamson,1997-96,January,Sacramento Kings,Denver Nuggets,3,2,1,0,1,1,2
195,168,Mahmoud Abdul-Rauf,1997-96,January,Sacramento Kings,Denver Nuggets,4,0,2,0,0,1,0
196,135,Olden Polynice,1997-96,January,Sacramento Kings,Denver Nuggets,4,0,6,0,0,2,1
197,196,Olden Polynice,1997-96,January,Sacramento Kings,Denver Nuggets,4,0,6,0,0,2,2
198,177,LaPhonso Ellis,1997-96,January,Denver Nuggets,Sacramento Kings,17,1,4,1,1,1,1
200,159,Dale Ellis,1997-96,January,Denver Nuggets,Sacramento Kings,11,2,2,0,0,1,0
201,200,Dale Ellis,1997-96,January,Denver Nuggets,Sacramento Kings,13,2,2,0,0,1,0
202,195,Mahmoud Abdul-Rauf,1997-96,January,Sacramento Kings,Denver Nuggets,6,0,2,0,0,1,0
204,197,Olden Polynice,1997-96,January,Sacramento Kings,Denver Nuggets,4,0,7,0,0,2,2
206,191,Tom Hammonds,1997-96,January,Denver Nuggets,Sacramento Kings,5,0,5,0,0,1,2
207,110,Mark Jackson,1997-96,January,Denver Nuggets,Sacramento Kings,6,6,2,0,0,1,0
208,174,Ricky Pierce,1997-96,January,Denver Nuggets,Sacramento Kings,4,2,0,0,0,0,2
209,192,Mitch Richmond,1997-96,January,Sacramento Kings,Denver Nuggets,17,2,4,1,0,1,0
210,209,Mitch Richmond,1997-96,January,Sacramento Kings,Denver Nuggets,18,2,4,1,0,1,0
211,198,LaPhonso Ellis,1997-96,January,Denver Nuggets,Sacramento Kings,20,1,4,1,1,1,1
212,140,Brooks Thompson,1997-96,January,Denver Nuggets,Sacramento Kings,5,2,0,0,0,0,1
213,207,Mark Jackson,1997-96,January,Denver Nuggets,Sacramento Kings,6,6,2,0,0,2,0
214,193,Corliss Williamson,1997-96,January,Denver Nuggets,Sacramento Kings,3,2,1,0,2,1,2
216,153,Ervin Johnson,1997-96,January,Sacramento Kings,Denver Nuggets,2,2,5,2,0,0,1
217,204,Olden Polynice,1997-96,January,Sacramento Kings,Denver Nuggets,4,0,8,0,0,2,2
219,217,Olden Polynice,1997-96,January,Sacramento Kings,Denver Nuggets,4,0,9,0,0,2,2
221,214,Corliss Williamson,1997-96,January,Sacramento Kings,Denver Nuggets,3,2,2,0,2,1,2
223,189,Kevin Gamble,1997-96,January,Sacramento Kings,Denver Nuggets,0,1,1,1,0,0,1
225,221,Corliss Williamson,1997-96,January,Sacramento Kings,Denver Nuggets,3,2,3,0,2,1,2
227,213,Mark Jackson,1997-96,January,Denver Nuggets,Sacramento Kings,8,6,2,0,0,2,0
229,216,Ervin Johnson,1997-96,January,Denver Nuggets,Sacramento Kings,2,2,6,2,0,0,1
231,225,Corliss Williamson,1997-96,January,Sacramento Kings,Denver Nuggets,3,2,4,0,2,1,2
232,231,Corliss Williamson,1997-96,January,Sacramento Kings,Denver Nuggets,5,2,4,0,2,1,2
233,201,Dale Ellis,1997-96,January,Denver Nuggets,Sacramento Kings,13,2,2,0,0,2,0
235,219,Olden Polynice,1997-96,January,Sacramento Kings,Denver Nuggets,4,0,10,0,0,2,2
237,235,Olden Polynice,1997-96,January,Sacramento Kings,Denver Nuggets,4,0,11,0,0,2,2
238,229,Ervin Johnson,1997-96,January,Denver Nuggets,Sacramento Kings,2,2,6,2,0,0,2
239,237,Olden Polynice,1997-96,January,Sacramento Kings,Denver Nuggets,5,0,11,0,0,2,2
241,238,Ervin Johnson,1997-96,January,Denver Nuggets,Sacramento Kings,2,2,7,2,0,0,2
242,211,LaPhonso Ellis,1997-96,January,Denver Nuggets,Sacramento Kings,22,1,4,1,1,1,1
244,233,Dale Ellis,1997-96,January,Denver Nuggets,Sacramento Kings,13,2,3,0,0,2,0
245,227,Mark Jackson,1997-96,January,Denver Nuggets,Sacramento Kings,8,6,2,0,0,3,0
246,223,Kevin Gamble,1997-96,January,Sacramento Kings,Denver Nuggets,2,1,1,1,0,0,1
247,75,Tyus Edney,1997-96,January,Sacramento Kings,Denver Nuggets,0,6,0,0,0,2,0
248,208,Ricky Pierce,1997-96,January,Denver Nuggets,Sacramento Kings,4,2,0,0,0,1,2
249,246,Kevin Gamble,1997-96,January,Denver Nuggets,Sacramento Kings,2,1,1,1,1,0,1
251,248,Ricky Pierce,1997-96,January,Sacramento Kings,Denver Nuggets,4,2,0,1,0,1,2
252,242,LaPhonso Ellis,1997-96,January,Denver Nuggets,Sacramento Kings,22,1,5,1,1,1,1
253,251,Ricky Pierce,1997-96,January,Denver Nuggets,Sacramento Kings,6,2,0,1,0,1,2
254,245,Mark Jackson,1997-96,January,Denver Nuggets,Sacramento Kings,8,7,2,0,0,3,0
256,241,Ervin Johnson,1997-96,January,Denver Nuggets,Sacramento Kings,2,2,8,2,0,0,2
258,210,Mitch Richmond,1997-96,January,Sacramento Kings,Denver Nuggets,18,2,5,1,0,1,0
260,256,Ervin Johnson,1997-96,January,Denver Nuggets,Sacramento Kings,2,2,9,2,0,0,2
262,254,Mark Jackson,1997-96,January,Denver Nuggets,Sacramento Kings,8,7,3,0,0,3,0
263,262,Mark Jackson,1997-96,January,Denver Nuggets,Sacramento Kings,10,7,3,0,0,3,0
265,260,Ervin Johnson,1997-96,January,Denver Nuggets,Sacramento Kings,2,2,10,2,0,0,2
267,239,Olden Polynice,1997-96,January,Sacramento Kings,Denver Nuggets,5,0,12,0,0,2,2
268,232,Corliss Williamson,1997-96,January,Sacramento Kings,Denver Nuggets,7,2,4,0,2,1,2
269,202,Mahmoud Abdul-Rauf,1997-96,January,Sacramento Kings,Denver Nuggets,6,1,2,0,0,1,0
271,267,Olden Polynice,1997-96,January,Sacramento Kings,Denver Nuggets,5,0,13,0,0,2,2
273,252,LaPhonso Ellis,1997-96,January,Denver Nuggets,Sacramento Kings,22,1,6,1,1,1,1
274,263,Mark Jackson,1997-96,January,Denver Nuggets,Sacramento Kings,13,7,3,0,0,3,0
275,273,LaPhonso Ellis,1997-96,January,Denver Nuggets,Sacramento Kings,22,2,6,1,1,1,1
276,271,Olden Polynice,1997-96,January,Sacramento Kings,Denver Nuggets,7,0,13,0,0,2,2
277,268,Corliss Williamson,1997-96,January,Sacramento Kings,Denver Nuggets,7,3,4,0,2,1,2
278,275,LaPhonso Ellis,1997-96,January,Denver Nuggets,Sacramento Kings,24,2,6,1,1,1,1
279,278,LaPhonso Ellis,1997-96,January,Denver Nuggets,Sacramento Kings,24,2,6,1,1,1,2
280,277,Corliss Williamson,1997-96,January,Sacramento Kings,Denver Nuggets,9,3,4,0,2,1,2
282,265,Ervin Johnson,1997-96,January,Denver Nuggets,Sacramento Kings,2,2,11,2,0,0,2
283,282,Ervin Johnson,1997-96,January,Denver Nuggets,Sacramento Kings,4,2,11,2,0,0,2
285,283,Ervin Johnson,1997-96,January,Denver Nuggets,Sacramento Kings,4,2,12,2,0,0,2
286,212,Brooks Thompson,1997-96,January,Denver Nuggets,Sacramento Kings,5,2,0,0,0,1,1
287,274,Mark Jackson,1997-96,January,Denver Nuggets,Sacramento Kings,13,7,3,0,0,3,1
288,269,Mahmoud Abdul-Rauf,1997-96,January,Sacramento Kings,Denver Nuggets,7,1,2,0,0,1,0
289,288,Mahmoud Abdul-Rauf,1997-96,January,Sacramento Kings,Denver Nuggets,8,1,2,0,0,1,0
290,244,Dale Ellis,1997-96,January,Denver Nuggets,Sacramento Kings,13,2,3,0,0,3,0
291,249,Kevin Gamble,1997-96,January,Denver Nuggets,Sacramento Kings,2,1,1,1,2,0,1
292,258,Mitch Richmond,1997-96,January,Sacramento Kings,Denver Nuggets,18,2,5,1,0,2,0
294,276,Olden Polynice,1997-96,January,Denver Nuggets,Sacramento Kings,7,0,13,1,0,2,2
295,287,Mark Jackson,1997-96,January,Denver Nuggets,Sacramento Kings,13,7,4,0,0,3,1
296,295,Mark Jackson,1997-96,January,Denver Nuggets,Sacramento Kings,16,7,4,0,0,3,1
297,291,Kevin Gamble,1997-96,January,Sacramento Kings,Denver Nuggets,4,1,1,1,2,0,1
298,279,LaPhonso Ellis,1997-96,January,Denver Nuggets,Sacramento Kings,27,2,6,1,1,1,2
299,296,Mark Jackson,1997-96,January,Denver Nuggets,Sacramento Kings,16,8,4,0,0,3,1
301,298,LaPhonso Ellis,1997-96,January,Denver Nuggets,Sacramento Kings,30,2,6,1,1,1,2
302,299,Mark Jackson,1997-96,January,Denver Nuggets,Sacramento Kings,16,9,4,0,0,3,1
303,294,Olden Polynice,1997-96,January,Sacramento Kings,Denver Nuggets,7,0,13,1,0,3,2
304,286,Brooks Thompson,1997-96,January,Sacramento Kings,Denver Nuggets,5,2,0,0,1,1,1
306,297,Kevin Gamble,1997-96,January,Sacramento Kings,Denver Nuggets,4,1,2,1,2,0,1
308,301,LaPhonso Ellis,1997-96,January,Sacramento Kings,Denver Nuggets,30,2,6,2,1,1,2
310,285,Ervin Johnson,1997-96,January,Denver Nuggets,Sacramento Kings,4,2,13,2,0,0,2
312,124,Darvin Ham,1997-96,January,Denver Nuggets,Sacramento Kings,2,2,4,1,0,0,0
313,312,Darvin Ham,1997-96,January,Denver Nuggets,Sacramento Kings,2,2,4,1,0,1,0
314,289,Mahmoud Abdul-Rauf,1997-96,January,Denver Nuggets,Sacramento Kings,8,1,2,0,1,1,0
315,306,Kevin Gamble,1997-96,January,Sacramento Kings,Denver Nuggets,6,1,2,1,2,0,1
316,247,Tyus Edney,1997-96,January,Sacramento Kings,Denver Nuggets,0,7,0,0,0,2,0
317,308,LaPhonso Ellis,1997-96,January,Denver Nuggets,Sacramento Kings,33,2,6,2,1,1,2
318,302,Mark Jackson,1997-96,January,Denver Nuggets,Sacramento Kings,16,10,4,0,0,3,1
319,313,Darvin Ham,1997-96,January,Denver Nuggets,Sacramento Kings,2,2,4,1,0,1,1
320,316,Tyus Edney,1997-96,January,Sacramento Kings,Denver Nuggets,1,7,0,0,0,2,0
321,320,Tyus Edney,1997-96,January,Sacramento Kings,Denver Nuggets,2,7,0,0,0,2,0
323,176,Duane Causwell,1997-96,January,Sacramento Kings,Denver Nuggets,2,0,3,0,0,1,1
325,304,Brooks Thompson,1997-96,January,Denver Nuggets,Sacramento Kings,5,2,1,0,1,1,1
326,321,Tyus Edney,1997-96,January,Sacramento Kings,Denver Nuggets,2,7,0,0,0,2,1
329,310,Ervin Johnson,1997-96,January,Denver Nuggets,Sacramento Kings,4,2,14,2,0,0,2
331,315,Kevin Gamble,1997-96,January,Sacramento Kings,Denver Nuggets,6,1,3,1,2,0,1
333,318,Mark Jackson,1997-96,January,Denver Nuggets,Sacramento Kings,16,10,5,0,0,3,1
334,323,Duane Causwell,1997-96,January,Sacramento Kings,Denver Nuggets,2,0,3,0,0,1,2
337,334,Duane Causwell,1997-96,January,Sacramento Kings,Denver Nuggets,2,0,4,0,0,1,2
338,325,Brooks Thompson,1997-96,January,Denver Nuggets,Sacramento Kings,5,2,1,0,1,1,1
339,337,Duane Causwell,1997-96,January,Sacramento Kings,Denver Nuggets,2,0,4,0,0,1,2
340,314,Mahmoud Abdul-Rauf,1997-96,January,Sacramento Kings,Denver Nuggets,9,1,2,0,1,1,0
341,333,Mark Jackson,1997-96,January,Denver Nuggets,Sacramento Kings,17,10,5,0,0,3,1
342,340,Mahmoud Abdul-Rauf,1997-96,January,Sacramento Kings,Denver Nuggets,11,1,2,0,1,1,0
343,326,Tyus Edney,1997-96,January,Sacramento Kings,Denver Nuggets,2,8,0,0,0,2,1
346,341,Mark Jackson,1997-96,January,Denver Nuggets,Sacramento Kings,17,10,6,0,0,3,1
347,206,Tom Hammonds,1997-96,January,Denver Nuggets,Sacramento Kings,7,0,5,0,0,1,2
348,346,Mark Jackson,1997-96,January,Denver Nuggets,Sacramento Kings,17,11,6,0,0,3,1
350,329,Ervin Johnson,1997-96,January,Sacramento Kings,Denver Nuggets,4,2,14,3,0,0,2
351,339,Duane Causwell,1997-96,January,Sacramento Kings,Denver Nuggets,2,0,5,0,0,1,2
352,351,Duane Causwell,1997-96,January,Sacramento Kings,Denver Nuggets,4,0,5,0,0,1,2
353,155,Elmer Bennett,1997-96,January,Denver Nuggets,Sacramento Kings,6,0,0,0,0,1,1
354,342,Mahmoud Abdul-Rauf,1997-96,January,Sacramento Kings,Denver Nuggets,13,1,2,0,1,1,0
355,343,Tyus Edney,1997-96,January,Sacramento Kings,Denver Nuggets,2,9,0,0,0,2,1
356,348,Mark Jackson,1997-96,January,Denver Nuggets,Sacramento Kings,19,11,6,0,0,3,1
358,350,Ervin Johnson,1997-96,January,Denver Nuggets,Sacramento Kings,4,2,15,3,0,0,2
359,358,Ervin Johnson,1997-96,January,Denver Nuggets,Sacramento Kings,4,2,15,3,0,1,2
360,292,Mitch Richmond,1997-96,January,Denver Nuggets,Sacramento Kings,18,2,5,1,1,2,0
361,354,Mahmoud Abdul-Rauf,1997-96,January,Sacramento Kings,Denver Nuggets,15,1,2,0,1,1,0
363,352,Duane Causwell,1997-96,January,Denver Nuggets,Sacramento Kings,4,0,5,1,0,1,2
364,355,Tyus Edney,1997-96,January,Sacramento Kings,Denver Nuggets,2,9,1,0,0,2,1
366,363,Duane Causwell,1997-96,January,Sacramento Kings,Denver Nuggets,4,0,6,1,0,1,2
367,361,Mahmoud Abdul-Rauf,1997-96,January,Sacramento Kings,Denver Nuggets,18,1,2,0,1,1,0
368,366,Duane Causwell,1997-96,January,Sacramento Kings,Denver Nuggets,4,1,6,1,0,1,2
369,347,Tom Hammonds,1997-96,January,Denver Nuggets,Sacramento Kings,9,0,5,0,0,1,2
370,353,Elmer Bennett,1997-96,January,Denver Nuggets,Sacramento Kings,6,1,0,0,0,1,1
371,368,Duane Causwell,1997-96,January,Sacramento Kings,Denver Nuggets,6,1,6,1,0,1,2
372,360,Mitch Richmond,1997-96,January,Sacramento Kings,Denver Nuggets,18,3,5,1,1,2,0
373,356,Mark Jackson,1997-96,January,Denver Nuggets,Sacramento Kings,22,11,6,0,0,3,1
374,290,Dale Ellis,1997-96,January,Denver Nuggets,Sacramento Kings,13,3,3,0,0,3,0
375,338,Brooks Thompson,1997-96,January,Denver Nuggets,Sacramento Kings,5,2,1,0,1,1,2
377,372,Mitch Richmond,1997-96,January,Sacramento Kings,Denver Nuggets,19,3,5,1,1,2,0
378,374,Dale Ellis,1997-96,January,Denver Nuggets,Sacramento Kings,15,3,3,0,0,3,0
379,369,Tom Hammonds,1997-96,January,Denver Nuggets,Sacramento Kings,9,1,5,0,0,1,2
380,280,Corliss Williamson,1997-96,January,Sacramento Kings,Denver Nuggets,9,3,4,0,2,1,3
381,378,Dale Ellis,1997-96,January,Denver Nuggets,Sacramento Kings,16,3,3,0,0,3,0
382,375,Brooks Thompson,1997-96,January,Denver Nuggets,Sacramento Kings,5,2,1,0,1,1,3
383,380,Corliss Williamson,1997-96,January,Sacramento Kings,Denver Nuggets,9,3,4,0,2,2,3
385,381,Dale Ellis,1997-96,January,Denver Nuggets,Sacramento Kings,16,3,4,0,0,3,0
386,385,Dale Ellis,1997-96,January,Denver Nuggets,Sacramento Kings,18,3,4,0,0,3,0
388,386,Dale Ellis,1997-96,January,Denver Nuggets,Sacramento Kings,21,3,4,0,0,3,0
389,373,Mark Jackson,1997-96,January,Denver Nuggets,Sacramento Kings,22,12,6,0,0,3,1
391,0,Kevin Salvadori,1997-96,January,Sacramento Kings,Denver Nuggets,0,0,1,0,0,0,0
393,383,Corliss Williamson,1997-96,January,Sacramento Kings,Denver Nuggets,9,3,5,0,2,2,3
394,393,Corliss Williamson,1997-96,January,Sacramento Kings,Denver Nuggets,11,3,5,0,2,2,3
396,371,Duane Causwell,1997-96,January,Sacramento Kings,Denver Nuggets,6,1,7,1,0,1,2
398,396,Duane Causwell,1997-96,January,Sacramento Kings,Denver Nuggets,6,1,8,1,0,1,2
399,398,Duane Causwell,1997-96,January,Sacramento Kings,Denver Nuggets,8,1,8,1,0,1,2
401,359,Ervin Johnson,1997-96,January,Denver Nuggets,Sacramento Kings,4,2,16,3,0,1,2
402,399,Duane Causwell,1997-96,January,Sacramento Kings,Denver Nuggets,8,1,8,1,0,1,3
404,401,Ervin Johnson,1997-96,January,Denver Nuggets,Sacramento Kings,5,2,16,3,0,1,2
405,0,Bobby Hurley,1997-96,January,Sacramento Kings,Denver Nuggets,2,0,0,0,0,0,0
406,253,Ricky Pierce,1997-96,January,Denver Nuggets,Sacramento Kings,6,2,0,1,0,2,2
407,394,Corliss Williamson,1997-96,January,Sacramento Kings,Denver Nuggets,13,3,5,0,2,2,3
408,331,Kevin Gamble,1997-96,January,Sacramento Kings,Denver Nuggets,6,2,3,1,2,0,1
410,402,Duane Causwell,1997-96,January,Sacramento Kings,Denver Nuggets,8,1,9,1,0,1,3
411,319,Darvin Ham,1997-96,January,Denver Nuggets,Sacramento Kings,2,2,4,1,0,1,2
412,370,Elmer Bennett,1997-96,January,Denver Nuggets,Sacramento Kings,6,1,0,0,0,1,2
414,405,Bobby Hurley,1997-96,January,Sacramento Kings,Denver Nuggets,3,0,0,0,0,0,0
415,0,LaSalle Thompson,1997-96,January,Denver Nuggets,Sacramento Kings,0,0,0,0,0,1,0
416,410,Duane Causwell,1997-96,January,Denver Nuggets,Sacramento Kings,8,1,9,1,1,1,3
418,416,Duane Causwell,1997-96,January,Sacramento Kings,Denver Nuggets,8,1,10,1,1,1,3
419,415,LaSalle Thompson,1997-96,January,Denver Nuggets,Sacramento Kings,0,0,0,0,0,1,1
420,418,Duane Causwell,1997-96,January,Sacramento Kings,Denver Nuggets,9,1,10,1,1,1,3
421,420,Duane Causwell,1997-96,January,Sacramento Kings,Denver Nuggets,10,1,10,1,1,1,3
422,406,Ricky Pierce,1997-96,January,Denver Nuggets,Sacramento Kings,6,2,0,1,0,2,3
423,407,Corliss Williamson,1997-96,January,Sacramento Kings,Denver Nuggets,14,3,5,0,2,2,3
425,419,LaSalle Thompson,1997-96,January,Denver Nuggets,Sacramento Kings,0,0,1,0,0,1,1
427,423,Corliss Williamson,1997-96,January,Denver Nuggets,Sacramento Kings,14,3,5,1,2,2,3
428,408,Kevin Gamble,1997-96,January,Sacramento Kings,Denver Nuggets,6,2,4,1,2,0,1
429,414,Bobby Hurley,1997-96,January,Sacramento Kings,Denver Nuggets,6,0,0,0,0,0,0
431,411,Darvin Ham,1997-96,January,Denver Nuggets,Sacramento Kings,2,2,5,1,0,1,2
433,425,LaSalle Thompson,1997-96,January,Denver Nuggets,Sacramento Kings,0,0,1,0,0,1,2
434,427,Corliss Williamson,1997-96,January,Sacramento Kings,Denver Nuggets,15,3,5,1,2,2,3
435,434,Corliss Williamson,1997-96,January,Sacramento Kings,Denver Nuggets,16,3,5,1,2,2,3
437,391,Kevin Salvadori,1997-96,January,Denver Nuggets,Sacramento Kings,0,0,1,1,0,0,0
