id,previous_id,player,season,month,team,opponent_team,points,assists,rebounds,blocks,steals,turnovers,personal fouls
2,0,Juwan Howard,1997-96,January,Washington Bullets,Phoenix Suns,0,0,1,0,0,0,0
4,0,Danny Manning,1997-96,January,Phoenix Suns,Washington Bullets,0,0,1,0,0,0,0
6,0,Chris Webber,1997-96,January,Phoenix Suns,Washington Bullets,0,0,0,1,0,0,0
7,6,Chris Webber,1997-96,January,Washington Bullets,Phoenix Suns,0,0,1,1,0,0,0
9,4,Danny Manning,1997-96,January,Phoenix Suns,Washington Bullets,0,0,2,0,0,0,0
12,0,Kevin Johnson,1997-96,January,Phoenix Suns,Washington Bullets,0,0,1,0,0,0,0
14,2,Juwan Howard,1997-96,January,Washington Bullets,Phoenix Suns,0,0,2,0,0,0,0
16,0,Rod Strickland,1997-96,January,Washington Bullets,Phoenix Suns,0,0,1,0,0,0,0
17,7,Chris Webber,1997-96,January,Washington Bullets,Phoenix Suns,2,0,1,1,0,0,0
18,16,Rod Strickland,1997-96,January,Washington Bullets,Phoenix Suns,0,1,1,0,0,0,0
19,9,Danny Manning,1997-96,January,Phoenix Suns,Washington Bullets,0,0,2,0,0,0,1
20,17,Chris Webber,1997-96,January,Washington Bullets,Phoenix Suns,3,0,1,1,0,0,0
21,12,Kevin Johnson,1997-96,January,Phoenix Suns,Washington Bullets,2,0,1,0,0,0,0
22,0,Hot Rod Williams,1997-96,January,Phoenix Suns,Washington Bullets,0,1,0,0,0,0,0
24,21,Kevin Johnson,1997-96,January,Phoenix Suns,Washington Bullets,2,0,2,0,0,0,0
25,19,Danny Manning,1997-96,January,Phoenix Suns,Washington Bullets,2,0,2,0,0,0,1
26,24,Kevin Johnson,1997-96,January,Phoenix Suns,Washington Bullets,2,1,2,0,0,0,0
28,0,Calbert Cheaney,1997-96,January,Washington Bullets,Phoenix Suns,0,0,1,0,0,0,0
30,28,Calbert Cheaney,1997-96,January,Washington Bullets,Phoenix Suns,0,0,2,0,0,0,0
32,0,Gheorghe Muresan,1997-96,January,Washington Bullets,Phoenix Suns,0,0,1,0,0,0,0
33,32,Gheorghe Muresan,1997-96,January,Washington Bullets,Phoenix Suns,2,0,1,0,0,0,0
34,25,Danny Manning,1997-96,January,Phoenix Suns,Washington Bullets,2,0,2,0,0,1,1
35,18,Rod Strickland,1997-96,January,Phoenix Suns,Washington Bullets,0,1,1,0,1,0,0
37,20,Chris Webber,1997-96,January,Washington Bullets,Phoenix Suns,3,0,2,1,0,0,0
38,37,Chris Webber,1997-96,January,Washington Bullets,Phoenix Suns,5,0,2,1,0,0,0
39,26,Kevin Johnson,1997-96,January,Phoenix Suns,Washington Bullets,2,1,2,0,0,1,0
40,38,Chris Webber,1997-96,January,Phoenix Suns,Washington Bullets,5,0,2,1,1,0,0
41,30,Calbert Cheaney,1997-96,January,Washington Bullets,Phoenix Suns,2,0,2,0,0,0,0
42,40,Chris Webber,1997-96,January,Washington Bullets,Phoenix Suns,5,1,2,1,1,0,0
43,39,Kevin Johnson,1997-96,January,Phoenix Suns,Washington Bullets,4,1,2,0,0,1,0
44,35,Rod Strickland,1997-96,January,Washington Bullets,Phoenix Suns,0,1,1,0,1,0,1
45,43,Kevin Johnson,1997-96,January,Phoenix Suns,Washington Bullets,5,1,2,0,0,1,0
47,0,Mark Bryant,1997-96,January,Phoenix Suns,Washington Bullets,0,0,1,0,0,0,0
48,45,Kevin Johnson,1997-96,January,Phoenix Suns,Washington Bullets,7,1,2,0,0,1,0
49,47,Mark Bryant,1997-96,January,Phoenix Suns,Washington Bullets,0,1,1,0,0,0,0
50,41,Calbert Cheaney,1997-96,January,Washington Bullets,Phoenix Suns,2,0,2,0,0,0,1
51,48,Kevin Johnson,1997-96,January,Phoenix Suns,Washington Bullets,8,1,2,0,0,1,0
52,14,Juwan Howard,1997-96,January,Washington Bullets,Phoenix Suns,2,0,2,0,0,0,0
53,44,Rod Strickland,1997-96,January,Washington Bullets,Phoenix Suns,0,2,1,0,1,0,1
54,33,Gheorghe Muresan,1997-96,January,Washington Bullets,Phoenix Suns,2,0,1,0,0,0,1
55,34,Danny Manning,1997-96,January,Phoenix Suns,Washington Bullets,4,0,2,0,0,1,1
56,22,Hot Rod Williams,1997-96,January,Phoenix Suns,Washington Bullets,0,2,0,0,0,0,0
58,51,Kevin Johnson,1997-96,January,Phoenix Suns,Washington Bullets,11,1,2,0,0,1,0
59,53,Rod Strickland,1997-96,January,Washington Bullets,Phoenix Suns,2,2,1,0,1,0,1
60,55,Danny Manning,1997-96,January,Phoenix Suns,Washington Bullets,6,0,2,0,0,1,1
61,58,Kevin Johnson,1997-96,January,Phoenix Suns,Washington Bullets,11,2,2,0,0,1,0
62,52,Juwan Howard,1997-96,January,Washington Bullets,Phoenix Suns,4,0,2,0,0,0,0
63,60,Danny Manning,1997-96,January,Phoenix Suns,Washington Bullets,6,0,2,0,0,2,1
64,59,Rod Strickland,1997-96,January,Phoenix Suns,Washington Bullets,2,2,1,0,2,0,1
66,56,Hot Rod Williams,1997-96,January,Phoenix Suns,Washington Bullets,0,2,1,0,0,0,0
67,0,Rex Chapman,1997-96,January,Phoenix Suns,Washington Bullets,2,0,0,0,0,0,0
68,61,Kevin Johnson,1997-96,January,Phoenix Suns,Washington Bullets,11,3,2,0,0,1,0
69,66,Hot Rod Williams,1997-96,January,Phoenix Suns,Washington Bullets,0,2,1,0,0,0,1
70,0,Harvey Grant,1997-96,January,Washington Bullets,Phoenix Suns,0,0,0,0,0,0,1
71,67,Rex Chapman,1997-96,January,Phoenix Suns,Washington Bullets,3,0,0,0,0,0,0
73,0,Lorenzo Williams,1997-96,January,Washington Bullets,Phoenix Suns,0,0,1,0,0,0,0
75,0,Wesley Person,1997-96,January,Phoenix Suns,Washington Bullets,0,0,1,0,0,0,0
76,75,Wesley Person,1997-96,January,Phoenix Suns,Washington Bullets,2,0,1,0,0,0,0
77,64,Rod Strickland,1997-96,January,Washington Bullets,Phoenix Suns,2,2,1,0,2,1,1
78,70,Harvey Grant,1997-96,January,Washington Bullets,Phoenix Suns,0,0,0,0,0,0,2
79,71,Rex Chapman,1997-96,January,Phoenix Suns,Washington Bullets,4,0,0,0,0,0,0
80,79,Rex Chapman,1997-96,January,Phoenix Suns,Washington Bullets,5,0,0,0,0,0,0
81,68,Kevin Johnson,1997-96,January,Phoenix Suns,Washington Bullets,11,3,2,0,0,1,1
83,76,Wesley Person,1997-96,January,Phoenix Suns,Washington Bullets,2,0,2,0,0,0,0
84,42,Chris Webber,1997-96,January,Washington Bullets,Phoenix Suns,5,1,2,1,1,0,1
85,49,Mark Bryant,1997-96,January,Phoenix Suns,Washington Bullets,1,1,1,0,0,0,0
86,85,Mark Bryant,1997-96,January,Phoenix Suns,Washington Bullets,2,1,1,0,0,0,0
87,77,Rod Strickland,1997-96,January,Washington Bullets,Phoenix Suns,4,2,1,0,2,1,1
88,84,Chris Webber,1997-96,January,Washington Bullets,Phoenix Suns,5,2,2,1,1,0,1
89,86,Mark Bryant,1997-96,January,Phoenix Suns,Washington Bullets,4,1,1,0,0,0,0
90,81,Kevin Johnson,1997-96,January,Phoenix Suns,Washington Bullets,11,4,2,0,0,1,1
91,87,Rod Strickland,1997-96,January,Washington Bullets,Phoenix Suns,4,2,1,0,2,2,1
93,73,Lorenzo Williams,1997-96,January,Washington Bullets,Phoenix Suns,0,0,2,0,0,0,0
94,62,Juwan Howard,1997-96,January,Washington Bullets,Phoenix Suns,6,0,2,0,0,0,0
95,89,Mark Bryant,1997-96,January,Phoenix Suns,Washington Bullets,6,1,1,0,0,0,0
96,90,Kevin Johnson,1997-96,January,Phoenix Suns,Washington Bullets,11,5,2,0,0,1,1
98,94,Juwan Howard,1997-96,January,Washington Bullets,Phoenix Suns,6,0,3,0,0,0,0
99,98,Juwan Howard,1997-96,January,Washington Bullets,Phoenix Suns,8,0,3,0,0,0,0
101,69,Hot Rod Williams,1997-96,January,Phoenix Suns,Washington Bullets,0,2,2,0,0,0,1
102,101,Hot Rod Williams,1997-96,January,Phoenix Suns,Washington Bullets,0,2,2,0,0,1,1
103,95,Mark Bryant,1997-96,January,Phoenix Suns,Washington Bullets,6,1,1,0,0,0,1
104,91,Rod Strickland,1997-96,January,Washington Bullets,Phoenix Suns,5,2,1,0,2,2,1
105,104,Rod Strickland,1997-96,January,Washington Bullets,Phoenix Suns,6,2,1,0,2,2,1
106,83,Wesley Person,1997-96,January,Phoenix Suns,Washington Bullets,2,0,2,0,0,0,1
107,0,Tracy Murray,1997-96,January,Washington Bullets,Phoenix Suns,1,0,0,0,0,0,0
108,107,Tracy Murray,1997-96,January,Washington Bullets,Phoenix Suns,2,0,0,0,0,0,0
109,0,Wayman Tisdale,1997-96,January,Phoenix Suns,Washington Bullets,0,0,0,0,0,1,0
111,63,Danny Manning,1997-96,January,Washington Bullets,Phoenix Suns,6,0,2,1,0,2,1
113,93,Lorenzo Williams,1997-96,January,Washington Bullets,Phoenix Suns,0,0,3,0,0,0,0
115,113,Lorenzo Williams,1997-96,January,Washington Bullets,Phoenix Suns,0,0,4,0,0,0,0
116,115,Lorenzo Williams,1997-96,January,Washington Bullets,Phoenix Suns,2,0,4,0,0,0,0
117,0,Chris Whitney,1997-96,January,Washington Bullets,Phoenix Suns,0,0,0,0,0,0,1
118,96,Kevin Johnson,1997-96,January,Phoenix Suns,Washington Bullets,12,5,2,0,0,1,1
119,118,Kevin Johnson,1997-96,January,Phoenix Suns,Washington Bullets,13,5,2,0,0,1,1
121,111,Danny Manning,1997-96,January,Phoenix Suns,Washington Bullets,6,0,3,1,0,2,1
122,121,Danny Manning,1997-96,January,Phoenix Suns,Washington Bullets,6,0,3,1,0,3,1
123,117,Chris Whitney,1997-96,January,Washington Bullets,Phoenix Suns,2,0,0,0,0,0,1
125,123,Chris Whitney,1997-96,January,Washington Bullets,Phoenix Suns,2,0,0,0,0,0,2
127,109,Wayman Tisdale,1997-96,January,Phoenix Suns,Washington Bullets,1,0,0,0,0,1,0
128,0,Tony Dumas,1997-96,January,Phoenix Suns,Washington Bullets,0,0,0,0,0,0,1
129,78,Harvey Grant,1997-96,January,Washington Bullets,Phoenix Suns,2,0,0,0,0,0,2
130,99,Juwan Howard,1997-96,January,Washington Bullets,Phoenix Suns,8,1,3,0,0,0,0
131,122,Danny Manning,1997-96,January,Phoenix Suns,Washington Bullets,8,0,3,1,0,3,1
132,130,Juwan Howard,1997-96,January,Washington Bullets,Phoenix Suns,8,1,3,0,0,0,1
134,0,Steve Nash,1997-96,January,Phoenix Suns,Washington Bullets,0,0,1,0,0,0,0
135,106,Wesley Person,1997-96,January,Phoenix Suns,Washington Bullets,5,0,2,0,0,0,1
136,134,Steve Nash,1997-96,January,Phoenix Suns,Washington Bullets,0,1,1,0,0,0,0
137,136,Steve Nash,1997-96,January,Phoenix Suns,Washington Bullets,0,1,1,0,0,0,1
139,116,Lorenzo Williams,1997-96,January,Washington Bullets,Phoenix Suns,2,0,5,0,0,0,0
140,132,Juwan Howard,1997-96,January,Washington Bullets,Phoenix Suns,10,1,3,0,0,0,1
141,139,Lorenzo Williams,1997-96,January,Washington Bullets,Phoenix Suns,2,1,5,0,0,0,0
142,135,Wesley Person,1997-96,January,Phoenix Suns,Washington Bullets,7,0,2,0,0,0,1
143,141,Lorenzo Williams,1997-96,January,Washington Bullets,Phoenix Suns,4,1,5,0,0,0,0
144,108,Tracy Murray,1997-96,January,Washington Bullets,Phoenix Suns,2,1,0,0,0,0,0
145,137,Steve Nash,1997-96,January,Phoenix Suns,Washington Bullets,0,1,1,0,0,1,1
146,88,Chris Webber,1997-96,January,Phoenix Suns,Washington Bullets,5,2,2,1,2,0,1
147,144,Tracy Murray,1997-96,January,Washington Bullets,Phoenix Suns,4,1,0,0,0,0,0
148,146,Chris Webber,1997-96,January,Washington Bullets,Phoenix Suns,5,3,2,1,2,0,1
149,128,Tony Dumas,1997-96,January,Phoenix Suns,Washington Bullets,0,0,0,0,0,1,1
151,147,Tracy Murray,1997-96,January,Washington Bullets,Phoenix Suns,4,1,1,0,0,0,0
152,151,Tracy Murray,1997-96,January,Washington Bullets,Phoenix Suns,6,1,1,0,0,0,0
153,127,Wayman Tisdale,1997-96,January,Phoenix Suns,Washington Bullets,3,0,0,0,0,1,0
154,131,Danny Manning,1997-96,January,Phoenix Suns,Washington Bullets,8,1,3,1,0,3,1
155,105,Rod Strickland,1997-96,January,Washington Bullets,Phoenix Suns,8,2,1,0,2,2,1
156,145,Steve Nash,1997-96,January,Phoenix Suns,Washington Bullets,0,1,1,0,0,1,2
157,155,Rod Strickland,1997-96,January,Washington Bullets,Phoenix Suns,9,2,1,0,2,2,1
158,153,Wayman Tisdale,1997-96,January,Phoenix Suns,Washington Bullets,5,0,0,0,0,1,0
160,102,Hot Rod Williams,1997-96,January,Phoenix Suns,Washington Bullets,0,2,3,0,0,1,1
162,54,Gheorghe Muresan,1997-96,January,Phoenix Suns,Washington Bullets,2,0,1,1,0,0,1
163,129,Harvey Grant,1997-96,January,Washington Bullets,Phoenix Suns,2,0,1,0,0,0,2
164,157,Rod Strickland,1997-96,January,Washington Bullets,Phoenix Suns,11,2,1,0,2,2,1
165,148,Chris Webber,1997-96,January,Washington Bullets,Phoenix Suns,5,4,2,1,2,0,1
166,158,Wayman Tisdale,1997-96,January,Phoenix Suns,Washington Bullets,7,0,0,0,0,1,0
167,165,Chris Webber,1997-96,January,Washington Bullets,Phoenix Suns,7,4,2,1,2,0,1
169,152,Tracy Murray,1997-96,January,Washington Bullets,Phoenix Suns,6,1,2,0,0,0,0
170,169,Tracy Murray,1997-96,January,Washington Bullets,Phoenix Suns,6,1,2,0,0,1,0
171,156,Steve Nash,1997-96,January,Washington Bullets,Phoenix Suns,0,1,1,0,1,1,2
172,142,Wesley Person,1997-96,January,Phoenix Suns,Washington Bullets,9,0,2,0,0,0,1
173,149,Tony Dumas,1997-96,January,Phoenix Suns,Washington Bullets,0,1,0,0,0,1,1
174,173,Tony Dumas,1997-96,January,Phoenix Suns,Washington Bullets,0,1,0,0,0,1,2
175,170,Tracy Murray,1997-96,January,Washington Bullets,Phoenix Suns,7,1,2,0,0,1,0
176,175,Tracy Murray,1997-96,January,Washington Bullets,Phoenix Suns,8,1,2,0,0,1,0
177,174,Tony Dumas,1997-96,January,Phoenix Suns,Washington Bullets,2,1,0,0,0,1,2
178,162,Gheorghe Muresan,1997-96,January,Washington Bullets,Phoenix Suns,4,0,1,1,0,0,1
179,164,Rod Strickland,1997-96,January,Washington Bullets,Phoenix Suns,11,3,1,0,2,2,1
180,166,Wayman Tisdale,1997-96,January,Phoenix Suns,Washington Bullets,9,0,0,0,0,1,0
181,171,Steve Nash,1997-96,January,Phoenix Suns,Washington Bullets,0,2,1,0,1,1,2
182,140,Juwan Howard,1997-96,January,Washington Bullets,Phoenix Suns,10,1,3,0,0,1,1
183,181,Steve Nash,1997-96,January,Washington Bullets,Phoenix Suns,0,2,1,0,2,1,2
184,177,Tony Dumas,1997-96,January,Phoenix Suns,Washington Bullets,4,1,0,0,0,1,2
185,172,Wesley Person,1997-96,January,Phoenix Suns,Washington Bullets,9,1,2,0,0,0,1
186,176,Tracy Murray,1997-96,January,Washington Bullets,Phoenix Suns,11,1,2,0,0,1,0
187,179,Rod Strickland,1997-96,January,Washington Bullets,Phoenix Suns,11,4,1,0,2,2,1
189,182,Juwan Howard,1997-96,January,Washington Bullets,Phoenix Suns,10,1,4,0,0,1,1
191,185,Wesley Person,1997-96,January,Phoenix Suns,Washington Bullets,9,1,3,0,0,0,1
192,191,Wesley Person,1997-96,January,Phoenix Suns,Washington Bullets,11,1,3,0,0,0,1
193,183,Steve Nash,1997-96,January,Phoenix Suns,Washington Bullets,0,3,1,0,2,1,2
194,167,Chris Webber,1997-96,January,Washington Bullets,Phoenix Suns,9,4,2,1,2,0,1
195,186,Tracy Murray,1997-96,January,Washington Bullets,Phoenix Suns,11,2,2,0,0,1,0
196,184,Tony Dumas,1997-96,January,Phoenix Suns,Washington Bullets,7,1,0,0,0,1,2
197,160,Hot Rod Williams,1997-96,January,Phoenix Suns,Washington Bullets,0,3,3,0,0,1,1
198,194,Chris Webber,1997-96,January,Washington Bullets,Phoenix Suns,9,4,2,1,2,1,1
199,192,Wesley Person,1997-96,January,Washington Bullets,Phoenix Suns,11,1,3,0,1,0,1
201,178,Gheorghe Muresan,1997-96,January,Washington Bullets,Phoenix Suns,4,0,2,1,0,0,1
202,187,Rod Strickland,1997-96,January,Washington Bullets,Phoenix Suns,11,4,1,0,2,3,1
203,197,Hot Rod Williams,1997-96,January,Washington Bullets,Phoenix Suns,0,3,3,0,1,1,1
204,199,Wesley Person,1997-96,January,Phoenix Suns,Washington Bullets,13,1,3,0,1,0,1
205,193,Steve Nash,1997-96,January,Phoenix Suns,Washington Bullets,0,4,1,0,2,1,2
207,203,Hot Rod Williams,1997-96,January,Phoenix Suns,Washington Bullets,0,3,4,0,1,1,1
208,205,Steve Nash,1997-96,January,Phoenix Suns,Washington Bullets,2,4,1,0,2,1,2
209,202,Rod Strickland,1997-96,January,Washington Bullets,Phoenix Suns,13,4,1,0,2,3,1
210,209,Rod Strickland,1997-96,January,Washington Bullets,Phoenix Suns,13,4,1,0,2,3,2
211,180,Wayman Tisdale,1997-96,January,Phoenix Suns,Washington Bullets,11,0,0,0,0,1,0
212,201,Gheorghe Muresan,1997-96,January,Washington Bullets,Phoenix Suns,6,0,2,1,0,0,1
213,198,Chris Webber,1997-96,January,Washington Bullets,Phoenix Suns,9,5,2,1,2,1,1
214,196,Tony Dumas,1997-96,January,Phoenix Suns,Washington Bullets,7,1,0,0,0,1,3
216,204,Wesley Person,1997-96,January,Phoenix Suns,Washington Bullets,13,1,4,0,1,0,1
218,213,Chris Webber,1997-96,January,Washington Bullets,Phoenix Suns,11,5,2,1,2,1,1
219,189,Juwan Howard,1997-96,January,Washington Bullets,Phoenix Suns,10,2,4,0,0,1,1
220,216,Wesley Person,1997-96,January,Phoenix Suns,Washington Bullets,15,1,4,0,1,0,1
221,119,Kevin Johnson,1997-96,January,Phoenix Suns,Washington Bullets,13,6,2,0,0,1,1
222,210,Rod Strickland,1997-96,January,Washington Bullets,Phoenix Suns,15,4,1,0,2,3,2
223,221,Kevin Johnson,1997-96,January,Phoenix Suns,Washington Bullets,13,6,2,0,0,2,1
224,212,Gheorghe Muresan,1997-96,January,Phoenix Suns,Washington Bullets,6,0,2,1,1,0,1
225,222,Rod Strickland,1997-96,January,Washington Bullets,Phoenix Suns,15,4,1,0,2,3,3
226,225,Rod Strickland,1997-96,January,Washington Bullets,Phoenix Suns,15,4,1,0,2,4,3
227,207,Hot Rod Williams,1997-96,January,Phoenix Suns,Washington Bullets,2,3,4,0,1,1,1
228,103,Mark Bryant,1997-96,January,Phoenix Suns,Washington Bullets,6,2,1,0,0,0,1
229,50,Calbert Cheaney,1997-96,January,Washington Bullets,Phoenix Suns,4,0,2,0,0,0,1
230,226,Rod Strickland,1997-96,January,Washington Bullets,Phoenix Suns,15,5,1,0,2,4,3
232,228,Mark Bryant,1997-96,January,Phoenix Suns,Washington Bullets,6,2,2,0,0,0,1
234,227,Hot Rod Williams,1997-96,January,Phoenix Suns,Washington Bullets,2,3,5,0,1,1,1
236,219,Juwan Howard,1997-96,January,Washington Bullets,Phoenix Suns,10,2,5,0,0,1,1
237,218,Chris Webber,1997-96,January,Washington Bullets,Phoenix Suns,11,5,2,1,2,2,1
238,223,Kevin Johnson,1997-96,January,Washington Bullets,Phoenix Suns,13,6,2,0,1,2,1
239,238,Kevin Johnson,1997-96,January,Phoenix Suns,Washington Bullets,15,6,2,0,1,2,1
241,154,Danny Manning,1997-96,January,Phoenix Suns,Washington Bullets,8,1,4,1,0,3,1
243,237,Chris Webber,1997-96,January,Washington Bullets,Phoenix Suns,11,5,3,1,2,2,1
244,230,Rod Strickland,1997-96,January,Washington Bullets,Phoenix Suns,17,5,1,0,2,4,3
245,234,Hot Rod Williams,1997-96,January,Phoenix Suns,Washington Bullets,2,3,5,0,1,1,2
246,244,Rod Strickland,1997-96,January,Washington Bullets,Phoenix Suns,18,5,1,0,2,4,3
248,224,Gheorghe Muresan,1997-96,January,Washington Bullets,Phoenix Suns,6,0,2,1,1,0,2
249,239,Kevin Johnson,1997-96,January,Phoenix Suns,Washington Bullets,16,6,2,0,1,2,1
250,232,Mark Bryant,1997-96,January,Phoenix Suns,Washington Bullets,8,2,2,0,0,0,1
251,229,Calbert Cheaney,1997-96,January,Washington Bullets,Phoenix Suns,6,0,2,0,0,0,1
252,243,Chris Webber,1997-96,January,Washington Bullets,Phoenix Suns,11,6,3,1,2,2,1
253,245,Hot Rod Williams,1997-96,January,Phoenix Suns,Washington Bullets,2,3,5,0,1,1,3
254,253,Hot Rod Williams,1997-96,January,Phoenix Suns,Washington Bullets,2,3,5,0,1,2,3
255,254,Hot Rod Williams,1997-96,January,Phoenix Suns,Washington Bullets,2,3,5,0,1,2,4
256,251,Calbert Cheaney,1997-96,January,Washington Bullets,Phoenix Suns,6,0,2,0,0,1,1
258,246,Rod Strickland,1997-96,January,Washington Bullets,Phoenix Suns,18,5,2,0,2,4,3
260,252,Chris Webber,1997-96,January,Washington Bullets,Phoenix Suns,11,6,3,1,2,3,1
261,249,Kevin Johnson,1997-96,January,Washington Bullets,Phoenix Suns,16,6,2,0,2,2,1
263,256,Calbert Cheaney,1997-96,January,Washington Bullets,Phoenix Suns,6,0,3,0,0,1,1
264,258,Rod Strickland,1997-96,January,Washington Bullets,Phoenix Suns,18,5,2,0,2,5,3
265,241,Danny Manning,1997-96,January,Washington Bullets,Phoenix Suns,8,1,4,1,1,3,1
266,265,Danny Manning,1997-96,January,Phoenix Suns,Washington Bullets,8,1,4,1,1,4,1
267,263,Calbert Cheaney,1997-96,January,Phoenix Suns,Washington Bullets,6,0,3,0,1,1,1
268,267,Calbert Cheaney,1997-96,January,Washington Bullets,Phoenix Suns,8,0,3,0,1,1,1
269,211,Wayman Tisdale,1997-96,January,Phoenix Suns,Washington Bullets,13,0,0,0,0,1,0
270,261,Kevin Johnson,1997-96,January,Phoenix Suns,Washington Bullets,16,7,2,0,2,2,1
272,266,Danny Manning,1997-96,January,Phoenix Suns,Washington Bullets,8,1,5,1,1,4,1
274,248,Gheorghe Muresan,1997-96,January,Washington Bullets,Phoenix Suns,6,0,3,1,1,0,2
275,268,Calbert Cheaney,1997-96,January,Washington Bullets,Phoenix Suns,10,0,3,0,1,1,1
276,260,Chris Webber,1997-96,January,Washington Bullets,Phoenix Suns,11,7,3,1,2,3,1
278,274,Gheorghe Muresan,1997-96,January,Washington Bullets,Phoenix Suns,6,0,4,1,1,0,2
279,278,Gheorghe Muresan,1997-96,January,Washington Bullets,Phoenix Suns,8,0,4,1,1,0,2
280,276,Chris Webber,1997-96,January,Washington Bullets,Phoenix Suns,11,8,3,1,2,3,1
282,279,Gheorghe Muresan,1997-96,January,Washington Bullets,Phoenix Suns,8,0,5,1,1,0,2
283,272,Danny Manning,1997-96,January,Phoenix Suns,Washington Bullets,8,1,5,1,1,4,2
284,236,Juwan Howard,1997-96,January,Washington Bullets,Phoenix Suns,11,2,5,0,0,1,1
285,284,Juwan Howard,1997-96,January,Washington Bullets,Phoenix Suns,12,2,5,0,0,1,1
287,282,Gheorghe Muresan,1997-96,January,Washington Bullets,Phoenix Suns,8,0,6,1,1,0,2
288,269,Wayman Tisdale,1997-96,January,Phoenix Suns,Washington Bullets,13,0,0,0,0,1,1
289,264,Rod Strickland,1997-96,January,Washington Bullets,Phoenix Suns,20,5,2,0,2,5,3
290,270,Kevin Johnson,1997-96,January,Phoenix Suns,Washington Bullets,17,7,2,0,2,2,1
291,220,Wesley Person,1997-96,January,Phoenix Suns,Washington Bullets,18,1,4,0,1,0,1
292,288,Wayman Tisdale,1997-96,January,Phoenix Suns,Washington Bullets,13,1,0,0,0,1,1
294,290,Kevin Johnson,1997-96,January,Phoenix Suns,Washington Bullets,17,7,3,0,2,2,1
295,285,Juwan Howard,1997-96,January,Washington Bullets,Phoenix Suns,12,2,5,0,0,1,2
296,292,Wayman Tisdale,1997-96,January,Phoenix Suns,Washington Bullets,15,1,0,0,0,1,1
297,294,Kevin Johnson,1997-96,January,Phoenix Suns,Washington Bullets,17,8,3,0,2,2,1
299,297,Kevin Johnson,1997-96,January,Phoenix Suns,Washington Bullets,17,8,3,0,2,2,2
300,295,Juwan Howard,1997-96,January,Washington Bullets,Phoenix Suns,13,2,5,0,0,1,2
301,300,Juwan Howard,1997-96,January,Washington Bullets,Phoenix Suns,14,2,5,0,0,1,2
302,299,Kevin Johnson,1997-96,January,Phoenix Suns,Washington Bullets,17,8,3,0,2,3,2
303,163,Harvey Grant,1997-96,January,Phoenix Suns,Washington Bullets,2,0,1,0,1,0,2
304,301,Juwan Howard,1997-96,January,Washington Bullets,Phoenix Suns,16,2,5,0,0,1,2
305,289,Rod Strickland,1997-96,January,Washington Bullets,Phoenix Suns,20,6,2,0,2,5,3
306,296,Wayman Tisdale,1997-96,January,Phoenix Suns,Washington Bullets,17,1,0,0,0,1,1
307,304,Juwan Howard,1997-96,January,Washington Bullets,Phoenix Suns,18,2,5,0,0,1,2
308,305,Rod Strickland,1997-96,January,Washington Bullets,Phoenix Suns,20,7,2,0,2,5,3
310,280,Chris Webber,1997-96,January,Washington Bullets,Phoenix Suns,11,8,4,1,2,3,1
312,143,Lorenzo Williams,1997-96,January,Washington Bullets,Phoenix Suns,4,1,6,0,0,0,0
314,308,Rod Strickland,1997-96,January,Washington Bullets,Phoenix Suns,20,7,3,0,2,5,3
316,283,Danny Manning,1997-96,January,Phoenix Suns,Washington Bullets,8,1,6,1,1,4,2
318,302,Kevin Johnson,1997-96,January,Phoenix Suns,Washington Bullets,19,8,3,0,2,3,2
320,214,Tony Dumas,1997-96,January,Phoenix Suns,Washington Bullets,7,1,1,0,0,1,3
322,310,Chris Webber,1997-96,January,Washington Bullets,Phoenix Suns,11,8,5,1,2,3,1
323,125,Chris Whitney,1997-96,January,Washington Bullets,Phoenix Suns,2,0,0,0,0,1,2
324,291,Wesley Person,1997-96,January,Washington Bullets,Phoenix Suns,18,1,4,0,2,0,1
325,318,Kevin Johnson,1997-96,January,Phoenix Suns,Washington Bullets,21,8,3,0,2,3,2
326,323,Chris Whitney,1997-96,January,Washington Bullets,Phoenix Suns,4,0,0,0,0,1,2
327,322,Chris Webber,1997-96,January,Washington Bullets,Phoenix Suns,11,9,5,1,2,3,1
328,0,Joe Kleine,1997-96,January,Phoenix Suns,Washington Bullets,0,0,0,0,0,1,0
330,324,Wesley Person,1997-96,January,Phoenix Suns,Washington Bullets,18,1,5,0,2,0,1
332,327,Chris Webber,1997-96,January,Washington Bullets,Phoenix Suns,11,9,6,1,2,3,1
333,332,Chris Webber,1997-96,January,Washington Bullets,Phoenix Suns,11,9,6,1,2,4,1
334,325,Kevin Johnson,1997-96,January,Phoenix Suns,Washington Bullets,23,8,3,0,2,3,2
335,312,Lorenzo Williams,1997-96,January,Washington Bullets,Phoenix Suns,4,1,6,0,0,1,0
336,326,Chris Whitney,1997-96,January,Washington Bullets,Phoenix Suns,4,0,0,0,0,1,3
337,334,Kevin Johnson,1997-96,January,Phoenix Suns,Washington Bullets,23,8,3,0,2,4,2
338,335,Lorenzo Williams,1997-96,January,Phoenix Suns,Washington Bullets,4,1,6,0,1,1,0
339,328,Joe Kleine,1997-96,January,Phoenix Suns,Washington Bullets,0,0,0,0,0,1,1
341,338,Lorenzo Williams,1997-96,January,Washington Bullets,Phoenix Suns,4,1,7,0,1,1,0
342,195,Tracy Murray,1997-96,January,Washington Bullets,Phoenix Suns,13,2,2,0,0,1,0
343,341,Lorenzo Williams,1997-96,January,Washington Bullets,Phoenix Suns,4,2,7,0,1,1,0
344,337,Kevin Johnson,1997-96,January,Phoenix Suns,Washington Bullets,25,8,3,0,2,4,2
345,320,Tony Dumas,1997-96,January,Phoenix Suns,Washington Bullets,7,2,1,0,0,1,3
346,336,Chris Whitney,1997-96,January,Washington Bullets,Phoenix Suns,6,0,0,0,0,1,3
347,344,Kevin Johnson,1997-96,January,Phoenix Suns,Washington Bullets,25,8,3,0,2,4,3
348,347,Kevin Johnson,1997-96,January,Phoenix Suns,Washington Bullets,25,8,3,0,2,5,3
350,316,Danny Manning,1997-96,January,Phoenix Suns,Washington Bullets,8,1,7,1,1,4,2
351,330,Wesley Person,1997-96,January,Phoenix Suns,Washington Bullets,18,1,5,0,2,1,1
352,303,Harvey Grant,1997-96,January,Phoenix Suns,Washington Bullets,2,0,1,0,2,0,2
353,342,Tracy Murray,1997-96,January,Washington Bullets,Phoenix Suns,15,2,2,0,0,1,0
354,314,Rod Strickland,1997-96,January,Washington Bullets,Phoenix Suns,20,8,3,0,2,5,3
356,353,Tracy Murray,1997-96,January,Washington Bullets,Phoenix Suns,15,2,3,0,0,1,0
357,345,Tony Dumas,1997-96,January,Phoenix Suns,Washington Bullets,7,2,1,0,0,1,4
359,351,Wesley Person,1997-96,January,Phoenix Suns,Washington Bullets,18,1,6,0,2,1,1
361,350,Danny Manning,1997-96,January,Phoenix Suns,Washington Bullets,8,1,8,1,1,4,2
363,354,Rod Strickland,1997-96,January,Washington Bullets,Phoenix Suns,20,8,4,0,2,5,3
364,306,Wayman Tisdale,1997-96,January,Phoenix Suns,Washington Bullets,17,1,0,0,0,1,2
365,356,Tracy Murray,1997-96,January,Washington Bullets,Phoenix Suns,16,2,3,0,0,1,0
367,250,Mark Bryant,1997-96,January,Phoenix Suns,Washington Bullets,8,2,3,0,0,0,1
368,361,Danny Manning,1997-96,January,Phoenix Suns,Washington Bullets,10,1,8,1,1,4,2
369,255,Hot Rod Williams,1997-96,January,Phoenix Suns,Washington Bullets,2,4,5,0,1,2,4
370,333,Chris Webber,1997-96,January,Washington Bullets,Phoenix Suns,13,9,6,1,2,4,1
371,363,Rod Strickland,1997-96,January,Washington Bullets,Phoenix Suns,20,9,4,0,2,5,3
373,307,Juwan Howard,1997-96,January,Washington Bullets,Phoenix Suns,18,2,6,0,0,1,2
374,357,Tony Dumas,1997-96,January,Phoenix Suns,Washington Bullets,7,2,1,0,0,1,5
375,275,Calbert Cheaney,1997-96,January,Washington Bullets,Phoenix Suns,11,0,3,0,1,1,1
376,375,Calbert Cheaney,1997-96,January,Washington Bullets,Phoenix Suns,12,0,3,0,1,1,1
377,368,Danny Manning,1997-96,January,Phoenix Suns,Washington Bullets,12,1,8,1,1,4,2
379,369,Hot Rod Williams,1997-96,January,Phoenix Suns,Washington Bullets,2,4,6,0,1,2,4
380,376,Calbert Cheaney,1997-96,January,Washington Bullets,Phoenix Suns,12,0,3,0,1,1,2
381,348,Kevin Johnson,1997-96,January,Phoenix Suns,Washington Bullets,26,8,3,0,2,5,3
382,381,Kevin Johnson,1997-96,January,Phoenix Suns,Washington Bullets,27,8,3,0,2,5,3
384,373,Juwan Howard,1997-96,January,Washington Bullets,Phoenix Suns,18,2,7,0,0,1,2
385,367,Mark Bryant,1997-96,January,Phoenix Suns,Washington Bullets,8,2,3,0,0,0,2
387,384,Juwan Howard,1997-96,January,Washington Bullets,Phoenix Suns,19,2,7,0,0,1,2
389,370,Chris Webber,1997-96,January,Washington Bullets,Phoenix Suns,13,9,7,1,2,4,1
391,379,Hot Rod Williams,1997-96,January,Washington Bullets,Phoenix Suns,2,4,6,1,1,2,4
392,377,Danny Manning,1997-96,January,Phoenix Suns,Washington Bullets,12,1,9,1,1,4,2
394,389,Chris Webber,1997-96,January,Washington Bullets,Phoenix Suns,13,9,8,1,2,4,1
396,287,Gheorghe Muresan,1997-96,January,Washington Bullets,Phoenix Suns,8,0,6,1,1,0,3
398,371,Rod Strickland,1997-96,January,Washington Bullets,Phoenix Suns,20,9,5,0,2,5,3
400,398,Rod Strickland,1997-96,January,Washington Bullets,Phoenix Suns,20,9,6,0,2,5,3
401,400,Rod Strickland,1997-96,January,Washington Bullets,Phoenix Suns,22,9,6,0,2,5,3
402,392,Danny Manning,1997-96,January,Phoenix Suns,Washington Bullets,14,1,9,1,1,4,2
403,385,Mark Bryant,1997-96,January,Phoenix Suns,Washington Bullets,8,2,3,0,0,0,3
405,396,Gheorghe Muresan,1997-96,January,Washington Bullets,Phoenix Suns,9,0,6,1,1,0,3
406,402,Danny Manning,1997-96,January,Phoenix Suns,Washington Bullets,16,1,9,1,1,4,2
408,359,Wesley Person,1997-96,January,Phoenix Suns,Washington Bullets,18,1,7,0,2,1,1
410,401,Rod Strickland,1997-96,January,Washington Bullets,Phoenix Suns,22,9,7,0,2,5,3
411,410,Rod Strickland,1997-96,January,Washington Bullets,Phoenix Suns,22,9,7,0,2,6,3
412,391,Hot Rod Williams,1997-96,January,Washington Bullets,Phoenix Suns,2,4,6,1,2,2,4
414,208,Steve Nash,1997-96,January,Phoenix Suns,Washington Bullets,2,4,1,0,2,1,3
415,387,Juwan Howard,1997-96,January,Washington Bullets,Phoenix Suns,20,2,7,0,0,1,2
416,415,Juwan Howard,1997-96,January,Washington Bullets,Phoenix Suns,21,2,7,0,0,1,2
417,406,Danny Manning,1997-96,January,Phoenix Suns,Washington Bullets,18,1,9,1,1,4,2
418,394,Chris Webber,1997-96,January,Washington Bullets,Phoenix Suns,13,9,8,1,2,4,2
420,416,Juwan Howard,1997-96,January,Washington Bullets,Phoenix Suns,21,2,8,0,0,1,2
421,382,Kevin Johnson,1997-96,January,Phoenix Suns,Washington Bullets,27,8,3,0,2,5,4
422,418,Chris Webber,1997-96,January,Washington Bullets,Phoenix Suns,14,9,8,1,2,4,2
423,422,Chris Webber,1997-96,January,Washington Bullets,Phoenix Suns,15,9,8,1,2,4,2
424,421,Kevin Johnson,1997-96,January,Phoenix Suns,Washington Bullets,30,8,3,0,2,5,4
425,408,Wesley Person,1997-96,January,Phoenix Suns,Washington Bullets,18,2,7,0,2,1,1
427,365,Tracy Murray,1997-96,January,Washington Bullets,Phoenix Suns,16,2,4,0,0,1,0
429,412,Hot Rod Williams,1997-96,January,Phoenix Suns,Washington Bullets,2,4,6,1,2,2,5
430,429,Hot Rod Williams,1997-96,January,Phoenix Suns,Washington Bullets,2,4,6,1,2,3,5
431,420,Juwan Howard,1997-96,January,Washington Bullets,Phoenix Suns,21,2,8,0,0,1,3
432,431,Juwan Howard,1997-96,January,Washington Bullets,Phoenix Suns,21,2,8,0,0,2,3
433,430,Hot Rod Williams,1997-96,January,Phoenix Suns,Washington Bullets,2,4,6,1,2,4,5
434,423,Chris Webber,1997-96,January,Phoenix Suns,Washington Bullets,15,9,8,1,3,4,2
435,405,Gheorghe Muresan,1997-96,January,Washington Bullets,Phoenix Suns,9,0,6,1,1,1,3
436,424,Kevin Johnson,1997-96,January,Phoenix Suns,Washington Bullets,32,8,3,0,2,5,4
437,417,Danny Manning,1997-96,January,Phoenix Suns,Washington Bullets,18,1,9,1,1,4,3
439,432,Juwan Howard,1997-96,January,Washington Bullets,Phoenix Suns,22,2,8,0,0,2,3
441,434,Chris Webber,1997-96,January,Washington Bullets,Phoenix Suns,15,9,9,1,3,4,2
443,403,Mark Bryant,1997-96,January,Phoenix Suns,Washington Bullets,8,2,4,0,0,0,3
444,437,Danny Manning,1997-96,January,Phoenix Suns,Washington Bullets,20,1,9,1,1,4,3
445,436,Kevin Johnson,1997-96,January,Phoenix Suns,Washington Bullets,32,9,3,0,2,5,4
447,445,Kevin Johnson,1997-96,January,Phoenix Suns,Washington Bullets,32,9,4,0,2,5,4
449,411,Rod Strickland,1997-96,January,Washington Bullets,Phoenix Suns,22,9,8,0,2,6,3
450,441,Chris Webber,1997-96,January,Washington Bullets,Phoenix Suns,18,9,9,1,3,4,2
451,449,Rod Strickland,1997-96,January,Washington Bullets,Phoenix Suns,22,10,8,0,2,6,3
452,451,Rod Strickland,1997-96,January,Washington Bullets,Phoenix Suns,22,10,8,0,2,7,3
453,444,Danny Manning,1997-96,January,Washington Bullets,Phoenix Suns,20,1,9,1,2,4,3
455,352,Harvey Grant,1997-96,January,Washington Bullets,Phoenix Suns,2,0,2,0,2,0,2
456,439,Juwan Howard,1997-96,January,Washington Bullets,Phoenix Suns,24,2,8,0,0,2,3
457,452,Rod Strickland,1997-96,January,Washington Bullets,Phoenix Suns,22,11,8,0,2,7,3
458,457,Rod Strickland,1997-96,January,Washington Bullets,Phoenix Suns,22,11,8,0,2,7,4
459,447,Kevin Johnson,1997-96,January,Phoenix Suns,Washington Bullets,33,9,4,0,2,5,4
460,459,Kevin Johnson,1997-96,January,Phoenix Suns,Washington Bullets,34,9,4,0,2,5,4
461,380,Calbert Cheaney,1997-96,January,Washington Bullets,Phoenix Suns,14,0,3,0,1,1,2
462,458,Rod Strickland,1997-96,January,Washington Bullets,Phoenix Suns,22,12,8,0,2,7,4
464,461,Calbert Cheaney,1997-96,January,Washington Bullets,Phoenix Suns,14,0,4,0,1,1,2
