id,previous_id,player,season,month,team,opponent_team,points,assists,rebounds,blocks,steals,turnovers,personal fouls
2,0,Antonio McDyess,1996-97,November,Denver Nuggets,Houston Rockets,0,0,1,0,0,0,0
3,2,Antonio McDyess,1996-97,November,Denver Nuggets,Houston Rockets,0,0,1,0,0,1,0
5,0,Clyde Drexler,1996-97,November,Houston Rockets,Denver Nuggets,0,0,1,0,0,0,0
7,3,Antonio McDyess,1996-97,November,Denver Nuggets,Houston Rockets,0,0,2,0,0,1,0
9,0,Charles Barkley,1996-97,November,Houston Rockets,Denver Nuggets,0,0,1,0,0,0,0
10,7,Antonio McDyess,1996-97,November,Denver Nuggets,Houston Rockets,0,0,2,0,0,1,1
11,0,Hakeem Olajuwon,1996-97,November,Houston Rockets,Denver Nuggets,1,0,0,0,0,0,0
12,11,Hakeem Olajuwon,1996-97,November,Houston Rockets,Denver Nuggets,2,0,0,0,0,0,0
13,10,Antonio McDyess,1996-97,November,Denver Nuggets,Houston Rockets,2,0,2,0,0,1,1
14,0,Mark Jackson,1996-97,November,Denver Nuggets,Houston Rockets,0,1,0,0,0,0,0
15,9,Charles Barkley,1996-97,November,Houston Rockets,Denver Nuggets,2,0,1,0,0,0,0
16,0,Ervin Johnson,1996-97,November,Denver Nuggets,Houston Rockets,2,0,0,0,0,0,0
17,14,Mark Jackson,1996-97,November,Denver Nuggets,Houston Rockets,0,2,0,0,0,0,0
18,0,Matt Maloney,1996-97,November,Houston Rockets,Denver Nuggets,0,0,0,0,0,1,0
19,17,Mark Jackson,1996-97,November,Denver Nuggets,Houston Rockets,0,2,0,0,0,1,0
20,15,Charles Barkley,1996-97,November,Houston Rockets,Denver Nuggets,2,0,1,0,1,0,0
21,16,Ervin Johnson,1996-97,November,Denver Nuggets,Houston Rockets,2,0,0,0,0,0,1
23,0,Dale Ellis,1996-97,November,Denver Nuggets,Houston Rockets,0,0,1,0,0,0,0
24,0,Bryant Stith,1996-97,November,Denver Nuggets,Houston Rockets,2,0,0,0,0,0,0
25,21,Ervin Johnson,1996-97,November,Denver Nuggets,Houston Rockets,2,1,0,0,0,0,1
26,0,Mario Elie,1996-97,November,Houston Rockets,Denver Nuggets,0,0,0,0,0,1,0
27,23,Dale Ellis,1996-97,November,Denver Nuggets,Houston Rockets,3,0,1,0,0,0,0
28,19,Mark Jackson,1996-97,November,Denver Nuggets,Houston Rockets,0,3,0,0,0,1,0
30,13,Antonio McDyess,1996-97,November,Denver Nuggets,Houston Rockets,2,0,2,1,0,1,1
31,25,Ervin Johnson,1996-97,November,Denver Nuggets,Houston Rockets,2,1,1,0,0,0,1
32,27,Dale Ellis,1996-97,November,Denver Nuggets,Houston Rockets,5,0,1,0,0,0,0
33,28,Mark Jackson,1996-97,November,Denver Nuggets,Houston Rockets,0,4,0,0,0,1,0
34,18,Matt Maloney,1996-97,November,Houston Rockets,Denver Nuggets,3,0,0,0,0,1,0
35,5,Clyde Drexler,1996-97,November,Houston Rockets,Denver Nuggets,0,1,1,0,0,0,0
37,30,Antonio McDyess,1996-97,November,Denver Nuggets,Houston Rockets,2,0,3,1,0,1,1
38,31,Ervin Johnson,1996-97,November,Denver Nuggets,Houston Rockets,2,1,1,0,0,1,1
39,20,Charles Barkley,1996-97,November,Houston Rockets,Denver Nuggets,2,0,1,0,2,0,0
40,26,Mario Elie,1996-97,November,Houston Rockets,Denver Nuggets,2,0,0,0,0,1,0
41,35,Clyde Drexler,1996-97,November,Houston Rockets,Denver Nuggets,0,2,1,0,0,0,0
43,39,Charles Barkley,1996-97,November,Houston Rockets,Denver Nuggets,2,0,2,0,2,0,0
44,12,Hakeem Olajuwon,1996-97,November,Houston Rockets,Denver Nuggets,4,0,0,0,0,0,0
45,34,Matt Maloney,1996-97,November,Houston Rockets,Denver Nuggets,3,1,0,0,0,1,0
46,33,Mark Jackson,1996-97,November,Denver Nuggets,Houston Rockets,3,4,0,0,0,1,0
47,24,Bryant Stith,1996-97,November,Denver Nuggets,Houston Rockets,2,1,0,0,0,0,0
48,45,Matt Maloney,1996-97,November,Houston Rockets,Denver Nuggets,5,1,0,0,0,1,0
49,41,Clyde Drexler,1996-97,November,Houston Rockets,Denver Nuggets,0,3,1,0,0,0,0
50,37,Antonio McDyess,1996-97,November,Denver Nuggets,Houston Rockets,4,0,3,1,0,1,1
51,46,Mark Jackson,1996-97,November,Denver Nuggets,Houston Rockets,3,5,0,0,0,1,0
52,43,Charles Barkley,1996-97,November,Houston Rockets,Denver Nuggets,4,0,2,0,2,0,0
53,38,Ervin Johnson,1996-97,November,Denver Nuggets,Houston Rockets,2,1,1,0,0,1,2
55,50,Antonio McDyess,1996-97,November,Denver Nuggets,Houston Rockets,4,0,4,1,0,1,1
57,55,Antonio McDyess,1996-97,November,Denver Nuggets,Houston Rockets,4,0,5,1,0,1,1
58,40,Mario Elie,1996-97,November,Houston Rockets,Denver Nuggets,2,0,0,0,0,1,1
60,57,Antonio McDyess,1996-97,November,Denver Nuggets,Houston Rockets,5,0,5,1,0,1,1
62,52,Charles Barkley,1996-97,November,Houston Rockets,Denver Nuggets,4,0,3,0,2,0,0
63,62,Charles Barkley,1996-97,November,Houston Rockets,Denver Nuggets,7,0,3,0,2,0,0
65,32,Dale Ellis,1996-97,November,Denver Nuggets,Houston Rockets,5,0,2,0,0,0,0
67,47,Bryant Stith,1996-97,November,Denver Nuggets,Houston Rockets,2,1,1,0,0,0,0
68,63,Charles Barkley,1996-97,November,Houston Rockets,Denver Nuggets,7,0,3,0,2,0,1
69,67,Bryant Stith,1996-97,November,Denver Nuggets,Houston Rockets,3,1,1,0,0,0,0
70,69,Bryant Stith,1996-97,November,Denver Nuggets,Houston Rockets,4,1,1,0,0,0,0
72,60,Antonio McDyess,1996-97,November,Denver Nuggets,Houston Rockets,5,0,5,1,0,1,2
74,0,LaSalle Thompson,1996-97,November,Denver Nuggets,Houston Rockets,0,0,1,0,0,0,0
75,51,Mark Jackson,1996-97,November,Denver Nuggets,Houston Rockets,5,5,0,0,0,1,0
77,74,LaSalle Thompson,1996-97,November,Denver Nuggets,Houston Rockets,0,0,1,1,0,0,0
79,68,Charles Barkley,1996-97,November,Houston Rockets,Denver Nuggets,7,0,4,0,2,0,1
80,79,Charles Barkley,1996-97,November,Houston Rockets,Denver Nuggets,9,0,4,0,2,0,1
81,70,Bryant Stith,1996-97,November,Denver Nuggets,Houston Rockets,6,1,1,0,0,0,0
82,75,Mark Jackson,1996-97,November,Denver Nuggets,Houston Rockets,5,6,0,0,0,1,0
84,65,Dale Ellis,1996-97,November,Denver Nuggets,Houston Rockets,5,0,3,0,0,0,0
85,77,LaSalle Thompson,1996-97,November,Denver Nuggets,Houston Rockets,2,0,1,1,0,0,0
86,82,Mark Jackson,1996-97,November,Denver Nuggets,Houston Rockets,5,7,0,0,0,1,0
87,44,Hakeem Olajuwon,1996-97,November,Houston Rockets,Denver Nuggets,6,0,0,0,0,0,0
88,81,Bryant Stith,1996-97,November,Denver Nuggets,Houston Rockets,6,1,1,0,0,1,0
89,49,Clyde Drexler,1996-97,November,Houston Rockets,Denver Nuggets,0,3,1,0,1,0,0
90,88,Bryant Stith,1996-97,November,Denver Nuggets,Houston Rockets,6,1,1,0,0,1,1
91,89,Clyde Drexler,1996-97,November,Houston Rockets,Denver Nuggets,1,3,1,0,1,0,0
93,0,Tom Hammonds,1996-97,November,Denver Nuggets,Houston Rockets,0,0,1,0,0,0,0
94,80,Charles Barkley,1996-97,November,Houston Rockets,Denver Nuggets,9,0,4,0,2,0,2
95,93,Tom Hammonds,1996-97,November,Denver Nuggets,Houston Rockets,2,0,1,0,0,0,0
96,58,Mario Elie,1996-97,November,Houston Rockets,Denver Nuggets,4,0,0,0,0,1,1
97,86,Mark Jackson,1996-97,November,Denver Nuggets,Houston Rockets,7,7,0,0,0,1,0
99,94,Charles Barkley,1996-97,November,Houston Rockets,Denver Nuggets,9,0,5,0,2,0,2
100,0,Emanual Davis,1996-97,November,Houston Rockets,Denver Nuggets,3,0,0,0,0,0,0
101,99,Charles Barkley,1996-97,November,Houston Rockets,Denver Nuggets,9,1,5,0,2,0,2
104,0,Kevin Willis,1996-97,November,Houston Rockets,Denver Nuggets,0,0,1,0,0,0,0
106,97,Mark Jackson,1996-97,November,Denver Nuggets,Houston Rockets,7,7,1,0,0,1,0
108,104,Kevin Willis,1996-97,November,Houston Rockets,Denver Nuggets,0,0,2,0,0,0,0
110,91,Clyde Drexler,1996-97,November,Houston Rockets,Denver Nuggets,1,3,2,0,1,0,0
111,110,Clyde Drexler,1996-97,November,Houston Rockets,Denver Nuggets,3,3,2,0,1,0,0
113,101,Charles Barkley,1996-97,November,Houston Rockets,Denver Nuggets,9,1,6,0,2,0,2
115,111,Clyde Drexler,1996-97,November,Houston Rockets,Denver Nuggets,3,3,3,0,1,0,0
117,85,LaSalle Thompson,1996-97,November,Denver Nuggets,Houston Rockets,2,0,2,1,0,0,0
119,95,Tom Hammonds,1996-97,November,Denver Nuggets,Houston Rockets,2,0,2,0,0,0,0
120,119,Tom Hammonds,1996-97,November,Denver Nuggets,Houston Rockets,4,0,2,0,0,0,0
121,0,Tracy Moore,1996-97,November,Houston Rockets,Denver Nuggets,2,0,0,0,0,0,0
122,113,Charles Barkley,1996-97,November,Houston Rockets,Denver Nuggets,9,2,6,0,2,0,2
124,53,Ervin Johnson,1996-97,November,Denver Nuggets,Houston Rockets,2,1,2,0,0,1,2
125,124,Ervin Johnson,1996-97,November,Denver Nuggets,Houston Rockets,4,1,2,0,0,1,2
127,120,Tom Hammonds,1996-97,November,Denver Nuggets,Houston Rockets,4,0,3,0,0,0,0
129,0,Sarunas Marciulionis,1996-97,November,Denver Nuggets,Houston Rockets,0,0,1,0,0,0,0
130,129,Sarunas Marciulionis,1996-97,November,Denver Nuggets,Houston Rockets,0,0,1,0,0,1,0
132,125,Ervin Johnson,1996-97,November,Denver Nuggets,Houston Rockets,4,1,3,0,0,1,2
134,108,Kevin Willis,1996-97,November,Houston Rockets,Denver Nuggets,2,0,2,0,0,0,0
135,0,Sam Mack,1996-97,November,Houston Rockets,Denver Nuggets,0,1,0,0,0,0,0
136,127,Tom Hammonds,1996-97,November,Denver Nuggets,Houston Rockets,4,0,3,0,0,0,1
138,132,Ervin Johnson,1996-97,November,Denver Nuggets,Houston Rockets,4,1,4,0,0,1,2
139,130,Sarunas Marciulionis,1996-97,November,Denver Nuggets,Houston Rockets,2,0,1,0,0,1,0
140,0,Eric Murdock,1996-97,November,Denver Nuggets,Houston Rockets,0,1,0,0,0,0,0
141,0,Ricky Pierce,1996-97,November,Denver Nuggets,Houston Rockets,0,0,0,0,0,0,1
143,138,Ervin Johnson,1996-97,November,Denver Nuggets,Houston Rockets,4,1,5,0,0,1,2
144,139,Sarunas Marciulionis,1996-97,November,Denver Nuggets,Houston Rockets,2,0,1,0,0,2,0
146,144,Sarunas Marciulionis,1996-97,November,Denver Nuggets,Houston Rockets,2,0,2,0,0,2,0
147,141,Ricky Pierce,1996-97,November,Denver Nuggets,Houston Rockets,3,0,0,0,0,0,1
148,146,Sarunas Marciulionis,1996-97,November,Denver Nuggets,Houston Rockets,2,1,2,0,0,2,0
149,87,Hakeem Olajuwon,1996-97,November,Houston Rockets,Denver Nuggets,6,0,0,0,0,1,0
150,143,Ervin Johnson,1996-97,November,Denver Nuggets,Houston Rockets,4,1,5,0,1,1,2
151,135,Sam Mack,1996-97,November,Houston Rockets,Denver Nuggets,0,1,0,0,0,0,1
152,151,Sam Mack,1996-97,November,Houston Rockets,Denver Nuggets,0,1,0,0,0,0,2
153,148,Sarunas Marciulionis,1996-97,November,Denver Nuggets,Houston Rockets,3,1,2,0,0,2,0
154,153,Sarunas Marciulionis,1996-97,November,Denver Nuggets,Houston Rockets,4,1,2,0,0,2,0
156,140,Eric Murdock,1996-97,November,Denver Nuggets,Houston Rockets,0,1,0,1,0,0,0
157,121,Tracy Moore,1996-97,November,Houston Rockets,Denver Nuggets,2,0,1,0,0,0,0
158,156,Eric Murdock,1996-97,November,Denver Nuggets,Houston Rockets,3,1,0,1,0,0,0
159,154,Sarunas Marciulionis,1996-97,November,Denver Nuggets,Houston Rockets,4,2,2,0,0,2,0
160,157,Tracy Moore,1996-97,November,Houston Rockets,Denver Nuggets,5,0,1,0,0,0,0
161,152,Sam Mack,1996-97,November,Houston Rockets,Denver Nuggets,0,2,0,0,0,0,2
162,147,Ricky Pierce,1996-97,November,Denver Nuggets,Houston Rockets,5,0,0,0,0,0,1
163,162,Ricky Pierce,1996-97,November,Denver Nuggets,Houston Rockets,5,0,0,0,0,0,2
164,134,Kevin Willis,1996-97,November,Houston Rockets,Denver Nuggets,3,0,2,0,0,0,0
165,164,Kevin Willis,1996-97,November,Houston Rockets,Denver Nuggets,4,0,2,0,0,0,0
167,165,Kevin Willis,1996-97,November,Houston Rockets,Denver Nuggets,4,0,3,0,0,0,0
168,159,Sarunas Marciulionis,1996-97,November,Denver Nuggets,Houston Rockets,4,2,2,0,0,2,1
169,167,Kevin Willis,1996-97,November,Houston Rockets,Denver Nuggets,5,0,3,0,0,0,0
171,150,Ervin Johnson,1996-97,November,Denver Nuggets,Houston Rockets,4,1,6,0,1,1,2
173,149,Hakeem Olajuwon,1996-97,November,Houston Rockets,Denver Nuggets,6,0,1,0,0,1,0
174,169,Kevin Willis,1996-97,November,Houston Rockets,Denver Nuggets,7,0,3,0,0,0,0
176,72,Antonio McDyess,1996-97,November,Denver Nuggets,Houston Rockets,5,0,6,1,0,1,2
178,173,Hakeem Olajuwon,1996-97,November,Houston Rockets,Denver Nuggets,6,0,2,0,0,1,0
179,160,Tracy Moore,1996-97,November,Houston Rockets,Denver Nuggets,8,0,1,0,0,0,0
180,100,Emanual Davis,1996-97,November,Houston Rockets,Denver Nuggets,3,1,0,0,0,0,0
182,178,Hakeem Olajuwon,1996-97,November,Houston Rockets,Denver Nuggets,6,0,2,1,0,1,0
183,163,Ricky Pierce,1996-97,November,Denver Nuggets,Houston Rockets,5,0,1,0,0,0,2
185,179,Tracy Moore,1996-97,November,Houston Rockets,Denver Nuggets,8,0,2,0,0,0,0
186,161,Sam Mack,1996-97,November,Houston Rockets,Denver Nuggets,1,2,0,0,0,0,2
188,84,Dale Ellis,1996-97,November,Denver Nuggets,Houston Rockets,5,0,4,0,0,0,0
189,188,Dale Ellis,1996-97,November,Denver Nuggets,Houston Rockets,5,0,4,0,0,1,0
190,185,Tracy Moore,1996-97,November,Houston Rockets,Denver Nuggets,10,0,2,0,0,0,0
192,182,Hakeem Olajuwon,1996-97,November,Houston Rockets,Denver Nuggets,6,0,3,1,0,1,0
194,176,Antonio McDyess,1996-97,November,Denver Nuggets,Houston Rockets,5,0,7,1,0,1,2
196,48,Matt Maloney,1996-97,November,Houston Rockets,Denver Nuggets,5,1,1,0,0,1,0
198,194,Antonio McDyess,1996-97,November,Denver Nuggets,Houston Rockets,5,0,7,2,0,1,2
199,189,Dale Ellis,1996-97,November,Denver Nuggets,Houston Rockets,5,0,5,0,0,1,0
201,199,Dale Ellis,1996-97,November,Denver Nuggets,Houston Rockets,5,0,6,0,0,1,0
203,90,Bryant Stith,1996-97,November,Denver Nuggets,Houston Rockets,6,1,1,0,0,2,1
205,171,Ervin Johnson,1996-97,November,Denver Nuggets,Houston Rockets,4,1,7,0,1,1,2
207,115,Clyde Drexler,1996-97,November,Houston Rockets,Denver Nuggets,3,3,3,1,1,0,0
208,192,Hakeem Olajuwon,1996-97,November,Houston Rockets,Denver Nuggets,8,0,3,1,0,1,0
209,196,Matt Maloney,1996-97,November,Houston Rockets,Denver Nuggets,5,2,1,0,0,1,0
210,198,Antonio McDyess,1996-97,November,Denver Nuggets,Houston Rockets,5,0,7,2,0,2,2
211,207,Clyde Drexler,1996-97,November,Houston Rockets,Denver Nuggets,3,3,3,1,1,1,0
212,210,Antonio McDyess,1996-97,November,Denver Nuggets,Houston Rockets,5,0,7,2,1,2,2
213,106,Mark Jackson,1996-97,November,Denver Nuggets,Houston Rockets,7,7,1,0,0,2,0
215,205,Ervin Johnson,1996-97,November,Denver Nuggets,Houston Rockets,4,1,7,1,1,1,2
217,201,Dale Ellis,1996-97,November,Denver Nuggets,Houston Rockets,5,0,7,0,0,1,0
219,96,Mario Elie,1996-97,November,Houston Rockets,Denver Nuggets,4,0,0,0,0,1,2
220,219,Mario Elie,1996-97,November,Houston Rockets,Denver Nuggets,4,0,0,0,0,1,2
221,213,Mark Jackson,1996-97,November,Denver Nuggets,Houston Rockets,8,7,1,0,0,2,0
222,217,Dale Ellis,1996-97,November,Denver Nuggets,Houston Rockets,8,0,7,0,0,1,0
223,203,Bryant Stith,1996-97,November,Denver Nuggets,Houston Rockets,6,2,1,0,0,2,1
225,208,Hakeem Olajuwon,1996-97,November,Houston Rockets,Denver Nuggets,8,0,3,1,0,1,1
226,215,Ervin Johnson,1996-97,November,Denver Nuggets,Houston Rockets,5,1,7,1,1,1,2
228,122,Charles Barkley,1996-97,November,Houston Rockets,Denver Nuggets,9,2,7,0,2,0,2
230,221,Mark Jackson,1996-97,November,Denver Nuggets,Houston Rockets,8,7,2,0,0,2,0
232,226,Ervin Johnson,1996-97,November,Denver Nuggets,Houston Rockets,5,1,8,1,1,1,2
233,222,Dale Ellis,1996-97,November,Denver Nuggets,Houston Rockets,10,0,7,0,0,1,0
234,230,Mark Jackson,1996-97,November,Denver Nuggets,Houston Rockets,8,8,2,0,0,2,0
235,228,Charles Barkley,1996-97,November,Houston Rockets,Denver Nuggets,9,2,7,0,2,1,2
236,233,Dale Ellis,1996-97,November,Denver Nuggets,Houston Rockets,10,0,7,0,1,1,0
239,235,Charles Barkley,1996-97,November,Houston Rockets,Denver Nuggets,9,2,7,1,2,1,2
240,225,Hakeem Olajuwon,1996-97,November,Houston Rockets,Denver Nuggets,8,0,4,1,0,1,1
242,236,Dale Ellis,1996-97,November,Denver Nuggets,Houston Rockets,10,0,8,0,1,1,0
243,242,Dale Ellis,1996-97,November,Denver Nuggets,Houston Rockets,12,0,8,0,1,1,0
244,234,Mark Jackson,1996-97,November,Denver Nuggets,Houston Rockets,8,9,2,0,0,2,0
246,223,Bryant Stith,1996-97,November,Denver Nuggets,Houston Rockets,6,2,2,0,0,2,1
247,212,Antonio McDyess,1996-97,November,Denver Nuggets,Houston Rockets,7,0,7,2,1,2,2
248,244,Mark Jackson,1996-97,November,Denver Nuggets,Houston Rockets,8,10,2,0,0,2,0
249,239,Charles Barkley,1996-97,November,Houston Rockets,Denver Nuggets,11,2,7,1,2,1,2
250,211,Clyde Drexler,1996-97,November,Houston Rockets,Denver Nuggets,3,4,3,1,1,1,0
251,246,Bryant Stith,1996-97,November,Denver Nuggets,Houston Rockets,8,2,2,0,0,2,1
252,248,Mark Jackson,1996-97,November,Denver Nuggets,Houston Rockets,8,11,2,0,0,2,0
253,249,Charles Barkley,1996-97,November,Houston Rockets,Denver Nuggets,11,2,7,1,2,1,3
254,253,Charles Barkley,1996-97,November,Houston Rockets,Denver Nuggets,11,2,7,1,2,2,3
256,254,Charles Barkley,1996-97,November,Houston Rockets,Denver Nuggets,11,2,8,1,2,2,3
258,247,Antonio McDyess,1996-97,November,Denver Nuggets,Houston Rockets,7,0,8,2,1,2,2
260,209,Matt Maloney,1996-97,November,Houston Rockets,Denver Nuggets,5,2,2,0,0,1,0
262,232,Ervin Johnson,1996-97,November,Denver Nuggets,Houston Rockets,5,1,9,1,1,1,2
264,240,Hakeem Olajuwon,1996-97,November,Houston Rockets,Denver Nuggets,8,0,5,1,0,1,1
266,264,Hakeem Olajuwon,1996-97,November,Houston Rockets,Denver Nuggets,8,0,5,1,0,2,1
267,243,Dale Ellis,1996-97,November,Denver Nuggets,Houston Rockets,14,0,8,0,1,1,0
268,252,Mark Jackson,1996-97,November,Denver Nuggets,Houston Rockets,8,12,2,0,0,2,0
269,258,Antonio McDyess,1996-97,November,Denver Nuggets,Houston Rockets,7,0,8,2,1,2,3
270,220,Mario Elie,1996-97,November,Houston Rockets,Denver Nuggets,5,0,0,0,0,1,2
271,270,Mario Elie,1996-97,November,Houston Rockets,Denver Nuggets,6,0,0,0,0,1,2
273,174,Kevin Willis,1996-97,November,Houston Rockets,Denver Nuggets,7,0,4,0,0,0,0
274,269,Antonio McDyess,1996-97,November,Denver Nuggets,Houston Rockets,7,0,8,2,1,2,4
276,256,Charles Barkley,1996-97,November,Houston Rockets,Denver Nuggets,12,2,8,1,2,2,3
277,251,Bryant Stith,1996-97,November,Denver Nuggets,Houston Rockets,10,2,2,0,0,2,1
278,250,Clyde Drexler,1996-97,November,Houston Rockets,Denver Nuggets,6,4,3,1,1,1,0
279,276,Charles Barkley,1996-97,November,Houston Rockets,Denver Nuggets,12,3,8,1,2,2,3
281,279,Charles Barkley,1996-97,November,Houston Rockets,Denver Nuggets,12,3,9,1,2,2,3
282,278,Clyde Drexler,1996-97,November,Houston Rockets,Denver Nuggets,8,4,3,1,1,1,0
283,273,Kevin Willis,1996-97,November,Houston Rockets,Denver Nuggets,7,1,4,0,0,0,0
285,277,Bryant Stith,1996-97,November,Denver Nuggets,Houston Rockets,10,2,3,0,0,2,1
287,281,Charles Barkley,1996-97,November,Houston Rockets,Denver Nuggets,12,3,10,1,2,2,3
288,136,Tom Hammonds,1996-97,November,Denver Nuggets,Houston Rockets,4,0,3,0,0,0,2
290,287,Charles Barkley,1996-97,November,Houston Rockets,Denver Nuggets,12,3,11,1,2,2,3
291,288,Tom Hammonds,1996-97,November,Denver Nuggets,Houston Rockets,4,0,3,0,0,0,3
292,290,Charles Barkley,1996-97,November,Houston Rockets,Denver Nuggets,13,3,11,1,2,2,3
293,292,Charles Barkley,1996-97,November,Houston Rockets,Denver Nuggets,14,3,11,1,2,2,3
294,291,Tom Hammonds,1996-97,November,Denver Nuggets,Houston Rockets,4,0,3,0,0,1,3
295,266,Hakeem Olajuwon,1996-97,November,Houston Rockets,Denver Nuggets,8,0,5,1,1,2,1
296,295,Hakeem Olajuwon,1996-97,November,Houston Rockets,Denver Nuggets,10,0,5,1,1,2,1
297,260,Matt Maloney,1996-97,November,Houston Rockets,Denver Nuggets,5,3,2,0,0,1,0
299,267,Dale Ellis,1996-97,November,Denver Nuggets,Houston Rockets,14,0,9,0,1,1,0
301,293,Charles Barkley,1996-97,November,Houston Rockets,Denver Nuggets,14,3,12,1,2,2,3
302,271,Mario Elie,1996-97,November,Houston Rockets,Denver Nuggets,8,0,0,0,0,1,2
303,301,Charles Barkley,1996-97,November,Houston Rockets,Denver Nuggets,14,4,12,1,2,2,3
304,285,Bryant Stith,1996-97,November,Denver Nuggets,Houston Rockets,10,2,3,0,0,3,1
305,304,Bryant Stith,1996-97,November,Denver Nuggets,Houston Rockets,10,2,3,0,0,3,2
306,296,Hakeem Olajuwon,1996-97,November,Houston Rockets,Denver Nuggets,11,0,5,1,1,2,1
307,306,Hakeem Olajuwon,1996-97,November,Houston Rockets,Denver Nuggets,12,0,5,1,1,2,1
309,303,Charles Barkley,1996-97,November,Houston Rockets,Denver Nuggets,14,4,13,1,2,2,3
311,268,Mark Jackson,1996-97,November,Denver Nuggets,Houston Rockets,8,12,3,0,0,2,0
312,299,Dale Ellis,1996-97,November,Denver Nuggets,Houston Rockets,17,0,9,0,1,1,0
313,311,Mark Jackson,1996-97,November,Denver Nuggets,Houston Rockets,8,13,3,0,0,2,0
314,282,Clyde Drexler,1996-97,November,Houston Rockets,Denver Nuggets,11,4,3,1,1,1,0
316,180,Emanual Davis,1996-97,November,Houston Rockets,Denver Nuggets,6,1,0,0,0,0,0
317,307,Hakeem Olajuwon,1996-97,November,Houston Rockets,Denver Nuggets,12,1,5,1,1,2,1
318,312,Dale Ellis,1996-97,November,Denver Nuggets,Houston Rockets,20,0,9,0,1,1,0
319,313,Mark Jackson,1996-97,November,Denver Nuggets,Houston Rockets,8,14,3,0,0,2,0
320,262,Ervin Johnson,1996-97,November,Denver Nuggets,Houston Rockets,5,1,9,1,1,1,3
322,317,Hakeem Olajuwon,1996-97,November,Houston Rockets,Denver Nuggets,13,1,5,1,1,2,1
323,320,Ervin Johnson,1996-97,November,Denver Nuggets,Houston Rockets,5,1,9,1,1,1,4
324,323,Ervin Johnson,1996-97,November,Denver Nuggets,Houston Rockets,5,1,9,1,1,2,4
326,319,Mark Jackson,1996-97,November,Denver Nuggets,Houston Rockets,8,14,4,0,0,2,0
328,309,Charles Barkley,1996-97,November,Houston Rockets,Denver Nuggets,14,4,14,1,2,2,3
330,314,Clyde Drexler,1996-97,November,Houston Rockets,Denver Nuggets,11,4,4,1,1,1,0
331,330,Clyde Drexler,1996-97,November,Houston Rockets,Denver Nuggets,13,4,4,1,1,1,0
332,316,Emanual Davis,1996-97,November,Houston Rockets,Denver Nuggets,6,1,0,0,0,0,1
333,326,Mark Jackson,1996-97,November,Denver Nuggets,Houston Rockets,9,14,4,0,0,2,0
334,333,Mark Jackson,1996-97,November,Denver Nuggets,Houston Rockets,10,14,4,0,0,2,0
337,318,Dale Ellis,1996-97,November,Denver Nuggets,Houston Rockets,20,0,10,0,1,1,0
338,331,Clyde Drexler,1996-97,November,Houston Rockets,Denver Nuggets,13,4,4,1,1,1,1
340,337,Dale Ellis,1996-97,November,Denver Nuggets,Houston Rockets,21,0,10,0,1,1,0
342,322,Hakeem Olajuwon,1996-97,November,Houston Rockets,Denver Nuggets,13,1,6,1,1,2,1
343,328,Charles Barkley,1996-97,November,Houston Rockets,Denver Nuggets,14,4,14,1,2,3,3
344,274,Antonio McDyess,1996-97,November,Denver Nuggets,Houston Rockets,7,0,8,2,2,2,4
346,343,Charles Barkley,1996-97,November,Houston Rockets,Denver Nuggets,14,4,14,1,2,3,4
348,283,Kevin Willis,1996-97,November,Houston Rockets,Denver Nuggets,7,1,5,0,0,0,0
350,344,Antonio McDyess,1996-97,November,Denver Nuggets,Houston Rockets,7,0,9,2,2,2,4
351,168,Sarunas Marciulionis,1996-97,November,Denver Nuggets,Houston Rockets,4,2,2,0,0,3,1
352,190,Tracy Moore,1996-97,November,Houston Rockets,Denver Nuggets,10,0,2,0,1,0,0
354,340,Dale Ellis,1996-97,November,Denver Nuggets,Houston Rockets,21,0,11,0,1,1,0
355,117,LaSalle Thompson,1996-97,November,Denver Nuggets,Houston Rockets,2,0,2,1,0,0,1
356,355,LaSalle Thompson,1996-97,November,Denver Nuggets,Houston Rockets,2,0,2,1,0,1,1
358,350,Antonio McDyess,1996-97,November,Denver Nuggets,Houston Rockets,7,0,10,2,2,2,4
359,158,Eric Murdock,1996-97,November,Denver Nuggets,Houston Rockets,5,1,0,1,0,0,0
361,358,Antonio McDyess,1996-97,November,Denver Nuggets,Houston Rockets,7,0,11,2,2,2,4
362,354,Dale Ellis,1996-97,November,Denver Nuggets,Houston Rockets,24,0,11,0,1,1,0
363,359,Eric Murdock,1996-97,November,Denver Nuggets,Houston Rockets,5,2,0,1,0,0,0
365,361,Antonio McDyess,1996-97,November,Denver Nuggets,Houston Rockets,7,0,12,2,2,2,4
367,332,Emanual Davis,1996-97,November,Houston Rockets,Denver Nuggets,6,1,1,0,0,0,1
368,351,Sarunas Marciulionis,1996-97,November,Denver Nuggets,Houston Rockets,4,2,2,0,0,3,2
369,342,Hakeem Olajuwon,1996-97,November,Houston Rockets,Denver Nuggets,14,1,6,1,1,2,1
370,369,Hakeem Olajuwon,1996-97,November,Houston Rockets,Denver Nuggets,15,1,6,1,1,2,1
371,368,Sarunas Marciulionis,1996-97,November,Denver Nuggets,Houston Rockets,7,2,2,0,0,3,2
373,362,Dale Ellis,1996-97,November,Denver Nuggets,Houston Rockets,24,0,12,0,1,1,0
375,348,Kevin Willis,1996-97,November,Houston Rockets,Denver Nuggets,7,1,6,0,0,0,0
376,370,Hakeem Olajuwon,1996-97,November,Houston Rockets,Denver Nuggets,15,1,6,1,1,3,1
377,352,Tracy Moore,1996-97,November,Houston Rockets,Denver Nuggets,10,0,2,0,1,0,1
378,371,Sarunas Marciulionis,1996-97,November,Denver Nuggets,Houston Rockets,8,2,2,0,0,3,2
379,378,Sarunas Marciulionis,1996-97,November,Denver Nuggets,Houston Rockets,9,2,2,0,0,3,2
380,367,Emanual Davis,1996-97,November,Houston Rockets,Denver Nuggets,8,1,1,0,0,0,1
381,346,Charles Barkley,1996-97,November,Houston Rockets,Denver Nuggets,14,5,14,1,2,3,4
382,379,Sarunas Marciulionis,1996-97,November,Denver Nuggets,Houston Rockets,11,2,2,0,0,3,2
383,382,Sarunas Marciulionis,1996-97,November,Denver Nuggets,Houston Rockets,11,2,2,0,0,3,3
385,375,Kevin Willis,1996-97,November,Houston Rockets,Denver Nuggets,7,1,7,0,0,0,0
386,324,Ervin Johnson,1996-97,November,Denver Nuggets,Houston Rockets,5,1,9,1,1,2,5
387,377,Tracy Moore,1996-97,November,Houston Rockets,Denver Nuggets,12,0,2,0,1,0,1
389,381,Charles Barkley,1996-97,November,Houston Rockets,Denver Nuggets,14,5,15,1,2,3,4
390,389,Charles Barkley,1996-97,November,Houston Rockets,Denver Nuggets,16,5,15,1,2,3,4
391,390,Charles Barkley,1996-97,November,Houston Rockets,Denver Nuggets,16,5,15,1,2,3,5
393,386,Ervin Johnson,1996-97,November,Denver Nuggets,Houston Rockets,6,1,9,1,1,2,5
394,391,Charles Barkley,1996-97,November,Houston Rockets,Denver Nuggets,16,5,15,1,2,4,5
395,338,Clyde Drexler,1996-97,November,Houston Rockets,Denver Nuggets,13,4,4,1,1,1,2
396,373,Dale Ellis,1996-97,November,Denver Nuggets,Houston Rockets,25,0,12,0,1,1,0
397,396,Dale Ellis,1996-97,November,Denver Nuggets,Houston Rockets,26,0,12,0,1,1,0
398,376,Hakeem Olajuwon,1996-97,November,Houston Rockets,Denver Nuggets,17,1,6,1,1,3,1
399,365,Antonio McDyess,1996-97,November,Denver Nuggets,Houston Rockets,7,0,12,2,2,2,5
400,398,Hakeem Olajuwon,1996-97,November,Houston Rockets,Denver Nuggets,18,1,6,1,1,3,1
401,383,Sarunas Marciulionis,1996-97,November,Denver Nuggets,Houston Rockets,13,2,2,0,0,3,3
403,393,Ervin Johnson,1996-97,November,Denver Nuggets,Houston Rockets,6,1,9,2,1,2,5
404,400,Hakeem Olajuwon,1996-97,November,Houston Rockets,Denver Nuggets,18,1,7,1,1,3,1
406,401,Sarunas Marciulionis,1996-97,November,Denver Nuggets,Houston Rockets,13,2,3,0,0,3,3
408,404,Hakeem Olajuwon,1996-97,November,Houston Rockets,Denver Nuggets,18,1,8,1,1,3,1
409,394,Charles Barkley,1996-97,November,Houston Rockets,Denver Nuggets,16,5,15,1,2,5,5
411,408,Hakeem Olajuwon,1996-97,November,Houston Rockets,Denver Nuggets,18,1,9,1,1,3,1
412,297,Matt Maloney,1996-97,November,Houston Rockets,Denver Nuggets,5,3,2,0,0,2,0
413,397,Dale Ellis,1996-97,November,Denver Nuggets,Houston Rockets,26,0,12,0,2,1,0
415,403,Ervin Johnson,1996-97,November,Denver Nuggets,Houston Rockets,6,1,10,2,1,2,5
416,406,Sarunas Marciulionis,1996-97,November,Denver Nuggets,Houston Rockets,13,2,3,0,0,4,3
417,412,Matt Maloney,1996-97,November,Houston Rockets,Denver Nuggets,5,3,2,0,1,2,0
418,411,Hakeem Olajuwon,1996-97,November,Houston Rockets,Denver Nuggets,20,1,9,1,1,3,1
419,395,Clyde Drexler,1996-97,November,Houston Rockets,Denver Nuggets,13,5,4,1,1,1,2
421,417,Matt Maloney,1996-97,November,Houston Rockets,Denver Nuggets,5,3,2,0,1,2,1
422,415,Ervin Johnson,1996-97,November,Denver Nuggets,Houston Rockets,7,1,10,2,1,2,5
423,422,Ervin Johnson,1996-97,November,Denver Nuggets,Houston Rockets,8,1,10,2,1,2,5
424,399,Antonio McDyess,1996-97,November,Denver Nuggets,Houston Rockets,7,0,12,2,2,2,6
427,423,Ervin Johnson,1996-97,November,Denver Nuggets,Houston Rockets,8,1,11,2,1,2,5
429,427,Ervin Johnson,1996-97,November,Denver Nuggets,Houston Rockets,8,1,11,2,1,2,6
430,418,Hakeem Olajuwon,1996-97,November,Houston Rockets,Denver Nuggets,21,1,9,1,1,3,1
431,430,Hakeem Olajuwon,1996-97,November,Houston Rockets,Denver Nuggets,22,1,9,1,1,3,1
433,413,Dale Ellis,1996-97,November,Denver Nuggets,Houston Rockets,26,0,13,0,2,1,0
434,409,Charles Barkley,1996-97,November,Houston Rockets,Denver Nuggets,16,5,15,1,2,5,6
435,433,Dale Ellis,1996-97,November,Denver Nuggets,Houston Rockets,27,0,13,0,2,1,0
436,435,Dale Ellis,1996-97,November,Denver Nuggets,Houston Rockets,28,0,13,0,2,1,0
437,431,Hakeem Olajuwon,1996-97,November,Houston Rockets,Denver Nuggets,24,1,9,1,1,3,1
438,419,Clyde Drexler,1996-97,November,Houston Rockets,Denver Nuggets,13,6,4,1,1,1,2
439,334,Mark Jackson,1996-97,November,Denver Nuggets,Houston Rockets,12,14,4,0,0,2,0
441,436,Dale Ellis,1996-97,November,Denver Nuggets,Houston Rockets,28,0,13,1,2,1,0
442,356,LaSalle Thompson,1996-97,November,Denver Nuggets,Houston Rockets,2,0,3,1,0,1,1
444,442,LaSalle Thompson,1996-97,November,Denver Nuggets,Houston Rockets,2,0,3,2,0,1,1
445,421,Matt Maloney,1996-97,November,Houston Rockets,Denver Nuggets,8,3,2,0,1,2,1
446,438,Clyde Drexler,1996-97,November,Houston Rockets,Denver Nuggets,13,7,4,1,1,1,2
448,446,Clyde Drexler,1996-97,November,Houston Rockets,Denver Nuggets,13,7,5,1,1,1,2
449,444,LaSalle Thompson,1996-97,November,Denver Nuggets,Houston Rockets,2,0,3,2,0,1,2
450,449,LaSalle Thompson,1996-97,November,Denver Nuggets,Houston Rockets,2,0,3,2,0,1,3
451,437,Hakeem Olajuwon,1996-97,November,Houston Rockets,Denver Nuggets,25,1,9,1,1,3,1
452,451,Hakeem Olajuwon,1996-97,November,Houston Rockets,Denver Nuggets,26,1,9,1,1,3,1
453,302,Mario Elie,1996-97,November,Houston Rockets,Denver Nuggets,8,0,0,0,0,1,3
454,305,Bryant Stith,1996-97,November,Denver Nuggets,Houston Rockets,11,2,3,0,0,3,2
455,454,Bryant Stith,1996-97,November,Denver Nuggets,Houston Rockets,12,2,3,0,0,3,2
456,452,Hakeem Olajuwon,1996-97,November,Houston Rockets,Denver Nuggets,26,1,9,1,1,4,1
458,448,Clyde Drexler,1996-97,November,Houston Rockets,Denver Nuggets,13,7,5,2,1,1,2
459,455,Bryant Stith,1996-97,November,Denver Nuggets,Houston Rockets,12,2,4,0,0,3,2
461,456,Hakeem Olajuwon,1996-97,November,Houston Rockets,Denver Nuggets,28,1,9,1,1,4,1
462,441,Dale Ellis,1996-97,November,Denver Nuggets,Houston Rockets,30,0,13,1,2,1,0
463,439,Mark Jackson,1996-97,November,Denver Nuggets,Houston Rockets,12,15,4,0,0,2,0
464,461,Hakeem Olajuwon,1996-97,November,Houston Rockets,Denver Nuggets,30,1,9,1,1,4,1
465,458,Clyde Drexler,1996-97,November,Houston Rockets,Denver Nuggets,13,8,5,2,1,1,2
466,462,Dale Ellis,1996-97,November,Denver Nuggets,Houston Rockets,33,0,13,1,2,1,0
467,463,Mark Jackson,1996-97,November,Denver Nuggets,Houston Rockets,12,15,4,0,0,2,1
468,464,Hakeem Olajuwon,1996-97,November,Houston Rockets,Denver Nuggets,32,1,9,1,1,4,1
469,445,Matt Maloney,1996-97,November,Houston Rockets,Denver Nuggets,8,4,2,0,1,2,1
470,459,Bryant Stith,1996-97,November,Denver Nuggets,Houston Rockets,14,2,4,0,0,3,2
471,467,Mark Jackson,1996-97,November,Denver Nuggets,Houston Rockets,12,16,4,0,0,2,1
472,468,Hakeem Olajuwon,1996-97,November,Houston Rockets,Denver Nuggets,34,1,9,1,1,4,1
473,465,Clyde Drexler,1996-97,November,Houston Rockets,Denver Nuggets,13,9,5,2,1,1,2
475,466,Dale Ellis,1996-97,November,Denver Nuggets,Houston Rockets,33,0,14,1,2,1,0
476,471,Mark Jackson,1996-97,November,Denver Nuggets,Houston Rockets,12,16,4,0,0,3,1
477,450,LaSalle Thompson,1996-97,November,Denver Nuggets,Houston Rockets,2,0,3,2,0,1,4
478,472,Hakeem Olajuwon,1996-97,November,Houston Rockets,Denver Nuggets,35,1,9,1,1,4,1
479,478,Hakeem Olajuwon,1996-97,November,Houston Rockets,Denver Nuggets,36,1,9,1,1,4,1
481,294,Tom Hammonds,1996-97,November,Denver Nuggets,Houston Rockets,4,0,4,0,0,1,3
482,481,Tom Hammonds,1996-97,November,Denver Nuggets,Houston Rockets,6,0,4,0,0,1,3
483,473,Clyde Drexler,1996-97,November,Houston Rockets,Denver Nuggets,13,9,5,2,1,2,2
484,470,Bryant Stith,1996-97,November,Denver Nuggets,Houston Rockets,14,2,4,0,1,3,2
485,476,Mark Jackson,1996-97,November,Denver Nuggets,Houston Rockets,15,16,4,0,0,3,1
486,416,Sarunas Marciulionis,1996-97,November,Denver Nuggets,Houston Rockets,13,3,3,0,0,4,3
487,482,Tom Hammonds,1996-97,November,Denver Nuggets,Houston Rockets,6,0,4,0,0,1,4
489,453,Mario Elie,1996-97,November,Houston Rockets,Denver Nuggets,9,0,0,0,0,1,3
491,483,Clyde Drexler,1996-97,November,Houston Rockets,Denver Nuggets,13,9,6,2,1,2,2
