id,previous_id,player,season,month,team,opponent_team,points,assists,rebounds,blocks,steals,turnovers,personal fouls
1,0,Bryon Russell,1997-96,January,Utah Jazz,Milwaukee Bucks,2,0,0,0,0,0,0
2,0,Karl Malone,1997-96,January,Utah Jazz,Milwaukee Bucks,0,1,0,0,0,0,0
3,0,Glenn Robinson,1997-96,January,Milwaukee Bucks,Utah Jazz,2,0,0,0,0,0,0
5,0,Vin Baker,1997-96,January,Milwaukee Bucks,Utah Jazz,0,0,1,0,0,0,0
7,0,Jeff Hornacek,1997-96,January,Utah Jazz,Milwaukee Bucks,0,0,1,0,0,0,0
8,0,Andrew Lang,1997-96,January,Milwaukee Bucks,Utah Jazz,0,0,0,0,0,0,1
9,2,Karl Malone,1997-96,January,Utah Jazz,Milwaukee Bucks,1,1,0,0,0,0,0
11,5,Vin Baker,1997-96,January,Milwaukee Bucks,Utah Jazz,0,0,2,0,0,0,0
12,3,Glenn Robinson,1997-96,January,Milwaukee Bucks,Utah Jazz,2,0,0,0,0,1,0
13,0,John Stockton,1997-96,January,Milwaukee Bucks,Utah Jazz,0,0,0,0,1,0,0
14,13,John Stockton,1997-96,January,Utah Jazz,Milwaukee Bucks,2,0,0,0,1,0,0
16,12,Glenn Robinson,1997-96,January,Milwaukee Bucks,Utah Jazz,2,0,1,0,0,1,0
17,0,Greg Foster,1997-96,January,Utah Jazz,Milwaukee Bucks,0,0,0,0,0,0,1
19,8,Andrew Lang,1997-96,January,Milwaukee Bucks,Utah Jazz,1,0,0,0,0,0,1
20,14,John Stockton,1997-96,January,Utah Jazz,Milwaukee Bucks,4,0,0,0,1,0,0
21,9,Karl Malone,1997-96,January,Utah Jazz,Milwaukee Bucks,1,2,0,0,0,0,0
23,21,Karl Malone,1997-96,January,Utah Jazz,Milwaukee Bucks,1,2,1,0,0,0,0
25,16,Glenn Robinson,1997-96,January,Milwaukee Bucks,Utah Jazz,2,0,2,0,0,1,0
27,17,Greg Foster,1997-96,January,Utah Jazz,Milwaukee Bucks,0,0,1,0,0,0,1
29,0,Ray Allen,1997-96,January,Milwaukee Bucks,Utah Jazz,0,0,1,0,0,0,0
31,7,Jeff Hornacek,1997-96,January,Utah Jazz,Milwaukee Bucks,0,0,2,0,0,0,0
33,19,Andrew Lang,1997-96,January,Milwaukee Bucks,Utah Jazz,1,0,1,0,0,0,1
34,11,Vin Baker,1997-96,January,Milwaukee Bucks,Utah Jazz,2,0,2,0,0,0,0
35,25,Glenn Robinson,1997-96,January,Milwaukee Bucks,Utah Jazz,2,1,2,0,0,1,0
36,20,John Stockton,1997-96,January,Utah Jazz,Milwaukee Bucks,4,0,0,0,1,1,0
37,35,Glenn Robinson,1997-96,January,Milwaukee Bucks,Utah Jazz,4,1,2,0,0,1,0
39,33,Andrew Lang,1997-96,January,Milwaukee Bucks,Utah Jazz,1,0,2,0,0,0,1
40,36,John Stockton,1997-96,January,Utah Jazz,Milwaukee Bucks,4,0,0,0,1,1,1
41,0,Sherman Douglas,1997-96,January,Milwaukee Bucks,Utah Jazz,1,0,0,0,0,0,0
43,23,Karl Malone,1997-96,January,Utah Jazz,Milwaukee Bucks,1,2,2,0,0,0,0
44,40,John Stockton,1997-96,January,Utah Jazz,Milwaukee Bucks,6,0,0,0,1,1,1
45,1,Bryon Russell,1997-96,January,Utah Jazz,Milwaukee Bucks,2,1,0,0,0,0,0
46,41,Sherman Douglas,1997-96,January,Milwaukee Bucks,Utah Jazz,1,0,0,0,0,0,1
47,44,John Stockton,1997-96,January,Utah Jazz,Milwaukee Bucks,7,0,0,0,1,1,1
48,29,Ray Allen,1997-96,January,Milwaukee Bucks,Utah Jazz,2,0,1,0,0,0,0
49,34,Vin Baker,1997-96,January,Milwaukee Bucks,Utah Jazz,2,1,2,0,0,0,0
51,47,John Stockton,1997-96,January,Utah Jazz,Milwaukee Bucks,7,0,1,0,1,1,1
52,27,Greg Foster,1997-96,January,Utah Jazz,Milwaukee Bucks,2,0,1,0,0,0,1
53,31,Jeff Hornacek,1997-96,January,Utah Jazz,Milwaukee Bucks,0,1,2,0,0,0,0
55,43,Karl Malone,1997-96,January,Utah Jazz,Milwaukee Bucks,1,2,3,0,0,0,0
57,37,Glenn Robinson,1997-96,January,Milwaukee Bucks,Utah Jazz,4,1,3,0,0,1,0
58,51,John Stockton,1997-96,January,Utah Jazz,Milwaukee Bucks,7,0,1,0,1,1,2
59,57,Glenn Robinson,1997-96,January,Milwaukee Bucks,Utah Jazz,6,1,3,0,0,1,0
60,46,Sherman Douglas,1997-96,January,Milwaukee Bucks,Utah Jazz,1,1,0,0,0,0,1
62,0,Howard Eisley,1997-96,January,Utah Jazz,Milwaukee Bucks,0,0,0,0,0,0,1
63,49,Vin Baker,1997-96,January,Milwaukee Bucks,Utah Jazz,4,1,2,0,0,0,0
64,48,Ray Allen,1997-96,January,Milwaukee Bucks,Utah Jazz,2,0,1,0,0,0,1
65,55,Karl Malone,1997-96,January,Utah Jazz,Milwaukee Bucks,3,2,3,0,0,0,0
66,62,Howard Eisley,1997-96,January,Utah Jazz,Milwaukee Bucks,0,1,0,0,0,0,1
67,63,Vin Baker,1997-96,January,Milwaukee Bucks,Utah Jazz,4,1,2,0,0,1,0
68,53,Jeff Hornacek,1997-96,January,Milwaukee Bucks,Utah Jazz,0,1,2,0,1,0,0
69,65,Karl Malone,1997-96,January,Utah Jazz,Milwaukee Bucks,5,2,3,0,0,0,0
70,59,Glenn Robinson,1997-96,January,Milwaukee Bucks,Utah Jazz,6,1,3,0,0,2,0
71,68,Jeff Hornacek,1997-96,January,Milwaukee Bucks,Utah Jazz,0,1,2,0,2,0,0
72,71,Jeff Hornacek,1997-96,January,Utah Jazz,Milwaukee Bucks,2,1,2,0,2,0,0
73,69,Karl Malone,1997-96,January,Utah Jazz,Milwaukee Bucks,5,2,3,0,0,0,1
74,64,Ray Allen,1997-96,January,Milwaukee Bucks,Utah Jazz,3,0,1,0,0,0,1
76,52,Greg Foster,1997-96,January,Utah Jazz,Milwaukee Bucks,2,0,2,0,0,0,1
79,73,Karl Malone,1997-96,January,Utah Jazz,Milwaukee Bucks,5,2,4,0,0,0,1
80,72,Jeff Hornacek,1997-96,January,Utah Jazz,Milwaukee Bucks,3,1,2,0,2,0,0
81,70,Glenn Robinson,1997-96,January,Milwaukee Bucks,Utah Jazz,6,1,3,0,0,2,1
83,81,Glenn Robinson,1997-96,January,Milwaukee Bucks,Utah Jazz,6,1,4,0,0,2,1
84,67,Vin Baker,1997-96,January,Milwaukee Bucks,Utah Jazz,6,1,2,0,0,1,0
85,74,Ray Allen,1997-96,January,Milwaukee Bucks,Utah Jazz,3,1,1,0,0,0,1
86,79,Karl Malone,1997-96,January,Utah Jazz,Milwaukee Bucks,7,2,4,0,0,0,1
87,66,Howard Eisley,1997-96,January,Utah Jazz,Milwaukee Bucks,0,2,0,0,0,0,1
88,60,Sherman Douglas,1997-96,January,Milwaukee Bucks,Utah Jazz,1,1,0,0,0,1,1
89,87,Howard Eisley,1997-96,January,Utah Jazz,Milwaukee Bucks,2,2,0,0,0,0,1
90,45,Bryon Russell,1997-96,January,Utah Jazz,Milwaukee Bucks,2,1,0,0,0,0,1
92,83,Glenn Robinson,1997-96,January,Milwaukee Bucks,Utah Jazz,7,1,4,0,0,2,1
94,85,Ray Allen,1997-96,January,Milwaukee Bucks,Utah Jazz,3,1,2,0,0,0,1
95,0,Armen Gilliam,1997-96,January,Milwaukee Bucks,Utah Jazz,0,0,0,0,0,0,1
96,95,Armen Gilliam,1997-96,January,Milwaukee Bucks,Utah Jazz,0,0,0,0,0,1,1
97,86,Karl Malone,1997-96,January,Utah Jazz,Milwaukee Bucks,9,2,4,0,0,0,1
98,89,Howard Eisley,1997-96,January,Utah Jazz,Milwaukee Bucks,2,3,0,0,0,0,1
99,84,Vin Baker,1997-96,January,Milwaukee Bucks,Utah Jazz,8,1,2,0,0,1,0
100,96,Armen Gilliam,1997-96,January,Milwaukee Bucks,Utah Jazz,0,1,0,0,0,1,1
102,94,Ray Allen,1997-96,January,Milwaukee Bucks,Utah Jazz,3,1,3,0,0,0,1
104,97,Karl Malone,1997-96,January,Utah Jazz,Milwaukee Bucks,9,2,5,0,0,0,1
105,104,Karl Malone,1997-96,January,Utah Jazz,Milwaukee Bucks,9,2,5,0,0,1,1
106,100,Armen Gilliam,1997-96,January,Utah Jazz,Milwaukee Bucks,0,1,0,0,1,1,1
108,0,Greg Ostertag,1997-96,January,Utah Jazz,Milwaukee Bucks,2,0,0,0,0,0,0
109,0,Antoine Carr,1997-96,January,Utah Jazz,Milwaukee Bucks,0,1,0,0,0,0,0
110,0,Elliot Perry,1997-96,January,Milwaukee Bucks,Utah Jazz,3,0,0,0,0,0,0
111,99,Vin Baker,1997-96,January,Milwaukee Bucks,Utah Jazz,8,2,2,0,0,1,0
112,110,Elliot Perry,1997-96,January,Milwaukee Bucks,Utah Jazz,3,0,0,0,0,0,1
114,111,Vin Baker,1997-96,January,Utah Jazz,Milwaukee Bucks,8,2,2,1,0,1,0
115,0,Chris Morris,1997-96,January,Utah Jazz,Milwaukee Bucks,0,0,1,0,0,0,0
117,112,Elliot Perry,1997-96,January,Milwaukee Bucks,Utah Jazz,5,0,0,0,0,0,1
118,102,Ray Allen,1997-96,January,Milwaukee Bucks,Utah Jazz,3,2,3,0,0,0,1
120,108,Greg Ostertag,1997-96,January,Utah Jazz,Milwaukee Bucks,2,0,1,0,0,0,0
121,120,Greg Ostertag,1997-96,January,Utah Jazz,Milwaukee Bucks,4,0,1,0,0,0,0
123,115,Chris Morris,1997-96,January,Utah Jazz,Milwaukee Bucks,0,0,2,0,0,0,0
125,106,Armen Gilliam,1997-96,January,Milwaukee Bucks,Utah Jazz,0,1,1,0,1,1,1
127,123,Chris Morris,1997-96,January,Utah Jazz,Milwaukee Bucks,0,0,3,0,0,0,0
128,0,Johnny Newman,1997-96,January,Milwaukee Bucks,Utah Jazz,0,0,0,0,0,0,1
129,58,John Stockton,1997-96,January,Utah Jazz,Milwaukee Bucks,7,0,1,0,1,2,2
130,92,Glenn Robinson,1997-96,January,Utah Jazz,Milwaukee Bucks,7,1,4,0,1,2,1
131,121,Greg Ostertag,1997-96,January,Utah Jazz,Milwaukee Bucks,4,0,1,0,0,0,1
132,109,Antoine Carr,1997-96,January,Utah Jazz,Milwaukee Bucks,2,1,0,0,0,0,0
133,132,Antoine Carr,1997-96,January,Utah Jazz,Milwaukee Bucks,2,1,0,0,0,0,1
135,125,Armen Gilliam,1997-96,January,Milwaukee Bucks,Utah Jazz,1,1,1,0,1,1,1
137,128,Johnny Newman,1997-96,January,Milwaukee Bucks,Utah Jazz,3,0,0,0,0,0,1
138,117,Elliot Perry,1997-96,January,Milwaukee Bucks,Utah Jazz,5,1,0,0,0,0,1
139,137,Johnny Newman,1997-96,January,Milwaukee Bucks,Utah Jazz,3,0,0,0,0,0,2
140,127,Chris Morris,1997-96,January,Utah Jazz,Milwaukee Bucks,1,0,3,0,0,0,0
142,135,Armen Gilliam,1997-96,January,Milwaukee Bucks,Utah Jazz,1,1,2,0,1,1,1
143,140,Chris Morris,1997-96,January,Utah Jazz,Milwaukee Bucks,1,0,3,0,0,0,1
144,139,Johnny Newman,1997-96,January,Milwaukee Bucks,Utah Jazz,4,0,0,0,0,0,2
145,144,Johnny Newman,1997-96,January,Milwaukee Bucks,Utah Jazz,5,0,0,0,0,0,2
147,0,Chucky Brown,1997-96,January,Milwaukee Bucks,Utah Jazz,0,0,1,0,0,0,0
148,130,Glenn Robinson,1997-96,January,Milwaukee Bucks,Utah Jazz,9,1,4,0,1,2,1
149,131,Greg Ostertag,1997-96,January,Utah Jazz,Milwaukee Bucks,6,0,1,0,0,0,1
150,129,John Stockton,1997-96,January,Utah Jazz,Milwaukee Bucks,7,1,1,0,1,2,2
152,133,Antoine Carr,1997-96,January,Utah Jazz,Milwaukee Bucks,2,1,1,0,0,0,1
153,80,Jeff Hornacek,1997-96,January,Utah Jazz,Milwaukee Bucks,5,1,2,0,2,0,0
154,150,John Stockton,1997-96,January,Utah Jazz,Milwaukee Bucks,7,2,1,0,1,2,2
155,149,Greg Ostertag,1997-96,January,Utah Jazz,Milwaukee Bucks,6,0,1,0,0,0,2
156,145,Johnny Newman,1997-96,January,Milwaukee Bucks,Utah Jazz,6,0,0,0,0,0,2
157,156,Johnny Newman,1997-96,January,Milwaukee Bucks,Utah Jazz,7,0,0,0,0,0,2
159,114,Vin Baker,1997-96,January,Milwaukee Bucks,Utah Jazz,8,2,3,1,0,1,0
160,148,Glenn Robinson,1997-96,January,Milwaukee Bucks,Utah Jazz,11,1,4,0,1,2,1
161,154,John Stockton,1997-96,January,Utah Jazz,Milwaukee Bucks,7,2,1,0,1,3,2
162,160,Glenn Robinson,1997-96,January,Utah Jazz,Milwaukee Bucks,11,1,4,0,2,2,1
164,105,Karl Malone,1997-96,January,Utah Jazz,Milwaukee Bucks,9,2,6,0,0,1,1
165,152,Antoine Carr,1997-96,January,Utah Jazz,Milwaukee Bucks,4,1,1,0,0,0,1
166,161,John Stockton,1997-96,January,Utah Jazz,Milwaukee Bucks,7,3,1,0,1,3,2
167,165,Antoine Carr,1997-96,January,Utah Jazz,Milwaukee Bucks,4,1,1,0,0,0,2
168,138,Elliot Perry,1997-96,January,Milwaukee Bucks,Utah Jazz,6,1,0,0,0,0,1
169,168,Elliot Perry,1997-96,January,Milwaukee Bucks,Utah Jazz,7,1,0,0,0,0,1
170,164,Karl Malone,1997-96,January,Utah Jazz,Milwaukee Bucks,9,2,6,0,0,2,1
171,157,Johnny Newman,1997-96,January,Utah Jazz,Milwaukee Bucks,7,0,0,0,1,0,2
172,169,Elliot Perry,1997-96,January,Milwaukee Bucks,Utah Jazz,9,1,0,0,0,0,1
173,166,John Stockton,1997-96,January,Utah Jazz,Milwaukee Bucks,7,3,1,0,1,4,2
174,171,Johnny Newman,1997-96,January,Milwaukee Bucks,Utah Jazz,9,0,0,0,1,0,2
175,162,Glenn Robinson,1997-96,January,Milwaukee Bucks,Utah Jazz,11,2,4,0,2,2,1
176,167,Antoine Carr,1997-96,January,Utah Jazz,Milwaukee Bucks,4,1,1,0,0,0,3
177,174,Johnny Newman,1997-96,January,Milwaukee Bucks,Utah Jazz,10,0,0,0,1,0,2
179,0,Adam Keefe,1997-96,January,Utah Jazz,Milwaukee Bucks,0,0,1,0,0,0,0
181,153,Jeff Hornacek,1997-96,January,Utah Jazz,Milwaukee Bucks,5,1,2,0,2,0,1
184,76,Greg Foster,1997-96,January,Utah Jazz,Milwaukee Bucks,2,0,3,0,0,0,1
186,159,Vin Baker,1997-96,January,Milwaukee Bucks,Utah Jazz,8,2,4,1,0,1,0
187,177,Johnny Newman,1997-96,January,Milwaukee Bucks,Utah Jazz,12,0,0,0,1,0,2
188,186,Vin Baker,1997-96,January,Milwaukee Bucks,Utah Jazz,8,3,4,1,0,1,0
190,181,Jeff Hornacek,1997-96,January,Utah Jazz,Milwaukee Bucks,5,1,3,0,2,0,1
191,88,Sherman Douglas,1997-96,January,Milwaukee Bucks,Utah Jazz,1,1,0,0,0,1,2
192,191,Sherman Douglas,1997-96,January,Milwaukee Bucks,Utah Jazz,1,1,0,0,0,2,2
193,90,Bryon Russell,1997-96,January,Utah Jazz,Milwaukee Bucks,4,1,0,0,0,0,1
194,170,Karl Malone,1997-96,January,Utah Jazz,Milwaukee Bucks,9,3,6,0,0,2,1
195,193,Bryon Russell,1997-96,January,Utah Jazz,Milwaukee Bucks,4,1,0,0,0,0,2
196,175,Glenn Robinson,1997-96,January,Milwaukee Bucks,Utah Jazz,12,2,4,0,2,2,1
197,196,Glenn Robinson,1997-96,January,Milwaukee Bucks,Utah Jazz,13,2,4,0,2,2,1
198,194,Karl Malone,1997-96,January,Utah Jazz,Milwaukee Bucks,11,3,6,0,0,2,1
199,190,Jeff Hornacek,1997-96,January,Utah Jazz,Milwaukee Bucks,5,2,3,0,2,0,1
200,39,Andrew Lang,1997-96,January,Milwaukee Bucks,Utah Jazz,1,0,2,0,0,0,2
201,198,Karl Malone,1997-96,January,Utah Jazz,Milwaukee Bucks,12,3,6,0,0,2,1
203,184,Greg Foster,1997-96,January,Utah Jazz,Milwaukee Bucks,2,0,4,0,0,0,1
205,201,Karl Malone,1997-96,January,Utah Jazz,Milwaukee Bucks,12,3,7,0,0,2,1
206,205,Karl Malone,1997-96,January,Utah Jazz,Milwaukee Bucks,14,3,7,0,0,2,1
207,188,Vin Baker,1997-96,January,Milwaukee Bucks,Utah Jazz,8,3,4,1,0,2,0
208,206,Karl Malone,1997-96,January,Milwaukee Bucks,Utah Jazz,14,3,7,0,1,2,1
209,195,Bryon Russell,1997-96,January,Utah Jazz,Milwaukee Bucks,6,1,0,0,0,0,2
210,208,Karl Malone,1997-96,January,Utah Jazz,Milwaukee Bucks,14,4,7,0,1,2,1
211,118,Ray Allen,1997-96,January,Milwaukee Bucks,Utah Jazz,5,2,3,0,0,0,1
212,200,Andrew Lang,1997-96,January,Milwaukee Bucks,Utah Jazz,1,0,2,0,0,0,3
214,207,Vin Baker,1997-96,January,Milwaukee Bucks,Utah Jazz,8,3,5,1,0,2,0
216,203,Greg Foster,1997-96,January,Utah Jazz,Milwaukee Bucks,2,0,5,0,0,0,1
217,210,Karl Malone,1997-96,January,Utah Jazz,Milwaukee Bucks,14,4,7,0,1,2,2
218,217,Karl Malone,1997-96,January,Utah Jazz,Milwaukee Bucks,14,4,7,0,1,3,2
219,197,Glenn Robinson,1997-96,January,Milwaukee Bucks,Utah Jazz,13,2,4,0,2,3,1
221,219,Glenn Robinson,1997-96,January,Milwaukee Bucks,Utah Jazz,13,2,5,0,2,3,1
222,192,Sherman Douglas,1997-96,January,Milwaukee Bucks,Utah Jazz,3,1,0,0,0,2,2
223,173,John Stockton,1997-96,January,Utah Jazz,Milwaukee Bucks,7,3,1,0,1,4,3
224,222,Sherman Douglas,1997-96,January,Milwaukee Bucks,Utah Jazz,4,1,0,0,0,2,2
226,216,Greg Foster,1997-96,January,Utah Jazz,Milwaukee Bucks,2,0,6,0,0,0,1
228,211,Ray Allen,1997-96,January,Milwaukee Bucks,Utah Jazz,5,2,4,0,0,0,1
229,209,Bryon Russell,1997-96,January,Utah Jazz,Milwaukee Bucks,6,1,0,0,0,0,3
230,214,Vin Baker,1997-96,January,Milwaukee Bucks,Utah Jazz,8,3,5,1,0,3,0
231,218,Karl Malone,1997-96,January,Milwaukee Bucks,Utah Jazz,14,4,7,0,2,3,2
232,199,Jeff Hornacek,1997-96,January,Utah Jazz,Milwaukee Bucks,7,2,3,0,2,0,1
233,224,Sherman Douglas,1997-96,January,Milwaukee Bucks,Utah Jazz,6,1,0,0,0,2,2
234,212,Andrew Lang,1997-96,January,Milwaukee Bucks,Utah Jazz,1,0,2,0,0,0,4
235,231,Karl Malone,1997-96,January,Utah Jazz,Milwaukee Bucks,15,4,7,0,2,3,2
237,235,Karl Malone,1997-96,January,Utah Jazz,Milwaukee Bucks,15,4,8,0,2,3,2
238,237,Karl Malone,1997-96,January,Utah Jazz,Milwaukee Bucks,17,4,8,0,2,3,2
239,230,Vin Baker,1997-96,January,Milwaukee Bucks,Utah Jazz,10,3,5,1,0,3,0
240,221,Glenn Robinson,1997-96,January,Milwaukee Bucks,Utah Jazz,13,3,5,0,2,3,1
241,238,Karl Malone,1997-96,January,Utah Jazz,Milwaukee Bucks,19,4,8,0,2,3,2
242,229,Bryon Russell,1997-96,January,Utah Jazz,Milwaukee Bucks,6,2,0,0,0,0,3
244,232,Jeff Hornacek,1997-96,January,Utah Jazz,Milwaukee Bucks,9,2,3,0,2,0,1
245,241,Karl Malone,1997-96,January,Utah Jazz,Milwaukee Bucks,19,5,8,0,2,3,2
246,242,Bryon Russell,1997-96,January,Utah Jazz,Milwaukee Bucks,6,2,0,0,0,0,4
247,142,Armen Gilliam,1997-96,January,Milwaukee Bucks,Utah Jazz,2,1,2,0,1,1,1
248,247,Armen Gilliam,1997-96,January,Milwaukee Bucks,Utah Jazz,3,1,2,0,1,1,1
249,98,Howard Eisley,1997-96,January,Utah Jazz,Milwaukee Bucks,2,3,0,0,0,0,2
250,249,Howard Eisley,1997-96,January,Utah Jazz,Milwaukee Bucks,2,3,0,0,0,1,2
251,143,Chris Morris,1997-96,January,Utah Jazz,Milwaukee Bucks,1,0,3,0,0,0,2
252,240,Glenn Robinson,1997-96,January,Milwaukee Bucks,Utah Jazz,14,3,5,0,2,3,1
253,252,Glenn Robinson,1997-96,January,Milwaukee Bucks,Utah Jazz,15,3,5,0,2,3,1
254,226,Greg Foster,1997-96,January,Utah Jazz,Milwaukee Bucks,4,0,6,0,0,0,1
255,245,Karl Malone,1997-96,January,Utah Jazz,Milwaukee Bucks,19,6,8,0,2,3,2
257,255,Karl Malone,1997-96,January,Utah Jazz,Milwaukee Bucks,19,6,9,0,2,3,2
259,239,Vin Baker,1997-96,January,Milwaukee Bucks,Utah Jazz,10,3,6,1,0,3,0
260,253,Glenn Robinson,1997-96,January,Milwaukee Bucks,Utah Jazz,17,3,5,0,2,3,1
261,233,Sherman Douglas,1997-96,January,Milwaukee Bucks,Utah Jazz,6,2,0,0,0,2,2
263,259,Vin Baker,1997-96,January,Milwaukee Bucks,Utah Jazz,10,3,7,1,0,3,0
264,260,Glenn Robinson,1997-96,January,Milwaukee Bucks,Utah Jazz,17,3,5,0,2,4,1
265,251,Chris Morris,1997-96,January,Utah Jazz,Milwaukee Bucks,3,0,3,0,0,0,2
266,250,Howard Eisley,1997-96,January,Utah Jazz,Milwaukee Bucks,2,4,0,0,0,1,2
267,263,Vin Baker,1997-96,January,Milwaukee Bucks,Utah Jazz,10,3,7,1,0,4,0
268,266,Howard Eisley,1997-96,January,Milwaukee Bucks,Utah Jazz,2,4,0,0,1,1,2
269,172,Elliot Perry,1997-96,January,Milwaukee Bucks,Utah Jazz,9,1,0,0,0,0,2
270,248,Armen Gilliam,1997-96,January,Milwaukee Bucks,Utah Jazz,3,1,2,0,1,1,2
271,257,Karl Malone,1997-96,January,Utah Jazz,Milwaukee Bucks,20,6,9,0,2,3,2
272,271,Karl Malone,1997-96,January,Utah Jazz,Milwaukee Bucks,21,6,9,0,2,3,2
274,254,Greg Foster,1997-96,January,Utah Jazz,Milwaukee Bucks,4,0,7,0,0,0,1
275,268,Howard Eisley,1997-96,January,Utah Jazz,Milwaukee Bucks,4,4,0,0,1,1,2
276,272,Karl Malone,1997-96,January,Utah Jazz,Milwaukee Bucks,21,7,9,0,2,3,2
277,267,Vin Baker,1997-96,January,Milwaukee Bucks,Utah Jazz,12,3,7,1,0,4,0
278,187,Johnny Newman,1997-96,January,Milwaukee Bucks,Utah Jazz,12,1,0,0,1,0,2
279,269,Elliot Perry,1997-96,January,Milwaukee Bucks,Utah Jazz,9,1,0,0,0,0,3
280,275,Howard Eisley,1997-96,January,Utah Jazz,Milwaukee Bucks,5,4,0,0,1,1,2
281,280,Howard Eisley,1997-96,January,Utah Jazz,Milwaukee Bucks,6,4,0,0,1,1,2
282,279,Elliot Perry,1997-96,January,Milwaukee Bucks,Utah Jazz,9,1,0,0,0,1,3
283,276,Karl Malone,1997-96,January,Milwaukee Bucks,Utah Jazz,21,7,9,0,3,3,2
284,244,Jeff Hornacek,1997-96,January,Utah Jazz,Milwaukee Bucks,11,2,3,0,2,0,1
285,265,Chris Morris,1997-96,January,Utah Jazz,Milwaukee Bucks,3,1,3,0,0,0,2
286,270,Armen Gilliam,1997-96,January,Milwaukee Bucks,Utah Jazz,5,1,2,0,1,1,2
287,278,Johnny Newman,1997-96,January,Milwaukee Bucks,Utah Jazz,12,2,0,0,1,0,2
288,281,Howard Eisley,1997-96,January,Utah Jazz,Milwaukee Bucks,6,4,0,0,1,2,2
289,228,Ray Allen,1997-96,January,Utah Jazz,Milwaukee Bucks,5,2,4,0,1,0,1
290,289,Ray Allen,1997-96,January,Milwaukee Bucks,Utah Jazz,8,2,4,0,1,0,1
291,282,Elliot Perry,1997-96,January,Milwaukee Bucks,Utah Jazz,9,2,0,0,0,1,3
292,283,Karl Malone,1997-96,January,Utah Jazz,Milwaukee Bucks,23,7,9,0,3,3,2
293,287,Johnny Newman,1997-96,January,Milwaukee Bucks,Utah Jazz,15,2,0,0,1,0,2
294,277,Vin Baker,1997-96,January,Milwaukee Bucks,Utah Jazz,12,4,7,1,0,4,0
295,292,Karl Malone,1997-96,January,Utah Jazz,Milwaukee Bucks,25,7,9,0,3,3,2
296,223,John Stockton,1997-96,January,Utah Jazz,Milwaukee Bucks,7,4,1,0,1,4,3
298,0,Jamie Watson,1997-96,January,Utah Jazz,Milwaukee Bucks,0,0,1,0,0,0,0
299,234,Andrew Lang,1997-96,January,Milwaukee Bucks,Utah Jazz,1,0,2,0,0,0,5
300,295,Karl Malone,1997-96,January,Utah Jazz,Milwaukee Bucks,26,7,9,0,3,3,2
301,300,Karl Malone,1997-96,January,Utah Jazz,Milwaukee Bucks,27,7,9,0,3,3,2
302,298,Jamie Watson,1997-96,January,Utah Jazz,Milwaukee Bucks,0,0,1,0,0,0,1
303,293,Johnny Newman,1997-96,January,Milwaukee Bucks,Utah Jazz,16,2,0,0,1,0,2
304,303,Johnny Newman,1997-96,January,Milwaukee Bucks,Utah Jazz,17,2,0,0,1,0,2
305,285,Chris Morris,1997-96,January,Utah Jazz,Milwaukee Bucks,6,1,3,0,0,0,2
306,302,Jamie Watson,1997-96,January,Utah Jazz,Milwaukee Bucks,0,1,1,0,0,0,1
307,264,Glenn Robinson,1997-96,January,Milwaukee Bucks,Utah Jazz,19,3,5,0,2,4,1
308,291,Elliot Perry,1997-96,January,Milwaukee Bucks,Utah Jazz,9,3,0,0,0,1,3
309,296,John Stockton,1997-96,January,Utah Jazz,Milwaukee Bucks,7,4,1,0,1,5,3
310,306,Jamie Watson,1997-96,January,Utah Jazz,Milwaukee Bucks,0,1,1,0,0,0,2
311,305,Chris Morris,1997-96,January,Utah Jazz,Milwaukee Bucks,6,1,3,0,0,0,3
312,294,Vin Baker,1997-96,January,Milwaukee Bucks,Utah Jazz,13,4,7,1,0,4,0
313,312,Vin Baker,1997-96,January,Milwaukee Bucks,Utah Jazz,14,4,7,1,0,4,0
314,311,Chris Morris,1997-96,January,Utah Jazz,Milwaukee Bucks,8,1,3,0,0,0,3
315,299,Andrew Lang,1997-96,January,Milwaukee Bucks,Utah Jazz,1,0,2,0,0,0,6
316,314,Chris Morris,1997-96,January,Utah Jazz,Milwaukee Bucks,9,1,3,0,0,0,3
317,310,Jamie Watson,1997-96,January,Utah Jazz,Milwaukee Bucks,0,1,1,0,0,0,3
318,176,Antoine Carr,1997-96,January,Utah Jazz,Milwaukee Bucks,4,1,1,0,0,0,4
319,313,Vin Baker,1997-96,January,Milwaukee Bucks,Utah Jazz,15,4,7,1,0,4,0
320,319,Vin Baker,1997-96,January,Milwaukee Bucks,Utah Jazz,16,4,7,1,0,4,0
321,301,Karl Malone,1997-96,January,Utah Jazz,Milwaukee Bucks,29,7,9,0,3,3,2
322,321,Karl Malone,1997-96,January,Utah Jazz,Milwaukee Bucks,29,7,9,0,3,3,3
324,320,Vin Baker,1997-96,January,Milwaukee Bucks,Utah Jazz,17,4,7,1,0,4,0
325,322,Karl Malone,1997-96,January,Utah Jazz,Milwaukee Bucks,29,7,9,0,3,4,3
326,304,Johnny Newman,1997-96,January,Utah Jazz,Milwaukee Bucks,17,2,0,0,2,0,2
327,307,Glenn Robinson,1997-96,January,Milwaukee Bucks,Utah Jazz,19,3,5,0,2,5,1
328,316,Chris Morris,1997-96,January,Milwaukee Bucks,Utah Jazz,9,1,3,0,1,0,3
329,328,Chris Morris,1997-96,January,Utah Jazz,Milwaukee Bucks,11,1,3,0,1,0,3
331,326,Johnny Newman,1997-96,January,Milwaukee Bucks,Utah Jazz,17,2,1,0,2,0,2
333,325,Karl Malone,1997-96,January,Utah Jazz,Milwaukee Bucks,29,7,10,0,3,4,3
334,317,Jamie Watson,1997-96,January,Utah Jazz,Milwaukee Bucks,0,1,1,0,0,1,3
335,324,Vin Baker,1997-96,January,Milwaukee Bucks,Utah Jazz,19,4,7,1,0,4,0
336,334,Jamie Watson,1997-96,January,Utah Jazz,Milwaukee Bucks,2,1,1,0,0,1,3
337,309,John Stockton,1997-96,January,Utah Jazz,Milwaukee Bucks,7,5,1,0,1,5,3
339,333,Karl Malone,1997-96,January,Utah Jazz,Milwaukee Bucks,29,7,11,0,3,4,3
340,339,Karl Malone,1997-96,January,Utah Jazz,Milwaukee Bucks,29,7,11,0,3,5,3
341,331,Johnny Newman,1997-96,January,Utah Jazz,Milwaukee Bucks,17,2,1,0,3,0,2
342,341,Johnny Newman,1997-96,January,Milwaukee Bucks,Utah Jazz,17,2,1,0,3,1,2
343,337,John Stockton,1997-96,January,Milwaukee Bucks,Utah Jazz,7,5,1,0,2,5,3
345,155,Greg Ostertag,1997-96,January,Utah Jazz,Milwaukee Bucks,6,0,2,0,0,0,2
346,345,Greg Ostertag,1997-96,January,Utah Jazz,Milwaukee Bucks,6,0,2,0,0,1,2
348,147,Chucky Brown,1997-96,January,Milwaukee Bucks,Utah Jazz,0,0,2,0,0,0,0
349,327,Glenn Robinson,1997-96,January,Milwaukee Bucks,Utah Jazz,22,3,5,0,2,5,1
350,261,Sherman Douglas,1997-96,January,Milwaukee Bucks,Utah Jazz,6,3,0,0,0,2,2
352,284,Jeff Hornacek,1997-96,January,Utah Jazz,Milwaukee Bucks,11,2,4,0,2,0,1
353,352,Jeff Hornacek,1997-96,January,Utah Jazz,Milwaukee Bucks,14,2,4,0,2,0,1
355,348,Chucky Brown,1997-96,January,Milwaukee Bucks,Utah Jazz,0,0,3,0,0,0,0
358,350,Sherman Douglas,1997-96,January,Milwaukee Bucks,Utah Jazz,6,3,1,0,0,2,2
359,358,Sherman Douglas,1997-96,January,Milwaukee Bucks,Utah Jazz,8,3,1,0,0,2,2
360,349,Glenn Robinson,1997-96,January,Milwaukee Bucks,Utah Jazz,22,4,5,0,2,5,1
361,335,Vin Baker,1997-96,January,Milwaukee Bucks,Utah Jazz,19,4,7,1,0,4,1
363,359,Sherman Douglas,1997-96,January,Milwaukee Bucks,Utah Jazz,8,3,2,0,0,2,2
364,329,Chris Morris,1997-96,January,Utah Jazz,Milwaukee Bucks,11,1,3,0,1,0,4
365,360,Glenn Robinson,1997-96,January,Milwaukee Bucks,Utah Jazz,23,4,5,0,2,5,1
366,365,Glenn Robinson,1997-96,January,Milwaukee Bucks,Utah Jazz,24,4,5,0,2,5,1
367,342,Johnny Newman,1997-96,January,Milwaukee Bucks,Utah Jazz,17,2,1,0,3,1,3
368,318,Antoine Carr,1997-96,January,Utah Jazz,Milwaukee Bucks,5,1,1,0,0,0,4
369,368,Antoine Carr,1997-96,January,Utah Jazz,Milwaukee Bucks,6,1,1,0,0,0,4
370,366,Glenn Robinson,1997-96,January,Milwaukee Bucks,Utah Jazz,26,4,5,0,2,5,1
371,364,Chris Morris,1997-96,January,Utah Jazz,Milwaukee Bucks,11,1,3,0,1,0,5
372,370,Glenn Robinson,1997-96,January,Milwaukee Bucks,Utah Jazz,27,4,5,0,2,5,1
374,340,Karl Malone,1997-96,January,Utah Jazz,Milwaukee Bucks,31,7,11,0,3,5,3
376,369,Antoine Carr,1997-96,January,Utah Jazz,Milwaukee Bucks,6,1,2,0,0,0,4
377,374,Karl Malone,1997-96,January,Utah Jazz,Milwaukee Bucks,33,7,11,0,3,5,3
378,367,Johnny Newman,1997-96,January,Milwaukee Bucks,Utah Jazz,17,2,1,0,3,2,3
379,343,John Stockton,1997-96,January,Milwaukee Bucks,Utah Jazz,7,5,1,0,3,5,3
380,353,Jeff Hornacek,1997-96,January,Utah Jazz,Milwaukee Bucks,14,2,4,0,2,1,1
381,378,Johnny Newman,1997-96,January,Utah Jazz,Milwaukee Bucks,17,2,1,0,4,2,3
382,246,Bryon Russell,1997-96,January,Utah Jazz,Milwaukee Bucks,6,2,0,0,0,0,5
383,372,Glenn Robinson,1997-96,January,Milwaukee Bucks,Utah Jazz,28,4,5,0,2,5,1
384,383,Glenn Robinson,1997-96,January,Milwaukee Bucks,Utah Jazz,29,4,5,0,2,5,1
386,384,Glenn Robinson,1997-96,January,Milwaukee Bucks,Utah Jazz,29,4,6,0,2,5,1
387,386,Glenn Robinson,1997-96,January,Milwaukee Bucks,Utah Jazz,31,4,6,0,2,5,1
388,361,Vin Baker,1997-96,January,Milwaukee Bucks,Utah Jazz,19,5,7,1,0,4,1
390,355,Chucky Brown,1997-96,January,Utah Jazz,Milwaukee Bucks,0,0,3,1,0,0,0
391,377,Karl Malone,1997-96,January,Utah Jazz,Milwaukee Bucks,33,7,12,0,3,5,3
393,380,Jeff Hornacek,1997-96,January,Utah Jazz,Milwaukee Bucks,14,2,4,0,2,1,2
394,363,Sherman Douglas,1997-96,January,Milwaukee Bucks,Utah Jazz,9,3,2,0,0,2,2
396,391,Karl Malone,1997-96,January,Utah Jazz,Milwaukee Bucks,33,7,13,0,3,5,3
397,394,Sherman Douglas,1997-96,January,Milwaukee Bucks,Utah Jazz,9,3,2,0,0,2,3
398,379,John Stockton,1997-96,January,Utah Jazz,Milwaukee Bucks,8,5,1,0,3,5,3
399,398,John Stockton,1997-96,January,Utah Jazz,Milwaukee Bucks,9,5,1,0,3,5,3
401,396,Karl Malone,1997-96,January,Utah Jazz,Milwaukee Bucks,33,7,14,0,3,5,3
403,401,Karl Malone,1997-96,January,Utah Jazz,Milwaukee Bucks,33,7,15,0,3,5,3
405,403,Karl Malone,1997-96,January,Utah Jazz,Milwaukee Bucks,33,7,16,0,3,5,3
406,405,Karl Malone,1997-96,January,Utah Jazz,Milwaukee Bucks,35,7,16,0,3,5,3
407,387,Glenn Robinson,1997-96,January,Milwaukee Bucks,Utah Jazz,33,4,6,0,2,5,1
408,382,Bryon Russell,1997-96,January,Utah Jazz,Milwaukee Bucks,6,2,0,0,0,0,6
410,376,Antoine Carr,1997-96,January,Utah Jazz,Milwaukee Bucks,6,1,3,0,0,0,4
412,407,Glenn Robinson,1997-96,January,Milwaukee Bucks,Utah Jazz,33,4,7,0,2,5,1
413,388,Vin Baker,1997-96,January,Milwaukee Bucks,Utah Jazz,21,5,7,1,0,4,1
414,381,Johnny Newman,1997-96,January,Milwaukee Bucks,Utah Jazz,17,3,1,0,4,2,3
415,406,Karl Malone,1997-96,January,Utah Jazz,Milwaukee Bucks,35,7,16,0,3,6,3
416,412,Glenn Robinson,1997-96,January,Milwaukee Bucks,Utah Jazz,35,4,7,0,2,5,1
418,397,Sherman Douglas,1997-96,January,Milwaukee Bucks,Utah Jazz,9,3,3,0,0,2,3
419,418,Sherman Douglas,1997-96,January,Milwaukee Bucks,Utah Jazz,11,3,3,0,0,2,3
420,415,Karl Malone,1997-96,January,Utah Jazz,Milwaukee Bucks,37,7,16,0,3,6,3
421,399,John Stockton,1997-96,January,Utah Jazz,Milwaukee Bucks,9,6,1,0,3,5,3
422,413,Vin Baker,1997-96,January,Milwaukee Bucks,Utah Jazz,21,5,7,1,0,4,2
423,420,Karl Malone,1997-96,January,Utah Jazz,Milwaukee Bucks,38,7,16,0,3,6,3
424,416,Glenn Robinson,1997-96,January,Milwaukee Bucks,Utah Jazz,37,4,7,0,2,5,1
426,422,Vin Baker,1997-96,January,Utah Jazz,Milwaukee Bucks,21,5,7,2,0,4,2
427,274,Greg Foster,1997-96,January,Utah Jazz,Milwaukee Bucks,4,0,7,0,0,0,2
428,390,Chucky Brown,1997-96,January,Milwaukee Bucks,Utah Jazz,2,0,3,1,0,0,0
429,419,Sherman Douglas,1997-96,January,Milwaukee Bucks,Utah Jazz,11,4,3,0,0,2,3
430,421,John Stockton,1997-96,January,Utah Jazz,Milwaukee Bucks,12,6,1,0,3,5,3
431,430,John Stockton,1997-96,January,Utah Jazz,Milwaukee Bucks,12,6,1,0,3,5,4
432,429,Sherman Douglas,1997-96,January,Milwaukee Bucks,Utah Jazz,12,4,3,0,0,2,3
434,423,Karl Malone,1997-96,January,Utah Jazz,Milwaukee Bucks,38,7,17,0,3,6,3
436,410,Antoine Carr,1997-96,January,Utah Jazz,Milwaukee Bucks,6,1,4,0,0,0,4
437,436,Antoine Carr,1997-96,January,Utah Jazz,Milwaukee Bucks,8,1,4,0,0,0,4
438,431,John Stockton,1997-96,January,Utah Jazz,Milwaukee Bucks,12,6,1,0,3,5,5
439,432,Sherman Douglas,1997-96,January,Milwaukee Bucks,Utah Jazz,13,4,3,0,0,2,3
440,439,Sherman Douglas,1997-96,January,Milwaukee Bucks,Utah Jazz,14,4,3,0,0,2,3
442,427,Greg Foster,1997-96,January,Utah Jazz,Milwaukee Bucks,4,0,8,0,0,0,2
443,393,Jeff Hornacek,1997-96,January,Utah Jazz,Milwaukee Bucks,17,2,4,0,2,1,2
444,442,Greg Foster,1997-96,January,Utah Jazz,Milwaukee Bucks,4,1,8,0,0,0,2
445,434,Karl Malone,1997-96,January,Utah Jazz,Milwaukee Bucks,38,7,17,0,3,6,4
446,424,Glenn Robinson,1997-96,January,Milwaukee Bucks,Utah Jazz,38,4,7,0,2,5,1
448,445,Karl Malone,1997-96,January,Utah Jazz,Milwaukee Bucks,38,7,18,0,3,6,4
449,443,Jeff Hornacek,1997-96,January,Utah Jazz,Milwaukee Bucks,17,2,4,0,2,2,2
450,449,Jeff Hornacek,1997-96,January,Utah Jazz,Milwaukee Bucks,17,2,4,0,2,2,2
452,448,Karl Malone,1997-96,January,Utah Jazz,Milwaukee Bucks,38,7,18,0,3,6,5
455,452,Karl Malone,1997-96,January,Utah Jazz,Milwaukee Bucks,38,7,19,0,3,6,5
457,426,Vin Baker,1997-96,January,Utah Jazz,Milwaukee Bucks,21,5,7,3,0,4,2
458,437,Antoine Carr,1997-96,January,Utah Jazz,Milwaukee Bucks,10,1,4,0,0,0,4
459,455,Karl Malone,1997-96,January,Utah Jazz,Milwaukee Bucks,38,8,19,0,3,6,5
460,371,Chris Morris,1997-96,January,Utah Jazz,Milwaukee Bucks,11,1,3,0,1,0,5
461,308,Elliot Perry,1997-96,January,Milwaukee Bucks,Utah Jazz,10,3,0,0,0,1,3
462,461,Elliot Perry,1997-96,January,Milwaukee Bucks,Utah Jazz,11,3,0,0,0,1,3
463,288,Howard Eisley,1997-96,January,Utah Jazz,Milwaukee Bucks,6,4,0,0,1,2,3
464,462,Elliot Perry,1997-96,January,Milwaukee Bucks,Utah Jazz,12,3,0,0,0,1,3
465,464,Elliot Perry,1997-96,January,Milwaukee Bucks,Utah Jazz,13,3,0,0,0,1,3
466,450,Jeff Hornacek,1997-96,January,Utah Jazz,Milwaukee Bucks,17,2,4,0,2,3,2
