id,previous_id,player,season,month,team,opponent_team,points,assists,rebounds,blocks,steals,turnovers,personal fouls
2,0,Anfernee Hardaway,1997-96,January,Orlando Magic,Atlanta Hawks,0,0,0,1,0,0,0
3,0,Mookie Blaylock,1997-96,January,Atlanta Hawks,Orlando Magic,0,0,1,0,0,0,0
5,0,Henry James,1997-96,January,Atlanta Hawks,Orlando Magic,0,0,1,0,0,0,0
6,5,Henry James,1997-96,January,Atlanta Hawks,Orlando Magic,2,0,1,0,0,0,0
7,2,Anfernee Hardaway,1997-96,January,Orlando Magic,Atlanta Hawks,2,0,0,1,0,0,0
8,0,Nick Anderson,1997-96,January,Orlando Magic,Atlanta Hawks,0,1,0,0,0,0,0
9,3,Mookie Blaylock,1997-96,January,Atlanta Hawks,Orlando Magic,0,0,1,0,0,1,0
10,8,Nick Anderson,1997-96,January,Orlando Magic,Atlanta Hawks,0,1,0,0,1,0,0
12,0,Horace Grant,1997-96,January,Orlando Magic,Atlanta Hawks,0,0,1,0,0,0,0
14,12,Horace Grant,1997-96,January,Orlando Magic,Atlanta Hawks,0,0,2,0,0,0,0
16,0,Dikembe Mutombo,1997-96,January,Atlanta Hawks,Orlando Magic,0,0,1,0,0,0,0
17,16,Dikembe Mutombo,1997-96,January,Atlanta Hawks,Orlando Magic,0,0,1,0,0,1,0
18,0,Rony Seikaly,1997-96,January,Orlando Magic,Atlanta Hawks,2,0,0,0,0,0,0
19,7,Anfernee Hardaway,1997-96,January,Orlando Magic,Atlanta Hawks,2,1,0,1,0,0,0
20,0,Steven Smith,1997-96,January,Atlanta Hawks,Orlando Magic,2,0,0,0,0,0,0
21,18,Rony Seikaly,1997-96,January,Orlando Magic,Atlanta Hawks,4,0,0,0,0,0,0
22,0,Dennis Scott,1997-96,January,Orlando Magic,Atlanta Hawks,0,1,0,0,0,0,0
23,20,Steven Smith,1997-96,January,Atlanta Hawks,Orlando Magic,5,0,0,0,0,0,0
24,17,Dikembe Mutombo,1997-96,January,Atlanta Hawks,Orlando Magic,0,1,1,0,0,1,0
26,24,Dikembe Mutombo,1997-96,January,Atlanta Hawks,Orlando Magic,0,1,2,0,0,1,0
28,21,Rony Seikaly,1997-96,January,Orlando Magic,Atlanta Hawks,4,0,1,0,0,0,0
29,10,Nick Anderson,1997-96,January,Orlando Magic,Atlanta Hawks,3,1,0,0,1,0,0
30,14,Horace Grant,1997-96,January,Orlando Magic,Atlanta Hawks,0,1,2,0,0,0,0
31,23,Steven Smith,1997-96,January,Atlanta Hawks,Orlando Magic,5,0,0,0,0,1,0
33,19,Anfernee Hardaway,1997-96,January,Orlando Magic,Atlanta Hawks,2,1,1,1,0,0,0
35,26,Dikembe Mutombo,1997-96,January,Atlanta Hawks,Orlando Magic,0,1,2,1,0,1,0
36,33,Anfernee Hardaway,1997-96,January,Orlando Magic,Atlanta Hawks,2,1,2,1,0,0,0
38,30,Horace Grant,1997-96,January,Orlando Magic,Atlanta Hawks,0,1,3,0,0,0,0
39,38,Horace Grant,1997-96,January,Orlando Magic,Atlanta Hawks,2,1,3,0,0,0,0
40,31,Steven Smith,1997-96,January,Atlanta Hawks,Orlando Magic,7,0,0,0,0,1,0
41,28,Rony Seikaly,1997-96,January,Orlando Magic,Atlanta Hawks,6,0,1,0,0,0,0
42,22,Dennis Scott,1997-96,January,Orlando Magic,Atlanta Hawks,0,2,0,0,0,0,0
45,40,Steven Smith,1997-96,January,Atlanta Hawks,Orlando Magic,7,0,1,0,0,1,0
46,6,Henry James,1997-96,January,Atlanta Hawks,Orlando Magic,5,0,1,0,0,0,0
47,45,Steven Smith,1997-96,January,Atlanta Hawks,Orlando Magic,7,1,1,0,0,1,0
48,29,Nick Anderson,1997-96,January,Orlando Magic,Atlanta Hawks,3,1,0,0,1,1,0
49,9,Mookie Blaylock,1997-96,January,Atlanta Hawks,Orlando Magic,0,0,1,0,1,1,0
50,47,Steven Smith,1997-96,January,Atlanta Hawks,Orlando Magic,9,1,1,0,0,1,0
51,49,Mookie Blaylock,1997-96,January,Atlanta Hawks,Orlando Magic,0,1,1,0,1,1,0
53,41,Rony Seikaly,1997-96,January,Orlando Magic,Atlanta Hawks,6,0,2,0,0,0,0
55,53,Rony Seikaly,1997-96,January,Orlando Magic,Atlanta Hawks,6,0,3,0,0,0,0
56,35,Dikembe Mutombo,1997-96,January,Atlanta Hawks,Orlando Magic,0,1,2,1,0,1,1
57,50,Steven Smith,1997-96,January,Atlanta Hawks,Orlando Magic,9,1,1,0,0,1,1
59,36,Anfernee Hardaway,1997-96,January,Orlando Magic,Atlanta Hawks,2,1,3,1,0,0,0
61,56,Dikembe Mutombo,1997-96,January,Atlanta Hawks,Orlando Magic,0,1,3,1,0,1,1
62,51,Mookie Blaylock,1997-96,January,Atlanta Hawks,Orlando Magic,2,1,1,0,1,1,0
63,57,Steven Smith,1997-96,January,Atlanta Hawks,Orlando Magic,9,2,1,0,0,1,1
64,39,Horace Grant,1997-96,January,Orlando Magic,Atlanta Hawks,4,1,3,0,0,0,0
65,42,Dennis Scott,1997-96,January,Orlando Magic,Atlanta Hawks,0,3,0,0,0,0,0
67,48,Nick Anderson,1997-96,January,Orlando Magic,Atlanta Hawks,3,1,0,0,1,2,0
68,62,Mookie Blaylock,1997-96,January,Atlanta Hawks,Orlando Magic,2,1,1,0,2,1,0
69,64,Horace Grant,1997-96,January,Orlando Magic,Atlanta Hawks,4,1,3,0,0,0,1
70,68,Mookie Blaylock,1997-96,January,Atlanta Hawks,Orlando Magic,3,1,1,0,2,1,0
71,70,Mookie Blaylock,1997-96,January,Atlanta Hawks,Orlando Magic,4,1,1,0,2,1,0
72,69,Horace Grant,1997-96,January,Orlando Magic,Atlanta Hawks,4,1,3,0,0,1,1
73,71,Mookie Blaylock,1997-96,January,Atlanta Hawks,Orlando Magic,4,1,1,0,3,1,0
74,55,Rony Seikaly,1997-96,January,Orlando Magic,Atlanta Hawks,6,0,3,0,0,0,1
75,46,Henry James,1997-96,January,Atlanta Hawks,Orlando Magic,6,0,1,0,0,0,0
76,75,Henry James,1997-96,January,Atlanta Hawks,Orlando Magic,7,0,1,0,0,0,0
77,76,Henry James,1997-96,January,Atlanta Hawks,Orlando Magic,8,0,1,0,0,0,0
78,65,Dennis Scott,1997-96,January,Orlando Magic,Atlanta Hawks,3,3,0,0,0,0,0
79,59,Anfernee Hardaway,1997-96,January,Orlando Magic,Atlanta Hawks,2,2,3,1,0,0,0
80,63,Steven Smith,1997-96,January,Atlanta Hawks,Orlando Magic,11,2,1,0,0,1,1
81,73,Mookie Blaylock,1997-96,January,Atlanta Hawks,Orlando Magic,4,2,1,0,3,1,0
83,72,Horace Grant,1997-96,January,Orlando Magic,Atlanta Hawks,4,1,4,0,0,1,1
85,83,Horace Grant,1997-96,January,Orlando Magic,Atlanta Hawks,4,1,5,0,0,1,1
87,61,Dikembe Mutombo,1997-96,January,Atlanta Hawks,Orlando Magic,0,1,3,2,0,1,1
88,79,Anfernee Hardaway,1997-96,January,Orlando Magic,Atlanta Hawks,2,2,4,1,0,0,0
90,87,Dikembe Mutombo,1997-96,January,Atlanta Hawks,Orlando Magic,0,1,3,3,0,1,1
91,90,Dikembe Mutombo,1997-96,January,Atlanta Hawks,Orlando Magic,0,1,4,3,0,1,1
93,78,Dennis Scott,1997-96,January,Orlando Magic,Atlanta Hawks,3,3,1,0,0,0,0
95,81,Mookie Blaylock,1997-96,January,Atlanta Hawks,Orlando Magic,4,2,2,0,3,1,0
96,80,Steven Smith,1997-96,January,Atlanta Hawks,Orlando Magic,11,2,1,0,0,2,1
97,0,Derek Strong,1997-96,January,Orlando Magic,Atlanta Hawks,0,0,0,0,1,0,0
99,0,Christian Laettner,1997-96,January,Atlanta Hawks,Orlando Magic,0,0,1,0,0,0,0
100,77,Henry James,1997-96,January,Atlanta Hawks,Orlando Magic,11,0,1,0,0,0,0
101,96,Steven Smith,1997-96,January,Atlanta Hawks,Orlando Magic,11,3,1,0,0,2,1
103,0,Ivano Newbill,1997-96,January,Atlanta Hawks,Orlando Magic,0,0,1,0,0,0,0
104,93,Dennis Scott,1997-96,January,Orlando Magic,Atlanta Hawks,3,3,1,0,0,0,1
106,103,Ivano Newbill,1997-96,January,Atlanta Hawks,Orlando Magic,0,0,2,0,0,0,0
108,101,Steven Smith,1997-96,January,Atlanta Hawks,Orlando Magic,11,3,2,0,0,2,1
110,106,Ivano Newbill,1997-96,January,Atlanta Hawks,Orlando Magic,0,0,3,0,0,0,0
111,110,Ivano Newbill,1997-96,January,Atlanta Hawks,Orlando Magic,2,0,3,0,0,0,0
112,85,Horace Grant,1997-96,January,Orlando Magic,Atlanta Hawks,6,1,5,0,0,1,1
113,97,Derek Strong,1997-96,January,Orlando Magic,Atlanta Hawks,0,1,0,0,1,0,0
114,99,Christian Laettner,1997-96,January,Atlanta Hawks,Orlando Magic,0,0,1,0,0,0,1
116,113,Derek Strong,1997-96,January,Orlando Magic,Atlanta Hawks,0,1,1,0,1,0,0
118,112,Horace Grant,1997-96,January,Orlando Magic,Atlanta Hawks,6,1,6,0,0,1,1
119,118,Horace Grant,1997-96,January,Orlando Magic,Atlanta Hawks,8,1,6,0,0,1,1
120,114,Christian Laettner,1997-96,January,Atlanta Hawks,Orlando Magic,2,0,1,0,0,0,1
122,120,Christian Laettner,1997-96,January,Atlanta Hawks,Orlando Magic,2,0,2,0,0,0,1
123,0,Brian Shaw,1997-96,January,Orlando Magic,Atlanta Hawks,3,0,0,0,0,0,0
124,104,Dennis Scott,1997-96,January,Orlando Magic,Atlanta Hawks,3,4,1,0,0,0,1
126,67,Nick Anderson,1997-96,January,Orlando Magic,Atlanta Hawks,3,1,1,0,1,2,0
127,74,Rony Seikaly,1997-96,January,Orlando Magic,Atlanta Hawks,8,0,3,0,0,0,1
128,123,Brian Shaw,1997-96,January,Orlando Magic,Atlanta Hawks,3,1,0,0,0,0,0
129,122,Christian Laettner,1997-96,January,Atlanta Hawks,Orlando Magic,4,0,2,0,0,0,1
130,111,Ivano Newbill,1997-96,January,Atlanta Hawks,Orlando Magic,2,1,3,0,0,0,0
131,124,Dennis Scott,1997-96,January,Orlando Magic,Atlanta Hawks,5,4,1,0,0,0,1
132,129,Christian Laettner,1997-96,January,Atlanta Hawks,Orlando Magic,4,0,2,0,0,1,1
133,127,Rony Seikaly,1997-96,January,Orlando Magic,Atlanta Hawks,10,0,3,0,0,0,1
134,132,Christian Laettner,1997-96,January,Atlanta Hawks,Orlando Magic,4,0,2,0,0,2,1
135,134,Christian Laettner,1997-96,January,Atlanta Hawks,Orlando Magic,4,0,2,0,0,2,2
136,135,Christian Laettner,1997-96,January,Atlanta Hawks,Orlando Magic,4,0,2,0,0,2,3
138,133,Rony Seikaly,1997-96,January,Orlando Magic,Atlanta Hawks,10,0,4,0,0,0,1
139,138,Rony Seikaly,1997-96,January,Orlando Magic,Atlanta Hawks,12,0,4,0,0,0,1
140,139,Rony Seikaly,1997-96,January,Orlando Magic,Atlanta Hawks,12,0,4,0,0,0,2
141,0,Tyrone Corbin,1997-96,January,Atlanta Hawks,Orlando Magic,2,0,0,0,0,0,0
142,91,Dikembe Mutombo,1997-96,January,Atlanta Hawks,Orlando Magic,0,2,4,3,0,1,1
143,126,Nick Anderson,1997-96,January,Orlando Magic,Atlanta Hawks,6,1,1,0,1,2,0
144,128,Brian Shaw,1997-96,January,Orlando Magic,Atlanta Hawks,3,2,0,0,0,0,0
145,130,Ivano Newbill,1997-96,January,Atlanta Hawks,Orlando Magic,4,1,3,0,0,0,0
146,108,Steven Smith,1997-96,January,Atlanta Hawks,Orlando Magic,11,4,2,0,0,2,1
147,116,Derek Strong,1997-96,January,Orlando Magic,Atlanta Hawks,2,1,1,0,1,0,0
148,144,Brian Shaw,1997-96,January,Orlando Magic,Atlanta Hawks,3,3,0,0,0,0,0
150,140,Rony Seikaly,1997-96,January,Orlando Magic,Atlanta Hawks,12,0,5,0,0,0,2
152,142,Dikembe Mutombo,1997-96,January,Atlanta Hawks,Orlando Magic,0,2,5,3,0,1,1
154,148,Brian Shaw,1997-96,January,Orlando Magic,Atlanta Hawks,3,3,1,0,0,0,0
155,147,Derek Strong,1997-96,January,Orlando Magic,Atlanta Hawks,4,1,1,0,1,0,0
156,154,Brian Shaw,1997-96,January,Orlando Magic,Atlanta Hawks,3,4,1,0,0,0,0
157,156,Brian Shaw,1997-96,January,Orlando Magic,Atlanta Hawks,5,4,1,0,0,0,0
158,150,Rony Seikaly,1997-96,January,Orlando Magic,Atlanta Hawks,12,1,5,0,0,0,2
159,95,Mookie Blaylock,1997-96,January,Atlanta Hawks,Orlando Magic,7,2,2,0,3,1,0
160,146,Steven Smith,1997-96,January,Atlanta Hawks,Orlando Magic,11,5,2,0,0,2,1
161,155,Derek Strong,1997-96,January,Orlando Magic,Atlanta Hawks,6,1,1,0,1,0,0
162,157,Brian Shaw,1997-96,January,Orlando Magic,Atlanta Hawks,5,5,1,0,0,0,0
163,152,Dikembe Mutombo,1997-96,January,Atlanta Hawks,Orlando Magic,2,2,5,3,0,1,1
164,141,Tyrone Corbin,1997-96,January,Atlanta Hawks,Orlando Magic,2,1,0,0,0,0,0
165,162,Brian Shaw,1997-96,January,Orlando Magic,Atlanta Hawks,5,5,1,0,0,1,0
167,88,Anfernee Hardaway,1997-96,January,Orlando Magic,Atlanta Hawks,4,2,4,1,0,0,0
168,160,Steven Smith,1997-96,January,Atlanta Hawks,Orlando Magic,11,5,2,0,0,3,1
169,165,Brian Shaw,1997-96,January,Orlando Magic,Atlanta Hawks,7,5,1,0,0,1,0
170,167,Anfernee Hardaway,1997-96,January,Orlando Magic,Atlanta Hawks,4,3,4,1,0,0,0
172,169,Brian Shaw,1997-96,January,Orlando Magic,Atlanta Hawks,7,5,2,0,0,1,0
173,172,Brian Shaw,1997-96,January,Orlando Magic,Atlanta Hawks,7,5,2,0,0,2,0
174,164,Tyrone Corbin,1997-96,January,Atlanta Hawks,Orlando Magic,2,1,0,0,1,0,0
175,168,Steven Smith,1997-96,January,Atlanta Hawks,Orlando Magic,14,5,2,0,0,3,1
176,159,Mookie Blaylock,1997-96,January,Atlanta Hawks,Orlando Magic,7,3,2,0,3,1,0
177,163,Dikembe Mutombo,1997-96,January,Atlanta Hawks,Orlando Magic,2,2,5,3,0,1,2
178,119,Horace Grant,1997-96,January,Orlando Magic,Atlanta Hawks,9,1,6,0,0,1,1
179,178,Horace Grant,1997-96,January,Orlando Magic,Atlanta Hawks,10,1,6,0,0,1,1
180,174,Tyrone Corbin,1997-96,January,Atlanta Hawks,Orlando Magic,4,1,0,0,1,0,0
182,177,Dikembe Mutombo,1997-96,January,Atlanta Hawks,Orlando Magic,2,2,6,3,0,1,2
184,179,Horace Grant,1997-96,January,Orlando Magic,Atlanta Hawks,10,1,7,0,0,1,1
185,180,Tyrone Corbin,1997-96,January,Atlanta Hawks,Orlando Magic,4,1,0,0,1,0,1
188,182,Dikembe Mutombo,1997-96,January,Atlanta Hawks,Orlando Magic,2,2,7,3,0,1,2
190,175,Steven Smith,1997-96,January,Atlanta Hawks,Orlando Magic,14,5,2,0,0,4,1
191,188,Dikembe Mutombo,1997-96,January,Atlanta Hawks,Orlando Magic,2,2,7,3,0,1,3
192,158,Rony Seikaly,1997-96,January,Orlando Magic,Atlanta Hawks,13,1,5,0,0,0,2
193,192,Rony Seikaly,1997-96,January,Orlando Magic,Atlanta Hawks,14,1,5,0,0,0,2
195,193,Rony Seikaly,1997-96,January,Orlando Magic,Atlanta Hawks,14,1,5,0,0,1,2
196,190,Steven Smith,1997-96,January,Atlanta Hawks,Orlando Magic,14,5,2,0,1,4,1
197,185,Tyrone Corbin,1997-96,January,Atlanta Hawks,Orlando Magic,4,1,0,0,1,1,1
198,143,Nick Anderson,1997-96,January,Orlando Magic,Atlanta Hawks,6,1,1,0,2,2,0
199,198,Nick Anderson,1997-96,January,Orlando Magic,Atlanta Hawks,8,1,1,0,2,2,0
200,197,Tyrone Corbin,1997-96,January,Atlanta Hawks,Orlando Magic,7,1,0,0,1,1,1
201,196,Steven Smith,1997-96,January,Atlanta Hawks,Orlando Magic,14,6,2,0,1,4,1
204,170,Anfernee Hardaway,1997-96,January,Orlando Magic,Atlanta Hawks,4,3,5,1,0,0,0
205,184,Horace Grant,1997-96,January,Orlando Magic,Atlanta Hawks,12,1,7,0,0,1,1
206,204,Anfernee Hardaway,1997-96,January,Orlando Magic,Atlanta Hawks,4,4,5,1,0,0,0
207,191,Dikembe Mutombo,1997-96,January,Atlanta Hawks,Orlando Magic,4,2,7,3,0,1,3
208,131,Dennis Scott,1997-96,January,Orlando Magic,Atlanta Hawks,7,4,1,0,0,0,1
210,195,Rony Seikaly,1997-96,January,Orlando Magic,Atlanta Hawks,14,1,6,0,0,1,2
211,205,Horace Grant,1997-96,January,Orlando Magic,Atlanta Hawks,14,1,7,0,0,1,1
213,199,Nick Anderson,1997-96,January,Orlando Magic,Atlanta Hawks,8,1,2,0,2,2,0
215,176,Mookie Blaylock,1997-96,January,Atlanta Hawks,Orlando Magic,7,3,3,0,3,1,0
216,136,Christian Laettner,1997-96,January,Atlanta Hawks,Orlando Magic,6,0,2,0,0,2,3
217,210,Rony Seikaly,1997-96,January,Orlando Magic,Atlanta Hawks,14,1,6,0,0,2,2
218,216,Christian Laettner,1997-96,January,Atlanta Hawks,Orlando Magic,8,0,2,0,0,2,3
219,215,Mookie Blaylock,1997-96,January,Atlanta Hawks,Orlando Magic,7,4,3,0,3,1,0
221,201,Steven Smith,1997-96,January,Atlanta Hawks,Orlando Magic,14,6,3,0,1,4,1
222,213,Nick Anderson,1997-96,January,Orlando Magic,Atlanta Hawks,8,1,2,0,2,2,1
223,100,Henry James,1997-96,January,Atlanta Hawks,Orlando Magic,12,0,1,0,0,0,0
224,223,Henry James,1997-96,January,Atlanta Hawks,Orlando Magic,13,0,1,0,0,0,0
225,208,Dennis Scott,1997-96,January,Orlando Magic,Atlanta Hawks,7,4,1,0,0,1,1
226,219,Mookie Blaylock,1997-96,January,Atlanta Hawks,Orlando Magic,7,4,3,0,4,1,0
228,217,Rony Seikaly,1997-96,January,Orlando Magic,Atlanta Hawks,14,1,6,0,0,2,3
230,225,Dennis Scott,1997-96,January,Orlando Magic,Atlanta Hawks,7,4,2,0,0,1,1
231,211,Horace Grant,1997-96,January,Orlando Magic,Atlanta Hawks,16,1,7,0,0,1,1
232,230,Dennis Scott,1997-96,January,Orlando Magic,Atlanta Hawks,7,5,2,0,0,1,1
234,218,Christian Laettner,1997-96,January,Atlanta Hawks,Orlando Magic,8,0,3,0,0,2,3
236,231,Horace Grant,1997-96,January,Orlando Magic,Atlanta Hawks,16,1,8,0,0,1,1
238,234,Christian Laettner,1997-96,January,Atlanta Hawks,Orlando Magic,8,0,4,0,0,2,3
239,238,Christian Laettner,1997-96,January,Atlanta Hawks,Orlando Magic,8,0,4,0,0,3,3
240,236,Horace Grant,1997-96,January,Orlando Magic,Atlanta Hawks,18,1,8,0,0,1,1
241,206,Anfernee Hardaway,1997-96,January,Orlando Magic,Atlanta Hawks,4,5,5,1,0,0,0
243,240,Horace Grant,1997-96,January,Orlando Magic,Atlanta Hawks,18,1,8,0,0,1,2
244,207,Dikembe Mutombo,1997-96,January,Atlanta Hawks,Orlando Magic,6,2,7,3,0,1,3
245,243,Horace Grant,1997-96,January,Orlando Magic,Atlanta Hawks,18,1,8,0,0,2,2
246,239,Christian Laettner,1997-96,January,Atlanta Hawks,Orlando Magic,8,0,4,0,1,3,3
247,246,Christian Laettner,1997-96,January,Atlanta Hawks,Orlando Magic,8,0,4,0,1,4,3
248,228,Rony Seikaly,1997-96,January,Orlando Magic,Atlanta Hawks,16,1,6,0,0,2,3
249,241,Anfernee Hardaway,1997-96,January,Orlando Magic,Atlanta Hawks,4,6,5,1,0,0,0
250,222,Nick Anderson,1997-96,January,Orlando Magic,Atlanta Hawks,8,1,2,0,2,2,2
251,221,Steven Smith,1997-96,January,Atlanta Hawks,Orlando Magic,17,6,3,0,1,4,1
252,224,Henry James,1997-96,January,Atlanta Hawks,Orlando Magic,13,0,1,0,0,0,1
253,245,Horace Grant,1997-96,January,Orlando Magic,Atlanta Hawks,20,1,8,0,0,2,2
254,252,Henry James,1997-96,January,Atlanta Hawks,Orlando Magic,15,0,1,0,0,0,1
255,226,Mookie Blaylock,1997-96,January,Atlanta Hawks,Orlando Magic,7,5,3,0,4,1,0
257,255,Mookie Blaylock,1997-96,January,Atlanta Hawks,Orlando Magic,7,5,4,0,4,1,0
258,247,Christian Laettner,1997-96,January,Atlanta Hawks,Orlando Magic,10,0,4,0,1,4,3
259,257,Mookie Blaylock,1997-96,January,Atlanta Hawks,Orlando Magic,7,6,4,0,4,1,0
261,244,Dikembe Mutombo,1997-96,January,Atlanta Hawks,Orlando Magic,6,2,8,3,0,1,3
262,259,Mookie Blaylock,1997-96,January,Atlanta Hawks,Orlando Magic,7,6,4,0,4,2,0
263,248,Rony Seikaly,1997-96,January,Orlando Magic,Atlanta Hawks,16,1,6,0,1,2,3
264,0,Gerald Wilkins,1997-96,January,Orlando Magic,Atlanta Hawks,2,0,0,0,0,0,0
265,253,Horace Grant,1997-96,January,Orlando Magic,Atlanta Hawks,20,2,8,0,0,2,2
268,261,Dikembe Mutombo,1997-96,January,Atlanta Hawks,Orlando Magic,6,2,9,3,0,1,3
270,251,Steven Smith,1997-96,January,Atlanta Hawks,Orlando Magic,17,6,4,0,1,4,1
271,232,Dennis Scott,1997-96,January,Orlando Magic,Atlanta Hawks,7,5,2,0,0,1,2
272,254,Henry James,1997-96,January,Atlanta Hawks,Orlando Magic,16,0,1,0,0,0,1
273,272,Henry James,1997-96,January,Atlanta Hawks,Orlando Magic,17,0,1,0,0,0,1
274,161,Derek Strong,1997-96,January,Orlando Magic,Atlanta Hawks,8,1,1,0,1,0,0
275,249,Anfernee Hardaway,1997-96,January,Orlando Magic,Atlanta Hawks,4,7,5,1,0,0,0
276,271,Dennis Scott,1997-96,January,Orlando Magic,Atlanta Hawks,7,5,2,0,0,1,3
277,273,Henry James,1997-96,January,Atlanta Hawks,Orlando Magic,18,0,1,0,0,0,1
279,265,Horace Grant,1997-96,January,Orlando Magic,Atlanta Hawks,20,2,9,0,0,2,2
281,268,Dikembe Mutombo,1997-96,January,Atlanta Hawks,Orlando Magic,6,2,9,4,0,1,3
282,262,Mookie Blaylock,1997-96,January,Atlanta Hawks,Orlando Magic,7,6,5,0,4,2,0
283,270,Steven Smith,1997-96,January,Atlanta Hawks,Orlando Magic,19,6,4,0,1,4,1
284,283,Steven Smith,1997-96,January,Atlanta Hawks,Orlando Magic,19,6,4,0,1,4,2
285,274,Derek Strong,1997-96,January,Orlando Magic,Atlanta Hawks,8,1,1,0,1,1,0
286,282,Mookie Blaylock,1997-96,January,Atlanta Hawks,Orlando Magic,7,6,5,0,5,2,0
287,286,Mookie Blaylock,1997-96,January,Atlanta Hawks,Orlando Magic,9,6,5,0,5,2,0
289,279,Horace Grant,1997-96,January,Orlando Magic,Atlanta Hawks,20,2,10,0,0,2,2
290,289,Horace Grant,1997-96,January,Orlando Magic,Atlanta Hawks,22,2,10,0,0,2,2
291,284,Steven Smith,1997-96,January,Atlanta Hawks,Orlando Magic,19,6,4,0,1,5,2
293,277,Henry James,1997-96,January,Atlanta Hawks,Orlando Magic,20,0,1,0,0,0,1
294,287,Mookie Blaylock,1997-96,January,Atlanta Hawks,Orlando Magic,9,7,5,0,5,2,0
296,258,Christian Laettner,1997-96,January,Atlanta Hawks,Orlando Magic,10,0,5,0,1,4,3
298,293,Henry James,1997-96,January,Atlanta Hawks,Orlando Magic,20,0,1,0,0,0,2
300,250,Nick Anderson,1997-96,January,Orlando Magic,Atlanta Hawks,8,1,2,0,2,3,2
301,294,Mookie Blaylock,1997-96,January,Atlanta Hawks,Orlando Magic,9,7,5,0,6,2,0
302,285,Derek Strong,1997-96,January,Orlando Magic,Atlanta Hawks,8,1,1,0,1,1,1
303,301,Mookie Blaylock,1997-96,January,Atlanta Hawks,Orlando Magic,9,7,5,0,6,3,0
305,296,Christian Laettner,1997-96,January,Atlanta Hawks,Orlando Magic,10,0,6,0,1,4,3
307,263,Rony Seikaly,1997-96,January,Orlando Magic,Atlanta Hawks,16,1,7,0,1,2,3
309,281,Dikembe Mutombo,1997-96,January,Atlanta Hawks,Orlando Magic,6,2,9,5,0,1,3
310,305,Christian Laettner,1997-96,January,Atlanta Hawks,Orlando Magic,10,0,7,0,1,4,3
312,310,Christian Laettner,1997-96,January,Atlanta Hawks,Orlando Magic,10,0,8,0,1,4,3
314,309,Dikembe Mutombo,1997-96,January,Atlanta Hawks,Orlando Magic,6,2,10,5,0,1,3
316,302,Derek Strong,1997-96,January,Orlando Magic,Atlanta Hawks,8,1,2,0,1,1,1
318,200,Tyrone Corbin,1997-96,January,Atlanta Hawks,Orlando Magic,7,1,1,0,1,1,1
319,291,Steven Smith,1997-96,January,Atlanta Hawks,Orlando Magic,21,6,4,0,1,5,2
320,303,Mookie Blaylock,1997-96,January,Atlanta Hawks,Orlando Magic,9,8,5,0,6,3,0
321,314,Dikembe Mutombo,1997-96,January,Atlanta Hawks,Orlando Magic,6,2,10,5,0,1,4
323,307,Rony Seikaly,1997-96,January,Orlando Magic,Atlanta Hawks,17,1,7,0,1,2,3
324,312,Christian Laettner,1997-96,January,Atlanta Hawks,Orlando Magic,10,0,8,0,1,5,3
325,323,Rony Seikaly,1997-96,January,Orlando Magic,Atlanta Hawks,17,1,7,0,1,3,3
326,264,Gerald Wilkins,1997-96,January,Orlando Magic,Atlanta Hawks,2,0,0,0,0,0,1
327,319,Steven Smith,1997-96,January,Atlanta Hawks,Orlando Magic,22,6,4,0,1,5,2
328,327,Steven Smith,1997-96,January,Atlanta Hawks,Orlando Magic,23,6,4,0,1,5,2
330,326,Gerald Wilkins,1997-96,January,Orlando Magic,Atlanta Hawks,2,0,1,0,0,0,1
331,330,Gerald Wilkins,1997-96,January,Orlando Magic,Atlanta Hawks,4,0,1,0,0,0,1
332,331,Gerald Wilkins,1997-96,January,Orlando Magic,Atlanta Hawks,4,0,1,0,0,0,2
334,318,Tyrone Corbin,1997-96,January,Atlanta Hawks,Orlando Magic,7,1,2,0,1,1,1
335,334,Tyrone Corbin,1997-96,January,Atlanta Hawks,Orlando Magic,9,1,2,0,1,1,1
337,332,Gerald Wilkins,1997-96,January,Orlando Magic,Atlanta Hawks,4,0,2,0,0,0,2
338,320,Mookie Blaylock,1997-96,January,Atlanta Hawks,Orlando Magic,9,8,5,0,6,4,0
339,325,Rony Seikaly,1997-96,January,Orlando Magic,Atlanta Hawks,17,1,7,0,2,3,3
341,321,Dikembe Mutombo,1997-96,January,Atlanta Hawks,Orlando Magic,6,2,11,5,0,1,4
342,300,Nick Anderson,1997-96,January,Orlando Magic,Atlanta Hawks,8,1,2,0,2,3,3
344,328,Steven Smith,1997-96,January,Atlanta Hawks,Orlando Magic,24,6,4,0,1,5,2
345,324,Christian Laettner,1997-96,January,Atlanta Hawks,Orlando Magic,10,0,8,0,1,5,4
347,339,Rony Seikaly,1997-96,January,Orlando Magic,Atlanta Hawks,18,1,7,0,2,3,3
349,290,Horace Grant,1997-96,January,Orlando Magic,Atlanta Hawks,22,2,11,0,0,2,2
350,347,Rony Seikaly,1997-96,January,Orlando Magic,Atlanta Hawks,20,1,7,0,2,3,3
351,349,Horace Grant,1997-96,January,Orlando Magic,Atlanta Hawks,22,3,11,0,0,2,2
353,342,Nick Anderson,1997-96,January,Orlando Magic,Atlanta Hawks,8,1,3,0,2,3,3
355,338,Mookie Blaylock,1997-96,January,Atlanta Hawks,Orlando Magic,9,8,6,0,6,4,0
356,276,Dennis Scott,1997-96,January,Orlando Magic,Atlanta Hawks,7,5,2,0,0,1,4
357,345,Christian Laettner,1997-96,January,Atlanta Hawks,Orlando Magic,11,0,8,0,1,5,4
358,357,Christian Laettner,1997-96,January,Atlanta Hawks,Orlando Magic,12,0,8,0,1,5,4
360,350,Rony Seikaly,1997-96,January,Orlando Magic,Atlanta Hawks,20,1,8,0,2,3,3
361,356,Dennis Scott,1997-96,January,Orlando Magic,Atlanta Hawks,10,5,2,0,0,1,4
362,275,Anfernee Hardaway,1997-96,January,Orlando Magic,Atlanta Hawks,4,8,5,1,0,0,0
363,358,Christian Laettner,1997-96,January,Atlanta Hawks,Orlando Magic,14,0,8,0,1,5,4
365,363,Christian Laettner,1997-96,January,Atlanta Hawks,Orlando Magic,14,0,9,0,1,5,4
367,341,Dikembe Mutombo,1997-96,January,Atlanta Hawks,Orlando Magic,6,2,12,5,0,1,4
368,362,Anfernee Hardaway,1997-96,January,Orlando Magic,Atlanta Hawks,4,8,5,1,0,0,1
370,367,Dikembe Mutombo,1997-96,January,Atlanta Hawks,Orlando Magic,7,2,12,5,0,1,4
371,365,Christian Laettner,1997-96,January,Atlanta Hawks,Orlando Magic,14,0,9,0,1,5,5
372,371,Christian Laettner,1997-96,January,Atlanta Hawks,Orlando Magic,14,0,9,0,1,5,6
373,351,Horace Grant,1997-96,January,Orlando Magic,Atlanta Hawks,23,3,11,0,0,2,2
374,373,Horace Grant,1997-96,January,Orlando Magic,Atlanta Hawks,24,3,11,0,0,2,2
376,355,Mookie Blaylock,1997-96,January,Atlanta Hawks,Orlando Magic,9,8,7,0,6,4,0
378,376,Mookie Blaylock,1997-96,January,Atlanta Hawks,Orlando Magic,9,8,7,0,6,4,1
379,360,Rony Seikaly,1997-96,January,Orlando Magic,Atlanta Hawks,21,1,8,0,2,3,3
380,379,Rony Seikaly,1997-96,January,Orlando Magic,Atlanta Hawks,22,1,8,0,2,3,3
382,353,Nick Anderson,1997-96,January,Orlando Magic,Atlanta Hawks,8,1,4,0,2,3,3
385,344,Steven Smith,1997-96,January,Atlanta Hawks,Orlando Magic,24,6,4,0,1,5,3
387,298,Henry James,1997-96,January,Atlanta Hawks,Orlando Magic,20,0,2,0,0,0,2
389,370,Dikembe Mutombo,1997-96,January,Atlanta Hawks,Orlando Magic,7,2,12,5,0,1,5
390,368,Anfernee Hardaway,1997-96,January,Orlando Magic,Atlanta Hawks,7,8,5,1,0,0,1
391,380,Rony Seikaly,1997-96,January,Orlando Magic,Atlanta Hawks,22,2,8,0,2,3,3
393,382,Nick Anderson,1997-96,January,Orlando Magic,Atlanta Hawks,8,1,4,0,2,3,4
394,385,Steven Smith,1997-96,January,Atlanta Hawks,Orlando Magic,25,6,4,0,1,5,3
396,374,Horace Grant,1997-96,January,Orlando Magic,Atlanta Hawks,24,3,12,0,0,2,2
397,378,Mookie Blaylock,1997-96,January,Atlanta Hawks,Orlando Magic,12,8,7,0,6,4,1
398,389,Dikembe Mutombo,1997-96,January,Atlanta Hawks,Orlando Magic,7,3,12,5,0,1,5
399,397,Mookie Blaylock,1997-96,January,Atlanta Hawks,Orlando Magic,12,8,7,0,6,4,2
400,390,Anfernee Hardaway,1997-96,January,Orlando Magic,Atlanta Hawks,8,8,5,1,0,0,1
401,400,Anfernee Hardaway,1997-96,January,Orlando Magic,Atlanta Hawks,9,8,5,1,0,0,1
403,398,Dikembe Mutombo,1997-96,January,Atlanta Hawks,Orlando Magic,7,3,13,5,0,1,5
405,391,Rony Seikaly,1997-96,January,Orlando Magic,Atlanta Hawks,22,2,9,0,2,3,3
406,401,Anfernee Hardaway,1997-96,January,Orlando Magic,Atlanta Hawks,9,8,5,1,0,1,1
407,394,Steven Smith,1997-96,January,Atlanta Hawks,Orlando Magic,25,6,4,0,2,5,3
408,407,Steven Smith,1997-96,January,Atlanta Hawks,Orlando Magic,27,6,4,0,2,5,3
409,396,Horace Grant,1997-96,January,Orlando Magic,Atlanta Hawks,24,3,12,0,0,3,2
410,399,Mookie Blaylock,1997-96,January,Atlanta Hawks,Orlando Magic,12,8,7,0,7,4,2
412,403,Dikembe Mutombo,1997-96,January,Atlanta Hawks,Orlando Magic,7,3,14,5,0,1,5
413,406,Anfernee Hardaway,1997-96,January,Orlando Magic,Atlanta Hawks,9,8,5,1,0,1,2
414,413,Anfernee Hardaway,1997-96,January,Orlando Magic,Atlanta Hawks,9,8,5,1,0,1,3
415,410,Mookie Blaylock,1997-96,January,Atlanta Hawks,Orlando Magic,13,8,7,0,7,4,2
417,335,Tyrone Corbin,1997-96,January,Atlanta Hawks,Orlando Magic,9,1,3,0,1,1,1
418,409,Horace Grant,1997-96,January,Orlando Magic,Atlanta Hawks,24,3,12,0,0,3,3
420,417,Tyrone Corbin,1997-96,January,Atlanta Hawks,Orlando Magic,10,1,3,0,1,1,1
422,412,Dikembe Mutombo,1997-96,January,Atlanta Hawks,Orlando Magic,7,3,15,5,0,1,5
423,393,Nick Anderson,1997-96,January,Orlando Magic,Atlanta Hawks,8,1,4,0,2,3,5
424,422,Dikembe Mutombo,1997-96,January,Atlanta Hawks,Orlando Magic,8,3,15,5,0,1,5
425,424,Dikembe Mutombo,1997-96,January,Atlanta Hawks,Orlando Magic,9,3,15,5,0,1,5
