id,previous_id,player,season,month,team,opponent_team,points,assists,rebounds,blocks,steals,turnovers,personal fouls
2,0,Corliss Williamson,1996-97,November,Sacramento Kings,Atlanta Hawks,0,0,1,0,0,0,0
3,0,Brian Grant,1996-97,November,Sacramento Kings,Atlanta Hawks,0,0,0,0,0,1,0
5,0,Olden Polynice,1996-97,November,Atlanta Hawks,Sacramento Kings,0,0,0,1,0,0,0
6,2,Corliss Williamson,1996-97,November,Sacramento Kings,Atlanta Hawks,0,0,2,0,0,0,0
8,0,Dikembe Mutombo,1996-97,November,Atlanta Hawks,Sacramento Kings,0,0,1,0,0,0,0
9,8,Dikembe Mutombo,1996-97,November,Atlanta Hawks,Sacramento Kings,2,0,1,0,0,0,0
10,0,Mookie Blaylock,1996-97,November,Atlanta Hawks,Sacramento Kings,0,1,0,0,0,0,0
11,3,Brian Grant,1996-97,November,Sacramento Kings,Atlanta Hawks,2,0,0,0,0,1,0
12,0,Mahmoud Abdul-Rauf,1996-97,November,Sacramento Kings,Atlanta Hawks,0,1,0,0,0,0,0
14,11,Brian Grant,1996-97,November,Sacramento Kings,Atlanta Hawks,2,0,1,0,0,1,0
15,5,Olden Polynice,1996-97,November,Sacramento Kings,Atlanta Hawks,2,0,0,1,0,0,0
16,0,Mitch Richmond,1996-97,November,Sacramento Kings,Atlanta Hawks,0,1,0,0,0,0,0
18,14,Brian Grant,1996-97,November,Sacramento Kings,Atlanta Hawks,2,0,2,0,0,1,0
19,18,Brian Grant,1996-97,November,Sacramento Kings,Atlanta Hawks,2,0,2,0,0,2,0
20,10,Mookie Blaylock,1996-97,November,Sacramento Kings,Atlanta Hawks,0,1,0,0,1,0,0
21,9,Dikembe Mutombo,1996-97,November,Atlanta Hawks,Sacramento Kings,4,0,1,0,0,0,0
23,19,Brian Grant,1996-97,November,Sacramento Kings,Atlanta Hawks,2,0,3,0,0,2,0
25,21,Dikembe Mutombo,1996-97,November,Atlanta Hawks,Sacramento Kings,4,0,2,0,0,0,0
26,0,Christian Laettner,1996-97,November,Atlanta Hawks,Sacramento Kings,2,0,0,0,0,0,0
28,25,Dikembe Mutombo,1996-97,November,Atlanta Hawks,Sacramento Kings,4,0,3,0,0,0,0
29,12,Mahmoud Abdul-Rauf,1996-97,November,Sacramento Kings,Atlanta Hawks,0,1,0,0,0,0,1
32,15,Olden Polynice,1996-97,November,Sacramento Kings,Atlanta Hawks,2,0,1,1,0,0,0
33,6,Corliss Williamson,1996-97,November,Sacramento Kings,Atlanta Hawks,2,0,2,0,0,0,0
34,33,Corliss Williamson,1996-97,November,Sacramento Kings,Atlanta Hawks,2,0,2,0,0,0,1
35,16,Mitch Richmond,1996-97,November,Sacramento Kings,Atlanta Hawks,0,1,0,0,0,0,1
37,20,Mookie Blaylock,1996-97,November,Atlanta Hawks,Sacramento Kings,0,1,1,0,1,0,0
39,32,Olden Polynice,1996-97,November,Sacramento Kings,Atlanta Hawks,2,0,2,1,0,0,0
41,28,Dikembe Mutombo,1996-97,November,Sacramento Kings,Atlanta Hawks,4,0,3,1,0,0,0
42,0,Tyrone Corbin,1996-97,November,Atlanta Hawks,Sacramento Kings,0,0,1,0,0,0,0
44,34,Corliss Williamson,1996-97,November,Sacramento Kings,Atlanta Hawks,2,0,3,0,0,0,1
46,41,Dikembe Mutombo,1996-97,November,Sacramento Kings,Atlanta Hawks,4,0,3,2,0,0,0
47,26,Christian Laettner,1996-97,November,Atlanta Hawks,Sacramento Kings,2,0,1,0,0,0,0
49,39,Olden Polynice,1996-97,November,Sacramento Kings,Atlanta Hawks,2,0,3,1,0,0,0
50,35,Mitch Richmond,1996-97,November,Sacramento Kings,Atlanta Hawks,2,1,0,0,0,0,1
51,29,Mahmoud Abdul-Rauf,1996-97,November,Sacramento Kings,Atlanta Hawks,0,2,0,0,0,0,1
52,42,Tyrone Corbin,1996-97,November,Atlanta Hawks,Sacramento Kings,0,0,1,0,0,1,0
53,50,Mitch Richmond,1996-97,November,Atlanta Hawks,Sacramento Kings,2,1,0,0,1,0,1
55,47,Christian Laettner,1996-97,November,Atlanta Hawks,Sacramento Kings,2,0,2,0,0,0,0
56,23,Brian Grant,1996-97,November,Sacramento Kings,Atlanta Hawks,2,0,3,0,0,2,1
58,56,Brian Grant,1996-97,November,Sacramento Kings,Atlanta Hawks,2,0,4,0,0,2,1
60,52,Tyrone Corbin,1996-97,November,Atlanta Hawks,Sacramento Kings,0,0,2,0,0,1,0
61,46,Dikembe Mutombo,1996-97,November,Atlanta Hawks,Sacramento Kings,6,0,3,2,0,0,0
63,61,Dikembe Mutombo,1996-97,November,Sacramento Kings,Atlanta Hawks,6,0,3,3,0,0,0
64,44,Corliss Williamson,1996-97,November,Sacramento Kings,Atlanta Hawks,2,0,4,0,0,0,1
66,49,Olden Polynice,1996-97,November,Sacramento Kings,Atlanta Hawks,2,0,4,1,0,0,0
67,66,Olden Polynice,1996-97,November,Sacramento Kings,Atlanta Hawks,4,0,4,1,0,0,0
68,0,Steven Smith,1996-97,November,Atlanta Hawks,Sacramento Kings,2,0,0,0,0,0,0
70,63,Dikembe Mutombo,1996-97,November,Atlanta Hawks,Sacramento Kings,6,0,4,3,0,0,0
72,55,Christian Laettner,1996-97,November,Atlanta Hawks,Sacramento Kings,2,0,3,0,0,0,0
74,67,Olden Polynice,1996-97,November,Sacramento Kings,Atlanta Hawks,4,0,5,1,0,0,0
75,64,Corliss Williamson,1996-97,November,Sacramento Kings,Atlanta Hawks,2,0,4,0,0,1,1
76,72,Christian Laettner,1996-97,November,Atlanta Hawks,Sacramento Kings,4,0,3,0,0,0,0
77,37,Mookie Blaylock,1996-97,November,Atlanta Hawks,Sacramento Kings,0,2,1,0,1,0,0
79,74,Olden Polynice,1996-97,November,Sacramento Kings,Atlanta Hawks,4,0,6,1,0,0,0
80,79,Olden Polynice,1996-97,November,Sacramento Kings,Atlanta Hawks,6,0,6,1,0,0,0
82,75,Corliss Williamson,1996-97,November,Sacramento Kings,Atlanta Hawks,2,0,4,0,0,1,2
83,70,Dikembe Mutombo,1996-97,November,Atlanta Hawks,Sacramento Kings,7,0,4,3,0,0,0
84,83,Dikembe Mutombo,1996-97,November,Atlanta Hawks,Sacramento Kings,8,0,4,3,0,0,0
85,80,Olden Polynice,1996-97,November,Sacramento Kings,Atlanta Hawks,8,0,6,1,0,0,0
86,53,Mitch Richmond,1996-97,November,Sacramento Kings,Atlanta Hawks,2,2,0,0,1,0,1
88,76,Christian Laettner,1996-97,November,Atlanta Hawks,Sacramento Kings,4,0,4,0,0,0,0
90,85,Olden Polynice,1996-97,November,Sacramento Kings,Atlanta Hawks,8,0,7,1,0,0,0
91,0,Billy Owens,1996-97,November,Sacramento Kings,Atlanta Hawks,2,0,0,0,0,0,0
93,88,Christian Laettner,1996-97,November,Atlanta Hawks,Sacramento Kings,4,0,5,0,0,0,0
94,93,Christian Laettner,1996-97,November,Atlanta Hawks,Sacramento Kings,6,0,5,0,0,0,0
95,84,Dikembe Mutombo,1996-97,November,Atlanta Hawks,Sacramento Kings,8,0,4,3,0,0,1
96,86,Mitch Richmond,1996-97,November,Sacramento Kings,Atlanta Hawks,4,2,0,0,1,0,1
97,0,Michael Smith,1996-97,November,Sacramento Kings,Atlanta Hawks,0,0,0,0,0,0,1
100,90,Olden Polynice,1996-97,November,Sacramento Kings,Atlanta Hawks,8,0,8,1,0,0,0
101,91,Billy Owens,1996-97,November,Sacramento Kings,Atlanta Hawks,5,0,0,0,0,0,0
102,97,Michael Smith,1996-97,November,Sacramento Kings,Atlanta Hawks,0,1,0,0,0,0,1
103,0,Willie Burton,1996-97,November,Atlanta Hawks,Sacramento Kings,0,0,0,0,0,1,0
105,94,Christian Laettner,1996-97,November,Atlanta Hawks,Sacramento Kings,6,0,6,0,0,0,0
107,77,Mookie Blaylock,1996-97,November,Atlanta Hawks,Sacramento Kings,0,2,2,0,1,0,0
109,105,Christian Laettner,1996-97,November,Atlanta Hawks,Sacramento Kings,6,0,7,0,0,0,0
111,95,Dikembe Mutombo,1996-97,November,Atlanta Hawks,Sacramento Kings,8,0,5,3,0,0,1
112,111,Dikembe Mutombo,1996-97,November,Atlanta Hawks,Sacramento Kings,10,0,5,3,0,0,1
114,0,Ivano Newbill,1996-97,November,Atlanta Hawks,Sacramento Kings,0,0,1,0,0,0,0
115,109,Christian Laettner,1996-97,November,Atlanta Hawks,Sacramento Kings,8,0,7,0,0,0,0
116,100,Olden Polynice,1996-97,November,Sacramento Kings,Atlanta Hawks,8,0,8,1,0,0,1
118,101,Billy Owens,1996-97,November,Sacramento Kings,Atlanta Hawks,5,0,1,0,0,0,0
119,96,Mitch Richmond,1996-97,November,Sacramento Kings,Atlanta Hawks,6,2,0,0,1,0,1
120,118,Billy Owens,1996-97,November,Sacramento Kings,Atlanta Hawks,5,1,1,0,0,0,0
121,103,Willie Burton,1996-97,November,Atlanta Hawks,Sacramento Kings,0,0,0,0,0,1,1
122,119,Mitch Richmond,1996-97,November,Sacramento Kings,Atlanta Hawks,7,2,0,0,1,0,1
123,0,Jon Barry,1996-97,November,Atlanta Hawks,Sacramento Kings,0,0,0,0,0,1,0
124,120,Billy Owens,1996-97,November,Atlanta Hawks,Sacramento Kings,5,1,1,0,1,0,0
125,102,Michael Smith,1996-97,November,Sacramento Kings,Atlanta Hawks,2,1,0,0,0,0,1
126,0,Bobby Hurley,1996-97,November,Sacramento Kings,Atlanta Hawks,0,1,0,0,0,0,0
127,115,Christian Laettner,1996-97,November,Atlanta Hawks,Sacramento Kings,10,0,7,0,0,0,0
128,122,Mitch Richmond,1996-97,November,Sacramento Kings,Atlanta Hawks,10,2,0,0,1,0,1
129,107,Mookie Blaylock,1996-97,November,Atlanta Hawks,Sacramento Kings,0,2,2,0,1,1,0
130,128,Mitch Richmond,1996-97,November,Atlanta Hawks,Sacramento Kings,10,2,0,0,2,0,1
132,125,Michael Smith,1996-97,November,Sacramento Kings,Atlanta Hawks,2,1,1,0,0,0,1
133,132,Michael Smith,1996-97,November,Sacramento Kings,Atlanta Hawks,4,1,1,0,0,0,1
134,127,Christian Laettner,1996-97,November,Atlanta Hawks,Sacramento Kings,12,0,7,0,0,0,0
135,130,Mitch Richmond,1996-97,November,Sacramento Kings,Atlanta Hawks,13,2,0,0,2,0,1
136,126,Bobby Hurley,1996-97,November,Sacramento Kings,Atlanta Hawks,0,2,0,0,0,0,0
137,124,Billy Owens,1996-97,November,Sacramento Kings,Atlanta Hawks,5,1,1,0,1,0,1
138,112,Dikembe Mutombo,1996-97,November,Atlanta Hawks,Sacramento Kings,10,0,5,3,0,1,1
140,133,Michael Smith,1996-97,November,Sacramento Kings,Atlanta Hawks,4,1,2,0,0,0,1
141,140,Michael Smith,1996-97,November,Sacramento Kings,Atlanta Hawks,4,1,2,0,0,1,1
142,123,Jon Barry,1996-97,November,Sacramento Kings,Atlanta Hawks,0,0,0,0,1,1,0
143,142,Jon Barry,1996-97,November,Atlanta Hawks,Sacramento Kings,0,0,0,0,1,2,0
144,143,Jon Barry,1996-97,November,Atlanta Hawks,Sacramento Kings,0,0,0,0,1,2,1
145,121,Willie Burton,1996-97,November,Atlanta Hawks,Sacramento Kings,0,0,0,0,0,1,2
147,137,Billy Owens,1996-97,November,Sacramento Kings,Atlanta Hawks,5,1,2,0,1,0,1
149,134,Christian Laettner,1996-97,November,Atlanta Hawks,Sacramento Kings,12,0,8,0,0,0,0
150,138,Dikembe Mutombo,1996-97,November,Atlanta Hawks,Sacramento Kings,10,0,5,3,0,2,1
151,136,Bobby Hurley,1996-97,November,Atlanta Hawks,Sacramento Kings,0,2,0,0,1,0,0
152,58,Brian Grant,1996-97,November,Sacramento Kings,Atlanta Hawks,2,0,4,0,0,3,1
153,0,Lionel Simmons,1996-97,November,Sacramento Kings,Atlanta Hawks,0,0,0,0,0,0,1
155,114,Ivano Newbill,1996-97,November,Atlanta Hawks,Sacramento Kings,0,0,1,0,0,0,1
156,153,Lionel Simmons,1996-97,November,Sacramento Kings,Atlanta Hawks,2,0,0,0,0,0,1
157,151,Bobby Hurley,1996-97,November,Sacramento Kings,Atlanta Hawks,0,3,0,0,1,0,0
158,156,Lionel Simmons,1996-97,November,Sacramento Kings,Atlanta Hawks,2,0,0,0,0,0,2
159,68,Steven Smith,1996-97,November,Atlanta Hawks,Sacramento Kings,3,0,0,0,0,0,0
161,152,Brian Grant,1996-97,November,Sacramento Kings,Atlanta Hawks,2,0,5,0,0,3,1
163,150,Dikembe Mutombo,1996-97,November,Sacramento Kings,Atlanta Hawks,10,0,5,4,0,2,1
165,158,Lionel Simmons,1996-97,November,Sacramento Kings,Atlanta Hawks,2,0,1,0,0,0,2
166,157,Bobby Hurley,1996-97,November,Sacramento Kings,Atlanta Hawks,0,3,0,0,1,1,0
167,60,Tyrone Corbin,1996-97,November,Sacramento Kings,Atlanta Hawks,0,0,2,0,1,1,0
168,163,Dikembe Mutombo,1996-97,November,Atlanta Hawks,Sacramento Kings,12,0,5,4,0,2,1
169,129,Mookie Blaylock,1996-97,November,Atlanta Hawks,Sacramento Kings,0,3,2,0,1,1,0
171,168,Dikembe Mutombo,1996-97,November,Atlanta Hawks,Sacramento Kings,12,0,6,4,0,2,1
173,167,Tyrone Corbin,1996-97,November,Atlanta Hawks,Sacramento Kings,0,0,3,0,1,1,0
174,173,Tyrone Corbin,1996-97,November,Atlanta Hawks,Sacramento Kings,2,0,3,0,1,1,0
175,165,Lionel Simmons,1996-97,November,Sacramento Kings,Atlanta Hawks,2,0,1,0,0,1,2
176,174,Tyrone Corbin,1996-97,November,Sacramento Kings,Atlanta Hawks,2,0,3,0,2,1,0
178,176,Tyrone Corbin,1996-97,November,Atlanta Hawks,Sacramento Kings,2,0,4,0,2,1,0
180,82,Corliss Williamson,1996-97,November,Sacramento Kings,Atlanta Hawks,2,0,5,0,0,1,2
181,166,Bobby Hurley,1996-97,November,Sacramento Kings,Atlanta Hawks,0,3,0,0,1,2,0
182,155,Ivano Newbill,1996-97,November,Sacramento Kings,Atlanta Hawks,0,0,1,0,1,0,1
184,161,Brian Grant,1996-97,November,Atlanta Hawks,Sacramento Kings,2,0,5,1,0,3,1
185,116,Olden Polynice,1996-97,November,Sacramento Kings,Atlanta Hawks,8,0,9,1,0,0,1
187,171,Dikembe Mutombo,1996-97,November,Atlanta Hawks,Sacramento Kings,12,0,7,4,0,2,1
188,182,Ivano Newbill,1996-97,November,Atlanta Hawks,Sacramento Kings,2,0,1,0,1,0,1
189,159,Steven Smith,1996-97,November,Atlanta Hawks,Sacramento Kings,3,1,0,0,0,0,0
190,178,Tyrone Corbin,1996-97,November,Atlanta Hawks,Sacramento Kings,2,0,4,0,2,1,1
191,181,Bobby Hurley,1996-97,November,Sacramento Kings,Atlanta Hawks,1,3,0,0,1,2,0
192,191,Bobby Hurley,1996-97,November,Sacramento Kings,Atlanta Hawks,2,3,0,0,1,2,0
193,189,Steven Smith,1996-97,November,Atlanta Hawks,Sacramento Kings,4,1,0,0,0,0,0
195,187,Dikembe Mutombo,1996-97,November,Atlanta Hawks,Sacramento Kings,14,0,7,4,0,2,1
196,193,Steven Smith,1996-97,November,Atlanta Hawks,Sacramento Kings,4,2,0,0,0,0,0
197,185,Olden Polynice,1996-97,November,Sacramento Kings,Atlanta Hawks,8,0,9,1,0,0,2
199,197,Olden Polynice,1996-97,November,Sacramento Kings,Atlanta Hawks,8,0,10,1,0,0,2
201,180,Corliss Williamson,1996-97,November,Sacramento Kings,Atlanta Hawks,2,0,6,0,0,1,2
202,169,Mookie Blaylock,1996-97,November,Atlanta Hawks,Sacramento Kings,0,3,2,0,1,1,1
203,201,Corliss Williamson,1996-97,November,Sacramento Kings,Atlanta Hawks,3,0,6,0,0,1,2
205,149,Christian Laettner,1996-97,November,Atlanta Hawks,Sacramento Kings,12,0,8,0,0,0,1
206,199,Olden Polynice,1996-97,November,Sacramento Kings,Atlanta Hawks,9,0,10,1,0,0,2
207,206,Olden Polynice,1996-97,November,Sacramento Kings,Atlanta Hawks,10,0,10,1,0,0,2
209,205,Christian Laettner,1996-97,November,Atlanta Hawks,Sacramento Kings,12,0,9,0,0,0,1
210,209,Christian Laettner,1996-97,November,Atlanta Hawks,Sacramento Kings,12,0,9,0,0,1,1
211,135,Mitch Richmond,1996-97,November,Atlanta Hawks,Sacramento Kings,13,2,0,0,3,0,1
212,184,Brian Grant,1996-97,November,Sacramento Kings,Atlanta Hawks,4,0,5,1,0,3,1
213,203,Corliss Williamson,1996-97,November,Sacramento Kings,Atlanta Hawks,3,1,6,0,0,1,2
214,195,Dikembe Mutombo,1996-97,November,Atlanta Hawks,Sacramento Kings,14,0,7,4,0,3,1
215,207,Olden Polynice,1996-97,November,Sacramento Kings,Atlanta Hawks,12,0,10,1,0,0,2
216,212,Brian Grant,1996-97,November,Sacramento Kings,Atlanta Hawks,4,1,5,1,0,3,1
218,216,Brian Grant,1996-97,November,Sacramento Kings,Atlanta Hawks,4,1,6,1,0,3,1
219,215,Olden Polynice,1996-97,November,Sacramento Kings,Atlanta Hawks,12,0,10,1,0,1,2
220,202,Mookie Blaylock,1996-97,November,Atlanta Hawks,Sacramento Kings,2,3,2,0,1,1,1
221,210,Christian Laettner,1996-97,November,Atlanta Hawks,Sacramento Kings,12,1,9,0,0,1,1
222,51,Mahmoud Abdul-Rauf,1996-97,November,Sacramento Kings,Atlanta Hawks,0,2,0,0,0,0,2
224,219,Olden Polynice,1996-97,November,Sacramento Kings,Atlanta Hawks,12,0,11,1,0,1,2
225,211,Mitch Richmond,1996-97,November,Sacramento Kings,Atlanta Hawks,15,2,0,0,3,0,1
226,213,Corliss Williamson,1996-97,November,Sacramento Kings,Atlanta Hawks,3,2,6,0,0,1,2
227,196,Steven Smith,1996-97,November,Atlanta Hawks,Sacramento Kings,4,2,0,0,0,0,1
229,225,Mitch Richmond,1996-97,November,Sacramento Kings,Atlanta Hawks,15,2,1,0,3,0,1
230,229,Mitch Richmond,1996-97,November,Sacramento Kings,Atlanta Hawks,17,2,1,0,3,0,1
232,224,Olden Polynice,1996-97,November,Sacramento Kings,Atlanta Hawks,12,0,12,1,0,1,2
233,222,Mahmoud Abdul-Rauf,1996-97,November,Sacramento Kings,Atlanta Hawks,0,2,0,0,0,1,2
234,190,Tyrone Corbin,1996-97,November,Atlanta Hawks,Sacramento Kings,4,0,4,0,2,1,1
235,221,Christian Laettner,1996-97,November,Atlanta Hawks,Sacramento Kings,12,2,9,0,0,1,1
237,235,Christian Laettner,1996-97,November,Atlanta Hawks,Sacramento Kings,12,2,10,0,0,1,1
238,226,Corliss Williamson,1996-97,November,Sacramento Kings,Atlanta Hawks,3,2,6,0,0,1,3
240,214,Dikembe Mutombo,1996-97,November,Atlanta Hawks,Sacramento Kings,14,0,8,4,0,3,1
241,240,Dikembe Mutombo,1996-97,November,Atlanta Hawks,Sacramento Kings,16,0,8,4,0,3,1
243,227,Steven Smith,1996-97,November,Sacramento Kings,Atlanta Hawks,4,2,0,1,0,0,1
244,241,Dikembe Mutombo,1996-97,November,Atlanta Hawks,Sacramento Kings,16,0,9,4,0,3,1
245,233,Mahmoud Abdul-Rauf,1996-97,November,Sacramento Kings,Atlanta Hawks,0,2,0,0,0,1,3
246,243,Steven Smith,1996-97,November,Atlanta Hawks,Sacramento Kings,5,2,0,1,0,0,1
247,246,Steven Smith,1996-97,November,Atlanta Hawks,Sacramento Kings,6,2,0,1,0,0,1
248,247,Steven Smith,1996-97,November,Atlanta Hawks,Sacramento Kings,6,2,0,1,0,0,2
249,230,Mitch Richmond,1996-97,November,Sacramento Kings,Atlanta Hawks,18,2,1,0,3,0,1
250,249,Mitch Richmond,1996-97,November,Sacramento Kings,Atlanta Hawks,19,2,1,0,3,0,1
251,250,Mitch Richmond,1996-97,November,Sacramento Kings,Atlanta Hawks,20,2,1,0,3,0,1
252,234,Tyrone Corbin,1996-97,November,Atlanta Hawks,Sacramento Kings,6,0,4,0,2,1,1
253,220,Mookie Blaylock,1996-97,November,Atlanta Hawks,Sacramento Kings,2,4,2,0,1,1,1
255,248,Steven Smith,1996-97,November,Atlanta Hawks,Sacramento Kings,6,2,1,1,0,0,2
256,237,Christian Laettner,1996-97,November,Atlanta Hawks,Sacramento Kings,12,2,10,0,0,2,1
257,218,Brian Grant,1996-97,November,Atlanta Hawks,Sacramento Kings,4,1,6,1,1,3,1
259,244,Dikembe Mutombo,1996-97,November,Atlanta Hawks,Sacramento Kings,16,0,10,4,0,3,1
261,245,Mahmoud Abdul-Rauf,1996-97,November,Sacramento Kings,Atlanta Hawks,0,2,1,0,0,1,3
263,259,Dikembe Mutombo,1996-97,November,Atlanta Hawks,Sacramento Kings,16,0,11,4,0,3,1
264,253,Mookie Blaylock,1996-97,November,Atlanta Hawks,Sacramento Kings,5,4,2,0,1,1,1
265,252,Tyrone Corbin,1996-97,November,Atlanta Hawks,Sacramento Kings,6,1,4,0,2,1,1
267,264,Mookie Blaylock,1996-97,November,Atlanta Hawks,Sacramento Kings,5,4,3,0,1,1,1
268,263,Dikembe Mutombo,1996-97,November,Atlanta Hawks,Sacramento Kings,16,0,11,4,0,4,1
269,261,Mahmoud Abdul-Rauf,1996-97,November,Sacramento Kings,Atlanta Hawks,0,2,1,0,0,2,3
270,265,Tyrone Corbin,1996-97,November,Sacramento Kings,Atlanta Hawks,6,1,4,0,3,1,1
271,270,Tyrone Corbin,1996-97,November,Atlanta Hawks,Sacramento Kings,6,1,4,0,3,2,1
272,232,Olden Polynice,1996-97,November,Sacramento Kings,Atlanta Hawks,14,0,12,1,0,1,2
274,268,Dikembe Mutombo,1996-97,November,Atlanta Hawks,Sacramento Kings,16,0,12,4,0,4,1
276,251,Mitch Richmond,1996-97,November,Sacramento Kings,Atlanta Hawks,20,2,2,0,3,0,1
277,271,Tyrone Corbin,1996-97,November,Atlanta Hawks,Sacramento Kings,6,1,4,0,3,2,2
278,272,Olden Polynice,1996-97,November,Sacramento Kings,Atlanta Hawks,15,0,12,1,0,1,2
279,278,Olden Polynice,1996-97,November,Sacramento Kings,Atlanta Hawks,16,0,12,1,0,1,2
280,255,Steven Smith,1996-97,November,Atlanta Hawks,Sacramento Kings,8,2,1,1,0,0,2
282,274,Dikembe Mutombo,1996-97,November,Atlanta Hawks,Sacramento Kings,16,0,13,4,0,4,1
283,277,Tyrone Corbin,1996-97,November,Atlanta Hawks,Sacramento Kings,6,1,4,0,3,2,3
284,283,Tyrone Corbin,1996-97,November,Atlanta Hawks,Sacramento Kings,6,1,4,0,3,3,3
286,282,Dikembe Mutombo,1996-97,November,Atlanta Hawks,Sacramento Kings,16,0,14,4,0,4,1
287,238,Corliss Williamson,1996-97,November,Sacramento Kings,Atlanta Hawks,3,2,6,0,0,1,4
288,145,Willie Burton,1996-97,November,Atlanta Hawks,Sacramento Kings,1,0,0,0,0,1,2
289,288,Willie Burton,1996-97,November,Atlanta Hawks,Sacramento Kings,2,0,0,0,0,1,2
290,257,Brian Grant,1996-97,November,Sacramento Kings,Atlanta Hawks,6,1,6,1,1,3,1
291,269,Mahmoud Abdul-Rauf,1996-97,November,Sacramento Kings,Atlanta Hawks,0,3,1,0,0,2,3
292,267,Mookie Blaylock,1996-97,November,Atlanta Hawks,Sacramento Kings,8,4,3,0,1,1,1
293,280,Steven Smith,1996-97,November,Atlanta Hawks,Sacramento Kings,8,3,1,1,0,0,2
294,290,Brian Grant,1996-97,November,Sacramento Kings,Atlanta Hawks,8,1,6,1,1,3,1
295,291,Mahmoud Abdul-Rauf,1996-97,November,Sacramento Kings,Atlanta Hawks,0,4,1,0,0,2,3
296,293,Steven Smith,1996-97,November,Atlanta Hawks,Sacramento Kings,10,3,1,1,0,0,2
297,294,Brian Grant,1996-97,November,Sacramento Kings,Atlanta Hawks,10,1,6,1,1,3,1
298,295,Mahmoud Abdul-Rauf,1996-97,November,Sacramento Kings,Atlanta Hawks,0,5,1,0,0,2,3
299,289,Willie Burton,1996-97,November,Atlanta Hawks,Sacramento Kings,2,0,0,0,0,2,2
301,299,Willie Burton,1996-97,November,Atlanta Hawks,Sacramento Kings,2,0,1,0,0,2,2
302,297,Brian Grant,1996-97,November,Sacramento Kings,Atlanta Hawks,10,1,6,1,1,3,2
303,256,Christian Laettner,1996-97,November,Atlanta Hawks,Sacramento Kings,13,2,10,0,0,2,1
304,303,Christian Laettner,1996-97,November,Atlanta Hawks,Sacramento Kings,14,2,10,0,0,2,1
305,301,Willie Burton,1996-97,November,Atlanta Hawks,Sacramento Kings,2,0,1,0,0,2,3
307,279,Olden Polynice,1996-97,November,Sacramento Kings,Atlanta Hawks,17,0,12,1,0,1,2
309,307,Olden Polynice,1996-97,November,Atlanta Hawks,Sacramento Kings,17,0,12,2,0,1,2
310,276,Mitch Richmond,1996-97,November,Sacramento Kings,Atlanta Hawks,20,2,3,0,3,0,1
311,310,Mitch Richmond,1996-97,November,Sacramento Kings,Atlanta Hawks,22,2,3,0,3,0,1
313,309,Olden Polynice,1996-97,November,Sacramento Kings,Atlanta Hawks,17,0,12,2,0,1,3
315,286,Dikembe Mutombo,1996-97,November,Atlanta Hawks,Sacramento Kings,17,0,14,4,0,4,1
317,315,Dikembe Mutombo,1996-97,November,Atlanta Hawks,Sacramento Kings,17,0,15,4,0,4,1
318,317,Dikembe Mutombo,1996-97,November,Atlanta Hawks,Sacramento Kings,19,0,15,4,0,4,1
319,144,Jon Barry,1996-97,November,Atlanta Hawks,Sacramento Kings,0,1,0,0,1,2,1
321,292,Mookie Blaylock,1996-97,November,Atlanta Hawks,Sacramento Kings,8,4,4,0,1,1,1
323,304,Christian Laettner,1996-97,November,Atlanta Hawks,Sacramento Kings,14,2,11,0,0,2,1
324,323,Christian Laettner,1996-97,November,Atlanta Hawks,Sacramento Kings,16,2,11,0,0,2,1
325,318,Dikembe Mutombo,1996-97,November,Atlanta Hawks,Sacramento Kings,19,0,15,4,0,5,1
327,325,Dikembe Mutombo,1996-97,November,Atlanta Hawks,Sacramento Kings,19,0,16,4,0,5,1
328,305,Willie Burton,1996-97,November,Atlanta Hawks,Sacramento Kings,5,0,1,0,0,2,3
329,321,Mookie Blaylock,1996-97,November,Atlanta Hawks,Sacramento Kings,8,5,4,0,1,1,1
331,324,Christian Laettner,1996-97,November,Atlanta Hawks,Sacramento Kings,16,2,12,0,0,2,1
333,147,Billy Owens,1996-97,November,Sacramento Kings,Atlanta Hawks,5,1,3,0,1,0,1
334,333,Billy Owens,1996-97,November,Sacramento Kings,Atlanta Hawks,7,1,3,0,1,0,1
335,329,Mookie Blaylock,1996-97,November,Atlanta Hawks,Sacramento Kings,10,5,4,0,1,1,1
336,311,Mitch Richmond,1996-97,November,Sacramento Kings,Atlanta Hawks,22,2,3,0,3,1,1
337,335,Mookie Blaylock,1996-97,November,Atlanta Hawks,Sacramento Kings,11,5,4,0,1,1,1
338,328,Willie Burton,1996-97,November,Atlanta Hawks,Sacramento Kings,5,0,1,0,0,3,3
340,327,Dikembe Mutombo,1996-97,November,Atlanta Hawks,Sacramento Kings,19,0,17,4,0,5,1
341,334,Billy Owens,1996-97,November,Sacramento Kings,Atlanta Hawks,7,1,3,0,1,0,2
342,175,Lionel Simmons,1996-97,November,Sacramento Kings,Atlanta Hawks,2,0,1,0,0,1,3
344,141,Michael Smith,1996-97,November,Sacramento Kings,Atlanta Hawks,4,1,3,0,0,1,1
345,342,Lionel Simmons,1996-97,November,Sacramento Kings,Atlanta Hawks,2,0,1,0,0,2,3
346,319,Jon Barry,1996-97,November,Sacramento Kings,Atlanta Hawks,0,1,0,0,2,2,1
348,340,Dikembe Mutombo,1996-97,November,Atlanta Hawks,Sacramento Kings,19,0,18,4,0,5,1
349,348,Dikembe Mutombo,1996-97,November,Atlanta Hawks,Sacramento Kings,21,0,18,4,0,5,1
350,313,Olden Polynice,1996-97,November,Sacramento Kings,Atlanta Hawks,19,0,12,2,0,1,3
351,345,Lionel Simmons,1996-97,November,Sacramento Kings,Atlanta Hawks,2,1,1,0,0,2,3
353,331,Christian Laettner,1996-97,November,Atlanta Hawks,Sacramento Kings,18,2,12,0,0,2,1
354,350,Olden Polynice,1996-97,November,Sacramento Kings,Atlanta Hawks,21,0,12,2,0,1,3
356,351,Lionel Simmons,1996-97,November,Sacramento Kings,Atlanta Hawks,2,1,2,0,0,2,3
357,356,Lionel Simmons,1996-97,November,Sacramento Kings,Atlanta Hawks,5,1,2,0,0,2,3
358,298,Mahmoud Abdul-Rauf,1996-97,November,Sacramento Kings,Atlanta Hawks,0,6,1,0,0,2,3
359,344,Michael Smith,1996-97,November,Sacramento Kings,Atlanta Hawks,4,1,3,0,0,1,2
360,341,Billy Owens,1996-97,November,Sacramento Kings,Atlanta Hawks,7,1,3,0,1,0,3
362,354,Olden Polynice,1996-97,November,Sacramento Kings,Atlanta Hawks,21,0,13,2,0,1,3
364,362,Olden Polynice,1996-97,November,Sacramento Kings,Atlanta Hawks,21,0,14,2,0,1,3
366,349,Dikembe Mutombo,1996-97,November,Atlanta Hawks,Sacramento Kings,21,0,19,4,0,5,1
367,360,Billy Owens,1996-97,November,Sacramento Kings,Atlanta Hawks,7,1,3,0,1,0,4
368,366,Dikembe Mutombo,1996-97,November,Atlanta Hawks,Sacramento Kings,22,0,19,4,0,5,1
370,359,Michael Smith,1996-97,November,Sacramento Kings,Atlanta Hawks,4,1,4,0,0,1,2
372,336,Mitch Richmond,1996-97,November,Sacramento Kings,Atlanta Hawks,24,2,3,0,3,1,1
373,364,Olden Polynice,1996-97,November,Sacramento Kings,Atlanta Hawks,21,1,14,2,0,1,3
374,296,Steven Smith,1996-97,November,Atlanta Hawks,Sacramento Kings,10,3,1,1,0,0,3
375,372,Mitch Richmond,1996-97,November,Sacramento Kings,Atlanta Hawks,25,2,3,0,3,1,1
376,374,Steven Smith,1996-97,November,Atlanta Hawks,Sacramento Kings,12,3,1,1,0,0,3
377,337,Mookie Blaylock,1996-97,November,Atlanta Hawks,Sacramento Kings,11,6,4,0,1,1,1
378,368,Dikembe Mutombo,1996-97,November,Atlanta Hawks,Sacramento Kings,22,0,19,4,0,5,2
379,367,Billy Owens,1996-97,November,Sacramento Kings,Atlanta Hawks,7,1,3,0,1,1,4
381,378,Dikembe Mutombo,1996-97,November,Atlanta Hawks,Sacramento Kings,22,0,20,4,0,5,2
382,353,Christian Laettner,1996-97,November,Atlanta Hawks,Sacramento Kings,18,2,12,0,0,3,1
383,375,Mitch Richmond,1996-97,November,Sacramento Kings,Atlanta Hawks,27,2,3,0,3,1,1
384,383,Mitch Richmond,1996-97,November,Sacramento Kings,Atlanta Hawks,27,2,3,0,3,1,2
385,376,Steven Smith,1996-97,November,Atlanta Hawks,Sacramento Kings,13,3,1,1,0,0,3
387,379,Billy Owens,1996-97,November,Sacramento Kings,Atlanta Hawks,7,1,4,0,1,1,4
388,338,Willie Burton,1996-97,November,Atlanta Hawks,Sacramento Kings,5,0,1,0,0,3,4
389,373,Olden Polynice,1996-97,November,Sacramento Kings,Atlanta Hawks,23,1,14,2,0,1,3
390,384,Mitch Richmond,1996-97,November,Sacramento Kings,Atlanta Hawks,27,3,3,0,3,1,2
391,389,Olden Polynice,1996-97,November,Sacramento Kings,Atlanta Hawks,23,1,14,2,0,1,4
392,382,Christian Laettner,1996-97,November,Atlanta Hawks,Sacramento Kings,19,2,12,0,0,3,1
393,392,Christian Laettner,1996-97,November,Atlanta Hawks,Sacramento Kings,20,2,12,0,0,3,1
394,385,Steven Smith,1996-97,November,Atlanta Hawks,Sacramento Kings,13,3,1,1,0,0,4
395,370,Michael Smith,1996-97,November,Sacramento Kings,Atlanta Hawks,4,1,4,0,0,2,2
397,391,Olden Polynice,1996-97,November,Sacramento Kings,Atlanta Hawks,23,1,15,2,0,1,4
398,390,Mitch Richmond,1996-97,November,Sacramento Kings,Atlanta Hawks,27,3,3,0,3,2,2
399,284,Tyrone Corbin,1996-97,November,Sacramento Kings,Atlanta Hawks,6,1,4,0,4,3,3
400,394,Steven Smith,1996-97,November,Atlanta Hawks,Sacramento Kings,15,3,1,1,0,0,4
401,377,Mookie Blaylock,1996-97,November,Atlanta Hawks,Sacramento Kings,11,7,4,0,1,1,1
403,400,Steven Smith,1996-97,November,Atlanta Hawks,Sacramento Kings,15,3,2,1,0,0,4
404,401,Mookie Blaylock,1996-97,November,Atlanta Hawks,Sacramento Kings,14,7,4,0,1,1,1
405,403,Steven Smith,1996-97,November,Atlanta Hawks,Sacramento Kings,15,4,2,1,0,0,4
406,387,Billy Owens,1996-97,November,Sacramento Kings,Atlanta Hawks,9,1,4,0,1,1,4
407,397,Olden Polynice,1996-97,November,Sacramento Kings,Atlanta Hawks,23,2,15,2,0,1,4
408,302,Brian Grant,1996-97,November,Sacramento Kings,Atlanta Hawks,10,1,6,1,1,3,3
409,393,Christian Laettner,1996-97,November,Atlanta Hawks,Sacramento Kings,21,2,12,0,0,3,1
410,409,Christian Laettner,1996-97,November,Atlanta Hawks,Sacramento Kings,22,2,12,0,0,3,1
411,407,Olden Polynice,1996-97,November,Sacramento Kings,Atlanta Hawks,25,2,15,2,0,1,4
412,358,Mahmoud Abdul-Rauf,1996-97,November,Sacramento Kings,Atlanta Hawks,0,7,1,0,0,2,3
413,357,Lionel Simmons,1996-97,November,Sacramento Kings,Atlanta Hawks,5,1,2,0,0,2,4
415,410,Christian Laettner,1996-97,November,Atlanta Hawks,Sacramento Kings,23,2,12,0,0,3,1
417,399,Tyrone Corbin,1996-97,November,Atlanta Hawks,Sacramento Kings,6,1,5,0,4,3,3
418,413,Lionel Simmons,1996-97,November,Sacramento Kings,Atlanta Hawks,5,1,2,0,0,2,5
419,417,Tyrone Corbin,1996-97,November,Atlanta Hawks,Sacramento Kings,7,1,5,0,4,3,3
420,419,Tyrone Corbin,1996-97,November,Atlanta Hawks,Sacramento Kings,8,1,5,0,4,3,3
421,398,Mitch Richmond,1996-97,November,Sacramento Kings,Atlanta Hawks,29,3,3,0,3,2,2
422,411,Olden Polynice,1996-97,November,Sacramento Kings,Atlanta Hawks,25,3,15,2,0,1,4
423,408,Brian Grant,1996-97,November,Sacramento Kings,Atlanta Hawks,10,1,6,1,1,3,4
424,420,Tyrone Corbin,1996-97,November,Atlanta Hawks,Sacramento Kings,9,1,5,0,4,3,3
425,424,Tyrone Corbin,1996-97,November,Atlanta Hawks,Sacramento Kings,10,1,5,0,4,3,3
