id,previous_id,player,season,month,team,opponent_team,points,assists,rebounds,blocks,steals,turnovers,personal fouls
2,0,Doug West,1996-97,November,Minnesota Timberwolves,Portland Trail Blazers,0,0,1,0,0,0,0
5,0,Arvydas Sabonis,1996-97,November,Portland Trail Blazers,Minnesota Timberwolves,0,0,1,0,0,0,0
6,0,Isaiah Rider,1996-97,November,Portland Trail Blazers,Minnesota Timberwolves,0,0,0,0,0,1,0
7,0,Tom Gugliotta,1996-97,November,Portland Trail Blazers,Minnesota Timberwolves,0,0,0,0,1,0,0
8,7,Tom Gugliotta,1996-97,November,Minnesota Timberwolves,Portland Trail Blazers,0,0,0,0,1,1,0
9,0,Rasheed Wallace,1996-97,November,Minnesota Timberwolves,Portland Trail Blazers,0,0,0,0,1,0,0
11,0,Terry Porter,1996-97,November,Minnesota Timberwolves,Portland Trail Blazers,0,0,1,0,0,0,0
13,0,Clifford Robinson,1996-97,November,Portland Trail Blazers,Minnesota Timberwolves,0,0,1,0,0,0,0
14,0,Kenny Anderson,1996-97,November,Portland Trail Blazers,Minnesota Timberwolves,3,0,0,0,0,0,0
16,13,Clifford Robinson,1996-97,November,Portland Trail Blazers,Minnesota Timberwolves,0,0,2,0,0,0,0
17,11,Terry Porter,1996-97,November,Minnesota Timberwolves,Portland Trail Blazers,0,0,1,0,0,0,1
18,14,Kenny Anderson,1996-97,November,Portland Trail Blazers,Minnesota Timberwolves,4,0,0,0,0,0,0
19,18,Kenny Anderson,1996-97,November,Portland Trail Blazers,Minnesota Timberwolves,5,0,0,0,0,0,0
20,2,Doug West,1996-97,November,Minnesota Timberwolves,Portland Trail Blazers,2,0,1,0,0,0,0
21,9,Rasheed Wallace,1996-97,November,Portland Trail Blazers,Minnesota Timberwolves,2,0,0,0,1,0,0
22,16,Clifford Robinson,1996-97,November,Portland Trail Blazers,Minnesota Timberwolves,0,1,2,0,0,0,0
23,0,Stojko Vrankovic,1996-97,November,Minnesota Timberwolves,Portland Trail Blazers,0,0,0,0,0,0,1
24,21,Rasheed Wallace,1996-97,November,Portland Trail Blazers,Minnesota Timberwolves,3,0,0,0,1,0,0
25,22,Clifford Robinson,1996-97,November,Portland Trail Blazers,Minnesota Timberwolves,0,1,2,0,0,0,1
26,20,Doug West,1996-97,November,Minnesota Timberwolves,Portland Trail Blazers,2,0,1,0,0,1,0
27,5,Arvydas Sabonis,1996-97,November,Portland Trail Blazers,Minnesota Timberwolves,3,0,1,0,0,0,0
28,19,Kenny Anderson,1996-97,November,Portland Trail Blazers,Minnesota Timberwolves,5,1,0,0,0,0,0
30,27,Arvydas Sabonis,1996-97,November,Portland Trail Blazers,Minnesota Timberwolves,3,0,2,0,0,0,0
31,28,Kenny Anderson,1996-97,November,Portland Trail Blazers,Minnesota Timberwolves,5,1,0,0,0,1,0
32,26,Doug West,1996-97,November,Portland Trail Blazers,Minnesota Timberwolves,2,0,1,0,1,1,0
33,32,Doug West,1996-97,November,Minnesota Timberwolves,Portland Trail Blazers,4,0,1,0,1,1,0
34,8,Tom Gugliotta,1996-97,November,Minnesota Timberwolves,Portland Trail Blazers,0,1,0,0,1,1,0
35,24,Rasheed Wallace,1996-97,November,Portland Trail Blazers,Minnesota Timberwolves,5,0,0,0,1,0,0
36,30,Arvydas Sabonis,1996-97,November,Portland Trail Blazers,Minnesota Timberwolves,3,1,2,0,0,0,0
38,36,Arvydas Sabonis,1996-97,November,Portland Trail Blazers,Minnesota Timberwolves,3,1,3,0,0,0,0
40,0,Kevin Garnett,1996-97,November,Minnesota Timberwolves,Portland Trail Blazers,0,0,1,0,0,0,0
41,38,Arvydas Sabonis,1996-97,November,Portland Trail Blazers,Minnesota Timberwolves,3,1,3,0,0,0,1
42,17,Terry Porter,1996-97,November,Minnesota Timberwolves,Portland Trail Blazers,1,0,1,0,0,0,1
43,42,Terry Porter,1996-97,November,Minnesota Timberwolves,Portland Trail Blazers,2,0,1,0,0,0,1
45,23,Stojko Vrankovic,1996-97,November,Portland Trail Blazers,Minnesota Timberwolves,0,0,0,1,0,0,1
46,35,Rasheed Wallace,1996-97,November,Portland Trail Blazers,Minnesota Timberwolves,5,0,0,0,1,0,1
47,46,Rasheed Wallace,1996-97,November,Portland Trail Blazers,Minnesota Timberwolves,5,0,0,0,1,1,1
49,41,Arvydas Sabonis,1996-97,November,Portland Trail Blazers,Minnesota Timberwolves,3,1,4,0,0,0,1
50,49,Arvydas Sabonis,1996-97,November,Portland Trail Blazers,Minnesota Timberwolves,3,1,4,0,0,1,1
51,45,Stojko Vrankovic,1996-97,November,Minnesota Timberwolves,Portland Trail Blazers,2,0,0,1,0,0,1
52,40,Kevin Garnett,1996-97,November,Minnesota Timberwolves,Portland Trail Blazers,0,1,1,0,0,0,0
54,52,Kevin Garnett,1996-97,November,Portland Trail Blazers,Minnesota Timberwolves,0,1,1,1,0,0,0
55,51,Stojko Vrankovic,1996-97,November,Minnesota Timberwolves,Portland Trail Blazers,2,0,1,1,0,0,1
56,55,Stojko Vrankovic,1996-97,November,Minnesota Timberwolves,Portland Trail Blazers,2,0,1,1,0,1,1
57,31,Kenny Anderson,1996-97,November,Minnesota Timberwolves,Portland Trail Blazers,5,1,0,0,1,1,0
59,47,Rasheed Wallace,1996-97,November,Portland Trail Blazers,Minnesota Timberwolves,5,0,1,0,1,1,1
61,50,Arvydas Sabonis,1996-97,November,Portland Trail Blazers,Minnesota Timberwolves,3,1,4,0,0,1,2
63,59,Rasheed Wallace,1996-97,November,Portland Trail Blazers,Minnesota Timberwolves,5,0,2,0,1,1,1
64,63,Rasheed Wallace,1996-97,November,Portland Trail Blazers,Minnesota Timberwolves,7,0,2,0,1,1,1
65,25,Clifford Robinson,1996-97,November,Portland Trail Blazers,Minnesota Timberwolves,0,2,2,0,0,0,1
66,34,Tom Gugliotta,1996-97,November,Minnesota Timberwolves,Portland Trail Blazers,2,1,0,0,1,1,0
67,54,Kevin Garnett,1996-97,November,Minnesota Timberwolves,Portland Trail Blazers,0,2,1,1,0,0,0
68,6,Isaiah Rider,1996-97,November,Portland Trail Blazers,Minnesota Timberwolves,0,0,0,0,0,2,0
69,57,Kenny Anderson,1996-97,November,Portland Trail Blazers,Minnesota Timberwolves,5,1,0,0,1,1,1
70,66,Tom Gugliotta,1996-97,November,Minnesota Timberwolves,Portland Trail Blazers,4,1,0,0,1,1,0
71,67,Kevin Garnett,1996-97,November,Minnesota Timberwolves,Portland Trail Blazers,0,3,1,1,0,0,0
73,70,Tom Gugliotta,1996-97,November,Minnesota Timberwolves,Portland Trail Blazers,4,1,1,0,1,1,0
75,68,Isaiah Rider,1996-97,November,Portland Trail Blazers,Minnesota Timberwolves,0,0,1,0,0,2,0
77,73,Tom Gugliotta,1996-97,November,Minnesota Timberwolves,Portland Trail Blazers,4,1,2,0,1,1,0
79,0,Chris Dudley,1996-97,November,Minnesota Timberwolves,Portland Trail Blazers,0,0,0,1,0,0,0
80,77,Tom Gugliotta,1996-97,November,Minnesota Timberwolves,Portland Trail Blazers,4,1,3,0,1,1,0
82,80,Tom Gugliotta,1996-97,November,Minnesota Timberwolves,Portland Trail Blazers,4,1,4,0,1,1,0
83,82,Tom Gugliotta,1996-97,November,Minnesota Timberwolves,Portland Trail Blazers,6,1,4,0,1,1,0
84,69,Kenny Anderson,1996-97,November,Portland Trail Blazers,Minnesota Timberwolves,6,1,0,0,1,1,1
85,64,Rasheed Wallace,1996-97,November,Portland Trail Blazers,Minnesota Timberwolves,9,0,2,0,1,1,1
86,71,Kevin Garnett,1996-97,November,Minnesota Timberwolves,Portland Trail Blazers,2,3,1,1,0,0,0
87,75,Isaiah Rider,1996-97,November,Portland Trail Blazers,Minnesota Timberwolves,0,0,1,0,0,2,1
88,87,Isaiah Rider,1996-97,November,Portland Trail Blazers,Minnesota Timberwolves,0,0,1,0,0,3,1
89,33,Doug West,1996-97,November,Minnesota Timberwolves,Portland Trail Blazers,6,0,1,0,1,1,0
90,83,Tom Gugliotta,1996-97,November,Minnesota Timberwolves,Portland Trail Blazers,6,2,4,0,1,1,0
92,43,Terry Porter,1996-97,November,Minnesota Timberwolves,Portland Trail Blazers,2,0,2,0,0,0,1
93,92,Terry Porter,1996-97,November,Minnesota Timberwolves,Portland Trail Blazers,2,0,2,0,0,1,1
94,85,Rasheed Wallace,1996-97,November,Minnesota Timberwolves,Portland Trail Blazers,9,0,2,0,2,1,1
95,94,Rasheed Wallace,1996-97,November,Portland Trail Blazers,Minnesota Timberwolves,11,0,2,0,2,1,1
96,90,Tom Gugliotta,1996-97,November,Minnesota Timberwolves,Portland Trail Blazers,8,2,4,0,1,1,0
97,95,Rasheed Wallace,1996-97,November,Portland Trail Blazers,Minnesota Timberwolves,13,0,2,0,2,1,1
98,88,Isaiah Rider,1996-97,November,Portland Trail Blazers,Minnesota Timberwolves,0,1,1,0,0,3,1
99,89,Doug West,1996-97,November,Minnesota Timberwolves,Portland Trail Blazers,8,0,1,0,1,1,0
100,86,Kevin Garnett,1996-97,November,Minnesota Timberwolves,Portland Trail Blazers,2,4,1,1,0,0,0
101,99,Doug West,1996-97,November,Minnesota Timberwolves,Portland Trail Blazers,8,0,1,0,1,1,1
103,84,Kenny Anderson,1996-97,November,Portland Trail Blazers,Minnesota Timberwolves,7,1,0,0,1,1,1
105,79,Chris Dudley,1996-97,November,Minnesota Timberwolves,Portland Trail Blazers,0,0,0,2,0,0,0
106,105,Chris Dudley,1996-97,November,Portland Trail Blazers,Minnesota Timberwolves,0,0,1,2,0,0,0
107,103,Kenny Anderson,1996-97,November,Portland Trail Blazers,Minnesota Timberwolves,9,1,0,0,1,1,1
109,0,Aaron McKie,1996-97,November,Portland Trail Blazers,Minnesota Timberwolves,0,0,1,0,0,0,0
112,65,Clifford Robinson,1996-97,November,Portland Trail Blazers,Minnesota Timberwolves,0,2,3,0,0,0,1
113,112,Clifford Robinson,1996-97,November,Portland Trail Blazers,Minnesota Timberwolves,0,2,3,0,0,1,1
114,100,Kevin Garnett,1996-97,November,Portland Trail Blazers,Minnesota Timberwolves,2,4,1,1,1,0,0
116,0,Gary Trent,1996-97,November,Portland Trail Blazers,Minnesota Timberwolves,0,0,1,0,0,0,0
118,0,Dean Garrett,1996-97,November,Portland Trail Blazers,Minnesota Timberwolves,0,0,0,1,0,0,0
119,114,Kevin Garnett,1996-97,November,Minnesota Timberwolves,Portland Trail Blazers,2,4,2,1,1,0,0
121,0,James Robinson,1996-97,November,Minnesota Timberwolves,Portland Trail Blazers,0,0,1,0,0,0,0
122,121,James Robinson,1996-97,November,Minnesota Timberwolves,Portland Trail Blazers,2,0,1,0,0,0,0
124,119,Kevin Garnett,1996-97,November,Minnesota Timberwolves,Portland Trail Blazers,2,4,3,1,1,0,0
126,107,Kenny Anderson,1996-97,November,Portland Trail Blazers,Minnesota Timberwolves,9,1,1,0,1,1,1
127,122,James Robinson,1996-97,November,Minnesota Timberwolves,Portland Trail Blazers,2,0,1,0,0,0,1
129,0,Chris Carr,1996-97,November,Portland Trail Blazers,Minnesota Timberwolves,0,0,0,1,0,0,0
130,0,Sam Mitchell,1996-97,November,Minnesota Timberwolves,Portland Trail Blazers,0,0,0,0,0,0,1
131,109,Aaron McKie,1996-97,November,Portland Trail Blazers,Minnesota Timberwolves,2,0,1,0,0,0,0
134,118,Dean Garrett,1996-97,November,Minnesota Timberwolves,Portland Trail Blazers,0,0,1,1,0,0,0
135,130,Sam Mitchell,1996-97,November,Minnesota Timberwolves,Portland Trail Blazers,2,0,0,0,0,0,1
136,127,James Robinson,1996-97,November,Minnesota Timberwolves,Portland Trail Blazers,2,1,1,0,0,0,1
137,106,Chris Dudley,1996-97,November,Portland Trail Blazers,Minnesota Timberwolves,0,0,1,2,0,0,1
139,61,Arvydas Sabonis,1996-97,November,Portland Trail Blazers,Minnesota Timberwolves,3,1,5,0,0,1,2
140,96,Tom Gugliotta,1996-97,November,Minnesota Timberwolves,Portland Trail Blazers,8,2,4,0,1,1,1
141,97,Rasheed Wallace,1996-97,November,Portland Trail Blazers,Minnesota Timberwolves,14,0,2,0,2,1,1
142,141,Rasheed Wallace,1996-97,November,Portland Trail Blazers,Minnesota Timberwolves,15,0,2,0,2,1,1
144,139,Arvydas Sabonis,1996-97,November,Portland Trail Blazers,Minnesota Timberwolves,3,1,6,0,0,1,2
146,136,James Robinson,1996-97,November,Minnesota Timberwolves,Portland Trail Blazers,2,1,2,0,0,0,1
148,135,Sam Mitchell,1996-97,November,Minnesota Timberwolves,Portland Trail Blazers,2,0,1,0,0,0,1
150,134,Dean Garrett,1996-97,November,Minnesota Timberwolves,Portland Trail Blazers,0,0,2,1,0,0,0
151,150,Dean Garrett,1996-97,November,Minnesota Timberwolves,Portland Trail Blazers,2,0,2,1,0,0,0
152,140,Tom Gugliotta,1996-97,November,Minnesota Timberwolves,Portland Trail Blazers,8,2,4,0,1,1,2
154,151,Dean Garrett,1996-97,November,Minnesota Timberwolves,Portland Trail Blazers,2,0,3,1,0,0,0
155,116,Gary Trent,1996-97,November,Portland Trail Blazers,Minnesota Timberwolves,0,0,1,0,0,0,1
157,148,Sam Mitchell,1996-97,November,Minnesota Timberwolves,Portland Trail Blazers,3,0,1,0,0,0,1
158,144,Arvydas Sabonis,1996-97,November,Portland Trail Blazers,Minnesota Timberwolves,6,1,6,0,0,1,2
159,142,Rasheed Wallace,1996-97,November,Portland Trail Blazers,Minnesota Timberwolves,15,1,2,0,2,1,1
160,98,Isaiah Rider,1996-97,November,Portland Trail Blazers,Minnesota Timberwolves,0,1,1,0,0,3,2
162,154,Dean Garrett,1996-97,November,Minnesota Timberwolves,Portland Trail Blazers,3,0,3,1,0,0,0
163,159,Rasheed Wallace,1996-97,November,Portland Trail Blazers,Minnesota Timberwolves,15,1,2,0,2,2,1
164,162,Dean Garrett,1996-97,November,Portland Trail Blazers,Minnesota Timberwolves,3,0,3,1,1,0,0
165,0,Dontonio Wingfield,1996-97,November,Portland Trail Blazers,Minnesota Timberwolves,0,0,0,0,0,0,1
167,165,Dontonio Wingfield,1996-97,November,Portland Trail Blazers,Minnesota Timberwolves,0,0,1,0,0,0,1
168,167,Dontonio Wingfield,1996-97,November,Portland Trail Blazers,Minnesota Timberwolves,2,0,1,0,0,0,1
170,164,Dean Garrett,1996-97,November,Minnesota Timberwolves,Portland Trail Blazers,3,0,4,1,1,0,0
171,168,Dontonio Wingfield,1996-97,November,Portland Trail Blazers,Minnesota Timberwolves,2,0,1,0,0,0,2
173,170,Dean Garrett,1996-97,November,Minnesota Timberwolves,Portland Trail Blazers,4,0,4,1,1,0,0
174,160,Isaiah Rider,1996-97,November,Portland Trail Blazers,Minnesota Timberwolves,3,1,1,0,0,3,2
175,158,Arvydas Sabonis,1996-97,November,Portland Trail Blazers,Minnesota Timberwolves,6,2,6,0,0,1,2
177,146,James Robinson,1996-97,November,Minnesota Timberwolves,Portland Trail Blazers,2,1,3,0,0,0,1
178,177,James Robinson,1996-97,November,Minnesota Timberwolves,Portland Trail Blazers,4,1,3,0,0,0,1
179,175,Arvydas Sabonis,1996-97,November,Portland Trail Blazers,Minnesota Timberwolves,8,2,6,0,0,1,2
180,131,Aaron McKie,1996-97,November,Portland Trail Blazers,Minnesota Timberwolves,2,1,1,0,0,0,0
181,180,Aaron McKie,1996-97,November,Portland Trail Blazers,Minnesota Timberwolves,2,1,1,0,0,0,1
182,157,Sam Mitchell,1996-97,November,Minnesota Timberwolves,Portland Trail Blazers,4,0,1,0,0,0,1
183,182,Sam Mitchell,1996-97,November,Minnesota Timberwolves,Portland Trail Blazers,5,0,1,0,0,0,1
184,129,Chris Carr,1996-97,November,Minnesota Timberwolves,Portland Trail Blazers,0,0,0,1,0,0,1
185,174,Isaiah Rider,1996-97,November,Portland Trail Blazers,Minnesota Timberwolves,4,1,1,0,0,3,2
186,185,Isaiah Rider,1996-97,November,Portland Trail Blazers,Minnesota Timberwolves,5,1,1,0,0,3,2
187,101,Doug West,1996-97,November,Minnesota Timberwolves,Portland Trail Blazers,10,0,1,0,1,1,1
188,186,Isaiah Rider,1996-97,November,Portland Trail Blazers,Minnesota Timberwolves,7,1,1,0,0,3,2
189,56,Stojko Vrankovic,1996-97,November,Minnesota Timberwolves,Portland Trail Blazers,4,0,1,1,0,1,1
190,183,Sam Mitchell,1996-97,November,Minnesota Timberwolves,Portland Trail Blazers,5,1,1,0,0,0,1
191,179,Arvydas Sabonis,1996-97,November,Portland Trail Blazers,Minnesota Timberwolves,10,2,6,0,0,1,2
192,188,Isaiah Rider,1996-97,November,Portland Trail Blazers,Minnesota Timberwolves,7,2,1,0,0,3,2
193,181,Aaron McKie,1996-97,November,Portland Trail Blazers,Minnesota Timberwolves,2,1,1,0,0,0,2
194,178,James Robinson,1996-97,November,Minnesota Timberwolves,Portland Trail Blazers,5,1,3,0,0,0,1
195,194,James Robinson,1996-97,November,Minnesota Timberwolves,Portland Trail Blazers,6,1,3,0,0,0,1
196,124,Kevin Garnett,1996-97,November,Minnesota Timberwolves,Portland Trail Blazers,2,4,3,1,1,0,1
197,113,Clifford Robinson,1996-97,November,Portland Trail Blazers,Minnesota Timberwolves,1,2,3,0,0,1,1
199,196,Kevin Garnett,1996-97,November,Minnesota Timberwolves,Portland Trail Blazers,2,4,4,1,1,0,1
200,199,Kevin Garnett,1996-97,November,Minnesota Timberwolves,Portland Trail Blazers,4,4,4,1,1,0,1
201,93,Terry Porter,1996-97,November,Minnesota Timberwolves,Portland Trail Blazers,2,0,2,0,0,1,2
202,126,Kenny Anderson,1996-97,November,Portland Trail Blazers,Minnesota Timberwolves,10,1,1,0,1,1,1
203,202,Kenny Anderson,1996-97,November,Portland Trail Blazers,Minnesota Timberwolves,11,1,1,0,1,1,1
205,191,Arvydas Sabonis,1996-97,November,Portland Trail Blazers,Minnesota Timberwolves,10,2,7,0,0,1,2
206,197,Clifford Robinson,1996-97,November,Portland Trail Blazers,Minnesota Timberwolves,1,2,3,0,0,2,1
207,206,Clifford Robinson,1996-97,November,Portland Trail Blazers,Minnesota Timberwolves,1,2,3,0,0,2,1
208,201,Terry Porter,1996-97,November,Minnesota Timberwolves,Portland Trail Blazers,3,0,2,0,0,1,2
210,203,Kenny Anderson,1996-97,November,Portland Trail Blazers,Minnesota Timberwolves,11,1,2,0,1,1,1
212,192,Isaiah Rider,1996-97,November,Portland Trail Blazers,Minnesota Timberwolves,7,2,2,0,0,3,2
213,212,Isaiah Rider,1996-97,November,Portland Trail Blazers,Minnesota Timberwolves,7,2,2,0,0,4,2
214,190,Sam Mitchell,1996-97,November,Minnesota Timberwolves,Portland Trail Blazers,7,1,1,0,0,0,1
215,214,Sam Mitchell,1996-97,November,Minnesota Timberwolves,Portland Trail Blazers,7,1,1,0,0,0,2
216,213,Isaiah Rider,1996-97,November,Portland Trail Blazers,Minnesota Timberwolves,8,2,2,0,0,4,2
217,216,Isaiah Rider,1996-97,November,Portland Trail Blazers,Minnesota Timberwolves,9,2,2,0,0,4,2
218,163,Rasheed Wallace,1996-97,November,Portland Trail Blazers,Minnesota Timberwolves,15,1,2,0,2,2,2
220,215,Sam Mitchell,1996-97,November,Minnesota Timberwolves,Portland Trail Blazers,8,1,1,0,0,0,2
222,217,Isaiah Rider,1996-97,November,Portland Trail Blazers,Minnesota Timberwolves,9,2,3,0,0,4,2
225,200,Kevin Garnett,1996-97,November,Minnesota Timberwolves,Portland Trail Blazers,4,4,5,1,1,0,1
226,208,Terry Porter,1996-97,November,Minnesota Timberwolves,Portland Trail Blazers,3,0,2,0,0,2,2
227,210,Kenny Anderson,1996-97,November,Minnesota Timberwolves,Portland Trail Blazers,11,1,2,0,2,1,1
229,152,Tom Gugliotta,1996-97,November,Portland Trail Blazers,Minnesota Timberwolves,8,2,4,1,1,1,2
230,187,Doug West,1996-97,November,Minnesota Timberwolves,Portland Trail Blazers,12,0,1,0,1,1,1
231,225,Kevin Garnett,1996-97,November,Minnesota Timberwolves,Portland Trail Blazers,4,5,5,1,1,0,1
232,207,Clifford Robinson,1996-97,November,Portland Trail Blazers,Minnesota Timberwolves,3,2,3,0,0,2,1
233,218,Rasheed Wallace,1996-97,November,Portland Trail Blazers,Minnesota Timberwolves,15,1,2,0,2,2,3
234,229,Tom Gugliotta,1996-97,November,Minnesota Timberwolves,Portland Trail Blazers,9,2,4,1,1,1,2
235,234,Tom Gugliotta,1996-97,November,Minnesota Timberwolves,Portland Trail Blazers,10,2,4,1,1,1,2
236,222,Isaiah Rider,1996-97,November,Portland Trail Blazers,Minnesota Timberwolves,9,2,3,0,0,5,2
238,205,Arvydas Sabonis,1996-97,November,Portland Trail Blazers,Minnesota Timberwolves,10,2,8,0,0,1,2
239,233,Rasheed Wallace,1996-97,November,Portland Trail Blazers,Minnesota Timberwolves,17,1,2,0,2,2,3
240,236,Isaiah Rider,1996-97,November,Portland Trail Blazers,Minnesota Timberwolves,9,3,3,0,0,5,2
241,238,Arvydas Sabonis,1996-97,November,Portland Trail Blazers,Minnesota Timberwolves,10,2,8,0,0,1,3
242,235,Tom Gugliotta,1996-97,November,Minnesota Timberwolves,Portland Trail Blazers,11,2,4,1,1,1,2
244,227,Kenny Anderson,1996-97,November,Portland Trail Blazers,Minnesota Timberwolves,11,1,3,0,2,1,1
245,231,Kevin Garnett,1996-97,November,Minnesota Timberwolves,Portland Trail Blazers,4,5,5,1,1,0,2
247,189,Stojko Vrankovic,1996-97,November,Minnesota Timberwolves,Portland Trail Blazers,4,0,2,1,0,1,1
249,241,Arvydas Sabonis,1996-97,November,Portland Trail Blazers,Minnesota Timberwolves,10,2,9,0,0,1,3
250,242,Tom Gugliotta,1996-97,November,Minnesota Timberwolves,Portland Trail Blazers,11,2,4,1,1,1,3
251,250,Tom Gugliotta,1996-97,November,Minnesota Timberwolves,Portland Trail Blazers,11,2,4,1,1,1,3
252,244,Kenny Anderson,1996-97,November,Portland Trail Blazers,Minnesota Timberwolves,12,1,3,0,2,1,1
253,232,Clifford Robinson,1996-97,November,Portland Trail Blazers,Minnesota Timberwolves,3,2,3,0,0,3,1
254,247,Stojko Vrankovic,1996-97,November,Portland Trail Blazers,Minnesota Timberwolves,4,0,2,1,1,1,1
255,251,Tom Gugliotta,1996-97,November,Minnesota Timberwolves,Portland Trail Blazers,13,2,4,1,1,1,3
256,226,Terry Porter,1996-97,November,Minnesota Timberwolves,Portland Trail Blazers,3,1,2,0,0,2,2
257,254,Stojko Vrankovic,1996-97,November,Minnesota Timberwolves,Portland Trail Blazers,4,0,2,1,1,1,2
258,230,Doug West,1996-97,November,Minnesota Timberwolves,Portland Trail Blazers,12,0,1,0,1,1,2
260,255,Tom Gugliotta,1996-97,November,Minnesota Timberwolves,Portland Trail Blazers,13,2,5,1,1,1,3
261,260,Tom Gugliotta,1996-97,November,Minnesota Timberwolves,Portland Trail Blazers,16,2,5,1,1,1,3
262,256,Terry Porter,1996-97,November,Minnesota Timberwolves,Portland Trail Blazers,3,2,2,0,0,2,2
263,252,Kenny Anderson,1996-97,November,Portland Trail Blazers,Minnesota Timberwolves,14,1,3,0,2,1,1
265,253,Clifford Robinson,1996-97,November,Minnesota Timberwolves,Portland Trail Blazers,3,2,3,1,0,3,1
266,239,Rasheed Wallace,1996-97,November,Portland Trail Blazers,Minnesota Timberwolves,17,1,3,0,2,2,3
267,263,Kenny Anderson,1996-97,November,Portland Trail Blazers,Minnesota Timberwolves,16,1,3,0,2,1,1
269,257,Stojko Vrankovic,1996-97,November,Minnesota Timberwolves,Portland Trail Blazers,4,0,2,1,1,1,3
271,249,Arvydas Sabonis,1996-97,November,Portland Trail Blazers,Minnesota Timberwolves,11,2,9,0,0,1,3
273,271,Arvydas Sabonis,1996-97,November,Portland Trail Blazers,Minnesota Timberwolves,11,2,10,0,0,1,3
276,240,Isaiah Rider,1996-97,November,Portland Trail Blazers,Minnesota Timberwolves,9,3,4,0,0,5,2
278,261,Tom Gugliotta,1996-97,November,Minnesota Timberwolves,Portland Trail Blazers,16,2,6,1,1,1,3
280,273,Arvydas Sabonis,1996-97,November,Portland Trail Blazers,Minnesota Timberwolves,11,2,11,0,0,1,3
281,245,Kevin Garnett,1996-97,November,Minnesota Timberwolves,Portland Trail Blazers,4,5,5,1,1,0,3
283,266,Rasheed Wallace,1996-97,November,Portland Trail Blazers,Minnesota Timberwolves,18,1,3,0,2,2,3
284,220,Sam Mitchell,1996-97,November,Minnesota Timberwolves,Portland Trail Blazers,8,1,1,0,0,1,2
285,267,Kenny Anderson,1996-97,November,Minnesota Timberwolves,Portland Trail Blazers,16,1,3,0,3,1,1
287,281,Kevin Garnett,1996-97,November,Minnesota Timberwolves,Portland Trail Blazers,4,5,6,1,1,0,3
289,193,Aaron McKie,1996-97,November,Portland Trail Blazers,Minnesota Timberwolves,2,1,2,0,0,0,2
290,285,Kenny Anderson,1996-97,November,Portland Trail Blazers,Minnesota Timberwolves,18,1,3,0,3,1,1
291,283,Rasheed Wallace,1996-97,November,Portland Trail Blazers,Minnesota Timberwolves,18,2,3,0,2,2,3
292,290,Kenny Anderson,1996-97,November,Portland Trail Blazers,Minnesota Timberwolves,19,1,3,0,3,1,1
293,173,Dean Garrett,1996-97,November,Minnesota Timberwolves,Portland Trail Blazers,4,0,4,1,1,0,1
294,280,Arvydas Sabonis,1996-97,November,Portland Trail Blazers,Minnesota Timberwolves,12,2,11,0,0,1,3
295,294,Arvydas Sabonis,1996-97,November,Portland Trail Blazers,Minnesota Timberwolves,13,2,11,0,0,1,3
297,289,Aaron McKie,1996-97,November,Portland Trail Blazers,Minnesota Timberwolves,2,1,3,0,0,0,2
299,293,Dean Garrett,1996-97,November,Minnesota Timberwolves,Portland Trail Blazers,4,0,5,1,1,0,1
301,295,Arvydas Sabonis,1996-97,November,Portland Trail Blazers,Minnesota Timberwolves,13,2,12,0,0,1,3
303,297,Aaron McKie,1996-97,November,Portland Trail Blazers,Minnesota Timberwolves,2,1,4,0,0,0,2
305,301,Arvydas Sabonis,1996-97,November,Portland Trail Blazers,Minnesota Timberwolves,13,2,13,0,0,1,3
306,291,Rasheed Wallace,1996-97,November,Portland Trail Blazers,Minnesota Timberwolves,20,2,3,0,2,2,3
307,305,Arvydas Sabonis,1996-97,November,Portland Trail Blazers,Minnesota Timberwolves,13,3,13,0,0,1,3
309,284,Sam Mitchell,1996-97,November,Minnesota Timberwolves,Portland Trail Blazers,8,1,2,0,0,1,2
310,309,Sam Mitchell,1996-97,November,Minnesota Timberwolves,Portland Trail Blazers,10,1,2,0,0,1,2
311,303,Aaron McKie,1996-97,November,Portland Trail Blazers,Minnesota Timberwolves,2,1,4,0,0,1,2
312,258,Doug West,1996-97,November,Portland Trail Blazers,Minnesota Timberwolves,12,0,1,0,2,1,2
313,299,Dean Garrett,1996-97,November,Minnesota Timberwolves,Portland Trail Blazers,6,0,5,1,1,0,1
314,195,James Robinson,1996-97,November,Minnesota Timberwolves,Portland Trail Blazers,6,2,3,0,0,0,1
315,265,Clifford Robinson,1996-97,November,Portland Trail Blazers,Minnesota Timberwolves,6,2,3,1,0,3,1
316,307,Arvydas Sabonis,1996-97,November,Portland Trail Blazers,Minnesota Timberwolves,13,4,13,0,0,1,3
318,316,Arvydas Sabonis,1996-97,November,Portland Trail Blazers,Minnesota Timberwolves,13,4,14,0,0,1,3
320,313,Dean Garrett,1996-97,November,Minnesota Timberwolves,Portland Trail Blazers,6,0,6,1,1,0,1
322,318,Arvydas Sabonis,1996-97,November,Portland Trail Blazers,Minnesota Timberwolves,13,4,15,0,0,1,3
323,314,James Robinson,1996-97,November,Minnesota Timberwolves,Portland Trail Blazers,6,2,3,0,0,0,2
324,311,Aaron McKie,1996-97,November,Portland Trail Blazers,Minnesota Timberwolves,3,1,4,0,0,1,2
325,324,Aaron McKie,1996-97,November,Portland Trail Blazers,Minnesota Timberwolves,4,1,4,0,0,1,2
326,292,Kenny Anderson,1996-97,November,Portland Trail Blazers,Minnesota Timberwolves,19,1,3,0,3,1,2
328,310,Sam Mitchell,1996-97,November,Minnesota Timberwolves,Portland Trail Blazers,10,1,3,0,0,1,2
330,325,Aaron McKie,1996-97,November,Minnesota Timberwolves,Portland Trail Blazers,4,1,4,1,0,1,2
332,155,Gary Trent,1996-97,November,Portland Trail Blazers,Minnesota Timberwolves,2,0,1,0,0,0,1
333,330,Aaron McKie,1996-97,November,Portland Trail Blazers,Minnesota Timberwolves,4,2,4,1,0,1,2
334,137,Chris Dudley,1996-97,November,Portland Trail Blazers,Minnesota Timberwolves,0,0,1,2,0,0,2
336,332,Gary Trent,1996-97,November,Portland Trail Blazers,Minnesota Timberwolves,2,0,2,0,0,0,1
338,334,Chris Dudley,1996-97,November,Portland Trail Blazers,Minnesota Timberwolves,0,0,2,2,0,0,2
339,338,Chris Dudley,1996-97,November,Portland Trail Blazers,Minnesota Timberwolves,2,0,2,2,0,0,2
340,278,Tom Gugliotta,1996-97,November,Minnesota Timberwolves,Portland Trail Blazers,18,2,6,1,1,1,3
342,184,Chris Carr,1996-97,November,Minnesota Timberwolves,Portland Trail Blazers,0,0,1,1,0,0,1
344,336,Gary Trent,1996-97,November,Portland Trail Blazers,Minnesota Timberwolves,4,0,2,0,0,0,1
345,333,Aaron McKie,1996-97,November,Portland Trail Blazers,Minnesota Timberwolves,4,3,4,1,0,1,2
346,340,Tom Gugliotta,1996-97,November,Minnesota Timberwolves,Portland Trail Blazers,18,2,6,1,1,1,4
348,346,Tom Gugliotta,1996-97,November,Minnesota Timberwolves,Portland Trail Blazers,18,2,7,1,1,1,4
349,287,Kevin Garnett,1996-97,November,Minnesota Timberwolves,Portland Trail Blazers,6,5,6,1,1,0,3
351,349,Kevin Garnett,1996-97,November,Portland Trail Blazers,Minnesota Timberwolves,6,5,6,2,1,0,3
352,344,Gary Trent,1996-97,November,Portland Trail Blazers,Minnesota Timberwolves,4,0,3,0,0,0,1
354,339,Chris Dudley,1996-97,November,Portland Trail Blazers,Minnesota Timberwolves,2,0,2,2,0,0,3
355,342,Chris Carr,1996-97,November,Minnesota Timberwolves,Portland Trail Blazers,2,0,1,1,0,0,1
356,345,Aaron McKie,1996-97,November,Portland Trail Blazers,Minnesota Timberwolves,6,3,4,1,0,1,2
357,315,Clifford Robinson,1996-97,November,Portland Trail Blazers,Minnesota Timberwolves,6,2,3,1,0,3,2
358,323,James Robinson,1996-97,November,Minnesota Timberwolves,Portland Trail Blazers,9,2,3,0,0,0,2
359,326,Kenny Anderson,1996-97,November,Portland Trail Blazers,Minnesota Timberwolves,19,1,3,0,3,1,3
360,357,Clifford Robinson,1996-97,November,Portland Trail Blazers,Minnesota Timberwolves,6,2,3,1,0,3,2
361,358,James Robinson,1996-97,November,Minnesota Timberwolves,Portland Trail Blazers,10,2,3,0,0,0,2
362,361,James Robinson,1996-97,November,Minnesota Timberwolves,Portland Trail Blazers,11,2,3,0,0,0,2
363,328,Sam Mitchell,1996-97,November,Minnesota Timberwolves,Portland Trail Blazers,10,1,3,0,0,1,3
364,354,Chris Dudley,1996-97,November,Portland Trail Blazers,Minnesota Timberwolves,3,0,2,2,0,0,3
365,364,Chris Dudley,1996-97,November,Portland Trail Blazers,Minnesota Timberwolves,4,0,2,2,0,0,3
366,363,Sam Mitchell,1996-97,November,Minnesota Timberwolves,Portland Trail Blazers,10,1,3,0,0,2,3
368,348,Tom Gugliotta,1996-97,November,Minnesota Timberwolves,Portland Trail Blazers,18,2,8,1,1,1,4
370,351,Kevin Garnett,1996-97,November,Minnesota Timberwolves,Portland Trail Blazers,6,5,7,2,1,0,3
371,370,Kevin Garnett,1996-97,November,Minnesota Timberwolves,Portland Trail Blazers,8,5,7,2,1,0,3
373,366,Sam Mitchell,1996-97,November,Minnesota Timberwolves,Portland Trail Blazers,10,1,4,0,0,2,3
374,355,Chris Carr,1996-97,November,Minnesota Timberwolves,Portland Trail Blazers,4,0,1,1,0,0,1
375,362,James Robinson,1996-97,November,Minnesota Timberwolves,Portland Trail Blazers,11,3,3,0,0,0,2
377,371,Kevin Garnett,1996-97,November,Portland Trail Blazers,Minnesota Timberwolves,8,5,7,3,1,0,3
378,356,Aaron McKie,1996-97,November,Portland Trail Blazers,Minnesota Timberwolves,6,3,5,1,0,1,2
380,368,Tom Gugliotta,1996-97,November,Minnesota Timberwolves,Portland Trail Blazers,18,2,9,1,1,1,4
381,373,Sam Mitchell,1996-97,November,Minnesota Timberwolves,Portland Trail Blazers,12,1,4,0,0,2,3
382,377,Kevin Garnett,1996-97,November,Minnesota Timberwolves,Portland Trail Blazers,8,6,7,3,1,0,3
384,382,Kevin Garnett,1996-97,November,Portland Trail Blazers,Minnesota Timberwolves,8,6,7,4,1,0,3
385,171,Dontonio Wingfield,1996-97,November,Portland Trail Blazers,Minnesota Timberwolves,2,0,2,0,0,0,2
386,381,Sam Mitchell,1996-97,November,Minnesota Timberwolves,Portland Trail Blazers,12,1,4,0,0,2,4
387,385,Dontonio Wingfield,1996-97,November,Portland Trail Blazers,Minnesota Timberwolves,3,0,2,0,0,0,2
389,386,Sam Mitchell,1996-97,November,Minnesota Timberwolves,Portland Trail Blazers,12,1,5,0,0,2,4
391,387,Dontonio Wingfield,1996-97,November,Portland Trail Blazers,Minnesota Timberwolves,3,0,3,0,0,0,2
392,322,Arvydas Sabonis,1996-97,November,Portland Trail Blazers,Minnesota Timberwolves,15,4,15,0,0,1,3
393,378,Aaron McKie,1996-97,November,Portland Trail Blazers,Minnesota Timberwolves,6,4,5,1,0,1,2
394,306,Rasheed Wallace,1996-97,November,Portland Trail Blazers,Minnesota Timberwolves,20,2,3,0,2,2,4
397,392,Arvydas Sabonis,1996-97,November,Portland Trail Blazers,Minnesota Timberwolves,15,4,16,0,0,1,3
398,391,Dontonio Wingfield,1996-97,November,Portland Trail Blazers,Minnesota Timberwolves,3,0,3,0,0,1,2
399,380,Tom Gugliotta,1996-97,November,Minnesota Timberwolves,Portland Trail Blazers,20,2,9,1,1,1,4
400,397,Arvydas Sabonis,1996-97,November,Portland Trail Blazers,Minnesota Timberwolves,15,4,16,0,0,1,4
401,400,Arvydas Sabonis,1996-97,November,Portland Trail Blazers,Minnesota Timberwolves,15,4,16,0,0,2,4
403,401,Arvydas Sabonis,1996-97,November,Minnesota Timberwolves,Portland Trail Blazers,15,4,16,1,0,2,4
404,398,Dontonio Wingfield,1996-97,November,Portland Trail Blazers,Minnesota Timberwolves,3,0,4,0,0,1,2
405,394,Rasheed Wallace,1996-97,November,Portland Trail Blazers,Minnesota Timberwolves,22,2,3,0,2,2,4
406,359,Kenny Anderson,1996-97,November,Portland Trail Blazers,Minnesota Timberwolves,19,2,3,0,3,1,3
408,365,Chris Dudley,1996-97,November,Minnesota Timberwolves,Portland Trail Blazers,4,0,2,3,0,0,3
409,405,Rasheed Wallace,1996-97,November,Portland Trail Blazers,Minnesota Timberwolves,22,2,4,0,2,2,4
410,404,Dontonio Wingfield,1996-97,November,Portland Trail Blazers,Minnesota Timberwolves,3,0,4,0,0,2,2
411,399,Tom Gugliotta,1996-97,November,Minnesota Timberwolves,Portland Trail Blazers,23,2,9,1,1,1,4
412,375,James Robinson,1996-97,November,Minnesota Timberwolves,Portland Trail Blazers,11,4,3,0,0,0,2
414,374,Chris Carr,1996-97,November,Minnesota Timberwolves,Portland Trail Blazers,4,0,2,1,0,0,1
416,384,Kevin Garnett,1996-97,November,Minnesota Timberwolves,Portland Trail Blazers,8,6,8,4,1,0,3
417,416,Kevin Garnett,1996-97,November,Minnesota Timberwolves,Portland Trail Blazers,10,6,8,4,1,0,3
418,409,Rasheed Wallace,1996-97,November,Portland Trail Blazers,Minnesota Timberwolves,22,2,4,0,2,3,4
419,411,Tom Gugliotta,1996-97,November,Portland Trail Blazers,Minnesota Timberwolves,23,2,9,1,2,1,4
420,412,James Robinson,1996-97,November,Minnesota Timberwolves,Portland Trail Blazers,13,4,3,0,0,0,2
422,419,Tom Gugliotta,1996-97,November,Minnesota Timberwolves,Portland Trail Blazers,23,2,10,1,2,1,4
423,418,Rasheed Wallace,1996-97,November,Portland Trail Blazers,Minnesota Timberwolves,22,2,4,0,2,3,5
424,417,Kevin Garnett,1996-97,November,Minnesota Timberwolves,Portland Trail Blazers,11,6,8,4,1,0,3
426,423,Rasheed Wallace,1996-97,November,Portland Trail Blazers,Minnesota Timberwolves,22,2,5,0,2,3,5
428,424,Kevin Garnett,1996-97,November,Portland Trail Blazers,Minnesota Timberwolves,11,6,8,5,1,0,3
429,269,Stojko Vrankovic,1996-97,November,Minnesota Timberwolves,Portland Trail Blazers,4,0,2,1,1,1,4
430,410,Dontonio Wingfield,1996-97,November,Portland Trail Blazers,Minnesota Timberwolves,3,0,4,0,0,3,2
432,428,Kevin Garnett,1996-97,November,Minnesota Timberwolves,Portland Trail Blazers,11,6,9,5,1,0,3
434,408,Chris Dudley,1996-97,November,Portland Trail Blazers,Minnesota Timberwolves,4,0,3,3,0,0,3
436,393,Aaron McKie,1996-97,November,Portland Trail Blazers,Minnesota Timberwolves,6,4,6,1,0,1,2
439,403,Arvydas Sabonis,1996-97,November,Portland Trail Blazers,Minnesota Timberwolves,15,4,17,1,0,2,4
441,429,Stojko Vrankovic,1996-97,November,Portland Trail Blazers,Minnesota Timberwolves,4,0,2,2,1,1,4
442,420,James Robinson,1996-97,November,Minnesota Timberwolves,Portland Trail Blazers,13,4,4,0,0,0,2
444,441,Stojko Vrankovic,1996-97,November,Minnesota Timberwolves,Portland Trail Blazers,4,0,3,2,1,1,4
446,439,Arvydas Sabonis,1996-97,November,Minnesota Timberwolves,Portland Trail Blazers,15,4,17,2,0,2,4
447,406,Kenny Anderson,1996-97,November,Portland Trail Blazers,Minnesota Timberwolves,19,2,4,0,3,1,3
448,426,Rasheed Wallace,1996-97,November,Portland Trail Blazers,Minnesota Timberwolves,24,2,5,0,2,3,5
449,447,Kenny Anderson,1996-97,November,Portland Trail Blazers,Minnesota Timberwolves,19,3,4,0,3,1,3
450,312,Doug West,1996-97,November,Minnesota Timberwolves,Portland Trail Blazers,12,0,1,0,2,1,3
451,448,Rasheed Wallace,1996-97,November,Portland Trail Blazers,Minnesota Timberwolves,25,2,5,0,2,3,5
453,389,Sam Mitchell,1996-97,November,Minnesota Timberwolves,Portland Trail Blazers,14,1,5,0,0,2,4
455,430,Dontonio Wingfield,1996-97,November,Portland Trail Blazers,Minnesota Timberwolves,3,0,4,0,0,3,3
457,446,Arvydas Sabonis,1996-97,November,Minnesota Timberwolves,Portland Trail Blazers,15,4,17,3,0,2,4
458,449,Kenny Anderson,1996-97,November,Portland Trail Blazers,Minnesota Timberwolves,19,3,5,0,3,1,3
459,451,Rasheed Wallace,1996-97,November,Portland Trail Blazers,Minnesota Timberwolves,25,2,5,0,2,4,5
460,432,Kevin Garnett,1996-97,November,Portland Trail Blazers,Minnesota Timberwolves,11,6,9,5,2,0,3
461,459,Rasheed Wallace,1996-97,November,Portland Trail Blazers,Minnesota Timberwolves,25,2,5,0,2,4,6
462,422,Tom Gugliotta,1996-97,November,Minnesota Timberwolves,Portland Trail Blazers,25,2,10,1,2,1,4
463,450,Doug West,1996-97,November,Minnesota Timberwolves,Portland Trail Blazers,12,1,1,0,2,1,3
465,462,Tom Gugliotta,1996-97,November,Minnesota Timberwolves,Portland Trail Blazers,25,2,11,1,2,1,4
466,455,Dontonio Wingfield,1996-97,November,Portland Trail Blazers,Minnesota Timberwolves,3,0,4,0,0,3,4
467,465,Tom Gugliotta,1996-97,November,Minnesota Timberwolves,Portland Trail Blazers,25,2,11,1,2,2,4
468,460,Kevin Garnett,1996-97,November,Minnesota Timberwolves,Portland Trail Blazers,11,6,9,5,2,0,4
469,467,Tom Gugliotta,1996-97,November,Minnesota Timberwolves,Portland Trail Blazers,25,2,11,1,2,2,5
470,457,Arvydas Sabonis,1996-97,November,Portland Trail Blazers,Minnesota Timberwolves,16,4,17,3,0,2,4
471,470,Arvydas Sabonis,1996-97,November,Portland Trail Blazers,Minnesota Timberwolves,17,4,17,3,0,2,4
473,434,Chris Dudley,1996-97,November,Portland Trail Blazers,Minnesota Timberwolves,4,0,4,3,0,0,3
475,468,Kevin Garnett,1996-97,November,Minnesota Timberwolves,Portland Trail Blazers,11,6,10,5,2,0,4
476,473,Chris Dudley,1996-97,November,Portland Trail Blazers,Minnesota Timberwolves,4,0,4,3,0,0,4
477,442,James Robinson,1996-97,November,Minnesota Timberwolves,Portland Trail Blazers,14,4,4,0,0,0,2
478,477,James Robinson,1996-97,November,Minnesota Timberwolves,Portland Trail Blazers,15,4,4,0,0,0,2
480,458,Kenny Anderson,1996-97,November,Portland Trail Blazers,Minnesota Timberwolves,21,3,5,0,3,1,3
