id,previous_id,player,season,month,team,opponent_team,points,assists,rebounds,blocks,steals,turnovers,personal fouls
2,0,Loy Vaught,1996-97,November,Los Angeles Clippers,New York Knicks,0,0,1,0,0,0,0
3,0,Malik Sealy,1996-97,November,Los Angeles Clippers,New York Knicks,0,0,0,0,0,1,0
5,0,Larry Johnson,1996-97,November,New York Knicks,Los Angeles Clippers,0,0,1,0,0,0,0
7,2,Loy Vaught,1996-97,November,Los Angeles Clippers,New York Knicks,0,0,2,0,0,0,0
9,5,Larry Johnson,1996-97,November,New York Knicks,Los Angeles Clippers,0,0,2,0,0,0,0
10,0,Charles Oakley,1996-97,November,New York Knicks,Los Angeles Clippers,2,0,0,0,0,0,0
11,0,Charlie Ward,1996-97,November,New York Knicks,Los Angeles Clippers,0,1,0,0,0,0,0
13,0,Patrick Ewing,1996-97,November,New York Knicks,Los Angeles Clippers,0,0,1,0,0,0,0
14,11,Charlie Ward,1996-97,November,New York Knicks,Los Angeles Clippers,0,1,0,0,0,1,0
15,7,Loy Vaught,1996-97,November,New York Knicks,Los Angeles Clippers,0,0,2,0,1,0,0
17,13,Patrick Ewing,1996-97,November,New York Knicks,Los Angeles Clippers,0,0,2,0,0,0,0
18,17,Patrick Ewing,1996-97,November,New York Knicks,Los Angeles Clippers,0,0,2,0,0,1,0
19,0,Pooh Richardson,1996-97,November,New York Knicks,Los Angeles Clippers,0,0,0,0,1,0,0
20,19,Pooh Richardson,1996-97,November,Los Angeles Clippers,New York Knicks,2,0,0,0,1,0,0
21,18,Patrick Ewing,1996-97,November,New York Knicks,Los Angeles Clippers,2,0,2,0,0,1,0
22,10,Charles Oakley,1996-97,November,New York Knicks,Los Angeles Clippers,2,1,0,0,0,0,0
23,20,Pooh Richardson,1996-97,November,Los Angeles Clippers,New York Knicks,4,0,0,0,1,0,0
24,0,Allan Houston,1996-97,November,New York Knicks,Los Angeles Clippers,2,0,0,0,0,0,0
25,14,Charlie Ward,1996-97,November,New York Knicks,Los Angeles Clippers,0,2,0,0,0,1,0
27,22,Charles Oakley,1996-97,November,New York Knicks,Los Angeles Clippers,2,1,1,0,0,0,0
28,9,Larry Johnson,1996-97,November,New York Knicks,Los Angeles Clippers,2,0,2,0,0,0,0
30,15,Loy Vaught,1996-97,November,Los Angeles Clippers,New York Knicks,0,0,2,0,1,0,1
31,0,Kevin Duckworth,1996-97,November,Los Angeles Clippers,New York Knicks,0,0,0,0,0,0,1
32,21,Patrick Ewing,1996-97,November,New York Knicks,Los Angeles Clippers,2,0,2,0,0,2,0
33,3,Malik Sealy,1996-97,November,Los Angeles Clippers,New York Knicks,0,0,0,0,0,2,0
34,24,Allan Houston,1996-97,November,Los Angeles Clippers,New York Knicks,2,0,0,0,1,0,0
35,28,Larry Johnson,1996-97,November,New York Knicks,Los Angeles Clippers,4,0,2,0,0,0,0
36,34,Allan Houston,1996-97,November,New York Knicks,Los Angeles Clippers,2,1,0,0,1,0,0
38,32,Patrick Ewing,1996-97,November,Los Angeles Clippers,New York Knicks,2,0,2,1,0,2,0
39,36,Allan Houston,1996-97,November,New York Knicks,Los Angeles Clippers,2,1,1,0,1,0,0
40,38,Patrick Ewing,1996-97,November,New York Knicks,Los Angeles Clippers,2,0,2,1,0,3,0
41,33,Malik Sealy,1996-97,November,Los Angeles Clippers,New York Knicks,1,0,0,0,0,2,0
43,40,Patrick Ewing,1996-97,November,New York Knicks,Los Angeles Clippers,2,0,3,1,0,3,0
44,35,Larry Johnson,1996-97,November,New York Knicks,Los Angeles Clippers,6,0,2,0,0,0,0
45,25,Charlie Ward,1996-97,November,New York Knicks,Los Angeles Clippers,0,3,0,0,0,1,0
47,43,Patrick Ewing,1996-97,November,New York Knicks,Los Angeles Clippers,2,0,4,1,0,3,0
48,45,Charlie Ward,1996-97,November,New York Knicks,Los Angeles Clippers,2,3,0,0,0,1,0
49,30,Loy Vaught,1996-97,November,Los Angeles Clippers,New York Knicks,0,0,2,0,1,0,2
50,49,Loy Vaught,1996-97,November,Los Angeles Clippers,New York Knicks,0,0,2,0,1,1,2
51,0,Stanley Roberts,1996-97,November,Los Angeles Clippers,New York Knicks,0,0,0,0,0,0,1
52,47,Patrick Ewing,1996-97,November,New York Knicks,Los Angeles Clippers,3,0,4,1,0,3,0
53,52,Patrick Ewing,1996-97,November,New York Knicks,Los Angeles Clippers,4,0,4,1,0,3,0
55,39,Allan Houston,1996-97,November,Los Angeles Clippers,New York Knicks,2,1,1,1,1,0,0
56,53,Patrick Ewing,1996-97,November,New York Knicks,Los Angeles Clippers,4,0,5,1,0,3,0
57,44,Larry Johnson,1996-97,November,New York Knicks,Los Angeles Clippers,6,0,2,0,0,0,1
58,57,Larry Johnson,1996-97,November,New York Knicks,Los Angeles Clippers,6,0,2,0,0,1,1
59,41,Malik Sealy,1996-97,November,Los Angeles Clippers,New York Knicks,3,0,0,0,0,2,0
60,23,Pooh Richardson,1996-97,November,Los Angeles Clippers,New York Knicks,4,1,0,0,1,0,0
61,27,Charles Oakley,1996-97,November,New York Knicks,Los Angeles Clippers,2,1,1,0,0,1,0
62,55,Allan Houston,1996-97,November,New York Knicks,Los Angeles Clippers,2,1,1,1,1,0,1
63,59,Malik Sealy,1996-97,November,Los Angeles Clippers,New York Knicks,5,0,0,0,0,2,0
64,51,Stanley Roberts,1996-97,November,Los Angeles Clippers,New York Knicks,0,0,0,0,0,0,2
65,56,Patrick Ewing,1996-97,November,New York Knicks,Los Angeles Clippers,5,0,5,1,0,3,0
66,65,Patrick Ewing,1996-97,November,New York Knicks,Los Angeles Clippers,6,0,5,1,0,3,0
67,66,Patrick Ewing,1996-97,November,New York Knicks,Los Angeles Clippers,6,0,5,1,0,3,1
68,64,Stanley Roberts,1996-97,November,Los Angeles Clippers,New York Knicks,0,0,0,0,0,0,3
69,68,Stanley Roberts,1996-97,November,Los Angeles Clippers,New York Knicks,0,0,0,0,0,1,3
70,60,Pooh Richardson,1996-97,November,Los Angeles Clippers,New York Knicks,4,1,0,0,1,0,1
71,62,Allan Houston,1996-97,November,New York Knicks,Los Angeles Clippers,3,1,1,1,1,0,1
72,71,Allan Houston,1996-97,November,New York Knicks,Los Angeles Clippers,4,1,1,1,1,0,1
73,63,Malik Sealy,1996-97,November,Los Angeles Clippers,New York Knicks,6,0,0,0,0,2,0
74,31,Kevin Duckworth,1996-97,November,Los Angeles Clippers,New York Knicks,2,0,0,0,0,0,1
75,0,Rodney Rogers,1996-97,November,Los Angeles Clippers,New York Knicks,0,0,0,0,0,0,1
77,61,Charles Oakley,1996-97,November,New York Knicks,Los Angeles Clippers,3,1,1,0,0,1,0
79,67,Patrick Ewing,1996-97,November,New York Knicks,Los Angeles Clippers,6,0,6,1,0,3,1
80,77,Charles Oakley,1996-97,November,New York Knicks,Los Angeles Clippers,3,1,1,0,0,2,0
81,0,Lamond Murray,1996-97,November,New York Knicks,Los Angeles Clippers,0,0,0,0,1,0,0
82,81,Lamond Murray,1996-97,November,Los Angeles Clippers,New York Knicks,0,0,0,0,1,1,0
83,80,Charles Oakley,1996-97,November,Los Angeles Clippers,New York Knicks,3,1,1,0,1,2,0
84,0,John Starks,1996-97,November,New York Knicks,Los Angeles Clippers,3,0,0,0,0,0,0
86,79,Patrick Ewing,1996-97,November,New York Knicks,Los Angeles Clippers,6,0,7,1,0,3,1
88,83,Charles Oakley,1996-97,November,New York Knicks,Los Angeles Clippers,3,1,2,0,1,2,0
89,88,Charles Oakley,1996-97,November,New York Knicks,Los Angeles Clippers,3,1,2,0,1,3,0
90,75,Rodney Rogers,1996-97,November,New York Knicks,Los Angeles Clippers,0,0,0,0,1,0,1
91,86,Patrick Ewing,1996-97,November,New York Knicks,Los Angeles Clippers,6,0,7,1,0,3,2
92,73,Malik Sealy,1996-97,November,Los Angeles Clippers,New York Knicks,7,0,0,0,0,2,0
93,92,Malik Sealy,1996-97,November,Los Angeles Clippers,New York Knicks,8,0,0,0,0,2,0
95,72,Allan Houston,1996-97,November,New York Knicks,Los Angeles Clippers,4,1,2,1,1,0,1
96,95,Allan Houston,1996-97,November,New York Knicks,Los Angeles Clippers,6,1,2,1,1,0,1
98,84,John Starks,1996-97,November,New York Knicks,Los Angeles Clippers,3,0,1,0,0,0,0
100,89,Charles Oakley,1996-97,November,New York Knicks,Los Angeles Clippers,3,1,2,0,1,3,1
101,93,Malik Sealy,1996-97,November,Los Angeles Clippers,New York Knicks,9,0,0,0,0,2,0
102,101,Malik Sealy,1996-97,November,Los Angeles Clippers,New York Knicks,10,0,0,0,0,2,0
103,100,Charles Oakley,1996-97,November,New York Knicks,Los Angeles Clippers,3,1,2,0,1,4,1
104,102,Malik Sealy,1996-97,November,New York Knicks,Los Angeles Clippers,10,0,0,0,1,2,0
105,0,Buck Williams,1996-97,November,New York Knicks,Los Angeles Clippers,0,0,0,0,0,0,1
106,82,Lamond Murray,1996-97,November,Los Angeles Clippers,New York Knicks,1,0,0,0,1,1,0
107,106,Lamond Murray,1996-97,November,Los Angeles Clippers,New York Knicks,2,0,0,0,1,1,0
108,107,Lamond Murray,1996-97,November,Los Angeles Clippers,New York Knicks,2,0,0,0,1,2,0
109,105,Buck Williams,1996-97,November,Los Angeles Clippers,New York Knicks,0,0,0,0,1,0,1
110,74,Kevin Duckworth,1996-97,November,Los Angeles Clippers,New York Knicks,2,0,0,0,0,0,2
113,110,Kevin Duckworth,1996-97,November,Los Angeles Clippers,New York Knicks,2,0,1,0,0,0,2
115,113,Kevin Duckworth,1996-97,November,Los Angeles Clippers,New York Knicks,2,0,2,0,0,0,2
116,115,Kevin Duckworth,1996-97,November,Los Angeles Clippers,New York Knicks,4,0,2,0,0,0,2
118,108,Lamond Murray,1996-97,November,Los Angeles Clippers,New York Knicks,2,0,1,0,1,2,0
119,90,Rodney Rogers,1996-97,November,Los Angeles Clippers,New York Knicks,2,0,0,0,1,0,1
120,118,Lamond Murray,1996-97,November,Los Angeles Clippers,New York Knicks,2,1,1,0,1,2,0
122,109,Buck Williams,1996-97,November,New York Knicks,Los Angeles Clippers,0,0,1,0,1,0,1
123,122,Buck Williams,1996-97,November,New York Knicks,Los Angeles Clippers,2,0,1,0,1,0,1
124,119,Rodney Rogers,1996-97,November,Los Angeles Clippers,New York Knicks,4,0,0,0,1,0,1
125,58,Larry Johnson,1996-97,November,New York Knicks,Los Angeles Clippers,8,0,2,0,0,1,1
127,48,Charlie Ward,1996-97,November,New York Knicks,Los Angeles Clippers,2,3,1,0,0,1,0
129,125,Larry Johnson,1996-97,November,New York Knicks,Los Angeles Clippers,8,0,3,0,0,1,1
130,124,Rodney Rogers,1996-97,November,Los Angeles Clippers,New York Knicks,4,0,0,0,1,0,2
131,0,John Wallace,1996-97,November,New York Knicks,Los Angeles Clippers,1,0,0,0,0,0,0
132,131,John Wallace,1996-97,November,New York Knicks,Los Angeles Clippers,2,0,0,0,0,0,0
134,129,Larry Johnson,1996-97,November,New York Knicks,Los Angeles Clippers,8,0,4,0,0,1,1
135,132,John Wallace,1996-97,November,New York Knicks,Los Angeles Clippers,4,0,0,0,0,0,0
136,98,John Starks,1996-97,November,New York Knicks,Los Angeles Clippers,3,1,1,0,0,0,0
137,127,Charlie Ward,1996-97,November,New York Knicks,Los Angeles Clippers,2,3,1,0,0,1,1
138,134,Larry Johnson,1996-97,November,New York Knicks,Los Angeles Clippers,8,0,4,0,0,2,1
139,0,Eric Piatkowski,1996-97,November,New York Knicks,Los Angeles Clippers,0,0,0,0,1,0,0
140,116,Kevin Duckworth,1996-97,November,Los Angeles Clippers,New York Knicks,6,0,2,0,0,0,2
141,0,Terry Dehere,1996-97,November,Los Angeles Clippers,New York Knicks,0,1,0,0,0,0,0
143,120,Lamond Murray,1996-97,November,Los Angeles Clippers,New York Knicks,2,1,2,0,1,2,0
145,137,Charlie Ward,1996-97,November,New York Knicks,Los Angeles Clippers,2,3,2,0,0,1,1
147,123,Buck Williams,1996-97,November,New York Knicks,Los Angeles Clippers,2,0,2,0,1,0,1
148,147,Buck Williams,1996-97,November,New York Knicks,Los Angeles Clippers,4,0,2,0,1,0,1
149,145,Charlie Ward,1996-97,November,New York Knicks,Los Angeles Clippers,2,3,2,0,0,1,2
150,0,Lorenzen Wright,1996-97,November,Los Angeles Clippers,New York Knicks,2,0,0,0,0,0,0
151,136,John Starks,1996-97,November,New York Knicks,Los Angeles Clippers,3,1,1,0,0,1,0
152,0,Bo Outlaw,1996-97,November,New York Knicks,Los Angeles Clippers,0,0,0,0,1,0,0
153,96,Allan Houston,1996-97,November,New York Knicks,Los Angeles Clippers,6,1,2,1,1,0,2
156,91,Patrick Ewing,1996-97,November,New York Knicks,Los Angeles Clippers,6,0,8,1,0,3,2
157,139,Eric Piatkowski,1996-97,November,Los Angeles Clippers,New York Knicks,0,0,0,0,1,0,1
158,153,Allan Houston,1996-97,November,New York Knicks,Los Angeles Clippers,6,1,2,1,1,1,2
159,152,Bo Outlaw,1996-97,November,New York Knicks,Los Angeles Clippers,0,0,0,0,2,0,0
161,148,Buck Williams,1996-97,November,Los Angeles Clippers,New York Knicks,4,0,2,1,1,0,1
162,141,Terry Dehere,1996-97,November,Los Angeles Clippers,New York Knicks,0,1,1,0,0,0,0
164,150,Lorenzen Wright,1996-97,November,Los Angeles Clippers,New York Knicks,2,0,1,0,0,0,0
165,164,Lorenzen Wright,1996-97,November,Los Angeles Clippers,New York Knicks,4,0,1,0,0,0,0
166,165,Lorenzen Wright,1996-97,November,Los Angeles Clippers,New York Knicks,4,0,1,0,0,0,1
168,166,Lorenzen Wright,1996-97,November,Los Angeles Clippers,New York Knicks,4,0,2,0,0,0,1
169,138,Larry Johnson,1996-97,November,New York Knicks,Los Angeles Clippers,8,0,4,0,0,2,2
170,151,John Starks,1996-97,November,New York Knicks,Los Angeles Clippers,3,1,1,0,0,1,1
171,162,Terry Dehere,1996-97,November,Los Angeles Clippers,New York Knicks,1,1,1,0,0,0,0
172,171,Terry Dehere,1996-97,November,Los Angeles Clippers,New York Knicks,2,1,1,0,0,0,0
173,156,Patrick Ewing,1996-97,November,New York Knicks,Los Angeles Clippers,8,0,8,1,0,3,2
174,169,Larry Johnson,1996-97,November,New York Knicks,Los Angeles Clippers,8,1,4,0,0,2,2
176,173,Patrick Ewing,1996-97,November,New York Knicks,Los Angeles Clippers,8,0,9,1,0,3,2
177,170,John Starks,1996-97,November,New York Knicks,Los Angeles Clippers,3,1,1,0,0,2,1
178,172,Terry Dehere,1996-97,November,New York Knicks,Los Angeles Clippers,2,1,1,0,1,0,0
180,157,Eric Piatkowski,1996-97,November,Los Angeles Clippers,New York Knicks,0,0,1,0,1,0,1
181,180,Eric Piatkowski,1996-97,November,Los Angeles Clippers,New York Knicks,2,0,1,0,1,0,1
183,181,Eric Piatkowski,1996-97,November,Los Angeles Clippers,New York Knicks,2,0,2,0,1,0,1
184,168,Lorenzen Wright,1996-97,November,Los Angeles Clippers,New York Knicks,6,0,2,0,0,0,1
185,178,Terry Dehere,1996-97,November,Los Angeles Clippers,New York Knicks,2,2,1,0,1,0,0
186,176,Patrick Ewing,1996-97,November,New York Knicks,Los Angeles Clippers,8,0,9,1,0,3,3
187,186,Patrick Ewing,1996-97,November,New York Knicks,Los Angeles Clippers,8,0,9,1,0,4,3
188,187,Patrick Ewing,1996-97,November,New York Knicks,Los Angeles Clippers,8,0,9,1,0,4,3
189,183,Eric Piatkowski,1996-97,November,Los Angeles Clippers,New York Knicks,3,0,2,0,1,0,1
190,159,Bo Outlaw,1996-97,November,Los Angeles Clippers,New York Knicks,2,0,0,0,2,0,0
192,174,Larry Johnson,1996-97,November,New York Knicks,Los Angeles Clippers,8,1,5,0,0,2,2
193,190,Bo Outlaw,1996-97,November,Los Angeles Clippers,New York Knicks,2,0,0,0,2,0,1
195,103,Charles Oakley,1996-97,November,New York Knicks,Los Angeles Clippers,4,1,2,0,1,4,1
197,149,Charlie Ward,1996-97,November,Los Angeles Clippers,New York Knicks,2,3,2,1,0,1,2
198,158,Allan Houston,1996-97,November,New York Knicks,Los Angeles Clippers,6,1,3,1,1,1,2
199,161,Buck Williams,1996-97,November,New York Knicks,Los Angeles Clippers,4,0,2,1,1,0,2
200,199,Buck Williams,1996-97,November,New York Knicks,Los Angeles Clippers,4,0,2,1,1,1,2
201,193,Bo Outlaw,1996-97,November,Los Angeles Clippers,New York Knicks,2,0,0,0,2,1,1
202,198,Allan Houston,1996-97,November,New York Knicks,Los Angeles Clippers,6,1,3,1,1,2,2
203,189,Eric Piatkowski,1996-97,November,New York Knicks,Los Angeles Clippers,3,0,2,0,2,0,1
204,185,Terry Dehere,1996-97,November,Los Angeles Clippers,New York Knicks,2,2,1,0,1,0,1
205,204,Terry Dehere,1996-97,November,Los Angeles Clippers,New York Knicks,2,2,1,0,1,1,1
206,135,John Wallace,1996-97,November,New York Knicks,Los Angeles Clippers,6,0,0,0,0,0,0
207,197,Charlie Ward,1996-97,November,New York Knicks,Los Angeles Clippers,2,4,2,1,0,1,2
208,50,Loy Vaught,1996-97,November,Los Angeles Clippers,New York Knicks,0,0,2,0,1,2,2
209,200,Buck Williams,1996-97,November,Los Angeles Clippers,New York Knicks,4,0,2,1,2,1,2
211,195,Charles Oakley,1996-97,November,New York Knicks,Los Angeles Clippers,4,1,3,0,1,4,1
213,201,Bo Outlaw,1996-97,November,New York Knicks,Los Angeles Clippers,2,0,0,1,2,1,1
214,209,Buck Williams,1996-97,November,New York Knicks,Los Angeles Clippers,4,0,3,1,2,1,2
215,214,Buck Williams,1996-97,November,New York Knicks,Los Angeles Clippers,6,0,3,1,2,1,2
217,206,John Wallace,1996-97,November,New York Knicks,Los Angeles Clippers,6,0,1,0,0,0,0
218,207,Charlie Ward,1996-97,November,New York Knicks,Los Angeles Clippers,2,4,2,1,0,2,2
219,213,Bo Outlaw,1996-97,November,New York Knicks,Los Angeles Clippers,2,0,0,1,3,1,1
221,211,Charles Oakley,1996-97,November,New York Knicks,Los Angeles Clippers,4,1,3,0,1,4,2
223,219,Bo Outlaw,1996-97,November,Los Angeles Clippers,New York Knicks,3,0,0,1,3,1,1
224,104,Malik Sealy,1996-97,November,Los Angeles Clippers,New York Knicks,10,0,0,0,1,3,0
225,218,Charlie Ward,1996-97,November,New York Knicks,Los Angeles Clippers,4,4,2,1,0,2,2
226,224,Malik Sealy,1996-97,November,Los Angeles Clippers,New York Knicks,11,0,0,0,1,3,0
228,202,Allan Houston,1996-97,November,New York Knicks,Los Angeles Clippers,6,1,4,1,1,2,2
229,140,Kevin Duckworth,1996-97,November,Los Angeles Clippers,New York Knicks,6,0,2,0,0,0,2
230,225,Charlie Ward,1996-97,November,New York Knicks,Los Angeles Clippers,5,4,2,1,0,2,2
232,228,Allan Houston,1996-97,November,New York Knicks,Los Angeles Clippers,9,1,4,1,1,2,2
233,230,Charlie Ward,1996-97,November,New York Knicks,Los Angeles Clippers,5,5,2,1,0,2,2
234,130,Rodney Rogers,1996-97,November,Los Angeles Clippers,New York Knicks,6,0,0,0,1,0,2
235,232,Allan Houston,1996-97,November,New York Knicks,Los Angeles Clippers,9,1,4,1,1,2,3
236,234,Rodney Rogers,1996-97,November,Los Angeles Clippers,New York Knicks,7,0,0,0,1,0,2
237,192,Larry Johnson,1996-97,November,New York Knicks,Los Angeles Clippers,8,1,5,0,0,2,3
238,237,Larry Johnson,1996-97,November,New York Knicks,Los Angeles Clippers,8,1,5,0,0,3,3
239,226,Malik Sealy,1996-97,November,Los Angeles Clippers,New York Knicks,13,0,0,0,1,3,0
240,70,Pooh Richardson,1996-97,November,Los Angeles Clippers,New York Knicks,4,2,0,0,1,0,1
241,188,Patrick Ewing,1996-97,November,New York Knicks,Los Angeles Clippers,10,0,9,1,0,4,3
242,235,Allan Houston,1996-97,November,New York Knicks,Los Angeles Clippers,9,2,4,1,1,2,3
243,240,Pooh Richardson,1996-97,November,Los Angeles Clippers,New York Knicks,4,2,0,0,1,1,1
244,0,Scott Brooks,1996-97,November,Los Angeles Clippers,New York Knicks,0,0,0,0,1,0,0
246,229,Kevin Duckworth,1996-97,November,Los Angeles Clippers,New York Knicks,6,0,3,0,0,0,2
247,246,Kevin Duckworth,1996-97,November,Los Angeles Clippers,New York Knicks,8,0,3,0,0,0,2
248,243,Pooh Richardson,1996-97,November,Los Angeles Clippers,New York Knicks,4,3,0,0,1,1,1
249,244,Scott Brooks,1996-97,November,New York Knicks,Los Angeles Clippers,0,0,0,0,1,1,0
250,248,Pooh Richardson,1996-97,November,New York Knicks,Los Angeles Clippers,4,3,0,0,2,1,1
251,249,Scott Brooks,1996-97,November,New York Knicks,Los Angeles Clippers,0,0,0,0,1,1,1
253,241,Patrick Ewing,1996-97,November,New York Knicks,Los Angeles Clippers,10,0,10,1,0,4,3
255,239,Malik Sealy,1996-97,November,Los Angeles Clippers,New York Knicks,13,0,1,0,1,3,0
257,242,Allan Houston,1996-97,November,New York Knicks,Los Angeles Clippers,9,2,5,1,1,2,3
258,257,Allan Houston,1996-97,November,New York Knicks,Los Angeles Clippers,10,2,5,1,1,2,3
260,221,Charles Oakley,1996-97,November,New York Knicks,Los Angeles Clippers,4,1,4,0,1,4,2
262,208,Loy Vaught,1996-97,November,Los Angeles Clippers,New York Knicks,0,0,3,0,1,2,2
263,247,Kevin Duckworth,1996-97,November,Los Angeles Clippers,New York Knicks,8,0,3,0,0,1,2
264,251,Scott Brooks,1996-97,November,Los Angeles Clippers,New York Knicks,0,0,0,0,2,1,1
266,255,Malik Sealy,1996-97,November,Los Angeles Clippers,New York Knicks,13,0,2,0,1,3,0
267,258,Allan Houston,1996-97,November,New York Knicks,Los Angeles Clippers,10,2,5,1,1,2,4
269,262,Loy Vaught,1996-97,November,Los Angeles Clippers,New York Knicks,1,0,3,0,1,2,2
270,253,Patrick Ewing,1996-97,November,New York Knicks,Los Angeles Clippers,12,0,10,1,0,4,3
271,263,Kevin Duckworth,1996-97,November,Los Angeles Clippers,New York Knicks,8,0,3,0,0,1,3
272,270,Patrick Ewing,1996-97,November,New York Knicks,Los Angeles Clippers,13,0,10,1,0,4,3
274,272,Patrick Ewing,1996-97,November,New York Knicks,Los Angeles Clippers,13,0,11,1,0,4,3
276,271,Kevin Duckworth,1996-97,November,Los Angeles Clippers,New York Knicks,8,0,4,0,0,1,3
278,269,Loy Vaught,1996-97,November,Los Angeles Clippers,New York Knicks,1,0,3,0,1,2,3
279,278,Loy Vaught,1996-97,November,Los Angeles Clippers,New York Knicks,1,0,3,0,1,3,3
280,266,Malik Sealy,1996-97,November,Los Angeles Clippers,New York Knicks,13,0,2,0,1,3,1
281,238,Larry Johnson,1996-97,November,New York Knicks,Los Angeles Clippers,9,1,5,0,0,3,3
283,279,Loy Vaught,1996-97,November,Los Angeles Clippers,New York Knicks,1,0,4,0,1,3,3
285,281,Larry Johnson,1996-97,November,Los Angeles Clippers,New York Knicks,9,1,5,1,0,3,3
286,274,Patrick Ewing,1996-97,November,New York Knicks,Los Angeles Clippers,13,0,12,1,0,4,3
288,283,Loy Vaught,1996-97,November,Los Angeles Clippers,New York Knicks,1,0,5,0,1,3,3
290,260,Charles Oakley,1996-97,November,New York Knicks,Los Angeles Clippers,4,1,5,0,1,4,2
291,286,Patrick Ewing,1996-97,November,New York Knicks,Los Angeles Clippers,13,0,12,1,0,5,3
293,291,Patrick Ewing,1996-97,November,Los Angeles Clippers,New York Knicks,13,0,12,2,0,5,3
294,290,Charles Oakley,1996-97,November,New York Knicks,Los Angeles Clippers,4,1,6,0,1,4,2
295,177,John Starks,1996-97,November,New York Knicks,Los Angeles Clippers,5,1,1,0,0,2,1
297,250,Pooh Richardson,1996-97,November,Los Angeles Clippers,New York Knicks,4,3,1,0,2,1,1
299,288,Loy Vaught,1996-97,November,Los Angeles Clippers,New York Knicks,1,0,6,0,1,3,3
300,294,Charles Oakley,1996-97,November,New York Knicks,Los Angeles Clippers,4,1,6,0,1,4,3
301,299,Loy Vaught,1996-97,November,Los Angeles Clippers,New York Knicks,2,0,6,0,1,3,3
302,301,Loy Vaught,1996-97,November,Los Angeles Clippers,New York Knicks,3,0,6,0,1,3,3
303,293,Patrick Ewing,1996-97,November,New York Knicks,Los Angeles Clippers,13,0,12,2,0,6,3
304,297,Pooh Richardson,1996-97,November,New York Knicks,Los Angeles Clippers,4,3,1,0,3,1,1
305,276,Kevin Duckworth,1996-97,November,Los Angeles Clippers,New York Knicks,10,0,4,0,0,1,3
306,236,Rodney Rogers,1996-97,November,Los Angeles Clippers,New York Knicks,7,1,0,0,1,0,2
307,285,Larry Johnson,1996-97,November,New York Knicks,Los Angeles Clippers,9,1,5,1,0,4,3
308,306,Rodney Rogers,1996-97,November,New York Knicks,Los Angeles Clippers,7,1,0,0,2,0,2
310,303,Patrick Ewing,1996-97,November,New York Knicks,Los Angeles Clippers,13,0,13,2,0,6,3
311,300,Charles Oakley,1996-97,November,New York Knicks,Los Angeles Clippers,6,1,6,0,1,4,3
312,307,Larry Johnson,1996-97,November,New York Knicks,Los Angeles Clippers,9,2,5,1,0,4,3
314,310,Patrick Ewing,1996-97,November,New York Knicks,Los Angeles Clippers,13,0,14,2,0,6,3
315,311,Charles Oakley,1996-97,November,New York Knicks,Los Angeles Clippers,8,1,6,0,1,4,3
316,295,John Starks,1996-97,November,New York Knicks,Los Angeles Clippers,5,2,1,0,0,2,1
317,203,Eric Piatkowski,1996-97,November,Los Angeles Clippers,New York Knicks,3,0,2,0,2,0,2
318,315,Charles Oakley,1996-97,November,New York Knicks,Los Angeles Clippers,9,1,6,0,1,4,3
319,305,Kevin Duckworth,1996-97,November,Los Angeles Clippers,New York Knicks,10,0,4,0,0,2,3
320,264,Scott Brooks,1996-97,November,New York Knicks,Los Angeles Clippers,0,0,0,0,2,1,2
321,320,Scott Brooks,1996-97,November,New York Knicks,Los Angeles Clippers,0,0,0,0,2,2,2
323,308,Rodney Rogers,1996-97,November,Los Angeles Clippers,New York Knicks,7,1,0,0,2,0,3
324,217,John Wallace,1996-97,November,New York Knicks,Los Angeles Clippers,7,0,1,0,0,0,0
325,324,John Wallace,1996-97,November,New York Knicks,Los Angeles Clippers,8,0,1,0,0,0,0
326,319,Kevin Duckworth,1996-97,November,Los Angeles Clippers,New York Knicks,12,0,4,0,0,2,3
327,205,Terry Dehere,1996-97,November,Los Angeles Clippers,New York Knicks,2,3,1,0,1,1,1
329,223,Bo Outlaw,1996-97,November,New York Knicks,Los Angeles Clippers,3,0,0,2,3,1,1
332,325,John Wallace,1996-97,November,New York Knicks,Los Angeles Clippers,8,0,2,0,0,0,0
333,318,Charles Oakley,1996-97,November,New York Knicks,Los Angeles Clippers,9,1,6,0,1,5,3
334,317,Eric Piatkowski,1996-97,November,New York Knicks,Los Angeles Clippers,3,0,2,0,3,0,2
336,329,Bo Outlaw,1996-97,November,Los Angeles Clippers,New York Knicks,3,0,1,2,3,1,1
337,314,Patrick Ewing,1996-97,November,New York Knicks,Los Angeles Clippers,13,0,14,2,0,6,4
340,321,Scott Brooks,1996-97,November,New York Knicks,Los Angeles Clippers,0,0,1,0,2,2,2
342,333,Charles Oakley,1996-97,November,New York Knicks,Los Angeles Clippers,9,1,7,0,1,5,3
344,332,John Wallace,1996-97,November,New York Knicks,Los Angeles Clippers,10,0,2,0,0,0,0
345,342,Charles Oakley,1996-97,November,New York Knicks,Los Angeles Clippers,9,2,7,0,1,5,3
346,327,Terry Dehere,1996-97,November,Los Angeles Clippers,New York Knicks,5,3,1,0,1,1,1
347,69,Stanley Roberts,1996-97,November,Los Angeles Clippers,New York Knicks,0,1,0,0,0,1,3
349,336,Bo Outlaw,1996-97,November,Los Angeles Clippers,New York Knicks,3,0,2,2,3,1,1
351,349,Bo Outlaw,1996-97,November,Los Angeles Clippers,New York Knicks,3,0,3,2,3,1,1
352,351,Bo Outlaw,1996-97,November,Los Angeles Clippers,New York Knicks,5,0,3,2,3,1,1
354,347,Stanley Roberts,1996-97,November,Los Angeles Clippers,New York Knicks,0,1,1,0,0,1,3
356,215,Buck Williams,1996-97,November,New York Knicks,Los Angeles Clippers,6,0,3,1,2,2,2
357,356,Buck Williams,1996-97,November,New York Knicks,Los Angeles Clippers,6,0,3,1,2,2,3
358,143,Lamond Murray,1996-97,November,Los Angeles Clippers,New York Knicks,3,1,2,0,1,2,0
359,358,Lamond Murray,1996-97,November,Los Angeles Clippers,New York Knicks,4,1,2,0,1,2,0
361,352,Bo Outlaw,1996-97,November,New York Knicks,Los Angeles Clippers,5,0,3,3,3,1,1
362,334,Eric Piatkowski,1996-97,November,Los Angeles Clippers,New York Knicks,3,0,3,0,3,0,2
364,337,Patrick Ewing,1996-97,November,New York Knicks,Los Angeles Clippers,13,0,15,2,0,6,4
366,346,Terry Dehere,1996-97,November,Los Angeles Clippers,New York Knicks,5,3,2,0,1,1,1
367,267,Allan Houston,1996-97,November,New York Knicks,Los Angeles Clippers,10,2,5,1,1,2,5
368,359,Lamond Murray,1996-97,November,Los Angeles Clippers,New York Knicks,5,1,2,0,1,2,0
370,364,Patrick Ewing,1996-97,November,New York Knicks,Los Angeles Clippers,13,0,16,2,0,6,4
371,344,John Wallace,1996-97,November,New York Knicks,Los Angeles Clippers,12,0,2,0,0,0,0
372,368,Lamond Murray,1996-97,November,Los Angeles Clippers,New York Knicks,7,1,2,0,1,2,0
373,371,John Wallace,1996-97,November,New York Knicks,Los Angeles Clippers,12,0,2,0,0,0,1
374,372,Lamond Murray,1996-97,November,Los Angeles Clippers,New York Knicks,8,1,2,0,1,2,0
375,374,Lamond Murray,1996-97,November,Los Angeles Clippers,New York Knicks,8,1,2,0,1,2,1
376,373,John Wallace,1996-97,November,New York Knicks,Los Angeles Clippers,13,0,2,0,0,0,1
377,376,John Wallace,1996-97,November,New York Knicks,Los Angeles Clippers,14,0,2,0,0,0,1
379,370,Patrick Ewing,1996-97,November,Los Angeles Clippers,New York Knicks,13,0,16,3,0,6,4
381,316,John Starks,1996-97,November,New York Knicks,Los Angeles Clippers,5,2,2,0,0,2,1
382,379,Patrick Ewing,1996-97,November,New York Knicks,Los Angeles Clippers,13,0,16,3,0,7,4
383,362,Eric Piatkowski,1996-97,November,New York Knicks,Los Angeles Clippers,3,0,3,0,4,0,2
384,381,John Starks,1996-97,November,New York Knicks,Los Angeles Clippers,5,2,2,0,0,2,2
385,366,Terry Dehere,1996-97,November,Los Angeles Clippers,New York Knicks,5,3,2,0,1,2,1
386,340,Scott Brooks,1996-97,November,Los Angeles Clippers,New York Knicks,0,0,1,0,3,2,2
388,375,Lamond Murray,1996-97,November,New York Knicks,Los Angeles Clippers,8,1,2,1,1,2,1
389,384,John Starks,1996-97,November,New York Knicks,Los Angeles Clippers,5,2,3,0,0,2,2
391,357,Buck Williams,1996-97,November,New York Knicks,Los Angeles Clippers,6,0,4,1,2,2,3
392,354,Stanley Roberts,1996-97,November,Los Angeles Clippers,New York Knicks,0,1,1,0,0,1,4
393,382,Patrick Ewing,1996-97,November,New York Knicks,Los Angeles Clippers,14,0,16,3,0,7,4
394,393,Patrick Ewing,1996-97,November,New York Knicks,Los Angeles Clippers,15,0,16,3,0,7,4
395,392,Stanley Roberts,1996-97,November,Los Angeles Clippers,New York Knicks,0,1,1,0,0,2,4
397,361,Bo Outlaw,1996-97,November,Los Angeles Clippers,New York Knicks,5,0,4,3,3,1,1
398,391,Buck Williams,1996-97,November,New York Knicks,Los Angeles Clippers,6,0,4,1,2,2,4
399,383,Eric Piatkowski,1996-97,November,Los Angeles Clippers,New York Knicks,4,0,3,0,4,0,2
400,399,Eric Piatkowski,1996-97,November,Los Angeles Clippers,New York Knicks,5,0,3,0,4,0,2
401,312,Larry Johnson,1996-97,November,New York Knicks,Los Angeles Clippers,11,2,5,1,0,4,3
402,304,Pooh Richardson,1996-97,November,Los Angeles Clippers,New York Knicks,4,3,1,0,3,2,1
403,386,Scott Brooks,1996-97,November,Los Angeles Clippers,New York Knicks,0,0,1,0,4,2,2
404,401,Larry Johnson,1996-97,November,New York Knicks,Los Angeles Clippers,13,2,5,1,0,4,3
405,394,Patrick Ewing,1996-97,November,New York Knicks,Los Angeles Clippers,15,0,16,3,0,7,5
406,395,Stanley Roberts,1996-97,November,Los Angeles Clippers,New York Knicks,1,1,1,0,0,2,4
407,406,Stanley Roberts,1996-97,November,Los Angeles Clippers,New York Knicks,2,1,1,0,0,2,4
409,388,Lamond Murray,1996-97,November,New York Knicks,Los Angeles Clippers,8,1,2,2,1,2,1
410,397,Bo Outlaw,1996-97,November,Los Angeles Clippers,New York Knicks,5,0,5,3,3,1,1
412,398,Buck Williams,1996-97,November,New York Knicks,Los Angeles Clippers,6,0,5,1,2,2,4
414,412,Buck Williams,1996-97,November,New York Knicks,Los Angeles Clippers,6,0,6,1,2,2,4
415,414,Buck Williams,1996-97,November,New York Knicks,Los Angeles Clippers,6,0,6,1,2,3,4
416,407,Stanley Roberts,1996-97,November,Los Angeles Clippers,New York Knicks,4,1,1,0,0,2,4
417,415,Buck Williams,1996-97,November,New York Knicks,Los Angeles Clippers,6,0,6,1,2,3,5
419,405,Patrick Ewing,1996-97,November,New York Knicks,Los Angeles Clippers,15,0,17,3,0,7,5
421,416,Stanley Roberts,1996-97,November,New York Knicks,Los Angeles Clippers,4,1,1,1,0,2,4
423,402,Pooh Richardson,1996-97,November,Los Angeles Clippers,New York Knicks,4,3,2,0,3,2,1
425,419,Patrick Ewing,1996-97,November,Los Angeles Clippers,New York Knicks,15,0,17,4,0,7,5
426,410,Bo Outlaw,1996-97,November,Los Angeles Clippers,New York Knicks,5,0,6,3,3,1,1
427,389,John Starks,1996-97,November,New York Knicks,Los Angeles Clippers,5,2,3,0,0,2,3
429,426,Bo Outlaw,1996-97,November,Los Angeles Clippers,New York Knicks,6,0,6,3,3,1,1
431,421,Stanley Roberts,1996-97,November,Los Angeles Clippers,New York Knicks,4,1,2,1,0,2,4
432,431,Stanley Roberts,1996-97,November,Los Angeles Clippers,New York Knicks,6,1,2,1,0,2,4
433,429,Bo Outlaw,1996-97,November,Los Angeles Clippers,New York Knicks,6,1,6,3,3,1,1
434,417,Buck Williams,1996-97,November,New York Knicks,Los Angeles Clippers,6,0,6,1,2,3,6
435,432,Stanley Roberts,1996-97,November,Los Angeles Clippers,New York Knicks,7,1,2,1,0,2,4
437,345,Charles Oakley,1996-97,November,New York Knicks,Los Angeles Clippers,9,2,8,0,1,5,3
439,435,Stanley Roberts,1996-97,November,Los Angeles Clippers,New York Knicks,7,1,3,1,0,2,4
440,439,Stanley Roberts,1996-97,November,Los Angeles Clippers,New York Knicks,7,1,3,1,0,3,4
441,425,Patrick Ewing,1996-97,November,Los Angeles Clippers,New York Knicks,15,0,17,4,1,7,5
443,404,Larry Johnson,1996-97,November,New York Knicks,Los Angeles Clippers,13,2,6,1,0,4,3
444,443,Larry Johnson,1996-97,November,New York Knicks,Los Angeles Clippers,13,2,6,1,0,5,3
445,400,Eric Piatkowski,1996-97,November,New York Knicks,Los Angeles Clippers,5,0,3,0,5,0,2
446,367,Allan Houston,1996-97,November,New York Knicks,Los Angeles Clippers,10,2,5,1,1,2,6
447,433,Bo Outlaw,1996-97,November,Los Angeles Clippers,New York Knicks,7,1,6,3,3,1,1
449,437,Charles Oakley,1996-97,November,New York Knicks,Los Angeles Clippers,9,2,9,0,1,5,3
450,403,Scott Brooks,1996-97,November,New York Knicks,Los Angeles Clippers,0,0,1,0,4,3,2
451,423,Pooh Richardson,1996-97,November,New York Knicks,Los Angeles Clippers,4,3,2,0,4,2,1
453,445,Eric Piatkowski,1996-97,November,Los Angeles Clippers,New York Knicks,5,0,3,0,5,0,3
454,377,John Wallace,1996-97,November,New York Knicks,Los Angeles Clippers,15,0,2,0,0,0,1
455,454,John Wallace,1996-97,November,New York Knicks,Los Angeles Clippers,16,0,2,0,0,0,1
456,440,Stanley Roberts,1996-97,November,Los Angeles Clippers,New York Knicks,7,1,3,1,0,4,4
457,453,Eric Piatkowski,1996-97,November,Los Angeles Clippers,New York Knicks,5,0,3,0,5,0,4
458,449,Charles Oakley,1996-97,November,New York Knicks,Los Angeles Clippers,11,2,9,0,1,5,3
460,458,Charles Oakley,1996-97,November,New York Knicks,Los Angeles Clippers,11,2,9,0,1,5,4
462,441,Patrick Ewing,1996-97,November,New York Knicks,Los Angeles Clippers,15,0,18,4,1,7,5
463,451,Pooh Richardson,1996-97,November,Los Angeles Clippers,New York Knicks,4,3,2,0,4,2,2
464,462,Patrick Ewing,1996-97,November,New York Knicks,Los Angeles Clippers,15,0,18,4,1,8,5
465,455,John Wallace,1996-97,November,New York Knicks,Los Angeles Clippers,16,0,2,0,0,0,2
467,409,Lamond Murray,1996-97,November,Los Angeles Clippers,New York Knicks,9,1,2,2,1,2,1
468,427,John Starks,1996-97,November,New York Knicks,Los Angeles Clippers,5,2,3,0,0,3,3
469,463,Pooh Richardson,1996-97,November,New York Knicks,Los Angeles Clippers,4,3,2,0,5,2,2
470,447,Bo Outlaw,1996-97,November,Los Angeles Clippers,New York Knicks,9,1,6,3,3,1,1
471,385,Terry Dehere,1996-97,November,Los Angeles Clippers,New York Knicks,5,4,2,0,1,2,1
472,464,Patrick Ewing,1996-97,November,New York Knicks,Los Angeles Clippers,17,0,18,4,1,8,5
473,468,John Starks,1996-97,November,New York Knicks,Los Angeles Clippers,5,3,3,0,0,3,3
474,456,Stanley Roberts,1996-97,November,Los Angeles Clippers,New York Knicks,7,1,3,1,0,4,5
475,472,Patrick Ewing,1996-97,November,New York Knicks,Los Angeles Clippers,18,0,18,4,1,8,5
476,467,Lamond Murray,1996-97,November,Los Angeles Clippers,New York Knicks,9,1,2,2,1,3,1
477,473,John Starks,1996-97,November,New York Knicks,Los Angeles Clippers,5,3,3,0,0,4,3
478,474,Stanley Roberts,1996-97,November,New York Knicks,Los Angeles Clippers,7,1,3,1,1,4,5
479,450,Scott Brooks,1996-97,November,New York Knicks,Los Angeles Clippers,0,0,1,0,4,3,3
480,460,Charles Oakley,1996-97,November,New York Knicks,Los Angeles Clippers,11,2,9,0,1,5,5
482,470,Bo Outlaw,1996-97,November,Los Angeles Clippers,New York Knicks,10,1,6,3,3,1,1
484,478,Stanley Roberts,1996-97,November,New York Knicks,Los Angeles Clippers,7,1,3,2,1,4,5
485,484,Stanley Roberts,1996-97,November,Los Angeles Clippers,New York Knicks,7,1,4,2,1,4,5
487,482,Bo Outlaw,1996-97,November,Los Angeles Clippers,New York Knicks,10,1,7,3,3,1,1
489,475,Patrick Ewing,1996-97,November,New York Knicks,Los Angeles Clippers,18,0,19,4,1,8,5
490,471,Terry Dehere,1996-97,November,Los Angeles Clippers,New York Knicks,5,4,2,0,1,2,2
491,489,Patrick Ewing,1996-97,November,New York Knicks,Los Angeles Clippers,19,0,19,4,1,8,5
492,491,Patrick Ewing,1996-97,November,New York Knicks,Los Angeles Clippers,20,0,19,4,1,8,5
494,477,John Starks,1996-97,November,New York Knicks,Los Angeles Clippers,5,3,4,0,0,4,3
495,487,Bo Outlaw,1996-97,November,Los Angeles Clippers,New York Knicks,10,1,7,3,3,1,2
496,494,John Starks,1996-97,November,New York Knicks,Los Angeles Clippers,6,3,4,0,0,4,3
497,496,John Starks,1996-97,November,New York Knicks,Los Angeles Clippers,7,3,4,0,0,4,3
