id,previous_id,player,season,month,team,opponent_team,points,assists,rebounds,blocks,steals,turnovers,personal fouls
2,0,Alonzo Mourning,1996-97,November,Miami Heat,Dallas Mavericks,0,0,1,0,0,0,0
3,0,Kurt Thomas,1996-97,November,Miami Heat,Dallas Mavericks,2,0,0,0,0,0,0
4,0,Sasha Danilovic,1996-97,November,Miami Heat,Dallas Mavericks,0,1,0,0,0,0,0
6,3,Kurt Thomas,1996-97,November,Miami Heat,Dallas Mavericks,2,0,1,0,0,0,0
7,0,Loren Meyer,1996-97,November,Dallas Mavericks,Miami Heat,0,0,0,0,0,0,1
9,0,Jim Jackson,1996-97,November,Dallas Mavericks,Miami Heat,0,0,1,0,0,0,0
10,0,Eric Montross,1996-97,November,Dallas Mavericks,Miami Heat,0,0,0,0,0,0,1
11,10,Eric Montross,1996-97,November,Dallas Mavericks,Miami Heat,0,0,0,0,0,1,1
13,7,Loren Meyer,1996-97,November,Dallas Mavericks,Miami Heat,0,0,1,0,0,0,1
14,13,Loren Meyer,1996-97,November,Dallas Mavericks,Miami Heat,0,0,1,0,0,1,1
15,0,Tim Hardaway,1996-97,November,Miami Heat,Dallas Mavericks,0,0,0,0,1,0,0
16,0,Dan Majerle,1996-97,November,Miami Heat,Dallas Mavericks,3,0,0,0,0,0,0
17,15,Tim Hardaway,1996-97,November,Miami Heat,Dallas Mavericks,0,1,0,0,1,0,0
19,16,Dan Majerle,1996-97,November,Miami Heat,Dallas Mavericks,3,0,0,1,0,0,0
20,2,Alonzo Mourning,1996-97,November,Miami Heat,Dallas Mavericks,0,0,2,0,0,0,0
22,0,Jason Kidd,1996-97,November,Dallas Mavericks,Miami Heat,0,0,1,0,0,0,0
24,14,Loren Meyer,1996-97,November,Dallas Mavericks,Miami Heat,0,0,1,0,0,1,2
27,11,Eric Montross,1996-97,November,Dallas Mavericks,Miami Heat,0,0,1,0,0,1,1
28,20,Alonzo Mourning,1996-97,November,Miami Heat,Dallas Mavericks,0,0,2,0,0,0,1
29,22,Jason Kidd,1996-97,November,Dallas Mavericks,Miami Heat,3,0,1,0,0,0,0
30,0,George McCloud,1996-97,November,Dallas Mavericks,Miami Heat,0,1,0,0,0,0,0
31,28,Alonzo Mourning,1996-97,November,Miami Heat,Dallas Mavericks,0,0,2,0,0,1,1
32,30,George McCloud,1996-97,November,Dallas Mavericks,Miami Heat,0,1,0,0,1,0,0
33,32,George McCloud,1996-97,November,Dallas Mavericks,Miami Heat,2,1,0,0,1,0,0
34,17,Tim Hardaway,1996-97,November,Miami Heat,Dallas Mavericks,2,1,0,0,1,0,0
36,31,Alonzo Mourning,1996-97,November,Miami Heat,Dallas Mavericks,0,0,2,1,0,1,1
37,9,Jim Jackson,1996-97,November,Dallas Mavericks,Miami Heat,2,0,1,0,0,0,0
38,34,Tim Hardaway,1996-97,November,Miami Heat,Dallas Mavericks,4,1,0,0,1,0,0
40,36,Alonzo Mourning,1996-97,November,Miami Heat,Dallas Mavericks,0,0,3,1,0,1,1
41,27,Eric Montross,1996-97,November,Dallas Mavericks,Miami Heat,0,0,1,0,0,1,2
42,6,Kurt Thomas,1996-97,November,Miami Heat,Dallas Mavericks,4,0,1,0,0,0,0
43,40,Alonzo Mourning,1996-97,November,Miami Heat,Dallas Mavericks,0,1,3,1,0,1,1
44,37,Jim Jackson,1996-97,November,Dallas Mavericks,Miami Heat,4,0,1,0,0,0,0
45,29,Jason Kidd,1996-97,November,Dallas Mavericks,Miami Heat,3,1,1,0,0,0,0
46,43,Alonzo Mourning,1996-97,November,Miami Heat,Dallas Mavericks,2,1,3,1,0,1,1
47,0,Chris Gatling,1996-97,November,Dallas Mavericks,Miami Heat,2,0,0,0,0,0,0
48,45,Jason Kidd,1996-97,November,Dallas Mavericks,Miami Heat,3,2,1,0,0,0,0
50,46,Alonzo Mourning,1996-97,November,Miami Heat,Dallas Mavericks,2,1,4,1,0,1,1
52,0,Oliver Miller,1996-97,November,Dallas Mavericks,Miami Heat,0,0,0,1,0,0,0
53,42,Kurt Thomas,1996-97,November,Miami Heat,Dallas Mavericks,4,0,2,0,0,0,0
54,19,Dan Majerle,1996-97,November,Miami Heat,Dallas Mavericks,5,0,0,1,0,0,0
55,53,Kurt Thomas,1996-97,November,Miami Heat,Dallas Mavericks,4,1,2,0,0,0,0
57,50,Alonzo Mourning,1996-97,November,Miami Heat,Dallas Mavericks,2,1,5,1,0,1,1
59,55,Kurt Thomas,1996-97,November,Miami Heat,Dallas Mavericks,4,1,3,0,0,0,0
61,33,George McCloud,1996-97,November,Dallas Mavericks,Miami Heat,2,1,1,0,1,0,0
62,48,Jason Kidd,1996-97,November,Dallas Mavericks,Miami Heat,5,2,1,0,0,0,0
63,61,George McCloud,1996-97,November,Dallas Mavericks,Miami Heat,2,2,1,0,1,0,0
64,59,Kurt Thomas,1996-97,November,Miami Heat,Dallas Mavericks,4,1,3,0,0,0,1
66,47,Chris Gatling,1996-97,November,Dallas Mavericks,Miami Heat,2,0,1,0,0,0,0
68,52,Oliver Miller,1996-97,November,Dallas Mavericks,Miami Heat,0,0,1,1,0,0,0
70,57,Alonzo Mourning,1996-97,November,Miami Heat,Dallas Mavericks,2,1,6,1,0,1,1
71,70,Alonzo Mourning,1996-97,November,Miami Heat,Dallas Mavericks,2,1,6,1,0,2,1
72,66,Chris Gatling,1996-97,November,Dallas Mavericks,Miami Heat,2,0,1,0,1,0,0
73,68,Oliver Miller,1996-97,November,Dallas Mavericks,Miami Heat,0,0,1,1,0,1,0
75,62,Jason Kidd,1996-97,November,Dallas Mavericks,Miami Heat,5,2,2,0,0,0,0
76,75,Jason Kidd,1996-97,November,Dallas Mavericks,Miami Heat,5,2,2,0,0,1,0
77,4,Sasha Danilovic,1996-97,November,Miami Heat,Dallas Mavericks,0,1,0,0,1,0,0
78,77,Sasha Danilovic,1996-97,November,Miami Heat,Dallas Mavericks,2,1,0,0,1,0,0
79,38,Tim Hardaway,1996-97,November,Miami Heat,Dallas Mavericks,4,1,0,0,1,0,1
80,76,Jason Kidd,1996-97,November,Dallas Mavericks,Miami Heat,6,2,2,0,0,1,0
81,80,Jason Kidd,1996-97,November,Dallas Mavericks,Miami Heat,7,2,2,0,0,1,0
83,72,Chris Gatling,1996-97,November,Dallas Mavericks,Miami Heat,2,0,2,0,1,0,0
84,44,Jim Jackson,1996-97,November,Dallas Mavericks,Miami Heat,4,0,1,0,0,1,0
86,81,Jason Kidd,1996-97,November,Dallas Mavericks,Miami Heat,7,2,2,0,0,2,0
87,54,Dan Majerle,1996-97,November,Miami Heat,Dallas Mavericks,5,0,0,1,1,0,0
89,86,Jason Kidd,1996-97,November,Dallas Mavericks,Miami Heat,7,2,2,1,0,2,0
90,79,Tim Hardaway,1996-97,November,Miami Heat,Dallas Mavericks,4,1,1,0,1,0,1
91,90,Tim Hardaway,1996-97,November,Miami Heat,Dallas Mavericks,6,1,1,0,1,0,1
93,0,P.J. Brown,1996-97,November,Miami Heat,Dallas Mavericks,0,0,1,0,0,0,0
94,71,Alonzo Mourning,1996-97,November,Miami Heat,Dallas Mavericks,2,1,6,1,0,2,2
95,94,Alonzo Mourning,1996-97,November,Miami Heat,Dallas Mavericks,2,1,6,1,0,3,2
97,73,Oliver Miller,1996-97,November,Dallas Mavericks,Miami Heat,0,0,1,1,0,1,1
99,0,Ike Austin,1996-97,November,Miami Heat,Dallas Mavericks,1,0,0,0,0,0,0
100,0,Jamal Mashburn,1996-97,November,Dallas Mavericks,Miami Heat,2,0,0,0,0,0,0
102,93,P.J. Brown,1996-97,November,Miami Heat,Dallas Mavericks,0,0,2,0,0,0,0
103,102,P.J. Brown,1996-97,November,Miami Heat,Dallas Mavericks,2,0,2,0,0,0,0
104,100,Jamal Mashburn,1996-97,November,Dallas Mavericks,Miami Heat,4,0,0,0,0,0,0
105,91,Tim Hardaway,1996-97,November,Miami Heat,Dallas Mavericks,8,1,1,0,1,0,1
107,103,P.J. Brown,1996-97,November,Miami Heat,Dallas Mavericks,2,0,3,0,0,0,0
110,0,Keith Askins,1996-97,November,Miami Heat,Dallas Mavericks,0,0,1,0,0,0,0
111,0,Derek Harper,1996-97,November,Dallas Mavericks,Miami Heat,0,0,0,0,0,0,1
112,87,Dan Majerle,1996-97,November,Miami Heat,Dallas Mavericks,7,0,0,1,1,0,0
113,99,Ike Austin,1996-97,November,Miami Heat,Dallas Mavericks,1,1,0,0,0,0,0
114,113,Ike Austin,1996-97,November,Miami Heat,Dallas Mavericks,1,1,0,0,0,0,1
115,97,Oliver Miller,1996-97,November,Dallas Mavericks,Miami Heat,1,0,1,1,0,1,1
116,115,Oliver Miller,1996-97,November,Dallas Mavericks,Miami Heat,2,0,1,1,0,1,1
118,83,Chris Gatling,1996-97,November,Dallas Mavericks,Miami Heat,2,0,3,0,1,0,0
120,114,Ike Austin,1996-97,November,Miami Heat,Dallas Mavericks,1,1,1,0,0,0,1
121,116,Oliver Miller,1996-97,November,Dallas Mavericks,Miami Heat,2,0,1,1,0,1,2
123,118,Chris Gatling,1996-97,November,Dallas Mavericks,Miami Heat,2,0,4,0,1,0,0
124,123,Chris Gatling,1996-97,November,Dallas Mavericks,Miami Heat,2,0,4,0,1,0,1
125,124,Chris Gatling,1996-97,November,Dallas Mavericks,Miami Heat,2,0,4,0,1,1,1
126,125,Chris Gatling,1996-97,November,Dallas Mavericks,Miami Heat,2,0,4,0,1,1,2
127,120,Ike Austin,1996-97,November,Miami Heat,Dallas Mavericks,1,1,1,0,0,1,1
128,78,Sasha Danilovic,1996-97,November,Miami Heat,Dallas Mavericks,2,1,0,0,1,0,1
130,0,Tony Dumas,1996-97,November,Dallas Mavericks,Miami Heat,1,0,0,0,0,0,0
131,127,Ike Austin,1996-97,November,Miami Heat,Dallas Mavericks,1,1,1,0,0,2,1
133,131,Ike Austin,1996-97,November,Miami Heat,Dallas Mavericks,1,1,2,0,0,2,1
135,41,Eric Montross,1996-97,November,Dallas Mavericks,Miami Heat,0,0,2,0,0,1,2
137,107,P.J. Brown,1996-97,November,Miami Heat,Dallas Mavericks,2,0,4,0,0,0,0
139,104,Jamal Mashburn,1996-97,November,Dallas Mavericks,Miami Heat,4,0,1,0,0,0,0
140,130,Tony Dumas,1996-97,November,Dallas Mavericks,Miami Heat,3,0,0,0,0,0,0
141,111,Derek Harper,1996-97,November,Dallas Mavericks,Miami Heat,0,1,0,0,0,0,1
142,133,Ike Austin,1996-97,November,Miami Heat,Dallas Mavericks,3,1,2,0,0,2,1
143,0,Gary Grant,1996-97,November,Miami Heat,Dallas Mavericks,0,1,0,0,0,0,0
144,139,Jamal Mashburn,1996-97,November,Dallas Mavericks,Miami Heat,4,0,1,0,0,1,0
145,143,Gary Grant,1996-97,November,Miami Heat,Dallas Mavericks,0,1,0,0,1,0,0
146,142,Ike Austin,1996-97,November,Miami Heat,Dallas Mavericks,3,1,2,0,0,3,1
147,140,Tony Dumas,1996-97,November,Dallas Mavericks,Miami Heat,6,0,0,0,0,0,0
148,144,Jamal Mashburn,1996-97,November,Dallas Mavericks,Miami Heat,4,1,1,0,0,1,0
150,0,Fred Roberts,1996-97,November,Dallas Mavericks,Miami Heat,0,0,1,0,0,0,0
151,110,Keith Askins,1996-97,November,Miami Heat,Dallas Mavericks,0,0,1,0,0,0,1
152,148,Jamal Mashburn,1996-97,November,Dallas Mavericks,Miami Heat,6,1,1,0,0,1,0
153,151,Keith Askins,1996-97,November,Miami Heat,Dallas Mavericks,0,0,1,0,0,0,2
154,152,Jamal Mashburn,1996-97,November,Dallas Mavericks,Miami Heat,7,1,1,0,0,1,0
156,135,Eric Montross,1996-97,November,Dallas Mavericks,Miami Heat,0,0,3,0,0,1,2
157,141,Derek Harper,1996-97,November,Dallas Mavericks,Miami Heat,2,1,0,0,0,0,1
158,156,Eric Montross,1996-97,November,Dallas Mavericks,Miami Heat,0,1,3,0,0,1,2
159,137,P.J. Brown,1996-97,November,Miami Heat,Dallas Mavericks,4,0,4,0,0,0,0
160,95,Alonzo Mourning,1996-97,November,Miami Heat,Dallas Mavericks,2,2,6,1,0,3,2
162,112,Dan Majerle,1996-97,November,Miami Heat,Dallas Mavericks,7,0,1,1,1,0,0
163,150,Fred Roberts,1996-97,November,Dallas Mavericks,Miami Heat,0,0,1,0,0,0,1
164,105,Tim Hardaway,1996-97,November,Miami Heat,Dallas Mavericks,11,1,1,0,1,0,1
165,163,Fred Roberts,1996-97,November,Dallas Mavericks,Miami Heat,0,0,1,0,0,1,1
167,128,Sasha Danilovic,1996-97,November,Miami Heat,Dallas Mavericks,2,1,1,0,1,0,1
169,159,P.J. Brown,1996-97,November,Miami Heat,Dallas Mavericks,4,0,5,0,0,0,0
170,167,Sasha Danilovic,1996-97,November,Miami Heat,Dallas Mavericks,2,1,1,0,1,1,1
171,63,George McCloud,1996-97,November,Dallas Mavericks,Miami Heat,2,2,1,0,2,0,0
173,164,Tim Hardaway,1996-97,November,Miami Heat,Dallas Mavericks,11,1,2,0,1,0,1
174,170,Sasha Danilovic,1996-97,November,Miami Heat,Dallas Mavericks,4,1,1,0,1,1,1
175,173,Tim Hardaway,1996-97,November,Miami Heat,Dallas Mavericks,11,2,2,0,1,0,1
177,160,Alonzo Mourning,1996-97,November,Miami Heat,Dallas Mavericks,2,2,7,1,0,3,2
178,162,Dan Majerle,1996-97,November,Miami Heat,Dallas Mavericks,9,0,1,1,1,0,0
179,177,Alonzo Mourning,1996-97,November,Miami Heat,Dallas Mavericks,2,2,7,1,0,3,3
181,165,Fred Roberts,1996-97,November,Dallas Mavericks,Miami Heat,1,0,1,0,0,1,1
182,146,Ike Austin,1996-97,November,Miami Heat,Dallas Mavericks,5,1,2,0,0,3,1
183,178,Dan Majerle,1996-97,November,Miami Heat,Dallas Mavericks,9,1,1,1,1,0,0
184,181,Fred Roberts,1996-97,November,Dallas Mavericks,Miami Heat,1,0,1,0,0,1,2
185,184,Fred Roberts,1996-97,November,Dallas Mavericks,Miami Heat,1,0,1,0,0,2,2
186,64,Kurt Thomas,1996-97,November,Miami Heat,Dallas Mavericks,6,1,3,0,0,0,1
187,183,Dan Majerle,1996-97,November,Miami Heat,Dallas Mavericks,9,2,1,1,1,0,0
188,24,Loren Meyer,1996-97,November,Dallas Mavericks,Miami Heat,0,0,1,0,0,2,2
189,175,Tim Hardaway,1996-97,November,Miami Heat,Dallas Mavericks,11,2,2,0,2,0,1
191,89,Jason Kidd,1996-97,November,Dallas Mavericks,Miami Heat,7,2,3,1,0,2,0
193,121,Oliver Miller,1996-97,November,Dallas Mavericks,Miami Heat,2,0,2,1,0,1,2
195,84,Jim Jackson,1996-97,November,Dallas Mavericks,Miami Heat,4,0,2,0,0,1,0
197,186,Kurt Thomas,1996-97,November,Miami Heat,Dallas Mavericks,6,1,4,0,0,0,1
198,188,Loren Meyer,1996-97,November,Dallas Mavericks,Miami Heat,0,0,1,0,0,2,3
199,197,Kurt Thomas,1996-97,November,Miami Heat,Dallas Mavericks,7,1,4,0,0,0,1
200,199,Kurt Thomas,1996-97,November,Miami Heat,Dallas Mavericks,8,1,4,0,0,0,1
201,191,Jason Kidd,1996-97,November,Dallas Mavericks,Miami Heat,7,2,3,1,0,3,0
202,189,Tim Hardaway,1996-97,November,Miami Heat,Dallas Mavericks,11,2,2,0,3,0,1
203,187,Dan Majerle,1996-97,November,Miami Heat,Dallas Mavericks,11,2,1,1,1,0,0
204,154,Jamal Mashburn,1996-97,November,Dallas Mavericks,Miami Heat,7,1,1,0,0,2,0
205,202,Tim Hardaway,1996-97,November,Miami Heat,Dallas Mavericks,11,2,2,0,4,0,1
207,182,Ike Austin,1996-97,November,Miami Heat,Dallas Mavericks,5,1,3,0,0,3,1
209,171,George McCloud,1996-97,November,Dallas Mavericks,Miami Heat,2,2,2,0,2,0,0
210,209,George McCloud,1996-97,November,Dallas Mavericks,Miami Heat,4,2,2,0,2,0,0
211,201,Jason Kidd,1996-97,November,Dallas Mavericks,Miami Heat,7,3,3,1,0,3,0
212,193,Oliver Miller,1996-97,November,Dallas Mavericks,Miami Heat,2,0,2,1,0,1,3
213,205,Tim Hardaway,1996-97,November,Miami Heat,Dallas Mavericks,12,2,2,0,4,0,1
214,213,Tim Hardaway,1996-97,November,Miami Heat,Dallas Mavericks,13,2,2,0,4,0,1
215,210,George McCloud,1996-97,November,Dallas Mavericks,Miami Heat,7,2,2,0,2,0,0
216,204,Jamal Mashburn,1996-97,November,Dallas Mavericks,Miami Heat,7,2,1,0,0,2,0
218,203,Dan Majerle,1996-97,November,Miami Heat,Dallas Mavericks,11,2,2,1,1,0,0
219,211,Jason Kidd,1996-97,November,Dallas Mavericks,Miami Heat,7,3,3,1,0,3,1
220,214,Tim Hardaway,1996-97,November,Miami Heat,Dallas Mavericks,14,2,2,0,4,0,1
221,220,Tim Hardaway,1996-97,November,Miami Heat,Dallas Mavericks,15,2,2,0,4,0,1
222,219,Jason Kidd,1996-97,November,Dallas Mavericks,Miami Heat,7,3,3,1,0,4,1
223,221,Tim Hardaway,1996-97,November,Miami Heat,Dallas Mavericks,15,2,2,0,5,0,1
224,222,Jason Kidd,1996-97,November,Dallas Mavericks,Miami Heat,7,3,3,1,0,4,2
226,223,Tim Hardaway,1996-97,November,Miami Heat,Dallas Mavericks,16,2,2,0,5,0,1
227,215,George McCloud,1996-97,November,Dallas Mavericks,Miami Heat,10,2,2,0,2,0,0
228,195,Jim Jackson,1996-97,November,Dallas Mavericks,Miami Heat,4,1,2,0,0,1,0
230,226,Tim Hardaway,1996-97,November,Miami Heat,Dallas Mavericks,16,2,3,0,5,0,1
231,174,Sasha Danilovic,1996-97,November,Miami Heat,Dallas Mavericks,4,1,1,0,1,2,1
232,198,Loren Meyer,1996-97,November,Dallas Mavericks,Miami Heat,0,0,1,0,0,3,3
233,230,Tim Hardaway,1996-97,November,Miami Heat,Dallas Mavericks,16,2,3,0,6,0,1
234,218,Dan Majerle,1996-97,November,Miami Heat,Dallas Mavericks,13,2,2,1,1,0,0
235,233,Tim Hardaway,1996-97,November,Miami Heat,Dallas Mavericks,16,3,3,0,6,0,1
236,227,George McCloud,1996-97,November,Dallas Mavericks,Miami Heat,10,2,2,0,2,1,0
237,200,Kurt Thomas,1996-97,November,Miami Heat,Dallas Mavericks,8,1,4,0,1,0,1
239,158,Eric Montross,1996-97,November,Dallas Mavericks,Miami Heat,0,1,3,1,0,1,2
240,228,Jim Jackson,1996-97,November,Dallas Mavericks,Miami Heat,4,1,3,0,0,1,0
241,236,George McCloud,1996-97,November,Dallas Mavericks,Miami Heat,13,2,2,0,2,1,0
242,240,Jim Jackson,1996-97,November,Dallas Mavericks,Miami Heat,4,2,3,0,0,1,0
243,232,Loren Meyer,1996-97,November,Dallas Mavericks,Miami Heat,0,0,1,0,0,3,4
244,237,Kurt Thomas,1996-97,November,Miami Heat,Dallas Mavericks,10,1,4,0,1,0,1
245,234,Dan Majerle,1996-97,November,Miami Heat,Dallas Mavericks,13,3,2,1,1,0,0
246,231,Sasha Danilovic,1996-97,November,Miami Heat,Dallas Mavericks,4,1,1,0,1,2,2
248,241,George McCloud,1996-97,November,Dallas Mavericks,Miami Heat,14,2,2,0,2,1,0
250,224,Jason Kidd,1996-97,November,Dallas Mavericks,Miami Heat,7,3,4,1,0,4,2
251,248,George McCloud,1996-97,November,Dallas Mavericks,Miami Heat,14,2,2,0,2,2,0
252,239,Eric Montross,1996-97,November,Dallas Mavericks,Miami Heat,0,1,3,1,0,1,3
255,252,Eric Montross,1996-97,November,Dallas Mavericks,Miami Heat,0,1,4,1,0,1,3
256,251,George McCloud,1996-97,November,Dallas Mavericks,Miami Heat,14,2,2,0,2,3,0
257,243,Loren Meyer,1996-97,November,Dallas Mavericks,Miami Heat,0,0,1,0,0,3,5
258,244,Kurt Thomas,1996-97,November,Miami Heat,Dallas Mavericks,11,1,4,0,1,0,1
260,256,George McCloud,1996-97,November,Dallas Mavericks,Miami Heat,14,2,3,0,2,3,0
261,255,Eric Montross,1996-97,November,Dallas Mavericks,Miami Heat,0,1,4,1,0,2,3
262,261,Eric Montross,1996-97,November,Dallas Mavericks,Miami Heat,0,1,4,1,0,2,4
264,179,Alonzo Mourning,1996-97,November,Miami Heat,Dallas Mavericks,3,2,7,1,0,3,3
265,126,Chris Gatling,1996-97,November,Dallas Mavericks,Miami Heat,2,0,4,0,1,2,2
266,242,Jim Jackson,1996-97,November,Dallas Mavericks,Miami Heat,4,2,3,0,0,1,1
267,246,Sasha Danilovic,1996-97,November,Miami Heat,Dallas Mavericks,5,1,1,0,1,2,2
268,267,Sasha Danilovic,1996-97,November,Miami Heat,Dallas Mavericks,6,1,1,0,1,2,2
269,235,Tim Hardaway,1996-97,November,Miami Heat,Dallas Mavericks,16,3,3,0,6,0,2
270,212,Oliver Miller,1996-97,November,Dallas Mavericks,Miami Heat,4,0,2,1,0,1,3
271,250,Jason Kidd,1996-97,November,Dallas Mavericks,Miami Heat,7,4,4,1,0,4,2
272,258,Kurt Thomas,1996-97,November,Miami Heat,Dallas Mavericks,13,1,4,0,1,0,1
273,245,Dan Majerle,1996-97,November,Miami Heat,Dallas Mavericks,13,4,2,1,1,0,0
275,272,Kurt Thomas,1996-97,November,Miami Heat,Dallas Mavericks,13,1,4,1,1,0,1
276,275,Kurt Thomas,1996-97,November,Miami Heat,Dallas Mavericks,13,1,5,1,1,0,1
278,270,Oliver Miller,1996-97,November,Dallas Mavericks,Miami Heat,4,0,3,1,0,1,3
280,268,Sasha Danilovic,1996-97,November,Miami Heat,Dallas Mavericks,6,1,2,0,1,2,2
281,269,Tim Hardaway,1996-97,November,Miami Heat,Dallas Mavericks,18,3,3,0,6,0,2
282,278,Oliver Miller,1996-97,November,Dallas Mavericks,Miami Heat,6,0,3,1,0,1,3
283,271,Jason Kidd,1996-97,November,Dallas Mavericks,Miami Heat,7,5,4,1,0,4,2
284,264,Alonzo Mourning,1996-97,November,Miami Heat,Dallas Mavericks,3,2,7,1,0,4,3
286,273,Dan Majerle,1996-97,November,Miami Heat,Dallas Mavericks,13,4,3,1,1,0,0
287,276,Kurt Thomas,1996-97,November,Miami Heat,Dallas Mavericks,15,1,5,1,1,0,1
288,286,Dan Majerle,1996-97,November,Miami Heat,Dallas Mavericks,13,5,3,1,1,0,0
289,282,Oliver Miller,1996-97,November,Dallas Mavericks,Miami Heat,6,0,3,1,0,1,4
290,289,Oliver Miller,1996-97,November,Dallas Mavericks,Miami Heat,6,0,3,1,0,2,4
292,287,Kurt Thomas,1996-97,November,Miami Heat,Dallas Mavericks,15,1,6,1,1,0,1
293,292,Kurt Thomas,1996-97,November,Miami Heat,Dallas Mavericks,17,1,6,1,1,0,1
294,293,Kurt Thomas,1996-97,November,Miami Heat,Dallas Mavericks,17,1,6,1,1,0,2
295,265,Chris Gatling,1996-97,November,Dallas Mavericks,Miami Heat,3,0,4,0,1,2,2
296,295,Chris Gatling,1996-97,November,Dallas Mavericks,Miami Heat,4,0,4,0,1,2,2
298,294,Kurt Thomas,1996-97,November,Miami Heat,Dallas Mavericks,17,1,7,1,1,0,2
300,298,Kurt Thomas,1996-97,November,Miami Heat,Dallas Mavericks,17,1,8,1,1,0,2
301,280,Sasha Danilovic,1996-97,November,Miami Heat,Dallas Mavericks,6,1,2,0,1,3,2
303,300,Kurt Thomas,1996-97,November,Miami Heat,Dallas Mavericks,17,1,9,1,1,0,2
304,284,Alonzo Mourning,1996-97,November,Miami Heat,Dallas Mavericks,5,2,7,1,0,4,3
305,281,Tim Hardaway,1996-97,November,Miami Heat,Dallas Mavericks,18,4,3,0,6,0,2
307,266,Jim Jackson,1996-97,November,Dallas Mavericks,Miami Heat,4,2,4,0,0,1,1
308,307,Jim Jackson,1996-97,November,Dallas Mavericks,Miami Heat,6,2,4,0,0,1,1
310,290,Oliver Miller,1996-97,November,Dallas Mavericks,Miami Heat,6,0,4,1,0,2,4
311,296,Chris Gatling,1996-97,November,Dallas Mavericks,Miami Heat,6,0,4,0,1,2,2
312,310,Oliver Miller,1996-97,November,Dallas Mavericks,Miami Heat,6,1,4,1,0,2,4
313,288,Dan Majerle,1996-97,November,Miami Heat,Dallas Mavericks,16,5,3,1,1,0,0
314,303,Kurt Thomas,1996-97,November,Miami Heat,Dallas Mavericks,17,2,9,1,1,0,2
316,314,Kurt Thomas,1996-97,November,Miami Heat,Dallas Mavericks,17,2,9,2,1,0,2
317,316,Kurt Thomas,1996-97,November,Miami Heat,Dallas Mavericks,17,2,10,2,1,0,2
319,312,Oliver Miller,1996-97,November,Dallas Mavericks,Miami Heat,6,1,5,1,0,2,4
320,311,Chris Gatling,1996-97,November,Dallas Mavericks,Miami Heat,8,0,4,0,1,2,2
321,283,Jason Kidd,1996-97,November,Dallas Mavericks,Miami Heat,7,6,4,1,0,4,2
322,317,Kurt Thomas,1996-97,November,Miami Heat,Dallas Mavericks,17,2,10,2,1,0,3
323,320,Chris Gatling,1996-97,November,Dallas Mavericks,Miami Heat,9,0,4,0,1,2,2
325,169,P.J. Brown,1996-97,November,Miami Heat,Dallas Mavericks,4,0,5,1,0,0,0
326,207,Ike Austin,1996-97,November,Miami Heat,Dallas Mavericks,5,1,3,0,0,4,1
327,323,Chris Gatling,1996-97,November,Dallas Mavericks,Miami Heat,9,0,4,0,2,2,2
329,321,Jason Kidd,1996-97,November,Dallas Mavericks,Miami Heat,7,6,5,1,0,4,2
330,329,Jason Kidd,1996-97,November,Dallas Mavericks,Miami Heat,9,6,5,1,0,4,2
332,327,Chris Gatling,1996-97,November,Dallas Mavericks,Miami Heat,9,0,5,0,2,2,2
334,319,Oliver Miller,1996-97,November,Dallas Mavericks,Miami Heat,6,1,6,1,0,2,4
335,334,Oliver Miller,1996-97,November,Dallas Mavericks,Miami Heat,8,1,6,1,0,2,4
336,301,Sasha Danilovic,1996-97,November,Miami Heat,Dallas Mavericks,8,1,2,0,1,3,2
337,305,Tim Hardaway,1996-97,November,Miami Heat,Dallas Mavericks,18,5,3,0,6,0,2
338,216,Jamal Mashburn,1996-97,November,Dallas Mavericks,Miami Heat,10,2,1,0,0,2,0
339,330,Jason Kidd,1996-97,November,Dallas Mavericks,Miami Heat,9,7,5,1,0,4,2
341,332,Chris Gatling,1996-97,November,Dallas Mavericks,Miami Heat,9,0,6,0,2,2,2
342,157,Derek Harper,1996-97,November,Dallas Mavericks,Miami Heat,2,1,0,0,0,0,2
343,338,Jamal Mashburn,1996-97,November,Dallas Mavericks,Miami Heat,10,2,1,0,0,2,1
344,325,P.J. Brown,1996-97,November,Miami Heat,Dallas Mavericks,6,0,5,1,0,0,0
345,304,Alonzo Mourning,1996-97,November,Miami Heat,Dallas Mavericks,5,3,7,1,0,4,3
347,345,Alonzo Mourning,1996-97,November,Miami Heat,Dallas Mavericks,5,3,8,1,0,4,3
349,326,Ike Austin,1996-97,November,Miami Heat,Dallas Mavericks,5,1,4,0,0,4,1
350,349,Ike Austin,1996-97,November,Miami Heat,Dallas Mavericks,5,1,4,0,0,5,1
351,147,Tony Dumas,1996-97,November,Dallas Mavericks,Miami Heat,6,0,0,0,1,0,0
352,350,Ike Austin,1996-97,November,Miami Heat,Dallas Mavericks,5,1,4,0,0,6,1
353,351,Tony Dumas,1996-97,November,Dallas Mavericks,Miami Heat,6,0,0,0,2,0,0
354,343,Jamal Mashburn,1996-97,November,Dallas Mavericks,Miami Heat,13,2,1,0,0,2,1
355,342,Derek Harper,1996-97,November,Dallas Mavericks,Miami Heat,2,2,0,0,0,0,2
356,145,Gary Grant,1996-97,November,Miami Heat,Dallas Mavericks,0,1,0,0,1,1,0
357,341,Chris Gatling,1996-97,November,Dallas Mavericks,Miami Heat,9,0,6,0,3,2,2
358,357,Chris Gatling,1996-97,November,Dallas Mavericks,Miami Heat,11,0,6,0,3,2,2
360,358,Chris Gatling,1996-97,November,Dallas Mavericks,Miami Heat,11,0,7,0,3,2,2
361,354,Jamal Mashburn,1996-97,November,Dallas Mavericks,Miami Heat,16,2,1,0,0,2,1
362,355,Derek Harper,1996-97,November,Dallas Mavericks,Miami Heat,2,3,0,0,0,0,2
364,347,Alonzo Mourning,1996-97,November,Miami Heat,Dallas Mavericks,5,3,9,1,0,4,3
366,335,Oliver Miller,1996-97,November,Dallas Mavericks,Miami Heat,8,1,6,2,0,2,4
367,366,Oliver Miller,1996-97,November,Dallas Mavericks,Miami Heat,8,1,7,2,0,2,4
369,360,Chris Gatling,1996-97,November,Dallas Mavericks,Miami Heat,11,0,8,0,3,2,2
370,369,Chris Gatling,1996-97,November,Dallas Mavericks,Miami Heat,13,0,8,0,3,2,2
371,336,Sasha Danilovic,1996-97,November,Miami Heat,Dallas Mavericks,8,1,2,0,1,3,3
372,371,Sasha Danilovic,1996-97,November,Miami Heat,Dallas Mavericks,8,1,2,0,1,4,3
374,367,Oliver Miller,1996-97,November,Dallas Mavericks,Miami Heat,8,1,8,2,0,2,4
375,370,Chris Gatling,1996-97,November,Dallas Mavericks,Miami Heat,15,0,8,0,3,2,2
377,344,P.J. Brown,1996-97,November,Miami Heat,Dallas Mavericks,6,0,6,1,0,0,0
378,153,Keith Askins,1996-97,November,Miami Heat,Dallas Mavericks,3,0,1,0,0,0,2
379,377,P.J. Brown,1996-97,November,Miami Heat,Dallas Mavericks,6,1,6,1,0,0,0
381,375,Chris Gatling,1996-97,November,Dallas Mavericks,Miami Heat,15,0,9,0,3,2,2
382,379,P.J. Brown,1996-97,November,Miami Heat,Dallas Mavericks,6,1,6,1,0,0,1
385,322,Kurt Thomas,1996-97,November,Miami Heat,Dallas Mavericks,17,2,11,2,1,0,3
387,381,Chris Gatling,1996-97,November,Dallas Mavericks,Miami Heat,15,0,10,0,3,2,2
388,362,Derek Harper,1996-97,November,Dallas Mavericks,Miami Heat,2,3,0,0,0,1,2
389,374,Oliver Miller,1996-97,November,Dallas Mavericks,Miami Heat,8,1,8,2,0,2,5
390,385,Kurt Thomas,1996-97,November,Miami Heat,Dallas Mavericks,18,2,11,2,1,0,3
392,364,Alonzo Mourning,1996-97,November,Miami Heat,Dallas Mavericks,5,3,10,1,0,4,3
393,262,Eric Montross,1996-97,November,Dallas Mavericks,Miami Heat,0,1,4,1,0,2,5
394,372,Sasha Danilovic,1996-97,November,Miami Heat,Dallas Mavericks,10,1,2,0,1,4,3
395,313,Dan Majerle,1996-97,November,Miami Heat,Dallas Mavericks,16,6,3,1,1,0,0
397,395,Dan Majerle,1996-97,November,Miami Heat,Dallas Mavericks,16,6,4,1,1,0,0
398,392,Alonzo Mourning,1996-97,November,Miami Heat,Dallas Mavericks,5,3,10,1,0,5,3
399,361,Jamal Mashburn,1996-97,November,Dallas Mavericks,Miami Heat,19,2,1,0,0,2,1
400,398,Alonzo Mourning,1996-97,November,Miami Heat,Dallas Mavericks,5,3,10,1,0,5,4
401,400,Alonzo Mourning,1996-97,November,Miami Heat,Dallas Mavericks,5,3,10,1,0,6,4
402,308,Jim Jackson,1996-97,November,Dallas Mavericks,Miami Heat,8,2,4,0,0,1,1
403,399,Jamal Mashburn,1996-97,November,Dallas Mavericks,Miami Heat,19,3,1,0,0,2,1
406,390,Kurt Thomas,1996-97,November,Miami Heat,Dallas Mavericks,18,2,12,2,1,0,3
408,393,Eric Montross,1996-97,November,Dallas Mavericks,Miami Heat,0,1,4,2,0,2,5
409,408,Eric Montross,1996-97,November,Dallas Mavericks,Miami Heat,0,1,5,2,0,2,5
410,402,Jim Jackson,1996-97,November,Dallas Mavericks,Miami Heat,8,2,4,0,0,2,1
412,401,Alonzo Mourning,1996-97,November,Miami Heat,Dallas Mavericks,5,3,11,1,0,6,4
414,394,Sasha Danilovic,1996-97,November,Miami Heat,Dallas Mavericks,10,1,2,0,1,4,4
415,409,Eric Montross,1996-97,November,Dallas Mavericks,Miami Heat,0,1,6,2,0,2,5
416,412,Alonzo Mourning,1996-97,November,Miami Heat,Dallas Mavericks,5,3,11,1,0,6,4
419,406,Kurt Thomas,1996-97,November,Miami Heat,Dallas Mavericks,18,2,13,2,1,0,3
420,416,Alonzo Mourning,1996-97,November,Miami Heat,Dallas Mavericks,7,3,11,1,0,6,4
421,337,Tim Hardaway,1996-97,November,Miami Heat,Dallas Mavericks,18,6,3,0,6,0,2
423,397,Dan Majerle,1996-97,November,Miami Heat,Dallas Mavericks,16,6,5,1,1,0,0
424,420,Alonzo Mourning,1996-97,November,Miami Heat,Dallas Mavericks,9,3,11,1,0,6,4
425,415,Eric Montross,1996-97,November,Dallas Mavericks,Miami Heat,0,1,6,2,0,2,6
427,389,Oliver Miller,1996-97,November,Dallas Mavericks,Miami Heat,8,1,9,2,0,2,5
429,424,Alonzo Mourning,1996-97,November,Miami Heat,Dallas Mavericks,9,3,12,1,0,6,4
430,423,Dan Majerle,1996-97,November,Miami Heat,Dallas Mavericks,19,6,5,1,1,0,0
431,421,Tim Hardaway,1996-97,November,Miami Heat,Dallas Mavericks,18,7,3,0,6,0,2
432,430,Dan Majerle,1996-97,November,Miami Heat,Dallas Mavericks,19,6,5,1,1,0,1
433,419,Kurt Thomas,1996-97,November,Miami Heat,Dallas Mavericks,18,2,13,2,1,0,4
436,432,Dan Majerle,1996-97,November,Miami Heat,Dallas Mavericks,19,6,6,1,1,0,1
438,410,Jim Jackson,1996-97,November,Dallas Mavericks,Miami Heat,8,2,5,0,0,2,1
439,387,Chris Gatling,1996-97,November,Dallas Mavericks,Miami Heat,17,0,10,0,3,2,2
440,339,Jason Kidd,1996-97,November,Dallas Mavericks,Miami Heat,9,8,5,1,0,4,2
441,440,Jason Kidd,1996-97,November,Dallas Mavericks,Miami Heat,9,8,5,1,0,4,3
444,427,Oliver Miller,1996-97,November,Dallas Mavericks,Miami Heat,8,1,10,2,0,2,5
446,433,Kurt Thomas,1996-97,November,Miami Heat,Dallas Mavericks,18,2,14,2,1,0,4
447,438,Jim Jackson,1996-97,November,Dallas Mavericks,Miami Heat,8,2,5,0,0,2,2
448,431,Tim Hardaway,1996-97,November,Miami Heat,Dallas Mavericks,19,7,3,0,6,0,2
450,439,Chris Gatling,1996-97,November,Dallas Mavericks,Miami Heat,17,0,11,0,3,2,2
452,448,Tim Hardaway,1996-97,November,Miami Heat,Dallas Mavericks,19,7,4,0,6,0,2
453,429,Alonzo Mourning,1996-97,November,Miami Heat,Dallas Mavericks,11,3,12,1,0,6,4
454,436,Dan Majerle,1996-97,November,Miami Heat,Dallas Mavericks,19,7,6,1,1,0,1
