id,previous_id,player,season,month,team,opponent_team,points,assists,rebounds,blocks,steals,turnovers,personal fouls
1,0,Doug West,1996-97,November,Minnesota Timberwolves,San Antonio Spurs,0,0,0,0,0,1,0
3,0,Carl Herrera,1996-97,November,San Antonio Spurs,Minnesota Timberwolves,0,0,1,0,0,0,0
4,1,Doug West,1996-97,November,Minnesota Timberwolves,San Antonio Spurs,0,0,0,0,0,1,1
5,0,Avery Johnson,1996-97,November,San Antonio Spurs,Minnesota Timberwolves,2,0,0,0,0,0,0
6,0,Stojko Vrankovic,1996-97,November,Minnesota Timberwolves,San Antonio Spurs,2,0,0,0,0,0,0
7,4,Doug West,1996-97,November,Minnesota Timberwolves,San Antonio Spurs,0,1,0,0,0,1,1
9,0,Stephon Marbury,1996-97,November,Minnesota Timberwolves,San Antonio Spurs,0,0,1,0,0,0,0
10,0,Tom Gugliotta,1996-97,November,Minnesota Timberwolves,San Antonio Spurs,2,0,0,0,0,0,0
11,0,Sean Elliott,1996-97,November,San Antonio Spurs,Minnesota Timberwolves,2,0,0,0,0,0,0
12,10,Tom Gugliotta,1996-97,November,Minnesota Timberwolves,San Antonio Spurs,4,0,0,0,0,0,0
13,3,Carl Herrera,1996-97,November,San Antonio Spurs,Minnesota Timberwolves,0,0,1,0,0,0,1
14,12,Tom Gugliotta,1996-97,November,Minnesota Timberwolves,San Antonio Spurs,5,0,0,0,0,0,0
16,0,Kevin Garnett,1996-97,November,San Antonio Spurs,Minnesota Timberwolves,0,0,0,1,0,0,0
17,14,Tom Gugliotta,1996-97,November,Minnesota Timberwolves,San Antonio Spurs,5,0,1,0,0,0,0
18,16,Kevin Garnett,1996-97,November,Minnesota Timberwolves,San Antonio Spurs,2,0,0,1,0,0,0
19,9,Stephon Marbury,1996-97,November,Minnesota Timberwolves,San Antonio Spurs,0,1,1,0,0,0,0
21,13,Carl Herrera,1996-97,November,San Antonio Spurs,Minnesota Timberwolves,0,0,2,0,0,0,1
23,18,Kevin Garnett,1996-97,November,Minnesota Timberwolves,San Antonio Spurs,2,0,1,1,0,0,0
24,17,Tom Gugliotta,1996-97,November,Minnesota Timberwolves,San Antonio Spurs,7,0,1,0,0,0,0
25,6,Stojko Vrankovic,1996-97,November,Minnesota Timberwolves,San Antonio Spurs,2,0,0,0,0,0,1
27,11,Sean Elliott,1996-97,November,San Antonio Spurs,Minnesota Timberwolves,3,0,0,0,0,0,0
29,0,Greg Anderson,1996-97,November,San Antonio Spurs,Minnesota Timberwolves,0,0,1,0,0,0,0
30,5,Avery Johnson,1996-97,November,San Antonio Spurs,Minnesota Timberwolves,2,0,0,0,0,0,1
31,30,Avery Johnson,1996-97,November,San Antonio Spurs,Minnesota Timberwolves,2,0,0,0,0,1,1
32,7,Doug West,1996-97,November,Minnesota Timberwolves,San Antonio Spurs,0,1,0,0,0,2,1
33,21,Carl Herrera,1996-97,November,Minnesota Timberwolves,San Antonio Spurs,0,0,2,0,1,0,1
35,25,Stojko Vrankovic,1996-97,November,San Antonio Spurs,Minnesota Timberwolves,2,0,0,1,0,0,1
36,23,Kevin Garnett,1996-97,November,Minnesota Timberwolves,San Antonio Spurs,4,0,1,1,0,0,0
37,31,Avery Johnson,1996-97,November,San Antonio Spurs,Minnesota Timberwolves,2,0,0,0,0,2,1
38,36,Kevin Garnett,1996-97,November,San Antonio Spurs,Minnesota Timberwolves,4,0,1,1,1,0,0
39,19,Stephon Marbury,1996-97,November,Minnesota Timberwolves,San Antonio Spurs,0,1,1,0,0,1,0
41,29,Greg Anderson,1996-97,November,San Antonio Spurs,Minnesota Timberwolves,0,0,2,0,0,0,0
43,35,Stojko Vrankovic,1996-97,November,San Antonio Spurs,Minnesota Timberwolves,2,0,0,2,0,0,1
44,39,Stephon Marbury,1996-97,November,Minnesota Timberwolves,San Antonio Spurs,0,1,2,0,0,1,0
46,37,Avery Johnson,1996-97,November,San Antonio Spurs,Minnesota Timberwolves,2,0,1,0,0,2,1
47,0,Vinny Del Negro,1996-97,November,San Antonio Spurs,Minnesota Timberwolves,2,0,0,0,0,0,0
48,27,Sean Elliott,1996-97,November,San Antonio Spurs,Minnesota Timberwolves,3,1,0,0,0,0,0
50,33,Carl Herrera,1996-97,November,San Antonio Spurs,Minnesota Timberwolves,0,0,3,0,1,0,1
51,46,Avery Johnson,1996-97,November,San Antonio Spurs,Minnesota Timberwolves,2,0,1,0,0,3,1
52,24,Tom Gugliotta,1996-97,November,Minnesota Timberwolves,San Antonio Spurs,9,0,1,0,0,0,0
53,38,Kevin Garnett,1996-97,November,Minnesota Timberwolves,San Antonio Spurs,4,1,1,1,1,0,0
54,51,Avery Johnson,1996-97,November,San Antonio Spurs,Minnesota Timberwolves,4,0,1,0,0,3,1
55,47,Vinny Del Negro,1996-97,November,San Antonio Spurs,Minnesota Timberwolves,2,1,0,0,0,0,0
57,53,Kevin Garnett,1996-97,November,Minnesota Timberwolves,San Antonio Spurs,4,1,2,1,1,0,0
59,41,Greg Anderson,1996-97,November,San Antonio Spurs,Minnesota Timberwolves,0,0,3,0,0,0,0
60,52,Tom Gugliotta,1996-97,November,Minnesota Timberwolves,San Antonio Spurs,9,0,1,0,0,0,1
62,48,Sean Elliott,1996-97,November,San Antonio Spurs,Minnesota Timberwolves,4,1,0,0,0,0,0
63,60,Tom Gugliotta,1996-97,November,Minnesota Timberwolves,San Antonio Spurs,11,0,1,0,0,0,1
64,57,Kevin Garnett,1996-97,November,Minnesota Timberwolves,San Antonio Spurs,4,2,2,1,1,0,0
65,32,Doug West,1996-97,November,Minnesota Timberwolves,San Antonio Spurs,0,1,0,0,0,2,2
67,0,Vernon Maxwell,1996-97,November,San Antonio Spurs,Minnesota Timberwolves,1,0,0,0,0,0,0
69,59,Greg Anderson,1996-97,November,San Antonio Spurs,Minnesota Timberwolves,0,0,4,0,0,0,0
71,0,Terry Porter,1996-97,November,Minnesota Timberwolves,San Antonio Spurs,0,0,1,0,0,0,0
72,71,Terry Porter,1996-97,November,Minnesota Timberwolves,San Antonio Spurs,0,0,1,0,0,1,0
73,0,James Robinson,1996-97,November,Minnesota Timberwolves,San Antonio Spurs,0,0,0,0,0,0,1
74,67,Vernon Maxwell,1996-97,November,San Antonio Spurs,Minnesota Timberwolves,2,0,0,0,0,0,0
75,74,Vernon Maxwell,1996-97,November,San Antonio Spurs,Minnesota Timberwolves,3,0,0,0,0,0,0
76,62,Sean Elliott,1996-97,November,San Antonio Spurs,Minnesota Timberwolves,4,1,0,0,0,0,1
77,63,Tom Gugliotta,1996-97,November,Minnesota Timberwolves,San Antonio Spurs,12,0,1,0,0,0,1
79,69,Greg Anderson,1996-97,November,San Antonio Spurs,Minnesota Timberwolves,0,0,5,0,0,0,0
80,76,Sean Elliott,1996-97,November,San Antonio Spurs,Minnesota Timberwolves,4,1,0,0,0,1,1
81,72,Terry Porter,1996-97,November,Minnesota Timberwolves,San Antonio Spurs,2,0,1,0,0,1,0
84,64,Kevin Garnett,1996-97,November,San Antonio Spurs,Minnesota Timberwolves,4,2,2,2,1,0,0
85,0,Dominique Wilkins,1996-97,November,San Antonio Spurs,Minnesota Timberwolves,0,0,1,0,0,0,0
87,79,Greg Anderson,1996-97,November,San Antonio Spurs,Minnesota Timberwolves,0,0,6,0,0,0,0
89,84,Kevin Garnett,1996-97,November,Minnesota Timberwolves,San Antonio Spurs,4,2,3,2,1,0,0
91,87,Greg Anderson,1996-97,November,San Antonio Spurs,Minnesota Timberwolves,0,0,7,0,0,0,0
93,77,Tom Gugliotta,1996-97,November,Minnesota Timberwolves,San Antonio Spurs,12,0,2,0,0,0,1
95,85,Dominique Wilkins,1996-97,November,San Antonio Spurs,Minnesota Timberwolves,0,0,2,0,0,0,0
96,95,Dominique Wilkins,1996-97,November,San Antonio Spurs,Minnesota Timberwolves,2,0,2,0,0,0,0
97,91,Greg Anderson,1996-97,November,San Antonio Spurs,Minnesota Timberwolves,0,0,7,0,0,0,1
98,93,Tom Gugliotta,1996-97,November,Minnesota Timberwolves,San Antonio Spurs,13,0,2,0,0,0,1
99,98,Tom Gugliotta,1996-97,November,Minnesota Timberwolves,San Antonio Spurs,14,0,2,0,0,0,1
101,80,Sean Elliott,1996-97,November,San Antonio Spurs,Minnesota Timberwolves,4,1,1,0,0,1,1
103,89,Kevin Garnett,1996-97,November,San Antonio Spurs,Minnesota Timberwolves,4,2,3,3,1,0,0
104,103,Kevin Garnett,1996-97,November,Minnesota Timberwolves,San Antonio Spurs,4,2,4,3,1,0,0
106,101,Sean Elliott,1996-97,November,San Antonio Spurs,Minnesota Timberwolves,4,1,2,0,0,1,1
108,104,Kevin Garnett,1996-97,November,San Antonio Spurs,Minnesota Timberwolves,4,2,4,4,1,0,0
109,0,Sam Mitchell,1996-97,November,Minnesota Timberwolves,San Antonio Spurs,2,0,0,0,0,0,0
110,73,James Robinson,1996-97,November,Minnesota Timberwolves,San Antonio Spurs,0,1,0,0,0,0,1
111,75,Vernon Maxwell,1996-97,November,San Antonio Spurs,Minnesota Timberwolves,3,0,0,0,0,1,0
112,108,Kevin Garnett,1996-97,November,Minnesota Timberwolves,San Antonio Spurs,4,2,4,4,1,1,0
113,0,Cory Alexander,1996-97,November,Minnesota Timberwolves,San Antonio Spurs,0,0,0,0,1,0,0
114,111,Vernon Maxwell,1996-97,November,San Antonio Spurs,Minnesota Timberwolves,3,0,0,0,0,2,0
115,0,Cherokee Parks,1996-97,November,San Antonio Spurs,Minnesota Timberwolves,0,0,0,0,1,0,0
117,112,Kevin Garnett,1996-97,November,Minnesota Timberwolves,San Antonio Spurs,4,2,4,4,1,2,0
118,114,Vernon Maxwell,1996-97,November,Minnesota Timberwolves,San Antonio Spurs,3,0,0,0,1,2,0
119,113,Cory Alexander,1996-97,November,San Antonio Spurs,Minnesota Timberwolves,2,0,0,0,1,0,0
120,118,Vernon Maxwell,1996-97,November,San Antonio Spurs,Minnesota Timberwolves,3,1,0,0,1,2,0
122,119,Cory Alexander,1996-97,November,San Antonio Spurs,Minnesota Timberwolves,2,0,1,0,1,0,0
123,0,Charles Smith,1996-97,November,San Antonio Spurs,Minnesota Timberwolves,2,0,0,0,0,0,0
124,122,Cory Alexander,1996-97,November,San Antonio Spurs,Minnesota Timberwolves,2,1,1,0,1,0,0
126,106,Sean Elliott,1996-97,November,San Antonio Spurs,Minnesota Timberwolves,4,1,3,0,0,1,1
127,120,Vernon Maxwell,1996-97,November,San Antonio Spurs,Minnesota Timberwolves,5,1,0,0,1,2,0
128,124,Cory Alexander,1996-97,November,San Antonio Spurs,Minnesota Timberwolves,2,2,1,0,1,0,0
129,110,James Robinson,1996-97,November,Minnesota Timberwolves,San Antonio Spurs,0,1,0,0,0,1,1
130,123,Charles Smith,1996-97,November,Minnesota Timberwolves,San Antonio Spurs,2,0,0,0,1,0,0
131,127,Vernon Maxwell,1996-97,November,San Antonio Spurs,Minnesota Timberwolves,7,1,0,0,1,2,0
132,130,Charles Smith,1996-97,November,San Antonio Spurs,Minnesota Timberwolves,2,1,0,0,1,0,0
133,99,Tom Gugliotta,1996-97,November,Minnesota Timberwolves,San Antonio Spurs,14,0,2,0,0,1,1
134,96,Dominique Wilkins,1996-97,November,Minnesota Timberwolves,San Antonio Spurs,2,0,2,0,1,0,0
135,129,James Robinson,1996-97,November,Minnesota Timberwolves,San Antonio Spurs,0,1,0,0,0,1,2
136,132,Charles Smith,1996-97,November,San Antonio Spurs,Minnesota Timberwolves,3,1,0,0,1,0,0
137,136,Charles Smith,1996-97,November,San Antonio Spurs,Minnesota Timberwolves,4,1,0,0,1,0,0
138,135,James Robinson,1996-97,November,Minnesota Timberwolves,San Antonio Spurs,0,1,0,0,0,2,2
139,128,Cory Alexander,1996-97,November,San Antonio Spurs,Minnesota Timberwolves,2,2,1,0,1,1,0
141,134,Dominique Wilkins,1996-97,November,San Antonio Spurs,Minnesota Timberwolves,2,0,3,0,1,0,0
142,141,Dominique Wilkins,1996-97,November,San Antonio Spurs,Minnesota Timberwolves,4,0,3,0,1,0,0
143,137,Charles Smith,1996-97,November,San Antonio Spurs,Minnesota Timberwolves,4,2,0,0,1,0,0
144,109,Sam Mitchell,1996-97,November,Minnesota Timberwolves,San Antonio Spurs,4,0,0,0,0,0,0
145,0,Monty Williams,1996-97,November,San Antonio Spurs,Minnesota Timberwolves,2,0,0,0,0,0,0
146,142,Dominique Wilkins,1996-97,November,San Antonio Spurs,Minnesota Timberwolves,4,1,3,0,1,0,0
148,143,Charles Smith,1996-97,November,San Antonio Spurs,Minnesota Timberwolves,4,2,1,0,1,0,0
150,133,Tom Gugliotta,1996-97,November,Minnesota Timberwolves,San Antonio Spurs,14,0,3,0,0,1,1
151,150,Tom Gugliotta,1996-97,November,Minnesota Timberwolves,San Antonio Spurs,14,0,3,0,0,2,1
152,139,Cory Alexander,1996-97,November,Minnesota Timberwolves,San Antonio Spurs,2,2,1,0,2,1,0
154,0,Chris Carr,1996-97,November,Minnesota Timberwolves,San Antonio Spurs,0,0,1,0,0,0,0
155,151,Tom Gugliotta,1996-97,November,Minnesota Timberwolves,San Antonio Spurs,14,0,3,0,0,3,1
156,131,Vernon Maxwell,1996-97,November,San Antonio Spurs,Minnesota Timberwolves,9,1,0,0,1,2,0
157,152,Cory Alexander,1996-97,November,San Antonio Spurs,Minnesota Timberwolves,2,3,1,0,2,1,0
158,145,Monty Williams,1996-97,November,San Antonio Spurs,Minnesota Timberwolves,2,0,0,0,0,0,1
159,117,Kevin Garnett,1996-97,November,Minnesota Timberwolves,San Antonio Spurs,5,2,4,4,1,2,0
161,148,Charles Smith,1996-97,November,San Antonio Spurs,Minnesota Timberwolves,4,2,2,0,1,0,0
162,146,Dominique Wilkins,1996-97,November,San Antonio Spurs,Minnesota Timberwolves,4,1,3,0,1,1,0
163,158,Monty Williams,1996-97,November,San Antonio Spurs,Minnesota Timberwolves,2,0,0,0,0,0,2
164,157,Cory Alexander,1996-97,November,San Antonio Spurs,Minnesota Timberwolves,2,3,1,0,2,1,1
165,155,Tom Gugliotta,1996-97,November,Minnesota Timberwolves,San Antonio Spurs,15,0,3,0,0,3,1
166,165,Tom Gugliotta,1996-97,November,Minnesota Timberwolves,San Antonio Spurs,16,0,3,0,0,3,1
167,156,Vernon Maxwell,1996-97,November,San Antonio Spurs,Minnesota Timberwolves,9,1,0,0,1,3,0
168,159,Kevin Garnett,1996-97,November,San Antonio Spurs,Minnesota Timberwolves,5,2,4,4,2,2,0
169,161,Charles Smith,1996-97,November,San Antonio Spurs,Minnesota Timberwolves,4,2,2,0,1,0,1
171,144,Sam Mitchell,1996-97,November,Minnesota Timberwolves,San Antonio Spurs,5,0,0,0,0,0,0
172,171,Sam Mitchell,1996-97,November,Minnesota Timberwolves,San Antonio Spurs,5,0,0,0,0,0,1
173,168,Kevin Garnett,1996-97,November,Minnesota Timberwolves,San Antonio Spurs,5,2,4,4,2,2,1
174,126,Sean Elliott,1996-97,November,San Antonio Spurs,Minnesota Timberwolves,5,1,3,0,0,1,1
176,172,Sam Mitchell,1996-97,November,Minnesota Timberwolves,San Antonio Spurs,5,0,1,0,0,0,1
177,54,Avery Johnson,1996-97,November,San Antonio Spurs,Minnesota Timberwolves,4,0,1,0,0,3,2
179,138,James Robinson,1996-97,November,Minnesota Timberwolves,San Antonio Spurs,1,1,0,0,0,2,2
181,162,Dominique Wilkins,1996-97,November,San Antonio Spurs,Minnesota Timberwolves,4,1,4,0,1,1,0
183,173,Kevin Garnett,1996-97,November,Minnesota Timberwolves,San Antonio Spurs,7,2,4,4,2,2,1
184,179,James Robinson,1996-97,November,Minnesota Timberwolves,San Antonio Spurs,1,2,0,0,0,2,2
185,169,Charles Smith,1996-97,November,San Antonio Spurs,Minnesota Timberwolves,4,2,2,0,1,1,1
186,184,James Robinson,1996-97,November,Minnesota Timberwolves,San Antonio Spurs,2,2,0,0,0,2,2
187,177,Avery Johnson,1996-97,November,San Antonio Spurs,Minnesota Timberwolves,4,0,1,0,0,3,3
189,186,James Robinson,1996-97,November,Minnesota Timberwolves,San Antonio Spurs,3,2,0,0,0,2,2
190,174,Sean Elliott,1996-97,November,San Antonio Spurs,Minnesota Timberwolves,7,1,3,0,0,1,1
191,164,Cory Alexander,1996-97,November,San Antonio Spurs,Minnesota Timberwolves,2,4,1,0,2,1,1
193,190,Sean Elliott,1996-97,November,San Antonio Spurs,Minnesota Timberwolves,7,1,4,0,0,1,1
195,166,Tom Gugliotta,1996-97,November,San Antonio Spurs,Minnesota Timberwolves,16,0,3,1,0,3,1
196,181,Dominique Wilkins,1996-97,November,San Antonio Spurs,Minnesota Timberwolves,4,1,5,0,1,1,0
197,196,Dominique Wilkins,1996-97,November,San Antonio Spurs,Minnesota Timberwolves,4,1,5,0,1,2,0
198,195,Tom Gugliotta,1996-97,November,San Antonio Spurs,Minnesota Timberwolves,16,0,3,1,1,3,1
199,198,Tom Gugliotta,1996-97,November,Minnesota Timberwolves,San Antonio Spurs,16,0,3,1,1,4,1
200,191,Cory Alexander,1996-97,November,Minnesota Timberwolves,San Antonio Spurs,2,4,1,0,3,1,1
202,183,Kevin Garnett,1996-97,November,Minnesota Timberwolves,San Antonio Spurs,9,2,4,4,2,2,1
203,199,Tom Gugliotta,1996-97,November,Minnesota Timberwolves,San Antonio Spurs,16,1,3,1,1,4,1
204,185,Charles Smith,1996-97,November,San Antonio Spurs,Minnesota Timberwolves,6,2,2,0,1,1,1
205,193,Sean Elliott,1996-97,November,San Antonio Spurs,Minnesota Timberwolves,7,2,4,0,0,1,1
207,176,Sam Mitchell,1996-97,November,Minnesota Timberwolves,San Antonio Spurs,5,0,2,0,0,0,1
208,204,Charles Smith,1996-97,November,San Antonio Spurs,Minnesota Timberwolves,6,2,2,0,1,1,2
209,207,Sam Mitchell,1996-97,November,Minnesota Timberwolves,San Antonio Spurs,6,0,2,0,0,0,1
210,209,Sam Mitchell,1996-97,November,Minnesota Timberwolves,San Antonio Spurs,7,0,2,0,0,0,1
211,205,Sean Elliott,1996-97,November,San Antonio Spurs,Minnesota Timberwolves,9,2,4,0,0,1,1
213,208,Charles Smith,1996-97,November,Minnesota Timberwolves,San Antonio Spurs,6,2,2,1,1,1,2
214,200,Cory Alexander,1996-97,November,San Antonio Spurs,Minnesota Timberwolves,2,4,2,0,3,1,1
216,154,Chris Carr,1996-97,November,San Antonio Spurs,Minnesota Timberwolves,0,0,1,1,0,0,0
217,216,Chris Carr,1996-97,November,Minnesota Timberwolves,San Antonio Spurs,0,0,2,1,0,0,0
218,217,Chris Carr,1996-97,November,Minnesota Timberwolves,San Antonio Spurs,0,0,2,1,0,1,0
219,211,Sean Elliott,1996-97,November,Minnesota Timberwolves,San Antonio Spurs,9,2,4,0,1,1,1
220,197,Dominique Wilkins,1996-97,November,San Antonio Spurs,Minnesota Timberwolves,6,1,5,0,1,2,0
221,55,Vinny Del Negro,1996-97,November,San Antonio Spurs,Minnesota Timberwolves,2,2,0,0,0,0,0
224,220,Dominique Wilkins,1996-97,November,San Antonio Spurs,Minnesota Timberwolves,6,1,6,0,1,2,0
226,203,Tom Gugliotta,1996-97,November,Minnesota Timberwolves,San Antonio Spurs,16,1,4,1,1,4,1
227,219,Sean Elliott,1996-97,November,San Antonio Spurs,Minnesota Timberwolves,9,2,4,0,1,1,2
229,227,Sean Elliott,1996-97,November,San Antonio Spurs,Minnesota Timberwolves,9,2,5,0,1,1,2
231,226,Tom Gugliotta,1996-97,November,Minnesota Timberwolves,San Antonio Spurs,16,1,5,1,1,4,1
232,43,Stojko Vrankovic,1996-97,November,Minnesota Timberwolves,San Antonio Spurs,4,0,0,2,0,0,1
233,81,Terry Porter,1996-97,November,Minnesota Timberwolves,San Antonio Spurs,2,1,1,0,0,1,0
234,97,Greg Anderson,1996-97,November,San Antonio Spurs,Minnesota Timberwolves,0,0,7,0,0,1,1
235,233,Terry Porter,1996-97,November,Minnesota Timberwolves,San Antonio Spurs,5,1,1,0,0,1,0
236,202,Kevin Garnett,1996-97,November,Minnesota Timberwolves,San Antonio Spurs,9,3,4,4,2,2,1
238,232,Stojko Vrankovic,1996-97,November,Minnesota Timberwolves,San Antonio Spurs,4,0,1,2,0,0,1
239,65,Doug West,1996-97,November,Minnesota Timberwolves,San Antonio Spurs,0,1,0,0,0,3,2
240,221,Vinny Del Negro,1996-97,November,Minnesota Timberwolves,San Antonio Spurs,2,2,0,0,1,0,0
242,44,Stephon Marbury,1996-97,November,Minnesota Timberwolves,San Antonio Spurs,0,1,3,0,0,1,0
243,239,Doug West,1996-97,November,Minnesota Timberwolves,San Antonio Spurs,2,1,0,0,0,3,2
244,242,Stephon Marbury,1996-97,November,Minnesota Timberwolves,San Antonio Spurs,0,2,3,0,0,1,0
245,214,Cory Alexander,1996-97,November,San Antonio Spurs,Minnesota Timberwolves,2,4,2,0,3,2,1
246,236,Kevin Garnett,1996-97,November,San Antonio Spurs,Minnesota Timberwolves,9,3,4,4,3,2,1
247,243,Doug West,1996-97,November,Minnesota Timberwolves,San Antonio Spurs,4,1,0,0,0,3,2
248,246,Kevin Garnett,1996-97,November,Minnesota Timberwolves,San Antonio Spurs,9,4,4,4,3,2,1
249,234,Greg Anderson,1996-97,November,San Antonio Spurs,Minnesota Timberwolves,2,0,7,0,0,1,1
250,229,Sean Elliott,1996-97,November,San Antonio Spurs,Minnesota Timberwolves,9,3,5,0,1,1,2
252,245,Cory Alexander,1996-97,November,San Antonio Spurs,Minnesota Timberwolves,2,4,3,0,3,2,1
254,238,Stojko Vrankovic,1996-97,November,San Antonio Spurs,Minnesota Timberwolves,4,0,1,3,0,0,1
255,254,Stojko Vrankovic,1996-97,November,Minnesota Timberwolves,San Antonio Spurs,4,0,2,3,0,0,1
257,252,Cory Alexander,1996-97,November,San Antonio Spurs,Minnesota Timberwolves,2,4,4,0,3,2,1
258,250,Sean Elliott,1996-97,November,San Antonio Spurs,Minnesota Timberwolves,9,3,5,0,1,1,3
259,258,Sean Elliott,1996-97,November,San Antonio Spurs,Minnesota Timberwolves,9,3,5,0,1,2,3
260,257,Cory Alexander,1996-97,November,San Antonio Spurs,Minnesota Timberwolves,2,4,4,0,3,2,2
262,224,Dominique Wilkins,1996-97,November,Minnesota Timberwolves,San Antonio Spurs,6,1,6,1,1,2,0
263,260,Cory Alexander,1996-97,November,San Antonio Spurs,Minnesota Timberwolves,2,4,5,0,3,2,2
265,255,Stojko Vrankovic,1996-97,November,Minnesota Timberwolves,San Antonio Spurs,4,0,3,3,0,0,1
266,248,Kevin Garnett,1996-97,November,Minnesota Timberwolves,San Antonio Spurs,11,4,4,4,3,2,1
267,213,Charles Smith,1996-97,November,San Antonio Spurs,Minnesota Timberwolves,8,2,2,1,1,1,2
268,262,Dominique Wilkins,1996-97,November,San Antonio Spurs,Minnesota Timberwolves,6,2,6,1,1,2,0
270,167,Vernon Maxwell,1996-97,November,San Antonio Spurs,Minnesota Timberwolves,9,1,1,0,1,3,0
272,231,Tom Gugliotta,1996-97,November,Minnesota Timberwolves,San Antonio Spurs,16,1,6,1,1,4,1
274,267,Charles Smith,1996-97,November,San Antonio Spurs,Minnesota Timberwolves,8,2,3,1,1,1,2
275,235,Terry Porter,1996-97,November,Minnesota Timberwolves,San Antonio Spurs,5,1,1,0,0,1,1
276,268,Dominique Wilkins,1996-97,November,San Antonio Spurs,Minnesota Timberwolves,7,2,6,1,1,2,0
277,276,Dominique Wilkins,1996-97,November,San Antonio Spurs,Minnesota Timberwolves,8,2,6,1,1,2,0
279,277,Dominique Wilkins,1996-97,November,San Antonio Spurs,Minnesota Timberwolves,8,2,7,1,1,2,0
281,265,Stojko Vrankovic,1996-97,November,Minnesota Timberwolves,San Antonio Spurs,4,0,4,3,0,0,1
282,275,Terry Porter,1996-97,November,Minnesota Timberwolves,San Antonio Spurs,5,1,1,0,0,2,1
284,281,Stojko Vrankovic,1996-97,November,San Antonio Spurs,Minnesota Timberwolves,4,0,4,4,0,0,1
285,266,Kevin Garnett,1996-97,November,Minnesota Timberwolves,San Antonio Spurs,11,4,5,4,3,2,1
286,279,Dominique Wilkins,1996-97,November,San Antonio Spurs,Minnesota Timberwolves,8,2,7,1,1,2,1
287,286,Dominique Wilkins,1996-97,November,San Antonio Spurs,Minnesota Timberwolves,8,2,7,1,1,2,2
289,285,Kevin Garnett,1996-97,November,Minnesota Timberwolves,San Antonio Spurs,11,4,6,4,3,2,1
290,289,Kevin Garnett,1996-97,November,Minnesota Timberwolves,San Antonio Spurs,13,4,6,4,3,2,1
291,263,Cory Alexander,1996-97,November,San Antonio Spurs,Minnesota Timberwolves,2,4,5,0,3,3,2
292,282,Terry Porter,1996-97,November,San Antonio Spurs,Minnesota Timberwolves,5,1,1,0,1,2,1
294,291,Cory Alexander,1996-97,November,San Antonio Spurs,Minnesota Timberwolves,2,4,6,0,3,3,2
295,274,Charles Smith,1996-97,November,San Antonio Spurs,Minnesota Timberwolves,10,2,3,1,1,1,2
296,292,Terry Porter,1996-97,November,Minnesota Timberwolves,San Antonio Spurs,7,1,1,0,1,2,1
298,284,Stojko Vrankovic,1996-97,November,San Antonio Spurs,Minnesota Timberwolves,4,0,4,5,0,0,1
299,163,Monty Williams,1996-97,November,San Antonio Spurs,Minnesota Timberwolves,2,0,1,0,0,0,2
301,290,Kevin Garnett,1996-97,November,Minnesota Timberwolves,San Antonio Spurs,13,4,7,4,3,2,1
303,272,Tom Gugliotta,1996-97,November,Minnesota Timberwolves,San Antonio Spurs,16,1,6,1,1,4,2
305,294,Cory Alexander,1996-97,November,San Antonio Spurs,Minnesota Timberwolves,3,4,6,0,3,3,2
307,295,Charles Smith,1996-97,November,San Antonio Spurs,Minnesota Timberwolves,10,2,4,1,1,1,2
309,210,Sam Mitchell,1996-97,November,Minnesota Timberwolves,San Antonio Spurs,7,0,3,0,0,0,1
311,307,Charles Smith,1996-97,November,San Antonio Spurs,Minnesota Timberwolves,10,2,5,1,1,1,2
312,299,Monty Williams,1996-97,November,San Antonio Spurs,Minnesota Timberwolves,4,0,1,0,0,0,2
313,305,Cory Alexander,1996-97,November,San Antonio Spurs,Minnesota Timberwolves,3,5,6,0,3,3,2
314,298,Stojko Vrankovic,1996-97,November,Minnesota Timberwolves,San Antonio Spurs,4,0,4,5,0,0,2
315,314,Stojko Vrankovic,1996-97,November,Minnesota Timberwolves,San Antonio Spurs,4,0,4,5,0,1,2
317,301,Kevin Garnett,1996-97,November,Minnesota Timberwolves,San Antonio Spurs,13,4,8,4,3,2,1
319,317,Kevin Garnett,1996-97,November,Minnesota Timberwolves,San Antonio Spurs,13,4,9,4,3,2,1
321,187,Avery Johnson,1996-97,November,San Antonio Spurs,Minnesota Timberwolves,6,0,1,0,0,3,3
322,189,James Robinson,1996-97,November,Minnesota Timberwolves,San Antonio Spurs,5,2,0,0,0,2,2
323,315,Stojko Vrankovic,1996-97,November,Minnesota Timberwolves,San Antonio Spurs,4,1,4,5,0,1,2
324,287,Dominique Wilkins,1996-97,November,San Antonio Spurs,Minnesota Timberwolves,11,2,7,1,1,2,2
325,321,Avery Johnson,1996-97,November,San Antonio Spurs,Minnesota Timberwolves,6,1,1,0,0,3,3
326,322,James Robinson,1996-97,November,Minnesota Timberwolves,San Antonio Spurs,8,2,0,0,0,2,2
327,319,Kevin Garnett,1996-97,November,Minnesota Timberwolves,San Antonio Spurs,13,5,9,4,3,2,1
328,247,Doug West,1996-97,November,Minnesota Timberwolves,San Antonio Spurs,4,1,0,0,0,3,3
330,325,Avery Johnson,1996-97,November,San Antonio Spurs,Minnesota Timberwolves,7,1,1,0,0,3,3
332,259,Sean Elliott,1996-97,November,San Antonio Spurs,Minnesota Timberwolves,9,3,6,0,1,2,3
334,303,Tom Gugliotta,1996-97,November,San Antonio Spurs,Minnesota Timberwolves,16,1,6,2,1,4,2
335,334,Tom Gugliotta,1996-97,November,Minnesota Timberwolves,San Antonio Spurs,18,1,6,2,1,4,2
336,326,James Robinson,1996-97,November,Minnesota Timberwolves,San Antonio Spurs,8,3,0,0,0,2,2
338,328,Doug West,1996-97,November,Minnesota Timberwolves,San Antonio Spurs,4,1,1,0,0,3,3
340,335,Tom Gugliotta,1996-97,November,Minnesota Timberwolves,San Antonio Spurs,18,1,7,2,1,4,2
342,311,Charles Smith,1996-97,November,Minnesota Timberwolves,San Antonio Spurs,10,2,5,2,1,1,2
343,309,Sam Mitchell,1996-97,November,Minnesota Timberwolves,San Antonio Spurs,7,0,4,0,0,0,1
344,323,Stojko Vrankovic,1996-97,November,Minnesota Timberwolves,San Antonio Spurs,6,1,4,5,0,1,2
345,343,Sam Mitchell,1996-97,November,Minnesota Timberwolves,San Antonio Spurs,7,1,4,0,0,0,1
346,324,Dominique Wilkins,1996-97,November,San Antonio Spurs,Minnesota Timberwolves,13,2,7,1,1,2,2
347,330,Avery Johnson,1996-97,November,San Antonio Spurs,Minnesota Timberwolves,7,2,1,0,0,3,3
349,342,Charles Smith,1996-97,November,Minnesota Timberwolves,San Antonio Spurs,10,2,5,3,1,1,2
350,340,Tom Gugliotta,1996-97,November,Minnesota Timberwolves,San Antonio Spurs,18,1,8,2,1,4,2
351,350,Tom Gugliotta,1996-97,November,Minnesota Timberwolves,San Antonio Spurs,20,1,8,2,1,4,2
352,349,Charles Smith,1996-97,November,San Antonio Spurs,Minnesota Timberwolves,10,2,5,3,1,1,3
353,352,Charles Smith,1996-97,November,San Antonio Spurs,Minnesota Timberwolves,10,2,5,3,1,2,3
354,353,Charles Smith,1996-97,November,San Antonio Spurs,Minnesota Timberwolves,10,2,5,3,1,2,4
355,345,Sam Mitchell,1996-97,November,Minnesota Timberwolves,San Antonio Spurs,8,1,4,0,0,0,1
356,355,Sam Mitchell,1996-97,November,Minnesota Timberwolves,San Antonio Spurs,9,1,4,0,0,0,1
357,270,Vernon Maxwell,1996-97,November,San Antonio Spurs,Minnesota Timberwolves,9,1,1,0,1,3,1
358,357,Vernon Maxwell,1996-97,November,San Antonio Spurs,Minnesota Timberwolves,9,1,1,0,1,4,1
359,336,James Robinson,1996-97,November,Minnesota Timberwolves,San Antonio Spurs,8,3,0,0,0,3,2
360,358,Vernon Maxwell,1996-97,November,Minnesota Timberwolves,San Antonio Spurs,9,1,1,0,2,4,1
361,347,Avery Johnson,1996-97,November,San Antonio Spurs,Minnesota Timberwolves,9,2,1,0,0,3,3
363,332,Sean Elliott,1996-97,November,San Antonio Spurs,Minnesota Timberwolves,9,3,7,0,1,2,3
364,346,Dominique Wilkins,1996-97,November,San Antonio Spurs,Minnesota Timberwolves,15,2,7,1,1,2,2
367,363,Sean Elliott,1996-97,November,San Antonio Spurs,Minnesota Timberwolves,9,3,8,0,1,2,3
368,361,Avery Johnson,1996-97,November,San Antonio Spurs,Minnesota Timberwolves,11,2,1,0,0,3,3
369,249,Greg Anderson,1996-97,November,San Antonio Spurs,Minnesota Timberwolves,2,0,7,0,0,1,2
371,359,James Robinson,1996-97,November,Minnesota Timberwolves,San Antonio Spurs,10,3,0,0,0,3,2
372,368,Avery Johnson,1996-97,November,San Antonio Spurs,Minnesota Timberwolves,11,2,1,0,0,3,4
374,351,Tom Gugliotta,1996-97,November,Minnesota Timberwolves,San Antonio Spurs,20,1,9,2,1,4,2
376,364,Dominique Wilkins,1996-97,November,San Antonio Spurs,Minnesota Timberwolves,15,2,8,1,1,2,2
377,367,Sean Elliott,1996-97,November,San Antonio Spurs,Minnesota Timberwolves,12,3,8,0,1,2,3
378,372,Avery Johnson,1996-97,November,San Antonio Spurs,Minnesota Timberwolves,11,3,1,0,0,3,4
379,327,Kevin Garnett,1996-97,November,Minnesota Timberwolves,San Antonio Spurs,15,5,9,4,3,2,1
380,371,James Robinson,1996-97,November,Minnesota Timberwolves,San Antonio Spurs,10,4,0,0,0,3,2
381,377,Sean Elliott,1996-97,November,San Antonio Spurs,Minnesota Timberwolves,14,3,8,0,1,2,3
382,378,Avery Johnson,1996-97,November,San Antonio Spurs,Minnesota Timberwolves,11,4,1,0,0,3,4
384,356,Sam Mitchell,1996-97,November,Minnesota Timberwolves,San Antonio Spurs,9,1,5,0,0,0,1
385,374,Tom Gugliotta,1996-97,November,Minnesota Timberwolves,San Antonio Spurs,22,1,9,2,1,4,2
386,379,Kevin Garnett,1996-97,November,Minnesota Timberwolves,San Antonio Spurs,15,6,9,4,3,2,1
387,384,Sam Mitchell,1996-97,November,Minnesota Timberwolves,San Antonio Spurs,9,1,5,0,0,0,2
388,354,Charles Smith,1996-97,November,San Antonio Spurs,Minnesota Timberwolves,12,2,5,3,1,2,4
389,382,Avery Johnson,1996-97,November,San Antonio Spurs,Minnesota Timberwolves,11,5,1,0,0,3,4
390,380,James Robinson,1996-97,November,Minnesota Timberwolves,San Antonio Spurs,13,4,0,0,0,3,2
392,385,Tom Gugliotta,1996-97,November,Minnesota Timberwolves,San Antonio Spurs,22,1,10,2,1,4,2
393,386,Kevin Garnett,1996-97,November,Minnesota Timberwolves,San Antonio Spurs,17,6,9,4,3,2,1
394,390,James Robinson,1996-97,November,Minnesota Timberwolves,San Antonio Spurs,13,5,0,0,0,3,2
395,376,Dominique Wilkins,1996-97,November,San Antonio Spurs,Minnesota Timberwolves,18,2,8,1,1,2,2
396,392,Tom Gugliotta,1996-97,November,Minnesota Timberwolves,San Antonio Spurs,24,1,10,2,1,4,2
398,394,James Robinson,1996-97,November,Minnesota Timberwolves,San Antonio Spurs,13,5,1,0,0,3,2
399,388,Charles Smith,1996-97,November,San Antonio Spurs,Minnesota Timberwolves,12,2,5,3,1,2,5
400,389,Avery Johnson,1996-97,November,San Antonio Spurs,Minnesota Timberwolves,11,5,1,0,0,3,5
401,398,James Robinson,1996-97,November,Minnesota Timberwolves,San Antonio Spurs,14,5,1,0,0,3,2
402,401,James Robinson,1996-97,November,Minnesota Timberwolves,San Antonio Spurs,15,5,1,0,0,3,2
403,400,Avery Johnson,1996-97,November,San Antonio Spurs,Minnesota Timberwolves,14,5,1,0,0,3,5
404,399,Charles Smith,1996-97,November,San Antonio Spurs,Minnesota Timberwolves,12,3,5,3,1,2,5
