id,previous_id,player,season,month,team,opponent_team,points,assists,rebounds,blocks,steals,turnovers,personal fouls
2,0,Blue Edwards,1996-97,November,Vancouver Grizzlies,New York Knicks,0,0,1,0,0,0,0
3,0,Greg Anthony,1996-97,November,Vancouver Grizzlies,New York Knicks,2,0,0,0,0,0,0
5,0,Patrick Ewing,1996-97,November,New York Knicks,Vancouver Grizzlies,0,0,1,0,0,0,0
7,0,Larry Johnson,1996-97,November,New York Knicks,Vancouver Grizzlies,0,0,1,0,0,0,0
8,0,Charles Oakley,1996-97,November,New York Knicks,Vancouver Grizzlies,2,0,0,0,0,0,0
9,7,Larry Johnson,1996-97,November,New York Knicks,Vancouver Grizzlies,0,1,1,0,0,0,0
11,2,Blue Edwards,1996-97,November,Vancouver Grizzlies,New York Knicks,0,0,2,0,0,0,0
12,0,Roy Rogers,1996-97,November,Vancouver Grizzlies,New York Knicks,2,0,0,0,0,0,0
13,3,Greg Anthony,1996-97,November,Vancouver Grizzlies,New York Knicks,2,1,0,0,0,0,0
14,0,Charlie Ward,1996-97,November,New York Knicks,Vancouver Grizzlies,3,0,0,0,0,0,0
15,5,Patrick Ewing,1996-97,November,New York Knicks,Vancouver Grizzlies,0,1,1,0,0,0,0
17,15,Patrick Ewing,1996-97,November,New York Knicks,Vancouver Grizzlies,0,1,2,0,0,0,0
18,11,Blue Edwards,1996-97,November,Vancouver Grizzlies,New York Knicks,0,0,2,0,0,0,1
20,18,Blue Edwards,1996-97,November,Vancouver Grizzlies,New York Knicks,0,0,3,0,0,0,1
21,0,Anthony Peeler,1996-97,November,Vancouver Grizzlies,New York Knicks,3,0,0,0,0,0,0
22,13,Greg Anthony,1996-97,November,Vancouver Grizzlies,New York Knicks,2,2,0,0,0,0,0
23,17,Patrick Ewing,1996-97,November,New York Knicks,Vancouver Grizzlies,0,1,2,0,0,1,0
24,22,Greg Anthony,1996-97,November,Vancouver Grizzlies,New York Knicks,2,2,0,0,1,0,0
25,12,Roy Rogers,1996-97,November,Vancouver Grizzlies,New York Knicks,4,0,0,0,0,0,0
26,24,Greg Anthony,1996-97,November,Vancouver Grizzlies,New York Knicks,2,3,0,0,1,0,0
27,14,Charlie Ward,1996-97,November,New York Knicks,Vancouver Grizzlies,3,0,0,0,0,1,0
28,26,Greg Anthony,1996-97,November,Vancouver Grizzlies,New York Knicks,2,3,0,0,2,0,0
30,0,Bryant Reeves,1996-97,November,Vancouver Grizzlies,New York Knicks,0,0,1,0,0,0,0
32,23,Patrick Ewing,1996-97,November,New York Knicks,Vancouver Grizzlies,0,1,3,0,0,1,0
33,8,Charles Oakley,1996-97,November,New York Knicks,Vancouver Grizzlies,4,0,0,0,0,0,0
34,32,Patrick Ewing,1996-97,November,New York Knicks,Vancouver Grizzlies,0,2,3,0,0,1,0
36,34,Patrick Ewing,1996-97,November,New York Knicks,Vancouver Grizzlies,0,2,4,0,0,1,0
38,25,Roy Rogers,1996-97,November,Vancouver Grizzlies,New York Knicks,4,0,1,0,0,0,0
39,0,Allan Houston,1996-97,November,New York Knicks,Vancouver Grizzlies,0,0,0,0,0,0,1
40,21,Anthony Peeler,1996-97,November,Vancouver Grizzlies,New York Knicks,4,0,0,0,0,0,0
41,40,Anthony Peeler,1996-97,November,Vancouver Grizzlies,New York Knicks,5,0,0,0,0,0,0
43,41,Anthony Peeler,1996-97,November,Vancouver Grizzlies,New York Knicks,5,0,1,0,0,0,0
45,9,Larry Johnson,1996-97,November,New York Knicks,Vancouver Grizzlies,0,1,2,0,0,0,0
46,43,Anthony Peeler,1996-97,November,Vancouver Grizzlies,New York Knicks,5,0,1,0,0,0,1
48,38,Roy Rogers,1996-97,November,Vancouver Grizzlies,New York Knicks,4,0,2,0,0,0,0
50,27,Charlie Ward,1996-97,November,New York Knicks,Vancouver Grizzlies,5,0,0,0,0,1,0
52,50,Charlie Ward,1996-97,November,New York Knicks,Vancouver Grizzlies,5,0,1,0,0,1,0
53,39,Allan Houston,1996-97,November,New York Knicks,Vancouver Grizzlies,3,0,0,0,0,0,1
54,45,Larry Johnson,1996-97,November,New York Knicks,Vancouver Grizzlies,0,2,2,0,0,0,0
56,36,Patrick Ewing,1996-97,November,New York Knicks,Vancouver Grizzlies,0,2,5,0,0,1,0
57,56,Patrick Ewing,1996-97,November,New York Knicks,Vancouver Grizzlies,0,2,5,0,0,2,0
58,28,Greg Anthony,1996-97,November,Vancouver Grizzlies,New York Knicks,2,3,0,0,3,0,0
59,20,Blue Edwards,1996-97,November,Vancouver Grizzlies,New York Knicks,2,0,3,0,0,0,1
60,30,Bryant Reeves,1996-97,November,Vancouver Grizzlies,New York Knicks,0,1,1,0,0,0,0
61,54,Larry Johnson,1996-97,November,New York Knicks,Vancouver Grizzlies,2,2,2,0,0,0,0
62,52,Charlie Ward,1996-97,November,New York Knicks,Vancouver Grizzlies,5,1,1,0,0,1,0
64,62,Charlie Ward,1996-97,November,New York Knicks,Vancouver Grizzlies,5,1,2,0,0,1,0
65,64,Charlie Ward,1996-97,November,New York Knicks,Vancouver Grizzlies,8,1,2,0,0,1,0
66,60,Bryant Reeves,1996-97,November,Vancouver Grizzlies,New York Knicks,0,1,1,0,0,0,1
67,66,Bryant Reeves,1996-97,November,Vancouver Grizzlies,New York Knicks,0,1,1,0,0,1,1
68,57,Patrick Ewing,1996-97,November,New York Knicks,Vancouver Grizzlies,2,2,5,0,0,2,0
69,65,Charlie Ward,1996-97,November,New York Knicks,Vancouver Grizzlies,8,2,2,0,0,1,0
70,46,Anthony Peeler,1996-97,November,Vancouver Grizzlies,New York Knicks,7,0,1,0,0,0,1
71,59,Blue Edwards,1996-97,November,Vancouver Grizzlies,New York Knicks,2,1,3,0,0,0,1
73,58,Greg Anthony,1996-97,November,Vancouver Grizzlies,New York Knicks,2,3,1,0,3,0,0
75,67,Bryant Reeves,1996-97,November,Vancouver Grizzlies,New York Knicks,0,1,2,0,0,1,1
76,73,Greg Anthony,1996-97,November,Vancouver Grizzlies,New York Knicks,5,3,1,0,3,0,0
77,75,Bryant Reeves,1996-97,November,Vancouver Grizzlies,New York Knicks,0,2,2,0,0,1,1
78,33,Charles Oakley,1996-97,November,New York Knicks,Vancouver Grizzlies,4,0,0,0,0,1,0
79,70,Anthony Peeler,1996-97,November,Vancouver Grizzlies,New York Knicks,7,0,1,0,1,0,1
80,69,Charlie Ward,1996-97,November,New York Knicks,Vancouver Grizzlies,8,2,2,0,0,1,1
81,76,Greg Anthony,1996-97,November,Vancouver Grizzlies,New York Knicks,6,3,1,0,3,0,0
83,81,Greg Anthony,1996-97,November,Vancouver Grizzlies,New York Knicks,9,3,1,0,3,0,0
84,77,Bryant Reeves,1996-97,November,Vancouver Grizzlies,New York Knicks,0,3,2,0,0,1,1
85,83,Greg Anthony,1996-97,November,Vancouver Grizzlies,New York Knicks,9,3,1,0,3,0,1
87,68,Patrick Ewing,1996-97,November,New York Knicks,Vancouver Grizzlies,3,2,5,0,0,2,0
88,71,Blue Edwards,1996-97,November,Vancouver Grizzlies,New York Knicks,2,1,3,0,0,1,1
89,78,Charles Oakley,1996-97,November,New York Knicks,Vancouver Grizzlies,6,0,0,0,0,1,0
90,0,John Starks,1996-97,November,New York Knicks,Vancouver Grizzlies,0,1,0,0,0,0,0
91,79,Anthony Peeler,1996-97,November,Vancouver Grizzlies,New York Knicks,9,0,1,0,1,0,1
92,85,Greg Anthony,1996-97,November,Vancouver Grizzlies,New York Knicks,9,4,1,0,3,0,1
93,0,John Wallace,1996-97,November,New York Knicks,Vancouver Grizzlies,0,0,0,0,0,1,0
95,84,Bryant Reeves,1996-97,November,Vancouver Grizzlies,New York Knicks,0,3,2,1,0,1,1
96,92,Greg Anthony,1996-97,November,Vancouver Grizzlies,New York Knicks,9,4,2,0,3,0,1
97,96,Greg Anthony,1996-97,November,Vancouver Grizzlies,New York Knicks,9,4,2,0,3,1,1
98,89,Charles Oakley,1996-97,November,New York Knicks,Vancouver Grizzlies,6,0,0,0,1,1,0
99,97,Greg Anthony,1996-97,November,Vancouver Grizzlies,New York Knicks,9,4,2,0,3,1,2
100,90,John Starks,1996-97,November,New York Knicks,Vancouver Grizzlies,2,1,0,0,0,0,0
102,100,John Starks,1996-97,November,New York Knicks,Vancouver Grizzlies,2,1,1,0,0,0,0
103,80,Charlie Ward,1996-97,November,New York Knicks,Vancouver Grizzlies,10,2,2,0,0,1,1
105,0,Lee Mayberry,1996-97,November,Vancouver Grizzlies,New York Knicks,0,0,0,0,0,1,0
106,0,Scott Brooks,1996-97,November,New York Knicks,Vancouver Grizzlies,0,0,0,0,1,0,0
107,93,John Wallace,1996-97,November,New York Knicks,Vancouver Grizzlies,2,0,0,0,0,1,0
108,98,Charles Oakley,1996-97,November,New York Knicks,Vancouver Grizzlies,6,1,0,0,1,1,0
109,0,Shareef Abdur-Rahim,1996-97,November,Vancouver Grizzlies,New York Knicks,0,0,0,0,0,1,0
110,107,John Wallace,1996-97,November,New York Knicks,Vancouver Grizzlies,2,0,0,0,1,1,0
111,110,John Wallace,1996-97,November,New York Knicks,Vancouver Grizzlies,2,0,0,0,1,2,0
112,105,Lee Mayberry,1996-97,November,Vancouver Grizzlies,New York Knicks,0,0,0,0,1,1,0
114,102,John Starks,1996-97,November,New York Knicks,Vancouver Grizzlies,2,1,2,0,0,0,0
116,48,Roy Rogers,1996-97,November,Vancouver Grizzlies,New York Knicks,4,0,2,1,0,0,0
117,95,Bryant Reeves,1996-97,November,Vancouver Grizzlies,New York Knicks,0,3,3,1,0,1,1
118,106,Scott Brooks,1996-97,November,New York Knicks,Vancouver Grizzlies,0,0,0,0,1,0,1
119,0,George Lynch,1996-97,November,Vancouver Grizzlies,New York Knicks,2,0,0,0,0,0,0
120,91,Anthony Peeler,1996-97,November,Vancouver Grizzlies,New York Knicks,9,1,1,0,1,0,1
121,114,John Starks,1996-97,November,New York Knicks,Vancouver Grizzlies,2,1,2,0,0,1,0
123,111,John Wallace,1996-97,November,New York Knicks,Vancouver Grizzlies,2,0,1,0,1,2,0
125,117,Bryant Reeves,1996-97,November,Vancouver Grizzlies,New York Knicks,0,3,3,1,0,2,1
127,125,Bryant Reeves,1996-97,November,Vancouver Grizzlies,New York Knicks,0,3,4,1,0,2,1
128,109,Shareef Abdur-Rahim,1996-97,November,Vancouver Grizzlies,New York Knicks,2,0,0,0,0,1,0
129,112,Lee Mayberry,1996-97,November,Vancouver Grizzlies,New York Knicks,0,1,0,0,1,1,0
130,123,John Wallace,1996-97,November,New York Knicks,Vancouver Grizzlies,2,0,1,0,1,3,0
131,119,George Lynch,1996-97,November,Vancouver Grizzlies,New York Knicks,2,0,0,0,1,0,0
132,121,John Starks,1996-97,November,New York Knicks,Vancouver Grizzlies,2,1,2,0,0,1,1
133,131,George Lynch,1996-97,November,Vancouver Grizzlies,New York Knicks,3,0,0,0,1,0,0
135,132,John Starks,1996-97,November,New York Knicks,Vancouver Grizzlies,2,1,3,0,0,1,1
136,53,Allan Houston,1996-97,November,New York Knicks,Vancouver Grizzlies,3,0,0,0,0,1,1
137,133,George Lynch,1996-97,November,Vancouver Grizzlies,New York Knicks,3,0,0,0,2,0,0
139,0,Buck Williams,1996-97,November,New York Knicks,Vancouver Grizzlies,0,0,0,1,0,0,0
140,130,John Wallace,1996-97,November,New York Knicks,Vancouver Grizzlies,2,0,2,0,1,3,0
141,136,Allan Houston,1996-97,November,New York Knicks,Vancouver Grizzlies,6,0,0,0,0,1,1
142,135,John Starks,1996-97,November,New York Knicks,Vancouver Grizzlies,2,2,3,0,0,1,1
144,0,Lawrence Moten,1996-97,November,Vancouver Grizzlies,New York Knicks,3,0,0,0,0,0,0
145,137,George Lynch,1996-97,November,Vancouver Grizzlies,New York Knicks,3,1,0,0,2,0,0
146,142,John Starks,1996-97,November,New York Knicks,Vancouver Grizzlies,4,2,3,0,0,1,1
147,144,Lawrence Moten,1996-97,November,Vancouver Grizzlies,New York Knicks,3,0,0,0,0,1,0
149,129,Lee Mayberry,1996-97,November,Vancouver Grizzlies,New York Knicks,0,1,1,0,1,1,0
150,128,Shareef Abdur-Rahim,1996-97,November,Vancouver Grizzlies,New York Knicks,4,0,0,0,0,1,0
151,145,George Lynch,1996-97,November,Vancouver Grizzlies,New York Knicks,3,2,0,0,2,0,0
152,141,Allan Houston,1996-97,November,New York Knicks,Vancouver Grizzlies,6,0,0,0,0,1,2
153,150,Shareef Abdur-Rahim,1996-97,November,Vancouver Grizzlies,New York Knicks,5,0,0,0,0,1,0
155,87,Patrick Ewing,1996-97,November,New York Knicks,Vancouver Grizzlies,3,2,6,0,0,2,0
156,0,Eric Mobley,1996-97,November,Vancouver Grizzlies,New York Knicks,0,0,0,0,0,0,1
157,155,Patrick Ewing,1996-97,November,New York Knicks,Vancouver Grizzlies,4,2,6,0,0,2,0
158,157,Patrick Ewing,1996-97,November,New York Knicks,Vancouver Grizzlies,5,2,6,0,0,2,0
159,151,George Lynch,1996-97,November,Vancouver Grizzlies,New York Knicks,5,2,0,0,2,0,0
160,147,Lawrence Moten,1996-97,November,Vancouver Grizzlies,New York Knicks,3,1,0,0,0,1,0
162,156,Eric Mobley,1996-97,November,Vancouver Grizzlies,New York Knicks,0,0,0,1,0,0,1
163,162,Eric Mobley,1996-97,November,Vancouver Grizzlies,New York Knicks,0,0,1,1,0,0,1
164,61,Larry Johnson,1996-97,November,New York Knicks,Vancouver Grizzlies,2,2,2,0,0,0,1
165,149,Lee Mayberry,1996-97,November,Vancouver Grizzlies,New York Knicks,0,1,1,0,1,2,0
166,164,Larry Johnson,1996-97,November,New York Knicks,Vancouver Grizzlies,4,2,2,0,0,0,1
167,152,Allan Houston,1996-97,November,New York Knicks,Vancouver Grizzlies,6,1,0,0,0,1,2
169,139,Buck Williams,1996-97,November,New York Knicks,Vancouver Grizzlies,0,0,1,1,0,0,0
170,166,Larry Johnson,1996-97,November,New York Knicks,Vancouver Grizzlies,6,2,2,0,0,0,1
171,146,John Starks,1996-97,November,New York Knicks,Vancouver Grizzlies,4,3,3,0,0,1,1
173,163,Eric Mobley,1996-97,November,Vancouver Grizzlies,New York Knicks,0,0,2,1,0,0,1
175,169,Buck Williams,1996-97,November,New York Knicks,Vancouver Grizzlies,0,0,1,2,0,0,0
176,175,Buck Williams,1996-97,November,New York Knicks,Vancouver Grizzlies,0,0,2,2,0,0,0
178,165,Lee Mayberry,1996-97,November,Vancouver Grizzlies,New York Knicks,0,1,2,0,1,2,0
179,160,Lawrence Moten,1996-97,November,Vancouver Grizzlies,New York Knicks,3,1,0,0,0,2,0
180,176,Buck Williams,1996-97,November,New York Knicks,Vancouver Grizzlies,0,0,2,2,1,0,0
183,159,George Lynch,1996-97,November,Vancouver Grizzlies,New York Knicks,5,2,1,0,2,0,0
184,173,Eric Mobley,1996-97,November,Vancouver Grizzlies,New York Knicks,2,0,2,1,0,0,1
185,183,George Lynch,1996-97,November,Vancouver Grizzlies,New York Knicks,5,3,1,0,2,0,0
186,170,Larry Johnson,1996-97,November,New York Knicks,Vancouver Grizzlies,6,2,2,0,0,0,2
188,158,Patrick Ewing,1996-97,November,New York Knicks,Vancouver Grizzlies,5,2,7,0,0,2,0
189,99,Greg Anthony,1996-97,November,Vancouver Grizzlies,New York Knicks,9,4,2,0,3,1,3
190,188,Patrick Ewing,1996-97,November,New York Knicks,Vancouver Grizzlies,7,2,7,0,0,2,0
191,108,Charles Oakley,1996-97,November,New York Knicks,Vancouver Grizzlies,6,2,0,0,1,1,0
192,120,Anthony Peeler,1996-97,November,Vancouver Grizzlies,New York Knicks,9,1,1,0,1,1,1
193,190,Patrick Ewing,1996-97,November,New York Knicks,Vancouver Grizzlies,7,2,7,0,1,2,0
194,167,Allan Houston,1996-97,November,New York Knicks,Vancouver Grizzlies,8,1,0,0,0,1,2
195,178,Lee Mayberry,1996-97,November,Vancouver Grizzlies,New York Knicks,0,1,2,0,1,2,1
196,194,Allan Houston,1996-97,November,New York Knicks,Vancouver Grizzlies,9,1,0,0,0,1,2
197,191,Charles Oakley,1996-97,November,New York Knicks,Vancouver Grizzlies,6,2,0,0,1,1,1
198,153,Shareef Abdur-Rahim,1996-97,November,Vancouver Grizzlies,New York Knicks,6,0,0,0,0,1,0
199,198,Shareef Abdur-Rahim,1996-97,November,Vancouver Grizzlies,New York Knicks,7,0,0,0,0,1,0
201,127,Bryant Reeves,1996-97,November,Vancouver Grizzlies,New York Knicks,0,3,5,1,0,2,1
203,88,Blue Edwards,1996-97,November,Vancouver Grizzlies,New York Knicks,2,1,4,0,0,1,1
204,196,Allan Houston,1996-97,November,New York Knicks,Vancouver Grizzlies,9,1,0,0,0,1,3
205,195,Lee Mayberry,1996-97,November,Vancouver Grizzlies,New York Knicks,1,1,2,0,1,2,1
206,205,Lee Mayberry,1996-97,November,Vancouver Grizzlies,New York Knicks,2,1,2,0,1,2,1
207,193,Patrick Ewing,1996-97,November,New York Knicks,Vancouver Grizzlies,9,2,7,0,1,2,0
208,103,Charlie Ward,1996-97,November,New York Knicks,Vancouver Grizzlies,10,3,2,0,0,1,1
209,197,Charles Oakley,1996-97,November,New York Knicks,Vancouver Grizzlies,6,2,0,0,1,1,2
210,201,Bryant Reeves,1996-97,November,Vancouver Grizzlies,New York Knicks,1,3,5,1,0,2,1
211,210,Bryant Reeves,1996-97,November,Vancouver Grizzlies,New York Knicks,2,3,5,1,0,2,1
213,211,Bryant Reeves,1996-97,November,Vancouver Grizzlies,New York Knicks,2,3,6,1,0,2,1
216,207,Patrick Ewing,1996-97,November,New York Knicks,Vancouver Grizzlies,9,2,8,0,1,2,0
218,213,Bryant Reeves,1996-97,November,Vancouver Grizzlies,New York Knicks,2,3,7,1,0,2,1
220,206,Lee Mayberry,1996-97,November,Vancouver Grizzlies,New York Knicks,2,1,3,0,1,2,1
222,186,Larry Johnson,1996-97,November,New York Knicks,Vancouver Grizzlies,6,2,3,0,0,0,2
223,218,Bryant Reeves,1996-97,November,Vancouver Grizzlies,New York Knicks,2,3,7,1,0,2,2
224,223,Bryant Reeves,1996-97,November,Vancouver Grizzlies,New York Knicks,2,3,7,1,0,2,3
225,216,Patrick Ewing,1996-97,November,New York Knicks,Vancouver Grizzlies,10,2,8,0,1,2,0
227,220,Lee Mayberry,1996-97,November,Vancouver Grizzlies,New York Knicks,2,1,4,0,1,2,1
229,225,Patrick Ewing,1996-97,November,New York Knicks,Vancouver Grizzlies,10,2,9,0,1,2,0
230,208,Charlie Ward,1996-97,November,New York Knicks,Vancouver Grizzlies,13,3,2,0,0,1,1
231,222,Larry Johnson,1996-97,November,New York Knicks,Vancouver Grizzlies,6,3,3,0,0,0,2
232,192,Anthony Peeler,1996-97,November,Vancouver Grizzlies,New York Knicks,11,1,1,0,1,1,1
233,189,Greg Anthony,1996-97,November,Vancouver Grizzlies,New York Knicks,9,5,2,0,3,1,3
234,230,Charlie Ward,1996-97,November,New York Knicks,Vancouver Grizzlies,13,3,2,0,0,2,1
235,233,Greg Anthony,1996-97,November,Vancouver Grizzlies,New York Knicks,9,5,2,0,4,1,3
237,234,Charlie Ward,1996-97,November,New York Knicks,Vancouver Grizzlies,13,3,3,0,0,2,1
239,116,Roy Rogers,1996-97,November,Vancouver Grizzlies,New York Knicks,4,0,2,2,0,0,0
240,203,Blue Edwards,1996-97,November,Vancouver Grizzlies,New York Knicks,2,1,5,0,0,1,1
241,240,Blue Edwards,1996-97,November,Vancouver Grizzlies,New York Knicks,2,1,5,0,0,2,1
242,231,Larry Johnson,1996-97,November,New York Knicks,Vancouver Grizzlies,6,3,3,0,1,0,2
244,229,Patrick Ewing,1996-97,November,New York Knicks,Vancouver Grizzlies,10,2,10,0,1,2,0
245,244,Patrick Ewing,1996-97,November,New York Knicks,Vancouver Grizzlies,12,2,10,0,1,2,0
246,224,Bryant Reeves,1996-97,November,Vancouver Grizzlies,New York Knicks,2,3,7,1,0,3,3
247,245,Patrick Ewing,1996-97,November,New York Knicks,Vancouver Grizzlies,12,2,10,0,2,2,0
248,242,Larry Johnson,1996-97,November,New York Knicks,Vancouver Grizzlies,8,3,3,0,1,0,2
249,237,Charlie Ward,1996-97,November,New York Knicks,Vancouver Grizzlies,13,4,3,0,0,2,1
251,249,Charlie Ward,1996-97,November,New York Knicks,Vancouver Grizzlies,13,4,4,0,0,2,1
253,232,Anthony Peeler,1996-97,November,Vancouver Grizzlies,New York Knicks,11,1,2,0,1,1,1
254,204,Allan Houston,1996-97,November,New York Knicks,Vancouver Grizzlies,9,1,0,0,0,1,4
255,241,Blue Edwards,1996-97,November,Vancouver Grizzlies,New York Knicks,3,1,5,0,0,2,1
256,255,Blue Edwards,1996-97,November,Vancouver Grizzlies,New York Knicks,4,1,5,0,0,2,1
257,209,Charles Oakley,1996-97,November,New York Knicks,Vancouver Grizzlies,6,2,0,0,1,2,2
259,171,John Starks,1996-97,November,New York Knicks,Vancouver Grizzlies,4,3,3,0,0,2,1
260,235,Greg Anthony,1996-97,November,Vancouver Grizzlies,New York Knicks,9,5,2,0,5,1,3
261,256,Blue Edwards,1996-97,November,Vancouver Grizzlies,New York Knicks,6,1,5,0,0,2,1
262,260,Greg Anthony,1996-97,November,Vancouver Grizzlies,New York Knicks,9,6,2,0,5,1,3
263,259,John Starks,1996-97,November,New York Knicks,Vancouver Grizzlies,4,3,3,0,0,2,2
265,247,Patrick Ewing,1996-97,November,New York Knicks,Vancouver Grizzlies,12,2,11,0,2,2,0
266,248,Larry Johnson,1996-97,November,New York Knicks,Vancouver Grizzlies,10,3,3,0,1,0,2
267,257,Charles Oakley,1996-97,November,New York Knicks,Vancouver Grizzlies,6,2,0,0,1,2,3
269,265,Patrick Ewing,1996-97,November,New York Knicks,Vancouver Grizzlies,12,2,12,0,2,2,0
270,267,Charles Oakley,1996-97,November,New York Knicks,Vancouver Grizzlies,8,2,0,0,1,2,3
271,266,Larry Johnson,1996-97,November,New York Knicks,Vancouver Grizzlies,10,4,3,0,1,0,2
273,239,Roy Rogers,1996-97,November,Vancouver Grizzlies,New York Knicks,4,0,3,2,0,0,0
274,253,Anthony Peeler,1996-97,November,Vancouver Grizzlies,New York Knicks,13,1,2,0,1,1,1
276,270,Charles Oakley,1996-97,November,New York Knicks,Vancouver Grizzlies,8,2,1,0,1,2,3
278,261,Blue Edwards,1996-97,November,Vancouver Grizzlies,New York Knicks,6,1,5,1,0,2,1
280,273,Roy Rogers,1996-97,November,Vancouver Grizzlies,New York Knicks,4,0,3,3,0,0,0
281,269,Patrick Ewing,1996-97,November,New York Knicks,Vancouver Grizzlies,12,2,13,0,2,2,0
282,281,Patrick Ewing,1996-97,November,New York Knicks,Vancouver Grizzlies,14,2,13,0,2,2,0
283,246,Bryant Reeves,1996-97,November,Vancouver Grizzlies,New York Knicks,2,3,7,1,0,4,3
284,282,Patrick Ewing,1996-97,November,New York Knicks,Vancouver Grizzlies,16,2,13,0,2,2,0
285,263,John Starks,1996-97,November,New York Knicks,Vancouver Grizzlies,4,4,3,0,0,2,2
287,280,Roy Rogers,1996-97,November,Vancouver Grizzlies,New York Knicks,4,0,4,3,0,0,0
289,276,Charles Oakley,1996-97,November,New York Knicks,Vancouver Grizzlies,8,2,2,0,1,2,3
290,262,Greg Anthony,1996-97,November,Vancouver Grizzlies,New York Knicks,9,6,2,0,5,1,4
291,285,John Starks,1996-97,November,New York Knicks,Vancouver Grizzlies,5,4,3,0,0,2,2
292,291,John Starks,1996-97,November,New York Knicks,Vancouver Grizzlies,6,4,3,0,0,2,2
294,289,Charles Oakley,1996-97,November,New York Knicks,Vancouver Grizzlies,8,2,3,0,1,2,3
295,118,Scott Brooks,1996-97,November,New York Knicks,Vancouver Grizzlies,2,0,0,0,1,0,1
296,295,Scott Brooks,1996-97,November,New York Knicks,Vancouver Grizzlies,2,0,0,0,1,0,1
299,271,Larry Johnson,1996-97,November,New York Knicks,Vancouver Grizzlies,10,4,4,0,1,0,2
300,287,Roy Rogers,1996-97,November,Vancouver Grizzlies,New York Knicks,4,0,4,3,0,0,1
301,283,Bryant Reeves,1996-97,November,Vancouver Grizzlies,New York Knicks,2,3,7,1,0,4,4
303,284,Patrick Ewing,1996-97,November,New York Knicks,Vancouver Grizzlies,17,2,13,0,2,2,0
304,199,Shareef Abdur-Rahim,1996-97,November,Vancouver Grizzlies,New York Knicks,9,0,0,0,0,1,0
305,299,Larry Johnson,1996-97,November,New York Knicks,Vancouver Grizzlies,12,4,4,0,1,0,2
306,296,Scott Brooks,1996-97,November,New York Knicks,Vancouver Grizzlies,2,1,0,0,1,0,1
307,274,Anthony Peeler,1996-97,November,Vancouver Grizzlies,New York Knicks,16,1,2,0,1,1,1
308,227,Lee Mayberry,1996-97,November,Vancouver Grizzlies,New York Knicks,2,2,4,0,1,2,1
310,304,Shareef Abdur-Rahim,1996-97,November,Vancouver Grizzlies,New York Knicks,9,0,1,0,0,1,0
312,307,Anthony Peeler,1996-97,November,Vancouver Grizzlies,New York Knicks,16,1,3,0,1,1,1
314,303,Patrick Ewing,1996-97,November,New York Knicks,Vancouver Grizzlies,17,2,14,0,2,2,0
316,140,John Wallace,1996-97,November,New York Knicks,Vancouver Grizzlies,2,0,3,0,1,3,0
318,312,Anthony Peeler,1996-97,November,Vancouver Grizzlies,New York Knicks,16,1,4,0,1,1,1
319,184,Eric Mobley,1996-97,November,Vancouver Grizzlies,New York Knicks,4,0,2,1,0,0,1
320,318,Anthony Peeler,1996-97,November,Vancouver Grizzlies,New York Knicks,16,2,4,0,1,1,1
322,294,Charles Oakley,1996-97,November,New York Knicks,Vancouver Grizzlies,8,2,4,0,1,2,3
323,322,Charles Oakley,1996-97,November,New York Knicks,Vancouver Grizzlies,10,2,4,0,1,2,3
324,323,Charles Oakley,1996-97,November,New York Knicks,Vancouver Grizzlies,10,2,4,0,1,2,4
326,316,John Wallace,1996-97,November,New York Knicks,Vancouver Grizzlies,2,0,4,0,1,3,0
327,306,Scott Brooks,1996-97,November,New York Knicks,Vancouver Grizzlies,5,1,0,0,1,0,1
328,326,John Wallace,1996-97,November,New York Knicks,Vancouver Grizzlies,2,1,4,0,1,3,0
330,328,John Wallace,1996-97,November,New York Knicks,Vancouver Grizzlies,2,1,5,0,1,3,0
332,330,John Wallace,1996-97,November,New York Knicks,Vancouver Grizzlies,2,1,6,0,1,3,0
334,310,Shareef Abdur-Rahim,1996-97,November,Vancouver Grizzlies,New York Knicks,9,0,2,0,0,1,0
335,332,John Wallace,1996-97,November,New York Knicks,Vancouver Grizzlies,2,1,6,0,1,3,1
336,334,Shareef Abdur-Rahim,1996-97,November,Vancouver Grizzlies,New York Knicks,10,0,2,0,0,1,0
337,336,Shareef Abdur-Rahim,1996-97,November,Vancouver Grizzlies,New York Knicks,11,0,2,0,0,1,0
338,180,Buck Williams,1996-97,November,New York Knicks,Vancouver Grizzlies,2,0,2,2,1,0,0
339,335,John Wallace,1996-97,November,New York Knicks,Vancouver Grizzlies,2,2,6,0,1,3,1
341,314,Patrick Ewing,1996-97,November,New York Knicks,Vancouver Grizzlies,17,2,14,0,2,3,0
342,185,George Lynch,1996-97,November,Vancouver Grizzlies,New York Knicks,5,3,1,0,3,0,0
344,338,Buck Williams,1996-97,November,New York Knicks,Vancouver Grizzlies,2,0,2,3,1,0,0
345,342,George Lynch,1996-97,November,Vancouver Grizzlies,New York Knicks,5,3,2,0,3,0,0
346,339,John Wallace,1996-97,November,New York Knicks,Vancouver Grizzlies,2,2,6,0,1,3,2
347,179,Lawrence Moten,1996-97,November,Vancouver Grizzlies,New York Knicks,5,1,0,0,0,2,0
348,345,George Lynch,1996-97,November,Vancouver Grizzlies,New York Knicks,5,4,2,0,3,0,0
349,341,Patrick Ewing,1996-97,November,New York Knicks,Vancouver Grizzlies,19,2,14,0,2,3,0
350,344,Buck Williams,1996-97,November,New York Knicks,Vancouver Grizzlies,2,1,2,3,1,0,0
351,292,John Starks,1996-97,November,New York Knicks,Vancouver Grizzlies,6,4,3,0,0,2,3
352,308,Lee Mayberry,1996-97,November,Vancouver Grizzlies,New York Knicks,2,2,4,0,1,3,1
353,350,Buck Williams,1996-97,November,New York Knicks,Vancouver Grizzlies,4,1,2,3,1,0,0
354,346,John Wallace,1996-97,November,New York Knicks,Vancouver Grizzlies,2,3,6,0,1,3,2
355,254,Allan Houston,1996-97,November,New York Knicks,Vancouver Grizzlies,9,1,0,0,0,1,5
356,347,Lawrence Moten,1996-97,November,Vancouver Grizzlies,New York Knicks,5,1,0,0,0,3,0
357,353,Buck Williams,1996-97,November,New York Knicks,Vancouver Grizzlies,4,1,2,3,1,1,0
358,352,Lee Mayberry,1996-97,November,Vancouver Grizzlies,New York Knicks,2,2,4,0,1,4,1
359,357,Buck Williams,1996-97,November,New York Knicks,Vancouver Grizzlies,4,1,2,3,2,1,0
360,354,John Wallace,1996-97,November,New York Knicks,Vancouver Grizzlies,4,3,6,0,1,3,2
361,324,Charles Oakley,1996-97,November,New York Knicks,Vancouver Grizzlies,10,3,4,0,1,2,4
363,361,Charles Oakley,1996-97,November,New York Knicks,Vancouver Grizzlies,10,3,5,0,1,2,4
364,363,Charles Oakley,1996-97,November,New York Knicks,Vancouver Grizzlies,10,3,5,0,1,3,4
365,358,Lee Mayberry,1996-97,November,Vancouver Grizzlies,New York Knicks,2,2,4,0,2,4,1
367,364,Charles Oakley,1996-97,November,New York Knicks,Vancouver Grizzlies,10,3,6,0,1,3,4
368,278,Blue Edwards,1996-97,November,Vancouver Grizzlies,New York Knicks,6,1,5,1,0,2,2
370,351,John Starks,1996-97,November,New York Knicks,Vancouver Grizzlies,6,4,4,0,0,2,3
371,348,George Lynch,1996-97,November,Vancouver Grizzlies,New York Knicks,5,4,2,0,3,0,1
372,370,John Starks,1996-97,November,New York Knicks,Vancouver Grizzlies,6,4,4,0,0,3,3
373,301,Bryant Reeves,1996-97,November,Vancouver Grizzlies,New York Knicks,2,3,7,1,0,4,5
374,373,Bryant Reeves,1996-97,November,Vancouver Grizzlies,New York Knicks,2,3,7,1,0,5,5
375,367,Charles Oakley,1996-97,November,New York Knicks,Vancouver Grizzlies,10,3,6,0,1,4,4
376,290,Greg Anthony,1996-97,November,Vancouver Grizzlies,New York Knicks,9,6,2,0,6,1,4
378,372,John Starks,1996-97,November,New York Knicks,Vancouver Grizzlies,6,4,5,0,0,3,3
380,375,Charles Oakley,1996-97,November,New York Knicks,Vancouver Grizzlies,10,3,7,0,1,4,4
381,380,Charles Oakley,1996-97,November,New York Knicks,Vancouver Grizzlies,12,3,7,0,1,4,4
382,374,Bryant Reeves,1996-97,November,Vancouver Grizzlies,New York Knicks,4,3,7,1,0,5,5
383,320,Anthony Peeler,1996-97,November,Vancouver Grizzlies,New York Knicks,16,3,4,0,1,1,1
384,383,Anthony Peeler,1996-97,November,Vancouver Grizzlies,New York Knicks,16,3,4,0,1,1,2
386,371,George Lynch,1996-97,November,Vancouver Grizzlies,New York Knicks,5,4,3,0,3,0,1
387,360,John Wallace,1996-97,November,New York Knicks,Vancouver Grizzlies,4,3,6,0,1,3,3
388,381,Charles Oakley,1996-97,November,New York Knicks,Vancouver Grizzlies,12,3,7,0,1,4,5
389,368,Blue Edwards,1996-97,November,Vancouver Grizzlies,New York Knicks,7,1,5,1,0,2,2
390,389,Blue Edwards,1996-97,November,Vancouver Grizzlies,New York Knicks,8,1,5,1,0,2,2
391,378,John Starks,1996-97,November,New York Knicks,Vancouver Grizzlies,8,4,5,0,0,3,3
392,387,John Wallace,1996-97,November,New York Knicks,Vancouver Grizzlies,4,4,6,0,1,3,3
394,392,John Wallace,1996-97,November,New York Knicks,Vancouver Grizzlies,4,4,7,0,1,3,3
395,394,John Wallace,1996-97,November,New York Knicks,Vancouver Grizzlies,6,4,7,0,1,3,3
397,382,Bryant Reeves,1996-97,November,Vancouver Grizzlies,New York Knicks,4,3,8,1,0,5,5
398,397,Bryant Reeves,1996-97,November,Vancouver Grizzlies,New York Knicks,6,3,8,1,0,5,5
400,349,Patrick Ewing,1996-97,November,New York Knicks,Vancouver Grizzlies,19,2,15,0,2,3,0
401,390,Blue Edwards,1996-97,November,Vancouver Grizzlies,New York Knicks,8,1,5,1,0,2,3
403,395,John Wallace,1996-97,November,New York Knicks,Vancouver Grizzlies,7,4,7,0,1,3,3
405,400,Patrick Ewing,1996-97,November,New York Knicks,Vancouver Grizzlies,19,2,16,0,2,3,0
406,405,Patrick Ewing,1996-97,November,New York Knicks,Vancouver Grizzlies,21,2,16,0,2,3,0
407,327,Scott Brooks,1996-97,November,New York Knicks,Vancouver Grizzlies,5,2,0,0,1,0,1
409,403,John Wallace,1996-97,November,New York Knicks,Vancouver Grizzlies,7,4,8,0,1,3,3
410,0,Walter McCarty,1996-97,November,New York Knicks,Vancouver Grizzlies,3,0,0,0,0,0,0
411,359,Buck Williams,1996-97,November,New York Knicks,Vancouver Grizzlies,4,2,2,3,2,1,0
412,0,Chris Jent,1996-97,November,New York Knicks,Vancouver Grizzlies,0,0,0,0,0,0,1
413,398,Bryant Reeves,1996-97,November,Vancouver Grizzlies,New York Knicks,7,3,8,1,0,5,5
414,413,Bryant Reeves,1996-97,November,Vancouver Grizzlies,New York Knicks,8,3,8,1,0,5,5
415,410,Walter McCarty,1996-97,November,New York Knicks,Vancouver Grizzlies,5,0,0,0,0,0,0
416,376,Greg Anthony,1996-97,November,Vancouver Grizzlies,New York Knicks,11,6,2,0,6,1,4
417,415,Walter McCarty,1996-97,November,New York Knicks,Vancouver Grizzlies,5,0,0,0,0,0,1
418,416,Greg Anthony,1996-97,November,Vancouver Grizzlies,New York Knicks,12,6,2,0,6,1,4
419,407,Scott Brooks,1996-97,November,New York Knicks,Vancouver Grizzlies,7,2,0,0,1,0,1
421,337,Shareef Abdur-Rahim,1996-97,November,Vancouver Grizzlies,New York Knicks,11,0,3,0,0,1,0
422,356,Lawrence Moten,1996-97,November,Vancouver Grizzlies,New York Knicks,7,1,0,0,0,3,0
423,421,Shareef Abdur-Rahim,1996-97,November,Vancouver Grizzlies,New York Knicks,11,1,3,0,0,1,0
424,409,John Wallace,1996-97,November,New York Knicks,Vancouver Grizzlies,7,4,8,0,1,3,4
425,422,Lawrence Moten,1996-97,November,Vancouver Grizzlies,New York Knicks,8,1,0,0,0,3,0
426,412,Chris Jent,1996-97,November,New York Knicks,Vancouver Grizzlies,3,0,0,0,0,0,1
427,419,Scott Brooks,1996-97,November,New York Knicks,Vancouver Grizzlies,7,3,0,0,1,0,1
428,426,Chris Jent,1996-97,November,New York Knicks,Vancouver Grizzlies,3,0,0,0,0,0,2
429,425,Lawrence Moten,1996-97,November,Vancouver Grizzlies,New York Knicks,9,1,0,0,0,3,0
432,411,Buck Williams,1996-97,November,New York Knicks,Vancouver Grizzlies,4,2,3,3,2,1,0
434,429,Lawrence Moten,1996-97,November,Vancouver Grizzlies,New York Knicks,12,1,0,0,0,3,0
435,418,Greg Anthony,1996-97,November,Vancouver Grizzlies,New York Knicks,12,7,2,0,6,1,4
437,300,Roy Rogers,1996-97,November,Vancouver Grizzlies,New York Knicks,4,0,4,4,0,0,1
438,0,Richard Manning,1996-97,November,Vancouver Grizzlies,New York Knicks,0,0,1,0,0,0,0
