id,previous_id,player,season,month,team,opponent_team,points,assists,rebounds,blocks,steals,turnovers,personal fouls
2,0,Dennis Rodman,1996-97,November,Chicago Bulls,Phoenix Suns,0,0,1,0,0,0,0
4,0,Danny Manning,1996-97,November,Chicago Bulls,Phoenix Suns,0,0,0,1,0,0,0
5,0,Joe Kleine,1996-97,November,Phoenix Suns,Chicago Bulls,0,0,1,0,0,0,0
7,0,Luc Longley,1996-97,November,Chicago Bulls,Phoenix Suns,0,0,1,0,0,0,0
9,2,Dennis Rodman,1996-97,November,Chicago Bulls,Phoenix Suns,0,0,2,0,0,0,0
10,4,Danny Manning,1996-97,November,Phoenix Suns,Chicago Bulls,0,0,0,1,0,0,1
11,0,Wesley Person,1996-97,November,Phoenix Suns,Chicago Bulls,0,0,0,0,0,0,1
13,0,Michael Jordan,1996-97,November,Chicago Bulls,Phoenix Suns,1,0,0,0,0,0,0
15,9,Dennis Rodman,1996-97,November,Chicago Bulls,Phoenix Suns,0,0,3,0,0,0,0
16,0,Scottie Pippen,1996-97,November,Chicago Bulls,Phoenix Suns,3,0,0,0,0,0,0
17,0,Ron Harper,1996-97,November,Chicago Bulls,Phoenix Suns,0,1,0,0,0,0,0
20,11,Wesley Person,1996-97,November,Phoenix Suns,Chicago Bulls,0,0,1,0,0,0,1
22,15,Dennis Rodman,1996-97,November,Chicago Bulls,Phoenix Suns,0,0,4,0,0,0,0
23,5,Joe Kleine,1996-97,November,Phoenix Suns,Chicago Bulls,0,0,1,0,0,0,1
24,7,Luc Longley,1996-97,November,Chicago Bulls,Phoenix Suns,1,0,1,0,0,0,0
26,20,Wesley Person,1996-97,November,Phoenix Suns,Chicago Bulls,0,0,2,0,0,0,1
27,0,Robert Horry,1996-97,November,Phoenix Suns,Chicago Bulls,0,0,0,0,0,1,0
28,16,Scottie Pippen,1996-97,November,Chicago Bulls,Phoenix Suns,6,0,0,0,0,0,0
29,28,Scottie Pippen,1996-97,November,Chicago Bulls,Phoenix Suns,6,0,0,0,0,0,1
30,10,Danny Manning,1996-97,November,Phoenix Suns,Chicago Bulls,2,0,0,1,0,0,1
32,30,Danny Manning,1996-97,November,Phoenix Suns,Chicago Bulls,2,0,1,1,0,0,1
34,13,Michael Jordan,1996-97,November,Chicago Bulls,Phoenix Suns,1,0,1,0,0,0,0
35,34,Michael Jordan,1996-97,November,Chicago Bulls,Phoenix Suns,1,0,1,0,0,1,0
36,0,Sam Cassell,1996-97,November,Chicago Bulls,Phoenix Suns,0,0,0,0,1,0,0
37,26,Wesley Person,1996-97,November,Phoenix Suns,Chicago Bulls,2,0,2,0,0,0,1
38,36,Sam Cassell,1996-97,November,Phoenix Suns,Chicago Bulls,0,1,0,0,1,0,0
40,32,Danny Manning,1996-97,November,Phoenix Suns,Chicago Bulls,2,0,2,1,0,0,1
41,27,Robert Horry,1996-97,November,Phoenix Suns,Chicago Bulls,2,0,0,0,0,1,0
42,38,Sam Cassell,1996-97,November,Phoenix Suns,Chicago Bulls,0,2,0,0,1,0,0
43,23,Joe Kleine,1996-97,November,Phoenix Suns,Chicago Bulls,0,0,1,0,0,0,2
45,22,Dennis Rodman,1996-97,November,Chicago Bulls,Phoenix Suns,0,0,5,0,0,0,0
47,29,Scottie Pippen,1996-97,November,Chicago Bulls,Phoenix Suns,6,0,1,0,0,0,1
49,40,Danny Manning,1996-97,November,Phoenix Suns,Chicago Bulls,2,0,3,1,0,0,1
50,49,Danny Manning,1996-97,November,Phoenix Suns,Chicago Bulls,2,0,3,1,0,1,1
52,43,Joe Kleine,1996-97,November,Phoenix Suns,Chicago Bulls,0,0,2,0,0,0,2
54,52,Joe Kleine,1996-97,November,Phoenix Suns,Chicago Bulls,0,0,3,0,0,0,2
56,41,Robert Horry,1996-97,November,Phoenix Suns,Chicago Bulls,2,0,1,0,0,1,0
58,17,Ron Harper,1996-97,November,Chicago Bulls,Phoenix Suns,0,1,1,0,0,0,0
59,47,Scottie Pippen,1996-97,November,Chicago Bulls,Phoenix Suns,8,0,1,0,0,0,1
60,58,Ron Harper,1996-97,November,Chicago Bulls,Phoenix Suns,0,1,1,0,0,0,1
62,24,Luc Longley,1996-97,November,Chicago Bulls,Phoenix Suns,1,0,2,0,0,0,0
64,37,Wesley Person,1996-97,November,Phoenix Suns,Chicago Bulls,2,0,3,0,0,0,1
66,56,Robert Horry,1996-97,November,Phoenix Suns,Chicago Bulls,2,0,2,0,0,1,0
68,35,Michael Jordan,1996-97,November,Phoenix Suns,Chicago Bulls,1,0,1,1,0,1,0
69,66,Robert Horry,1996-97,November,Phoenix Suns,Chicago Bulls,2,0,3,0,0,1,0
70,60,Ron Harper,1996-97,November,Chicago Bulls,Phoenix Suns,0,1,1,0,0,0,2
71,50,Danny Manning,1996-97,November,Phoenix Suns,Chicago Bulls,4,0,3,1,0,1,1
72,64,Wesley Person,1996-97,November,Phoenix Suns,Chicago Bulls,2,1,3,0,0,0,1
73,71,Danny Manning,1996-97,November,Phoenix Suns,Chicago Bulls,4,0,3,1,0,1,2
74,45,Dennis Rodman,1996-97,November,Chicago Bulls,Phoenix Suns,1,0,5,0,0,0,0
76,72,Wesley Person,1996-97,November,Phoenix Suns,Chicago Bulls,4,1,3,0,0,0,1
77,73,Danny Manning,1996-97,November,Phoenix Suns,Chicago Bulls,4,1,3,1,0,1,2
78,68,Michael Jordan,1996-97,November,Chicago Bulls,Phoenix Suns,3,0,1,1,0,1,0
79,74,Dennis Rodman,1996-97,November,Chicago Bulls,Phoenix Suns,1,1,5,0,0,0,0
80,69,Robert Horry,1996-97,November,Phoenix Suns,Chicago Bulls,2,0,3,0,0,2,0
81,59,Scottie Pippen,1996-97,November,Phoenix Suns,Chicago Bulls,8,0,1,0,1,0,1
82,81,Scottie Pippen,1996-97,November,Chicago Bulls,Phoenix Suns,11,0,1,0,1,0,1
83,79,Dennis Rodman,1996-97,November,Chicago Bulls,Phoenix Suns,1,2,5,0,0,0,0
84,80,Robert Horry,1996-97,November,Phoenix Suns,Chicago Bulls,5,0,3,0,0,2,0
85,42,Sam Cassell,1996-97,November,Phoenix Suns,Chicago Bulls,0,3,0,0,1,0,0
87,76,Wesley Person,1996-97,November,Phoenix Suns,Chicago Bulls,4,1,4,0,0,0,1
89,84,Robert Horry,1996-97,November,Phoenix Suns,Chicago Bulls,5,0,4,0,0,2,0
90,89,Robert Horry,1996-97,November,Phoenix Suns,Chicago Bulls,7,0,4,0,0,2,0
91,0,Steve Kerr,1996-97,November,Chicago Bulls,Phoenix Suns,0,0,0,0,0,1,0
92,85,Sam Cassell,1996-97,November,Chicago Bulls,Phoenix Suns,0,3,0,0,2,0,0
93,91,Steve Kerr,1996-97,November,Chicago Bulls,Phoenix Suns,0,0,0,0,0,1,1
95,92,Sam Cassell,1996-97,November,Phoenix Suns,Chicago Bulls,1,3,0,0,2,0,0
97,87,Wesley Person,1996-97,November,Phoenix Suns,Chicago Bulls,4,1,5,0,0,0,1
98,97,Wesley Person,1996-97,November,Phoenix Suns,Chicago Bulls,7,1,5,0,0,0,1
99,90,Robert Horry,1996-97,November,Phoenix Suns,Chicago Bulls,7,1,4,0,0,2,0
101,95,Sam Cassell,1996-97,November,Phoenix Suns,Chicago Bulls,1,3,1,0,2,0,0
102,101,Sam Cassell,1996-97,November,Phoenix Suns,Chicago Bulls,3,3,1,0,2,0,0
104,99,Robert Horry,1996-97,November,Phoenix Suns,Chicago Bulls,7,1,5,0,0,2,0
105,98,Wesley Person,1996-97,November,Phoenix Suns,Chicago Bulls,9,1,5,0,0,0,1
106,93,Steve Kerr,1996-97,November,Chicago Bulls,Phoenix Suns,3,0,0,0,0,1,1
108,82,Scottie Pippen,1996-97,November,Phoenix Suns,Chicago Bulls,11,0,1,1,1,0,1
109,83,Dennis Rodman,1996-97,November,Chicago Bulls,Phoenix Suns,1,2,6,0,0,0,0
110,78,Michael Jordan,1996-97,November,Chicago Bulls,Phoenix Suns,5,0,1,1,0,1,0
111,108,Scottie Pippen,1996-97,November,Chicago Bulls,Phoenix Suns,11,1,1,1,1,0,1
113,109,Dennis Rodman,1996-97,November,Chicago Bulls,Phoenix Suns,1,2,6,0,0,1,0
114,104,Robert Horry,1996-97,November,Phoenix Suns,Chicago Bulls,9,1,5,0,0,2,0
115,111,Scottie Pippen,1996-97,November,Chicago Bulls,Phoenix Suns,14,1,1,1,1,0,1
116,113,Dennis Rodman,1996-97,November,Chicago Bulls,Phoenix Suns,1,3,6,0,0,1,0
118,116,Dennis Rodman,1996-97,November,Chicago Bulls,Phoenix Suns,1,3,7,0,0,1,0
120,0,Michael Finley,1996-97,November,Phoenix Suns,Chicago Bulls,0,0,1,0,0,0,0
122,118,Dennis Rodman,1996-97,November,Chicago Bulls,Phoenix Suns,1,3,8,0,0,1,0
123,106,Steve Kerr,1996-97,November,Chicago Bulls,Phoenix Suns,6,0,0,0,0,1,1
124,70,Ron Harper,1996-97,November,Chicago Bulls,Phoenix Suns,0,2,1,0,0,0,2
126,122,Dennis Rodman,1996-97,November,Chicago Bulls,Phoenix Suns,1,3,9,0,0,1,0
127,120,Michael Finley,1996-97,November,Phoenix Suns,Chicago Bulls,0,0,1,0,0,0,1
129,0,Steve Nash,1996-97,November,Phoenix Suns,Chicago Bulls,0,0,1,0,0,0,0
130,129,Steve Nash,1996-97,November,Phoenix Suns,Chicago Bulls,0,0,1,0,0,0,1
131,130,Steve Nash,1996-97,November,Phoenix Suns,Chicago Bulls,0,0,1,0,0,1,1
132,124,Ron Harper,1996-97,November,Chicago Bulls,Phoenix Suns,2,2,1,0,0,0,2
133,127,Michael Finley,1996-97,November,Phoenix Suns,Chicago Bulls,2,0,1,0,0,0,1
134,131,Steve Nash,1996-97,November,Phoenix Suns,Chicago Bulls,0,1,1,0,0,1,1
136,126,Dennis Rodman,1996-97,November,Chicago Bulls,Phoenix Suns,1,3,10,0,0,1,0
137,136,Dennis Rodman,1996-97,November,Chicago Bulls,Phoenix Suns,3,3,10,0,0,1,0
139,114,Robert Horry,1996-97,November,Phoenix Suns,Chicago Bulls,9,1,6,0,0,2,0
141,133,Michael Finley,1996-97,November,Phoenix Suns,Chicago Bulls,2,0,2,0,0,0,1
142,141,Michael Finley,1996-97,November,Phoenix Suns,Chicago Bulls,4,0,2,0,0,0,1
144,142,Michael Finley,1996-97,November,Phoenix Suns,Chicago Bulls,4,0,3,0,0,0,1
146,0,Toni Kukoc,1996-97,November,Chicago Bulls,Phoenix Suns,0,0,0,0,0,0,1
148,137,Dennis Rodman,1996-97,November,Chicago Bulls,Phoenix Suns,3,3,11,0,0,1,0
150,148,Dennis Rodman,1996-97,November,Chicago Bulls,Phoenix Suns,3,3,12,0,0,1,0
152,77,Danny Manning,1996-97,November,Phoenix Suns,Chicago Bulls,4,1,4,1,0,1,2
154,150,Dennis Rodman,1996-97,November,Chicago Bulls,Phoenix Suns,3,3,13,0,0,1,0
156,123,Steve Kerr,1996-97,November,Chicago Bulls,Phoenix Suns,6,0,1,0,0,1,1
157,156,Steve Kerr,1996-97,November,Chicago Bulls,Phoenix Suns,6,0,1,0,0,2,1
158,0,Rex Chapman,1996-97,November,Chicago Bulls,Phoenix Suns,0,0,0,0,1,0,0
159,152,Danny Manning,1996-97,November,Phoenix Suns,Chicago Bulls,6,1,4,1,0,1,2
160,158,Rex Chapman,1996-97,November,Phoenix Suns,Chicago Bulls,0,1,0,0,1,0,0
162,159,Danny Manning,1996-97,November,Phoenix Suns,Chicago Bulls,8,1,4,1,0,1,2
163,134,Steve Nash,1996-97,November,Phoenix Suns,Chicago Bulls,0,2,1,0,0,1,1
164,110,Michael Jordan,1996-97,November,Chicago Bulls,Phoenix Suns,5,0,1,1,0,2,0
166,146,Toni Kukoc,1996-97,November,Chicago Bulls,Phoenix Suns,0,0,1,0,0,0,1
168,162,Danny Manning,1996-97,November,Chicago Bulls,Phoenix Suns,8,1,4,2,0,1,2
169,144,Michael Finley,1996-97,November,Phoenix Suns,Chicago Bulls,4,0,4,0,0,0,1
170,168,Danny Manning,1996-97,November,Phoenix Suns,Chicago Bulls,10,1,4,2,0,1,2
171,169,Michael Finley,1996-97,November,Phoenix Suns,Chicago Bulls,4,1,4,0,0,0,1
172,0,Randy Brown,1996-97,November,Chicago Bulls,Phoenix Suns,2,0,0,0,0,0,0
173,166,Toni Kukoc,1996-97,November,Chicago Bulls,Phoenix Suns,0,1,1,0,0,0,1
174,160,Rex Chapman,1996-97,November,Phoenix Suns,Chicago Bulls,0,1,0,0,1,1,0
175,172,Randy Brown,1996-97,November,Phoenix Suns,Chicago Bulls,2,0,0,0,1,0,0
176,175,Randy Brown,1996-97,November,Chicago Bulls,Phoenix Suns,2,0,0,0,1,1,0
177,0,Bill Wennington,1996-97,November,Chicago Bulls,Phoenix Suns,0,0,0,0,0,0,1
178,171,Michael Finley,1996-97,November,Phoenix Suns,Chicago Bulls,5,1,4,0,0,0,1
180,177,Bill Wennington,1996-97,November,Chicago Bulls,Phoenix Suns,0,0,1,0,0,0,1
181,164,Michael Jordan,1996-97,November,Chicago Bulls,Phoenix Suns,7,0,1,1,0,2,0
183,174,Rex Chapman,1996-97,November,Phoenix Suns,Chicago Bulls,0,1,0,0,1,1,1
184,180,Bill Wennington,1996-97,November,Chicago Bulls,Phoenix Suns,1,0,1,0,0,0,1
185,184,Bill Wennington,1996-97,November,Chicago Bulls,Phoenix Suns,2,0,1,0,0,0,1
186,102,Sam Cassell,1996-97,November,Phoenix Suns,Chicago Bulls,3,3,1,0,2,1,0
187,176,Randy Brown,1996-97,November,Phoenix Suns,Chicago Bulls,2,0,0,0,2,1,0
188,115,Scottie Pippen,1996-97,November,Chicago Bulls,Phoenix Suns,14,1,1,1,1,1,1
189,186,Sam Cassell,1996-97,November,Chicago Bulls,Phoenix Suns,3,3,1,0,3,1,0
191,132,Ron Harper,1996-97,November,Chicago Bulls,Phoenix Suns,2,2,2,0,0,0,2
192,189,Sam Cassell,1996-97,November,Phoenix Suns,Chicago Bulls,3,3,1,0,3,1,1
194,178,Michael Finley,1996-97,November,Phoenix Suns,Chicago Bulls,5,1,5,0,0,0,1
195,194,Michael Finley,1996-97,November,Phoenix Suns,Chicago Bulls,7,1,5,0,0,0,1
196,105,Wesley Person,1996-97,November,Phoenix Suns,Chicago Bulls,9,2,5,0,0,0,1
197,181,Michael Jordan,1996-97,November,Chicago Bulls,Phoenix Suns,9,0,1,1,0,2,0
198,188,Scottie Pippen,1996-97,November,Chicago Bulls,Phoenix Suns,14,2,1,1,1,1,1
200,198,Scottie Pippen,1996-97,November,Chicago Bulls,Phoenix Suns,14,2,2,1,1,1,1
202,54,Joe Kleine,1996-97,November,Phoenix Suns,Chicago Bulls,0,0,4,0,0,0,2
204,200,Scottie Pippen,1996-97,November,Chicago Bulls,Phoenix Suns,14,2,3,1,1,1,1
206,187,Randy Brown,1996-97,November,Chicago Bulls,Phoenix Suns,2,0,1,0,2,1,0
208,206,Randy Brown,1996-97,November,Chicago Bulls,Phoenix Suns,2,0,2,0,2,1,0
210,195,Michael Finley,1996-97,November,Phoenix Suns,Chicago Bulls,7,1,6,0,0,0,1
211,192,Sam Cassell,1996-97,November,Phoenix Suns,Chicago Bulls,5,3,1,0,3,1,1
212,185,Bill Wennington,1996-97,November,Chicago Bulls,Phoenix Suns,2,0,1,0,0,0,2
213,211,Sam Cassell,1996-97,November,Phoenix Suns,Chicago Bulls,6,3,1,0,3,1,1
215,196,Wesley Person,1996-97,November,Phoenix Suns,Chicago Bulls,9,2,6,0,0,0,1
216,139,Robert Horry,1996-97,November,Phoenix Suns,Chicago Bulls,9,1,6,0,0,3,0
218,213,Sam Cassell,1996-97,November,Phoenix Suns,Chicago Bulls,6,3,2,0,3,1,1
220,218,Sam Cassell,1996-97,November,Phoenix Suns,Chicago Bulls,6,3,3,0,3,1,1
221,202,Joe Kleine,1996-97,November,Phoenix Suns,Chicago Bulls,2,0,4,0,0,0,2
222,220,Sam Cassell,1996-97,November,Phoenix Suns,Chicago Bulls,6,4,3,0,3,1,1
225,0,Robert Parish,1996-97,November,Chicago Bulls,Phoenix Suns,0,0,1,0,0,0,0
227,225,Robert Parish,1996-97,November,Chicago Bulls,Phoenix Suns,0,0,2,0,0,0,0
228,191,Ron Harper,1996-97,November,Chicago Bulls,Phoenix Suns,4,2,2,0,0,0,2
229,197,Michael Jordan,1996-97,November,Chicago Bulls,Phoenix Suns,9,1,1,1,0,2,0
230,170,Danny Manning,1996-97,November,Phoenix Suns,Chicago Bulls,10,1,4,2,0,1,3
231,228,Ron Harper,1996-97,November,Chicago Bulls,Phoenix Suns,5,2,2,0,0,0,2
233,221,Joe Kleine,1996-97,November,Phoenix Suns,Chicago Bulls,2,0,5,0,0,0,2
234,233,Joe Kleine,1996-97,November,Phoenix Suns,Chicago Bulls,2,0,5,0,0,1,2
235,231,Ron Harper,1996-97,November,Phoenix Suns,Chicago Bulls,5,2,2,0,1,0,2
236,229,Michael Jordan,1996-97,November,Chicago Bulls,Phoenix Suns,11,1,1,1,0,2,0
237,204,Scottie Pippen,1996-97,November,Chicago Bulls,Phoenix Suns,14,3,3,1,1,1,1
238,216,Robert Horry,1996-97,November,Phoenix Suns,Chicago Bulls,9,1,6,0,0,4,0
240,238,Robert Horry,1996-97,November,Phoenix Suns,Chicago Bulls,9,1,7,0,0,4,0
241,230,Danny Manning,1996-97,November,Phoenix Suns,Chicago Bulls,12,1,4,2,0,1,3
242,222,Sam Cassell,1996-97,November,Phoenix Suns,Chicago Bulls,6,5,3,0,3,1,1
243,227,Robert Parish,1996-97,November,Chicago Bulls,Phoenix Suns,2,0,2,0,0,0,0
244,237,Scottie Pippen,1996-97,November,Chicago Bulls,Phoenix Suns,14,4,3,1,1,1,1
245,243,Robert Parish,1996-97,November,Chicago Bulls,Phoenix Suns,2,0,2,0,0,0,1
246,240,Robert Horry,1996-97,November,Phoenix Suns,Chicago Bulls,10,1,7,0,0,4,0
247,246,Robert Horry,1996-97,November,Phoenix Suns,Chicago Bulls,11,1,7,0,0,4,0
248,247,Robert Horry,1996-97,November,Phoenix Suns,Chicago Bulls,11,1,7,0,0,4,1
249,245,Robert Parish,1996-97,November,Chicago Bulls,Phoenix Suns,3,0,2,0,0,0,1
251,241,Danny Manning,1996-97,November,Phoenix Suns,Chicago Bulls,12,1,5,2,0,1,3
253,249,Robert Parish,1996-97,November,Chicago Bulls,Phoenix Suns,3,0,3,0,0,0,1
254,236,Michael Jordan,1996-97,November,Chicago Bulls,Phoenix Suns,13,1,1,1,0,2,0
255,244,Scottie Pippen,1996-97,November,Chicago Bulls,Phoenix Suns,14,5,3,1,1,1,1
256,254,Michael Jordan,1996-97,November,Chicago Bulls,Phoenix Suns,15,1,1,1,0,2,0
257,253,Robert Parish,1996-97,November,Chicago Bulls,Phoenix Suns,3,1,3,0,0,0,1
258,242,Sam Cassell,1996-97,November,Phoenix Suns,Chicago Bulls,6,5,3,0,3,2,1
259,235,Ron Harper,1996-97,November,Phoenix Suns,Chicago Bulls,5,2,2,0,2,0,2
260,259,Ron Harper,1996-97,November,Chicago Bulls,Phoenix Suns,7,2,2,0,2,0,2
261,256,Michael Jordan,1996-97,November,Chicago Bulls,Phoenix Suns,15,2,1,1,0,2,0
262,248,Robert Horry,1996-97,November,Phoenix Suns,Chicago Bulls,11,1,7,0,0,4,2
263,260,Ron Harper,1996-97,November,Chicago Bulls,Phoenix Suns,8,2,2,0,2,0,2
264,262,Robert Horry,1996-97,November,Phoenix Suns,Chicago Bulls,11,1,7,0,0,5,2
265,154,Dennis Rodman,1996-97,November,Chicago Bulls,Phoenix Suns,3,3,13,0,0,2,0
266,258,Sam Cassell,1996-97,November,Phoenix Suns,Chicago Bulls,8,5,3,0,3,2,1
267,255,Scottie Pippen,1996-97,November,Chicago Bulls,Phoenix Suns,16,5,3,1,1,1,1
268,261,Michael Jordan,1996-97,November,Chicago Bulls,Phoenix Suns,15,3,1,1,0,2,0
269,266,Sam Cassell,1996-97,November,Phoenix Suns,Chicago Bulls,8,5,3,0,3,3,1
270,268,Michael Jordan,1996-97,November,Phoenix Suns,Chicago Bulls,15,3,1,1,1,2,0
272,267,Scottie Pippen,1996-97,November,Chicago Bulls,Phoenix Suns,16,5,4,1,1,1,1
274,269,Sam Cassell,1996-97,November,Phoenix Suns,Chicago Bulls,8,5,4,0,3,3,1
275,274,Sam Cassell,1996-97,November,Phoenix Suns,Chicago Bulls,10,5,4,0,3,3,1
276,265,Dennis Rodman,1996-97,November,Chicago Bulls,Phoenix Suns,5,3,13,0,0,2,0
277,263,Ron Harper,1996-97,November,Chicago Bulls,Phoenix Suns,8,3,2,0,2,0,2
278,264,Robert Horry,1996-97,November,Phoenix Suns,Chicago Bulls,11,1,7,0,0,6,2
280,251,Danny Manning,1996-97,November,Phoenix Suns,Chicago Bulls,12,1,6,2,0,1,3
281,277,Ron Harper,1996-97,November,Chicago Bulls,Phoenix Suns,8,3,2,0,2,0,3
284,276,Dennis Rodman,1996-97,November,Chicago Bulls,Phoenix Suns,5,3,14,0,0,2,0
286,280,Danny Manning,1996-97,November,Phoenix Suns,Chicago Bulls,12,1,7,2,0,1,3
287,278,Robert Horry,1996-97,November,Phoenix Suns,Chicago Bulls,11,1,7,0,0,7,2
288,281,Ron Harper,1996-97,November,Phoenix Suns,Chicago Bulls,8,3,2,0,3,0,3
289,257,Robert Parish,1996-97,November,Chicago Bulls,Phoenix Suns,5,1,3,0,0,0,1
290,288,Ron Harper,1996-97,November,Chicago Bulls,Phoenix Suns,8,4,2,0,3,0,3
292,272,Scottie Pippen,1996-97,November,Chicago Bulls,Phoenix Suns,16,5,5,1,1,1,1
293,173,Toni Kukoc,1996-97,November,Chicago Bulls,Phoenix Suns,2,1,1,0,0,0,1
294,292,Scottie Pippen,1996-97,November,Chicago Bulls,Phoenix Suns,16,6,5,1,1,1,1
296,284,Dennis Rodman,1996-97,November,Chicago Bulls,Phoenix Suns,5,3,15,0,0,2,0
298,210,Michael Finley,1996-97,November,Phoenix Suns,Chicago Bulls,7,1,7,0,0,0,1
300,286,Danny Manning,1996-97,November,Phoenix Suns,Chicago Bulls,12,1,7,2,0,1,4
301,293,Toni Kukoc,1996-97,November,Chicago Bulls,Phoenix Suns,3,1,1,0,0,0,1
302,301,Toni Kukoc,1996-97,November,Chicago Bulls,Phoenix Suns,4,1,1,0,0,0,1
303,296,Dennis Rodman,1996-97,November,Chicago Bulls,Phoenix Suns,5,3,15,0,0,2,1
304,298,Michael Finley,1996-97,November,Phoenix Suns,Chicago Bulls,8,1,7,0,0,0,1
305,304,Michael Finley,1996-97,November,Phoenix Suns,Chicago Bulls,9,1,7,0,0,0,1
306,157,Steve Kerr,1996-97,November,Chicago Bulls,Phoenix Suns,8,0,1,0,0,2,1
307,302,Toni Kukoc,1996-97,November,Chicago Bulls,Phoenix Suns,4,2,1,0,0,0,1
308,0,Chucky Brown,1996-97,November,Phoenix Suns,Chicago Bulls,2,0,0,0,0,0,0
309,163,Steve Nash,1996-97,November,Phoenix Suns,Chicago Bulls,0,3,1,0,0,1,1
310,308,Chucky Brown,1996-97,November,Phoenix Suns,Chicago Bulls,2,0,0,0,0,0,1
311,307,Toni Kukoc,1996-97,November,Chicago Bulls,Phoenix Suns,5,2,1,0,0,0,1
312,311,Toni Kukoc,1996-97,November,Chicago Bulls,Phoenix Suns,6,2,1,0,0,0,1
314,303,Dennis Rodman,1996-97,November,Chicago Bulls,Phoenix Suns,5,3,16,0,0,2,1
315,305,Michael Finley,1996-97,November,Phoenix Suns,Chicago Bulls,12,1,7,0,0,0,1
316,309,Steve Nash,1996-97,November,Phoenix Suns,Chicago Bulls,0,4,1,0,0,1,1
317,270,Michael Jordan,1996-97,November,Chicago Bulls,Phoenix Suns,15,3,1,1,1,3,0
318,316,Steve Nash,1996-97,November,Phoenix Suns,Chicago Bulls,2,4,1,0,0,1,1
319,317,Michael Jordan,1996-97,November,Chicago Bulls,Phoenix Suns,17,3,1,1,1,3,0
321,314,Dennis Rodman,1996-97,November,Chicago Bulls,Phoenix Suns,5,3,17,0,0,2,1
322,306,Steve Kerr,1996-97,November,Chicago Bulls,Phoenix Suns,10,0,1,0,0,2,1
323,319,Michael Jordan,1996-97,November,Chicago Bulls,Phoenix Suns,17,4,1,1,1,3,0
324,315,Michael Finley,1996-97,November,Phoenix Suns,Chicago Bulls,12,1,7,0,0,1,1
326,310,Chucky Brown,1996-97,November,Phoenix Suns,Chicago Bulls,2,0,1,0,0,0,1
327,323,Michael Jordan,1996-97,November,Chicago Bulls,Phoenix Suns,17,4,1,1,1,3,1
328,324,Michael Finley,1996-97,November,Phoenix Suns,Chicago Bulls,13,1,7,0,0,1,1
329,328,Michael Finley,1996-97,November,Phoenix Suns,Chicago Bulls,14,1,7,0,0,1,1
331,0,Wayman Tisdale,1996-97,November,Phoenix Suns,Chicago Bulls,0,0,1,0,0,0,0
333,321,Dennis Rodman,1996-97,November,Chicago Bulls,Phoenix Suns,5,3,18,0,0,2,1
335,327,Michael Jordan,1996-97,November,Chicago Bulls,Phoenix Suns,17,4,2,1,1,3,1
336,335,Michael Jordan,1996-97,November,Chicago Bulls,Phoenix Suns,19,4,2,1,1,3,1
337,312,Toni Kukoc,1996-97,November,Chicago Bulls,Phoenix Suns,6,2,1,0,0,0,2
339,326,Chucky Brown,1996-97,November,Phoenix Suns,Chicago Bulls,3,0,1,0,0,0,1
340,322,Steve Kerr,1996-97,November,Chicago Bulls,Phoenix Suns,12,0,1,0,0,2,1
341,294,Scottie Pippen,1996-97,November,Chicago Bulls,Phoenix Suns,16,7,5,1,1,1,1
343,341,Scottie Pippen,1996-97,November,Chicago Bulls,Phoenix Suns,16,7,6,1,1,1,1
345,331,Wayman Tisdale,1996-97,November,Phoenix Suns,Chicago Bulls,0,0,2,0,0,0,0
346,318,Steve Nash,1996-97,November,Phoenix Suns,Chicago Bulls,4,4,1,0,0,1,1
347,333,Dennis Rodman,1996-97,November,Chicago Bulls,Phoenix Suns,7,3,18,0,0,2,1
348,336,Michael Jordan,1996-97,November,Chicago Bulls,Phoenix Suns,19,5,2,1,1,3,1
350,347,Dennis Rodman,1996-97,November,Chicago Bulls,Phoenix Suns,7,3,19,0,0,2,1
351,348,Michael Jordan,1996-97,November,Chicago Bulls,Phoenix Suns,21,5,2,1,1,3,1
353,339,Chucky Brown,1996-97,November,Phoenix Suns,Chicago Bulls,3,0,2,0,0,0,1
354,337,Toni Kukoc,1996-97,November,Chicago Bulls,Phoenix Suns,6,2,1,0,0,0,3
357,350,Dennis Rodman,1996-97,November,Chicago Bulls,Phoenix Suns,7,3,20,0,0,2,1
358,351,Michael Jordan,1996-97,November,Chicago Bulls,Phoenix Suns,23,5,2,1,1,3,1
359,340,Steve Kerr,1996-97,November,Chicago Bulls,Phoenix Suns,12,1,1,0,0,2,1
361,343,Scottie Pippen,1996-97,November,Chicago Bulls,Phoenix Suns,16,7,7,1,1,1,1
362,329,Michael Finley,1996-97,November,Phoenix Suns,Chicago Bulls,14,1,7,0,0,1,2
364,357,Dennis Rodman,1996-97,November,Chicago Bulls,Phoenix Suns,7,3,21,0,0,2,1
365,358,Michael Jordan,1996-97,November,Chicago Bulls,Phoenix Suns,26,5,2,1,1,3,1
366,364,Dennis Rodman,1996-97,November,Chicago Bulls,Phoenix Suns,7,4,21,0,0,2,1
367,346,Steve Nash,1996-97,November,Phoenix Suns,Chicago Bulls,6,4,1,0,0,1,1
368,359,Steve Kerr,1996-97,November,Chicago Bulls,Phoenix Suns,12,1,1,0,0,3,1
369,367,Steve Nash,1996-97,November,Chicago Bulls,Phoenix Suns,6,4,1,0,1,1,1
370,361,Scottie Pippen,1996-97,November,Chicago Bulls,Phoenix Suns,16,7,7,1,1,1,2
371,300,Danny Manning,1996-97,November,Phoenix Suns,Chicago Bulls,12,1,7,2,0,2,4
374,366,Dennis Rodman,1996-97,November,Chicago Bulls,Phoenix Suns,7,4,22,0,0,2,1
375,275,Sam Cassell,1996-97,November,Phoenix Suns,Chicago Bulls,10,5,4,0,3,3,2
377,370,Scottie Pippen,1996-97,November,Chicago Bulls,Phoenix Suns,16,7,8,1,1,1,2
378,377,Scottie Pippen,1996-97,November,Chicago Bulls,Phoenix Suns,18,7,8,1,1,1,2
379,369,Steve Nash,1996-97,November,Phoenix Suns,Chicago Bulls,6,4,1,0,1,2,1
380,368,Steve Kerr,1996-97,November,Phoenix Suns,Chicago Bulls,12,1,1,0,1,3,1
382,371,Danny Manning,1996-97,November,Phoenix Suns,Chicago Bulls,12,1,8,2,0,2,4
383,374,Dennis Rodman,1996-97,November,Chicago Bulls,Phoenix Suns,7,4,22,0,0,2,2
384,379,Steve Nash,1996-97,November,Phoenix Suns,Chicago Bulls,7,4,1,0,1,2,1
386,0,Jason Caffey,1996-97,November,Chicago Bulls,Phoenix Suns,0,0,1,0,0,0,0
388,386,Jason Caffey,1996-97,November,Chicago Bulls,Phoenix Suns,0,0,1,0,0,0,1
389,0,Ben Davis,1996-97,November,Phoenix Suns,Chicago Bulls,1,0,0,0,0,0,0
390,389,Ben Davis,1996-97,November,Phoenix Suns,Chicago Bulls,2,0,0,0,0,0,0
391,354,Toni Kukoc,1996-97,November,Chicago Bulls,Phoenix Suns,8,2,1,0,0,0,3
392,390,Ben Davis,1996-97,November,Phoenix Suns,Chicago Bulls,4,0,0,0,0,0,0
393,384,Steve Nash,1996-97,November,Phoenix Suns,Chicago Bulls,7,5,1,0,1,2,1
394,392,Ben Davis,1996-97,November,Phoenix Suns,Chicago Bulls,4,0,0,0,0,0,1
395,388,Jason Caffey,1996-97,November,Chicago Bulls,Phoenix Suns,0,0,1,0,0,1,1
397,395,Jason Caffey,1996-97,November,Chicago Bulls,Phoenix Suns,0,0,2,0,0,1,1
398,394,Ben Davis,1996-97,November,Phoenix Suns,Chicago Bulls,4,0,0,0,0,0,2
399,208,Randy Brown,1996-97,November,Chicago Bulls,Phoenix Suns,4,0,2,0,2,1,0
400,391,Toni Kukoc,1996-97,November,Chicago Bulls,Phoenix Suns,8,3,1,0,0,0,3
401,400,Toni Kukoc,1996-97,November,Chicago Bulls,Phoenix Suns,8,3,1,0,0,0,4
403,362,Michael Finley,1996-97,November,Phoenix Suns,Chicago Bulls,15,1,7,0,0,1,2
405,393,Steve Nash,1996-97,November,Phoenix Suns,Chicago Bulls,7,5,2,0,1,2,1
407,405,Steve Nash,1996-97,November,Phoenix Suns,Chicago Bulls,7,5,3,0,1,2,1
408,215,Wesley Person,1996-97,November,Phoenix Suns,Chicago Bulls,11,2,6,0,0,0,1
409,407,Steve Nash,1996-97,November,Phoenix Suns,Chicago Bulls,7,6,3,0,1,2,1
410,401,Toni Kukoc,1996-97,November,Chicago Bulls,Phoenix Suns,10,3,1,0,0,0,4
411,399,Randy Brown,1996-97,November,Chicago Bulls,Phoenix Suns,4,1,2,0,2,1,0
413,411,Randy Brown,1996-97,November,Phoenix Suns,Chicago Bulls,4,1,2,1,2,1,0
414,413,Randy Brown,1996-97,November,Chicago Bulls,Phoenix Suns,4,1,3,1,2,1,0
416,414,Randy Brown,1996-97,November,Chicago Bulls,Phoenix Suns,4,1,4,1,2,1,0
417,397,Jason Caffey,1996-97,November,Chicago Bulls,Phoenix Suns,2,0,2,0,0,1,1
418,380,Steve Kerr,1996-97,November,Chicago Bulls,Phoenix Suns,12,2,1,0,1,3,1
419,398,Ben Davis,1996-97,November,Phoenix Suns,Chicago Bulls,4,0,0,0,0,0,3
421,419,Ben Davis,1996-97,November,Phoenix Suns,Chicago Bulls,4,0,1,0,0,0,3
422,417,Jason Caffey,1996-97,November,Chicago Bulls,Phoenix Suns,2,0,2,0,0,1,2
423,403,Michael Finley,1996-97,November,Phoenix Suns,Chicago Bulls,16,1,7,0,0,1,2
424,423,Michael Finley,1996-97,November,Phoenix Suns,Chicago Bulls,17,1,7,0,0,1,2
425,410,Toni Kukoc,1996-97,November,Chicago Bulls,Phoenix Suns,12,3,1,0,0,0,4
426,418,Steve Kerr,1996-97,November,Chicago Bulls,Phoenix Suns,12,3,1,0,1,3,1
427,416,Randy Brown,1996-97,November,Chicago Bulls,Phoenix Suns,4,1,4,1,2,1,1
428,409,Steve Nash,1996-97,November,Phoenix Suns,Chicago Bulls,8,6,3,0,1,2,1
429,428,Steve Nash,1996-97,November,Phoenix Suns,Chicago Bulls,9,6,3,0,1,2,1
431,421,Ben Davis,1996-97,November,Phoenix Suns,Chicago Bulls,4,0,2,0,0,0,3
