id,previous_id,player,season,month,team,opponent_team,points,assists,rebounds,blocks,steals,turnovers,personal fouls
1,0,Patrick Ewing,1996-97,November,New York Knicks,Philadelphia 76ers,0,0,0,0,0,0,1
2,1,Patrick Ewing,1996-97,November,New York Knicks,Philadelphia 76ers,0,0,0,0,0,1,1
3,0,Derrick Coleman,1996-97,November,Philadelphia 76ers,New York Knicks,0,0,0,0,0,1,0
4,0,Charles Oakley,1996-97,November,New York Knicks,Philadelphia 76ers,0,0,0,0,1,0,0
5,0,Charlie Ward,1996-97,November,New York Knicks,Philadelphia 76ers,3,0,0,0,0,0,0
6,5,Charlie Ward,1996-97,November,New York Knicks,Philadelphia 76ers,3,0,0,0,0,0,1
9,2,Patrick Ewing,1996-97,November,New York Knicks,Philadelphia 76ers,0,0,1,0,0,1,1
10,0,Scott Williams,1996-97,November,Philadelphia 76ers,New York Knicks,0,0,0,0,0,0,1
11,0,Jerry Stackhouse,1996-97,November,Philadelphia 76ers,New York Knicks,0,0,0,0,0,0,1
13,4,Charles Oakley,1996-97,November,New York Knicks,Philadelphia 76ers,0,0,0,0,1,0,1
15,10,Scott Williams,1996-97,November,Philadelphia 76ers,New York Knicks,0,0,1,0,0,0,1
16,15,Scott Williams,1996-97,November,Philadelphia 76ers,New York Knicks,2,0,1,0,0,0,1
17,6,Charlie Ward,1996-97,November,New York Knicks,Philadelphia 76ers,5,0,0,0,0,0,1
18,16,Scott Williams,1996-97,November,Philadelphia 76ers,New York Knicks,4,0,1,0,0,0,1
20,0,Allen Iverson,1996-97,November,Philadelphia 76ers,New York Knicks,0,0,1,0,0,0,0
21,11,Jerry Stackhouse,1996-97,November,Philadelphia 76ers,New York Knicks,3,0,0,0,0,0,1
22,3,Derrick Coleman,1996-97,November,Philadelphia 76ers,New York Knicks,0,1,0,0,0,1,0
24,18,Scott Williams,1996-97,November,Philadelphia 76ers,New York Knicks,4,0,2,0,0,0,1
25,0,Allan Houston,1996-97,November,New York Knicks,Philadelphia 76ers,0,0,0,0,0,0,1
26,21,Jerry Stackhouse,1996-97,November,Philadelphia 76ers,New York Knicks,5,0,0,0,0,0,1
27,22,Derrick Coleman,1996-97,November,Philadelphia 76ers,New York Knicks,0,2,0,0,0,1,0
28,0,Larry Johnson,1996-97,November,New York Knicks,Philadelphia 76ers,2,0,0,0,0,0,0
29,17,Charlie Ward,1996-97,November,New York Knicks,Philadelphia 76ers,5,1,0,0,0,0,1
30,24,Scott Williams,1996-97,November,Philadelphia 76ers,New York Knicks,6,0,2,0,0,0,1
32,26,Jerry Stackhouse,1996-97,November,Philadelphia 76ers,New York Knicks,5,0,1,0,0,0,1
33,25,Allan Houston,1996-97,November,New York Knicks,Philadelphia 76ers,0,0,0,0,0,0,2
35,29,Charlie Ward,1996-97,November,New York Knicks,Philadelphia 76ers,5,1,0,1,0,0,1
36,20,Allen Iverson,1996-97,November,Philadelphia 76ers,New York Knicks,0,0,2,0,0,0,0
38,36,Allen Iverson,1996-97,November,Philadelphia 76ers,New York Knicks,0,0,3,0,0,0,0
40,28,Larry Johnson,1996-97,November,New York Knicks,Philadelphia 76ers,2,0,1,0,0,0,0
41,40,Larry Johnson,1996-97,November,New York Knicks,Philadelphia 76ers,4,0,1,0,0,0,0
42,13,Charles Oakley,1996-97,November,New York Knicks,Philadelphia 76ers,0,1,0,0,1,0,1
44,42,Charles Oakley,1996-97,November,New York Knicks,Philadelphia 76ers,0,1,1,0,1,0,1
46,44,Charles Oakley,1996-97,November,New York Knicks,Philadelphia 76ers,0,1,2,0,1,0,1
47,46,Charles Oakley,1996-97,November,New York Knicks,Philadelphia 76ers,2,1,2,0,1,0,1
48,27,Derrick Coleman,1996-97,November,Philadelphia 76ers,New York Knicks,2,2,0,0,0,1,0
49,32,Jerry Stackhouse,1996-97,November,Philadelphia 76ers,New York Knicks,5,1,1,0,0,0,1
50,38,Allen Iverson,1996-97,November,Philadelphia 76ers,New York Knicks,0,0,3,0,0,0,1
51,9,Patrick Ewing,1996-97,November,New York Knicks,Philadelphia 76ers,2,0,1,0,0,1,1
52,35,Charlie Ward,1996-97,November,New York Knicks,Philadelphia 76ers,5,2,0,1,0,0,1
53,49,Jerry Stackhouse,1996-97,November,Philadelphia 76ers,New York Knicks,5,1,1,0,0,1,1
54,0,John Starks,1996-97,November,New York Knicks,Philadelphia 76ers,0,0,0,0,1,0,0
55,54,John Starks,1996-97,November,New York Knicks,Philadelphia 76ers,2,0,0,0,1,0,0
57,47,Charles Oakley,1996-97,November,New York Knicks,Philadelphia 76ers,2,1,3,0,1,0,1
58,57,Charles Oakley,1996-97,November,New York Knicks,Philadelphia 76ers,2,1,3,0,1,1,1
59,53,Jerry Stackhouse,1996-97,November,Philadelphia 76ers,New York Knicks,5,1,1,0,1,1,1
60,50,Allen Iverson,1996-97,November,Philadelphia 76ers,New York Knicks,3,0,3,0,0,0,1
61,59,Jerry Stackhouse,1996-97,November,Philadelphia 76ers,New York Knicks,5,2,1,0,1,1,1
62,55,John Starks,1996-97,November,New York Knicks,Philadelphia 76ers,2,0,0,0,1,1,0
63,61,Jerry Stackhouse,1996-97,November,Philadelphia 76ers,New York Knicks,5,2,1,0,2,1,1
64,41,Larry Johnson,1996-97,November,New York Knicks,Philadelphia 76ers,4,0,1,0,0,0,1
66,63,Jerry Stackhouse,1996-97,November,Philadelphia 76ers,New York Knicks,6,2,1,0,2,1,1
67,60,Allen Iverson,1996-97,November,Philadelphia 76ers,New York Knicks,3,0,3,0,0,0,2
68,52,Charlie Ward,1996-97,November,New York Knicks,Philadelphia 76ers,7,2,0,1,0,0,1
69,66,Jerry Stackhouse,1996-97,November,Philadelphia 76ers,New York Knicks,9,2,1,0,2,1,1
70,67,Allen Iverson,1996-97,November,Philadelphia 76ers,New York Knicks,3,1,3,0,0,0,2
71,64,Larry Johnson,1996-97,November,New York Knicks,Philadelphia 76ers,6,0,1,0,0,0,1
73,30,Scott Williams,1996-97,November,Philadelphia 76ers,New York Knicks,6,0,3,0,0,0,1
74,73,Scott Williams,1996-97,November,Philadelphia 76ers,New York Knicks,8,0,3,0,0,0,1
76,68,Charlie Ward,1996-97,November,New York Knicks,Philadelphia 76ers,7,2,1,1,0,0,1
77,48,Derrick Coleman,1996-97,November,Philadelphia 76ers,New York Knicks,2,2,0,0,0,1,1
78,71,Larry Johnson,1996-97,November,New York Knicks,Philadelphia 76ers,7,0,1,0,0,0,1
79,78,Larry Johnson,1996-97,November,New York Knicks,Philadelphia 76ers,8,0,1,0,0,0,1
80,77,Derrick Coleman,1996-97,November,Philadelphia 76ers,New York Knicks,2,2,0,0,0,2,1
81,58,Charles Oakley,1996-97,November,New York Knicks,Philadelphia 76ers,2,1,3,0,2,1,1
82,74,Scott Williams,1996-97,November,Philadelphia 76ers,New York Knicks,8,0,3,0,0,0,2
83,51,Patrick Ewing,1996-97,November,New York Knicks,Philadelphia 76ers,3,0,1,0,0,1,1
85,82,Scott Williams,1996-97,November,Philadelphia 76ers,New York Knicks,8,0,4,0,0,0,2
87,79,Larry Johnson,1996-97,November,New York Knicks,Philadelphia 76ers,8,0,1,1,0,0,1
88,87,Larry Johnson,1996-97,November,New York Knicks,Philadelphia 76ers,8,0,2,1,0,0,1
90,80,Derrick Coleman,1996-97,November,Philadelphia 76ers,New York Knicks,2,2,1,0,0,2,1
91,90,Derrick Coleman,1996-97,November,Philadelphia 76ers,New York Knicks,4,2,1,0,0,2,1
92,70,Allen Iverson,1996-97,November,Philadelphia 76ers,New York Knicks,3,2,3,0,0,0,2
94,92,Allen Iverson,1996-97,November,Philadelphia 76ers,New York Knicks,3,2,4,0,0,0,2
95,94,Allen Iverson,1996-97,November,Philadelphia 76ers,New York Knicks,5,2,4,0,0,0,2
97,0,Clar. Weatherspoon,1996-97,November,Philadelphia 76ers,New York Knicks,0,0,1,0,0,0,0
98,95,Allen Iverson,1996-97,November,Philadelphia 76ers,New York Knicks,5,2,4,0,0,1,2
99,81,Charles Oakley,1996-97,November,New York Knicks,Philadelphia 76ers,2,1,3,0,3,1,1
100,88,Larry Johnson,1996-97,November,New York Knicks,Philadelphia 76ers,10,0,2,1,0,0,1
101,83,Patrick Ewing,1996-97,November,New York Knicks,Philadelphia 76ers,3,1,1,0,0,1,1
102,91,Derrick Coleman,1996-97,November,Philadelphia 76ers,New York Knicks,5,2,1,0,0,2,1
104,97,Clar. Weatherspoon,1996-97,November,Philadelphia 76ers,New York Knicks,0,0,2,0,0,0,0
105,102,Derrick Coleman,1996-97,November,Philadelphia 76ers,New York Knicks,8,2,1,0,0,2,1
106,0,Doug Overton,1996-97,November,Philadelphia 76ers,New York Knicks,0,1,0,0,0,0,0
107,62,John Starks,1996-97,November,New York Knicks,Philadelphia 76ers,4,0,0,0,1,1,0
109,0,Mark Davis,1996-97,November,Philadelphia 76ers,New York Knicks,0,0,0,0,0,1,0
110,109,Mark Davis,1996-97,November,Philadelphia 76ers,New York Knicks,0,0,0,0,0,1,1
111,100,Larry Johnson,1996-97,November,New York Knicks,Philadelphia 76ers,11,0,2,1,0,0,1
113,104,Clar. Weatherspoon,1996-97,November,Philadelphia 76ers,New York Knicks,0,0,3,0,0,0,0
115,0,Scott Brooks,1996-97,November,New York Knicks,Philadelphia 76ers,0,0,1,0,0,0,0
117,111,Larry Johnson,1996-97,November,New York Knicks,Philadelphia 76ers,11,0,3,1,0,0,1
119,0,Lucious Harris,1996-97,November,Philadelphia 76ers,New York Knicks,0,0,1,0,0,0,0
120,106,Doug Overton,1996-97,November,Philadelphia 76ers,New York Knicks,0,1,0,0,0,0,1
121,120,Doug Overton,1996-97,November,Philadelphia 76ers,New York Knicks,0,1,0,0,0,1,1
123,0,Buck Williams,1996-97,November,New York Knicks,Philadelphia 76ers,0,0,1,0,0,0,0
124,115,Scott Brooks,1996-97,November,New York Knicks,Philadelphia 76ers,0,0,1,0,0,0,1
125,113,Clar. Weatherspoon,1996-97,November,Philadelphia 76ers,New York Knicks,0,0,3,0,0,1,0
127,110,Mark Davis,1996-97,November,Philadelphia 76ers,New York Knicks,0,0,0,0,0,1,2
128,0,Herb Williams,1996-97,November,New York Knicks,Philadelphia 76ers,1,0,0,0,0,0,0
129,128,Herb Williams,1996-97,November,New York Knicks,Philadelphia 76ers,2,0,0,0,0,0,0
131,107,John Starks,1996-97,November,New York Knicks,Philadelphia 76ers,4,0,1,0,1,1,0
133,123,Buck Williams,1996-97,November,New York Knicks,Philadelphia 76ers,0,0,2,0,0,0,0
134,133,Buck Williams,1996-97,November,New York Knicks,Philadelphia 76ers,0,0,2,0,0,1,0
135,124,Scott Brooks,1996-97,November,New York Knicks,Philadelphia 76ers,0,0,1,0,0,0,2
136,98,Allen Iverson,1996-97,November,Philadelphia 76ers,New York Knicks,7,2,4,0,0,1,2
137,0,John Wallace,1996-97,November,New York Knicks,Philadelphia 76ers,2,0,0,0,0,0,0
138,131,John Starks,1996-97,November,New York Knicks,Philadelphia 76ers,4,1,1,0,1,1,0
140,134,Buck Williams,1996-97,November,New York Knicks,Philadelphia 76ers,0,0,3,0,0,1,0
142,127,Mark Davis,1996-97,November,Philadelphia 76ers,New York Knicks,0,0,1,0,0,1,2
143,136,Allen Iverson,1996-97,November,Philadelphia 76ers,New York Knicks,9,2,4,0,0,1,2
144,142,Mark Davis,1996-97,November,Philadelphia 76ers,New York Knicks,0,1,1,0,0,1,2
145,138,John Starks,1996-97,November,New York Knicks,Philadelphia 76ers,4,1,1,0,1,2,0
146,144,Mark Davis,1996-97,November,Philadelphia 76ers,New York Knicks,0,1,1,0,1,1,2
147,135,Scott Brooks,1996-97,November,New York Knicks,Philadelphia 76ers,0,0,1,0,0,0,3
149,85,Scott Williams,1996-97,November,Philadelphia 76ers,New York Knicks,8,0,5,0,0,0,2
150,137,John Wallace,1996-97,November,New York Knicks,Philadelphia 76ers,2,0,0,0,0,0,1
151,105,Derrick Coleman,1996-97,November,Philadelphia 76ers,New York Knicks,8,2,1,0,0,3,1
152,140,Buck Williams,1996-97,November,New York Knicks,Philadelphia 76ers,0,0,3,0,1,1,0
153,101,Patrick Ewing,1996-97,November,New York Knicks,Philadelphia 76ers,5,1,1,0,0,1,1
154,33,Allan Houston,1996-97,November,New York Knicks,Philadelphia 76ers,0,1,0,0,0,0,2
155,149,Scott Williams,1996-97,November,Philadelphia 76ers,New York Knicks,10,0,5,0,0,0,2
157,150,John Wallace,1996-97,November,New York Knicks,Philadelphia 76ers,2,0,1,0,0,0,1
159,151,Derrick Coleman,1996-97,November,Philadelphia 76ers,New York Knicks,8,2,2,0,0,3,1
160,143,Allen Iverson,1996-97,November,Philadelphia 76ers,New York Knicks,9,2,4,0,0,2,2
161,153,Patrick Ewing,1996-97,November,New York Knicks,Philadelphia 76ers,5,1,1,0,0,2,1
162,146,Mark Davis,1996-97,November,Philadelphia 76ers,New York Knicks,0,1,1,0,2,1,2
163,76,Charlie Ward,1996-97,November,New York Knicks,Philadelphia 76ers,7,2,1,1,0,0,2
165,69,Jerry Stackhouse,1996-97,November,Philadelphia 76ers,New York Knicks,10,2,1,0,2,1,1
166,163,Charlie Ward,1996-97,November,New York Knicks,Philadelphia 76ers,7,2,1,1,0,1,2
168,159,Derrick Coleman,1996-97,November,Philadelphia 76ers,New York Knicks,8,2,3,0,0,3,1
170,155,Scott Williams,1996-97,November,Philadelphia 76ers,New York Knicks,10,0,6,0,0,0,2
171,170,Scott Williams,1996-97,November,Philadelphia 76ers,New York Knicks,12,0,6,0,0,0,2
172,157,John Wallace,1996-97,November,New York Knicks,Philadelphia 76ers,2,0,1,0,0,0,2
173,172,John Wallace,1996-97,November,New York Knicks,Philadelphia 76ers,2,0,1,0,0,1,2
175,162,Mark Davis,1996-97,November,Philadelphia 76ers,New York Knicks,0,1,2,0,2,1,2
176,175,Mark Davis,1996-97,November,Philadelphia 76ers,New York Knicks,2,1,2,0,2,1,2
177,161,Patrick Ewing,1996-97,November,New York Knicks,Philadelphia 76ers,7,1,1,0,0,2,1
178,154,Allan Houston,1996-97,November,New York Knicks,Philadelphia 76ers,0,2,0,0,0,0,2
179,160,Allen Iverson,1996-97,November,Philadelphia 76ers,New York Knicks,9,2,4,0,0,3,2
181,177,Patrick Ewing,1996-97,November,New York Knicks,Philadelphia 76ers,9,1,1,0,0,2,1
182,178,Allan Houston,1996-97,November,New York Knicks,Philadelphia 76ers,0,3,0,0,0,0,2
183,165,Jerry Stackhouse,1996-97,November,Philadelphia 76ers,New York Knicks,13,2,1,0,2,1,1
184,179,Allen Iverson,1996-97,November,Philadelphia 76ers,New York Knicks,9,3,4,0,0,3,2
187,166,Charlie Ward,1996-97,November,New York Knicks,Philadelphia 76ers,7,2,2,1,0,1,2
188,183,Jerry Stackhouse,1996-97,November,Philadelphia 76ers,New York Knicks,13,2,1,0,2,1,2
189,117,Larry Johnson,1996-97,November,New York Knicks,Philadelphia 76ers,12,0,3,1,0,0,1
190,189,Larry Johnson,1996-97,November,New York Knicks,Philadelphia 76ers,13,0,3,1,0,0,1
191,168,Derrick Coleman,1996-97,November,Philadelphia 76ers,New York Knicks,8,2,3,0,0,4,1
192,181,Patrick Ewing,1996-97,November,New York Knicks,Philadelphia 76ers,9,1,1,0,1,2,1
193,99,Charles Oakley,1996-97,November,New York Knicks,Philadelphia 76ers,4,1,3,0,3,1,1
194,190,Larry Johnson,1996-97,November,New York Knicks,Philadelphia 76ers,13,1,3,1,0,0,1
195,187,Charlie Ward,1996-97,November,New York Knicks,Philadelphia 76ers,7,2,2,1,0,1,3
196,188,Jerry Stackhouse,1996-97,November,Philadelphia 76ers,New York Knicks,14,2,1,0,2,1,2
197,196,Jerry Stackhouse,1996-97,November,Philadelphia 76ers,New York Knicks,15,2,1,0,2,1,2
198,192,Patrick Ewing,1996-97,November,New York Knicks,Philadelphia 76ers,11,1,1,0,1,2,1
200,197,Jerry Stackhouse,1996-97,November,Philadelphia 76ers,New York Knicks,17,2,1,0,2,1,2
201,145,John Starks,1996-97,November,New York Knicks,Philadelphia 76ers,4,1,1,0,1,3,0
202,191,Derrick Coleman,1996-97,November,Philadelphia 76ers,New York Knicks,8,2,3,0,1,4,1
203,193,Charles Oakley,1996-97,November,New York Knicks,Philadelphia 76ers,4,1,3,0,3,1,1
204,184,Allen Iverson,1996-97,November,Philadelphia 76ers,New York Knicks,10,3,4,0,0,3,2
207,203,Charles Oakley,1996-97,November,New York Knicks,Philadelphia 76ers,4,1,4,0,3,1,1
208,171,Scott Williams,1996-97,November,Philadelphia 76ers,New York Knicks,12,0,6,0,0,0,3
209,194,Larry Johnson,1996-97,November,New York Knicks,Philadelphia 76ers,15,1,3,1,0,0,1
211,198,Patrick Ewing,1996-97,November,New York Knicks,Philadelphia 76ers,11,1,2,0,1,2,1
212,125,Clar. Weatherspoon,1996-97,November,Philadelphia 76ers,New York Knicks,0,0,3,0,0,1,1
214,211,Patrick Ewing,1996-97,November,New York Knicks,Philadelphia 76ers,12,1,2,0,1,2,1
217,214,Patrick Ewing,1996-97,November,New York Knicks,Philadelphia 76ers,12,1,3,0,1,2,1
218,195,Charlie Ward,1996-97,November,New York Knicks,Philadelphia 76ers,7,2,2,1,0,2,3
219,204,Allen Iverson,1996-97,November,Philadelphia 76ers,New York Knicks,12,3,4,0,0,3,2
220,202,Derrick Coleman,1996-97,November,Philadelphia 76ers,New York Knicks,8,3,3,0,1,4,1
222,209,Larry Johnson,1996-97,November,New York Knicks,Philadelphia 76ers,15,1,4,1,0,0,1
223,182,Allan Houston,1996-97,November,New York Knicks,Philadelphia 76ers,3,3,0,0,0,0,2
225,220,Derrick Coleman,1996-97,November,Philadelphia 76ers,New York Knicks,8,3,4,0,1,4,1
227,222,Larry Johnson,1996-97,November,New York Knicks,Philadelphia 76ers,15,1,5,1,0,0,1
229,225,Derrick Coleman,1996-97,November,Philadelphia 76ers,New York Knicks,8,3,4,1,1,4,1
230,200,Jerry Stackhouse,1996-97,November,Philadelphia 76ers,New York Knicks,17,2,2,0,2,1,2
231,227,Larry Johnson,1996-97,November,New York Knicks,Philadelphia 76ers,15,1,5,1,0,0,2
234,217,Patrick Ewing,1996-97,November,New York Knicks,Philadelphia 76ers,12,1,4,0,1,2,1
235,218,Charlie Ward,1996-97,November,New York Knicks,Philadelphia 76ers,10,2,2,1,0,2,3
236,231,Larry Johnson,1996-97,November,New York Knicks,Philadelphia 76ers,15,2,5,1,0,0,2
238,212,Clar. Weatherspoon,1996-97,November,Philadelphia 76ers,New York Knicks,0,0,4,0,0,1,1
239,219,Allen Iverson,1996-97,November,Philadelphia 76ers,New York Knicks,15,3,4,0,0,3,2
240,230,Jerry Stackhouse,1996-97,November,Philadelphia 76ers,New York Knicks,17,3,2,0,2,1,2
241,240,Jerry Stackhouse,1996-97,November,Philadelphia 76ers,New York Knicks,17,3,2,0,2,1,3
242,223,Allan Houston,1996-97,November,New York Knicks,Philadelphia 76ers,4,3,0,0,0,0,2
243,242,Allan Houston,1996-97,November,New York Knicks,Philadelphia 76ers,5,3,0,0,0,0,2
244,239,Allen Iverson,1996-97,November,Philadelphia 76ers,New York Knicks,18,3,4,0,0,3,2
245,208,Scott Williams,1996-97,November,Philadelphia 76ers,New York Knicks,12,1,6,0,0,0,3
246,236,Larry Johnson,1996-97,November,New York Knicks,Philadelphia 76ers,17,2,5,1,0,0,2
247,207,Charles Oakley,1996-97,November,New York Knicks,Philadelphia 76ers,4,2,4,0,3,1,1
248,234,Patrick Ewing,1996-97,November,New York Knicks,Philadelphia 76ers,12,1,4,0,1,2,2
250,245,Scott Williams,1996-97,November,Philadelphia 76ers,New York Knicks,12,1,7,0,0,0,3
252,248,Patrick Ewing,1996-97,November,New York Knicks,Philadelphia 76ers,12,1,5,0,1,2,2
253,235,Charlie Ward,1996-97,November,New York Knicks,Philadelphia 76ers,10,2,2,1,0,3,3
255,243,Allan Houston,1996-97,November,New York Knicks,Philadelphia 76ers,5,3,1,0,0,0,2
257,250,Scott Williams,1996-97,November,Philadelphia 76ers,New York Knicks,12,1,8,0,0,0,3
258,247,Charles Oakley,1996-97,November,New York Knicks,Philadelphia 76ers,4,2,4,0,3,1,2
259,229,Derrick Coleman,1996-97,November,Philadelphia 76ers,New York Knicks,9,3,4,1,1,4,1
261,252,Patrick Ewing,1996-97,November,New York Knicks,Philadelphia 76ers,12,1,6,0,1,2,2
262,238,Clar. Weatherspoon,1996-97,November,Philadelphia 76ers,New York Knicks,0,0,4,0,0,1,2
264,241,Jerry Stackhouse,1996-97,November,Philadelphia 76ers,New York Knicks,17,3,3,0,2,1,3
266,261,Patrick Ewing,1996-97,November,New York Knicks,Philadelphia 76ers,12,1,6,1,1,2,2
268,262,Clar. Weatherspoon,1996-97,November,Philadelphia 76ers,New York Knicks,0,0,4,0,0,1,3
270,244,Allen Iverson,1996-97,November,Philadelphia 76ers,New York Knicks,18,3,5,0,0,3,2
271,270,Allen Iverson,1996-97,November,Philadelphia 76ers,New York Knicks,18,3,5,0,0,4,2
272,253,Charlie Ward,1996-97,November,New York Knicks,Philadelphia 76ers,10,2,2,1,1,3,3
273,258,Charles Oakley,1996-97,November,New York Knicks,Philadelphia 76ers,6,2,4,0,3,1,2
274,272,Charlie Ward,1996-97,November,New York Knicks,Philadelphia 76ers,10,3,2,1,1,3,3
275,259,Derrick Coleman,1996-97,November,Philadelphia 76ers,New York Knicks,11,3,4,1,1,4,1
276,246,Larry Johnson,1996-97,November,New York Knicks,Philadelphia 76ers,20,2,5,1,0,0,2
277,255,Allan Houston,1996-97,November,New York Knicks,Philadelphia 76ers,5,4,1,0,0,0,2
278,275,Derrick Coleman,1996-97,November,Philadelphia 76ers,New York Knicks,12,3,4,1,1,4,1
280,274,Charlie Ward,1996-97,November,New York Knicks,Philadelphia 76ers,10,3,3,1,1,3,3
281,280,Charlie Ward,1996-97,November,New York Knicks,Philadelphia 76ers,12,3,3,1,1,3,3
282,281,Charlie Ward,1996-97,November,New York Knicks,Philadelphia 76ers,12,3,3,1,1,3,4
283,264,Jerry Stackhouse,1996-97,November,Philadelphia 76ers,New York Knicks,19,3,3,0,2,1,3
284,266,Patrick Ewing,1996-97,November,New York Knicks,Philadelphia 76ers,14,1,6,1,1,2,2
286,284,Patrick Ewing,1996-97,November,New York Knicks,Philadelphia 76ers,14,1,7,1,1,2,2
288,268,Clar. Weatherspoon,1996-97,November,Philadelphia 76ers,New York Knicks,0,0,5,0,0,1,3
289,271,Allen Iverson,1996-97,November,Philadelphia 76ers,New York Knicks,21,3,5,0,0,4,2
291,147,Scott Brooks,1996-97,November,New York Knicks,Philadelphia 76ers,0,0,2,0,0,0,3
293,289,Allen Iverson,1996-97,November,Philadelphia 76ers,New York Knicks,21,3,6,0,0,4,2
294,293,Allen Iverson,1996-97,November,Philadelphia 76ers,New York Knicks,21,3,6,0,0,5,2
295,276,Larry Johnson,1996-97,November,New York Knicks,Philadelphia 76ers,22,2,5,1,0,0,2
296,176,Mark Davis,1996-97,November,Philadelphia 76ers,New York Knicks,2,1,2,0,2,1,3
297,295,Larry Johnson,1996-97,November,New York Knicks,Philadelphia 76ers,23,2,5,1,0,0,2
298,291,Scott Brooks,1996-97,November,New York Knicks,Philadelphia 76ers,0,0,2,0,0,0,4
299,294,Allen Iverson,1996-97,November,Philadelphia 76ers,New York Knicks,22,3,6,0,0,5,2
300,299,Allen Iverson,1996-97,November,Philadelphia 76ers,New York Knicks,23,3,6,0,0,5,2
301,298,Scott Brooks,1996-97,November,New York Knicks,Philadelphia 76ers,2,0,2,0,0,0,4
302,300,Allen Iverson,1996-97,November,Philadelphia 76ers,New York Knicks,25,3,6,0,0,5,2
303,296,Mark Davis,1996-97,November,Philadelphia 76ers,New York Knicks,2,2,2,0,2,1,3
304,297,Larry Johnson,1996-97,November,New York Knicks,Philadelphia 76ers,25,2,5,1,0,0,2
305,201,John Starks,1996-97,November,New York Knicks,Philadelphia 76ers,4,2,1,0,1,3,0
306,303,Mark Davis,1996-97,November,Philadelphia 76ers,New York Knicks,4,2,2,0,2,1,3
307,302,Allen Iverson,1996-97,November,Philadelphia 76ers,New York Knicks,25,4,6,0,0,5,2
308,273,Charles Oakley,1996-97,November,New York Knicks,Philadelphia 76ers,8,2,4,0,3,1,2
309,304,Larry Johnson,1996-97,November,New York Knicks,Philadelphia 76ers,25,3,5,1,0,0,2
311,286,Patrick Ewing,1996-97,November,New York Knicks,Philadelphia 76ers,14,1,8,1,1,2,2
312,119,Lucious Harris,1996-97,November,Philadelphia 76ers,New York Knicks,0,0,1,0,0,0,1
314,309,Larry Johnson,1996-97,November,New York Knicks,Philadelphia 76ers,25,3,5,1,0,0,3
316,301,Scott Brooks,1996-97,November,New York Knicks,Philadelphia 76ers,2,0,3,0,0,0,4
318,0,Michael Cage,1996-97,November,Philadelphia 76ers,New York Knicks,0,0,1,0,0,0,0
319,314,Larry Johnson,1996-97,November,New York Knicks,Philadelphia 76ers,25,3,5,1,0,0,4
320,316,Scott Brooks,1996-97,November,New York Knicks,Philadelphia 76ers,2,0,3,0,0,0,5
322,173,John Wallace,1996-97,November,New York Knicks,Philadelphia 76ers,2,0,1,0,0,2,2
323,312,Lucious Harris,1996-97,November,Philadelphia 76ers,New York Knicks,2,0,1,0,0,0,1
324,306,Mark Davis,1996-97,November,Philadelphia 76ers,New York Knicks,4,3,2,0,2,1,3
325,305,John Starks,1996-97,November,New York Knicks,Philadelphia 76ers,6,2,1,0,1,3,0
326,311,Patrick Ewing,1996-97,November,New York Knicks,Philadelphia 76ers,14,2,8,1,1,2,2
327,152,Buck Williams,1996-97,November,New York Knicks,Philadelphia 76ers,0,0,3,0,1,1,1
329,288,Clar. Weatherspoon,1996-97,November,Philadelphia 76ers,New York Knicks,1,0,5,0,0,1,3
331,320,Scott Brooks,1996-97,November,New York Knicks,Philadelphia 76ers,2,0,4,0,0,0,5
333,324,Mark Davis,1996-97,November,Philadelphia 76ers,New York Knicks,4,3,3,0,2,1,3
334,326,Patrick Ewing,1996-97,November,New York Knicks,Philadelphia 76ers,14,2,8,1,1,2,3
337,327,Buck Williams,1996-97,November,New York Knicks,Philadelphia 76ers,0,0,4,0,1,1,1
338,325,John Starks,1996-97,November,New York Knicks,Philadelphia 76ers,6,2,1,0,1,4,0
339,307,Allen Iverson,1996-97,November,Philadelphia 76ers,New York Knicks,25,4,6,0,1,5,2
340,339,Allen Iverson,1996-97,November,Philadelphia 76ers,New York Knicks,28,4,6,0,1,5,2
341,283,Jerry Stackhouse,1996-97,November,Philadelphia 76ers,New York Knicks,19,4,3,0,2,1,3
342,338,John Starks,1996-97,November,New York Knicks,Philadelphia 76ers,9,2,1,0,1,4,0
343,277,Allan Houston,1996-97,November,New York Knicks,Philadelphia 76ers,5,5,1,0,0,0,2
344,257,Scott Williams,1996-97,November,Philadelphia 76ers,New York Knicks,14,1,8,0,0,0,3
345,341,Jerry Stackhouse,1996-97,November,Philadelphia 76ers,New York Knicks,19,5,3,0,2,1,3
347,334,Patrick Ewing,1996-97,November,New York Knicks,Philadelphia 76ers,14,2,9,1,1,2,3
348,347,Patrick Ewing,1996-97,November,New York Knicks,Philadelphia 76ers,16,2,9,1,1,2,3
349,331,Scott Brooks,1996-97,November,New York Knicks,Philadelphia 76ers,2,0,4,0,0,0,6
350,340,Allen Iverson,1996-97,November,Philadelphia 76ers,New York Knicks,29,4,6,0,1,5,2
352,348,Patrick Ewing,1996-97,November,New York Knicks,Philadelphia 76ers,16,2,10,1,1,2,3
353,352,Patrick Ewing,1996-97,November,New York Knicks,Philadelphia 76ers,18,2,10,1,1,2,3
354,282,Charlie Ward,1996-97,November,New York Knicks,Philadelphia 76ers,12,4,3,1,1,3,4
355,342,John Starks,1996-97,November,New York Knicks,Philadelphia 76ers,9,2,1,0,1,4,1
356,345,Jerry Stackhouse,1996-97,November,Philadelphia 76ers,New York Knicks,20,5,3,0,2,1,3
358,353,Patrick Ewing,1996-97,November,New York Knicks,Philadelphia 76ers,18,2,11,1,1,2,3
360,344,Scott Williams,1996-97,November,Philadelphia 76ers,New York Knicks,14,1,9,0,0,0,3
361,343,Allan Houston,1996-97,November,New York Knicks,Philadelphia 76ers,5,5,1,0,0,0,3
362,360,Scott Williams,1996-97,November,Philadelphia 76ers,New York Knicks,15,1,9,0,0,0,3
364,337,Buck Williams,1996-97,November,New York Knicks,Philadelphia 76ers,0,0,5,0,1,1,1
365,333,Mark Davis,1996-97,November,Philadelphia 76ers,New York Knicks,4,3,3,0,2,1,4
368,362,Scott Williams,1996-97,November,Philadelphia 76ers,New York Knicks,15,1,10,0,0,0,3
370,358,Patrick Ewing,1996-97,November,New York Knicks,Philadelphia 76ers,18,2,11,2,1,2,3
371,370,Patrick Ewing,1996-97,November,New York Knicks,Philadelphia 76ers,18,2,12,2,1,2,3
373,368,Scott Williams,1996-97,November,Philadelphia 76ers,New York Knicks,15,1,11,0,0,0,3
374,356,Jerry Stackhouse,1996-97,November,Philadelphia 76ers,New York Knicks,23,5,3,0,2,1,3
375,350,Allen Iverson,1996-97,November,Philadelphia 76ers,New York Knicks,29,5,6,0,1,5,2
376,371,Patrick Ewing,1996-97,November,New York Knicks,Philadelphia 76ers,20,2,12,2,1,2,3
377,354,Charlie Ward,1996-97,November,New York Knicks,Philadelphia 76ers,12,5,3,1,1,3,4
378,278,Derrick Coleman,1996-97,November,Philadelphia 76ers,New York Knicks,14,3,4,1,1,4,1
380,376,Patrick Ewing,1996-97,November,New York Knicks,Philadelphia 76ers,20,2,13,2,1,2,3
381,380,Patrick Ewing,1996-97,November,New York Knicks,Philadelphia 76ers,22,2,13,2,1,2,3
382,374,Jerry Stackhouse,1996-97,November,Philadelphia 76ers,New York Knicks,23,5,3,0,2,2,3
383,361,Allan Houston,1996-97,November,New York Knicks,Philadelphia 76ers,7,5,1,0,0,0,3
384,377,Charlie Ward,1996-97,November,New York Knicks,Philadelphia 76ers,12,6,3,1,1,3,4
385,384,Charlie Ward,1996-97,November,New York Knicks,Philadelphia 76ers,12,6,3,1,1,3,5
387,375,Allen Iverson,1996-97,November,Philadelphia 76ers,New York Knicks,30,5,6,0,1,5,2
388,387,Allen Iverson,1996-97,November,Philadelphia 76ers,New York Knicks,31,5,6,0,1,5,2
390,373,Scott Williams,1996-97,November,Philadelphia 76ers,New York Knicks,15,1,12,0,0,0,3
391,378,Derrick Coleman,1996-97,November,Philadelphia 76ers,New York Knicks,14,3,4,1,1,5,1
393,382,Jerry Stackhouse,1996-97,November,Philadelphia 76ers,New York Knicks,23,5,4,0,2,2,3
394,393,Jerry Stackhouse,1996-97,November,Philadelphia 76ers,New York Knicks,26,5,4,0,2,2,3
395,388,Allen Iverson,1996-97,November,Philadelphia 76ers,New York Knicks,31,6,6,0,1,5,2
396,329,Clar. Weatherspoon,1996-97,November,Philadelphia 76ers,New York Knicks,1,0,5,0,0,1,4
398,308,Charles Oakley,1996-97,November,New York Knicks,Philadelphia 76ers,9,2,4,0,3,1,2
399,398,Charles Oakley,1996-97,November,New York Knicks,Philadelphia 76ers,9,2,4,0,3,1,3
402,399,Charles Oakley,1996-97,November,New York Knicks,Philadelphia 76ers,9,2,5,0,3,1,3
404,381,Patrick Ewing,1996-97,November,New York Knicks,Philadelphia 76ers,22,2,14,2,1,2,3
405,319,Larry Johnson,1996-97,November,New York Knicks,Philadelphia 76ers,28,3,5,1,0,0,4
406,402,Charles Oakley,1996-97,November,New York Knicks,Philadelphia 76ers,9,3,5,0,3,1,3
407,385,Charlie Ward,1996-97,November,New York Knicks,Philadelphia 76ers,12,6,3,1,1,3,6
408,395,Allen Iverson,1996-97,November,Philadelphia 76ers,New York Knicks,32,6,6,0,1,5,2
410,408,Allen Iverson,1996-97,November,Philadelphia 76ers,New York Knicks,33,6,6,0,1,5,2
411,404,Patrick Ewing,1996-97,November,New York Knicks,Philadelphia 76ers,24,2,14,2,1,2,3
412,383,Allan Houston,1996-97,November,New York Knicks,Philadelphia 76ers,7,6,1,0,0,0,3
414,410,Allen Iverson,1996-97,November,Philadelphia 76ers,New York Knicks,33,6,7,0,1,5,2
415,405,Larry Johnson,1996-97,November,New York Knicks,Philadelphia 76ers,28,3,5,1,0,0,5
416,391,Derrick Coleman,1996-97,November,Philadelphia 76ers,New York Knicks,15,3,4,1,1,5,1
417,416,Derrick Coleman,1996-97,November,Philadelphia 76ers,New York Knicks,16,3,4,1,1,5,1
418,355,John Starks,1996-97,November,New York Knicks,Philadelphia 76ers,9,2,1,0,1,5,1
419,414,Allen Iverson,1996-97,November,Philadelphia 76ers,New York Knicks,33,6,7,0,2,5,2
420,411,Patrick Ewing,1996-97,November,New York Knicks,Philadelphia 76ers,24,2,14,2,1,2,4
421,419,Allen Iverson,1996-97,November,Philadelphia 76ers,New York Knicks,34,6,7,0,2,5,2
422,390,Scott Williams,1996-97,November,Philadelphia 76ers,New York Knicks,15,1,12,0,0,1,3
424,406,Charles Oakley,1996-97,November,New York Knicks,Philadelphia 76ers,9,3,6,0,3,1,3
426,424,Charles Oakley,1996-97,November,New York Knicks,Philadelphia 76ers,9,3,7,0,3,1,3
428,396,Clar. Weatherspoon,1996-97,November,Philadelphia 76ers,New York Knicks,1,0,6,0,0,1,4
429,415,Larry Johnson,1996-97,November,New York Knicks,Philadelphia 76ers,28,3,5,1,0,0,6
430,421,Allen Iverson,1996-97,November,Philadelphia 76ers,New York Knicks,35,6,7,0,2,5,2
432,420,Patrick Ewing,1996-97,November,New York Knicks,Philadelphia 76ers,24,2,15,2,1,2,4
433,432,Patrick Ewing,1996-97,November,New York Knicks,Philadelphia 76ers,26,2,15,2,1,2,4
434,412,Allan Houston,1996-97,November,New York Knicks,Philadelphia 76ers,7,6,1,0,0,0,4
435,394,Jerry Stackhouse,1996-97,November,Philadelphia 76ers,New York Knicks,27,5,4,0,2,2,3
436,435,Jerry Stackhouse,1996-97,November,Philadelphia 76ers,New York Knicks,28,5,4,0,2,2,3
