id,previous_id,player,season,month,team,opponent_team,points,assists,rebounds,blocks,steals,turnovers,personal fouls
1,0,Antonio McDyess,1996-97,November,Denver Nuggets,Detroit Pistons,2,0,0,0,0,0,0
2,0,Mark Jackson,1996-97,November,Denver Nuggets,Detroit Pistons,0,1,0,0,0,0,0
4,0,Ervin Johnson,1996-97,November,Detroit Pistons,Denver Nuggets,0,0,0,1,0,0,0
5,4,Ervin Johnson,1996-97,November,Denver Nuggets,Detroit Pistons,0,0,1,1,0,0,0
7,0,Otis Thorpe,1996-97,November,Detroit Pistons,Denver Nuggets,0,0,1,0,0,0,0
9,7,Otis Thorpe,1996-97,November,Detroit Pistons,Denver Nuggets,0,0,2,0,0,0,0
10,0,Grant Hill,1996-97,November,Detroit Pistons,Denver Nuggets,2,0,0,0,0,0,0
11,5,Ervin Johnson,1996-97,November,Denver Nuggets,Detroit Pistons,2,0,1,1,0,0,0
12,0,Dale Ellis,1996-97,November,Denver Nuggets,Detroit Pistons,0,1,0,0,0,0,0
13,10,Grant Hill,1996-97,November,Detroit Pistons,Denver Nuggets,5,0,0,0,0,0,0
14,0,Joe Dumars,1996-97,November,Detroit Pistons,Denver Nuggets,0,1,0,0,0,0,0
15,0,Bryant Stith,1996-97,November,Denver Nuggets,Detroit Pistons,2,0,0,0,0,0,0
16,2,Mark Jackson,1996-97,November,Denver Nuggets,Detroit Pistons,0,2,0,0,0,0,0
17,9,Otis Thorpe,1996-97,November,Detroit Pistons,Denver Nuggets,0,0,2,0,0,0,1
18,17,Otis Thorpe,1996-97,November,Detroit Pistons,Denver Nuggets,0,0,2,0,0,1,1
19,1,Antonio McDyess,1996-97,November,Denver Nuggets,Detroit Pistons,2,0,0,0,0,1,0
20,0,Lindsey Hunter,1996-97,November,Detroit Pistons,Denver Nuggets,2,0,0,0,0,0,0
22,0,Grant Long,1996-97,November,Detroit Pistons,Denver Nuggets,0,0,1,0,0,0,0
24,12,Dale Ellis,1996-97,November,Denver Nuggets,Detroit Pistons,0,1,1,0,0,0,0
26,19,Antonio McDyess,1996-97,November,Denver Nuggets,Detroit Pistons,2,0,1,0,0,1,0
27,26,Antonio McDyess,1996-97,November,Denver Nuggets,Detroit Pistons,4,0,1,0,0,1,0
29,22,Grant Long,1996-97,November,Detroit Pistons,Denver Nuggets,0,0,2,0,0,0,0
31,29,Grant Long,1996-97,November,Detroit Pistons,Denver Nuggets,0,0,3,0,0,0,0
33,11,Ervin Johnson,1996-97,November,Denver Nuggets,Detroit Pistons,2,0,2,1,0,0,0
35,13,Grant Hill,1996-97,November,Denver Nuggets,Detroit Pistons,5,0,0,1,0,0,0
36,16,Mark Jackson,1996-97,November,Denver Nuggets,Detroit Pistons,0,2,1,0,0,0,0
38,35,Grant Hill,1996-97,November,Detroit Pistons,Denver Nuggets,5,0,1,1,0,0,0
39,27,Antonio McDyess,1996-97,November,Denver Nuggets,Detroit Pistons,4,0,1,0,0,1,1
41,39,Antonio McDyess,1996-97,November,Denver Nuggets,Detroit Pistons,4,0,2,0,0,1,1
43,38,Grant Hill,1996-97,November,Detroit Pistons,Denver Nuggets,5,0,2,1,0,0,0
45,18,Otis Thorpe,1996-97,November,Detroit Pistons,Denver Nuggets,0,0,3,0,0,1,1
47,33,Ervin Johnson,1996-97,November,Denver Nuggets,Detroit Pistons,2,0,3,1,0,0,0
48,24,Dale Ellis,1996-97,November,Denver Nuggets,Detroit Pistons,0,1,1,0,0,1,0
49,15,Bryant Stith,1996-97,November,Denver Nuggets,Detroit Pistons,2,0,0,0,0,0,1
50,14,Joe Dumars,1996-97,November,Detroit Pistons,Denver Nuggets,1,1,0,0,0,0,0
51,50,Joe Dumars,1996-97,November,Detroit Pistons,Denver Nuggets,2,1,0,0,0,0,0
53,20,Lindsey Hunter,1996-97,November,Detroit Pistons,Denver Nuggets,2,0,1,0,0,0,0
55,41,Antonio McDyess,1996-97,November,Denver Nuggets,Detroit Pistons,4,0,3,0,0,1,1
56,36,Mark Jackson,1996-97,November,Denver Nuggets,Detroit Pistons,0,2,1,0,0,1,0
57,43,Grant Hill,1996-97,November,Denver Nuggets,Detroit Pistons,5,0,2,1,1,0,0
58,0,Don Reid,1996-97,November,Detroit Pistons,Denver Nuggets,2,0,0,0,0,0,0
59,51,Joe Dumars,1996-97,November,Detroit Pistons,Denver Nuggets,2,2,0,0,0,0,0
61,59,Joe Dumars,1996-97,November,Detroit Pistons,Denver Nuggets,2,2,1,0,0,0,0
64,57,Grant Hill,1996-97,November,Detroit Pistons,Denver Nuggets,5,0,3,1,1,0,0
65,61,Joe Dumars,1996-97,November,Detroit Pistons,Denver Nuggets,2,2,1,0,0,1,0
66,56,Mark Jackson,1996-97,November,Detroit Pistons,Denver Nuggets,0,2,1,0,1,1,0
67,48,Dale Ellis,1996-97,November,Denver Nuggets,Detroit Pistons,3,1,1,0,0,1,0
68,55,Antonio McDyess,1996-97,November,Denver Nuggets,Detroit Pistons,4,1,3,0,0,1,1
70,31,Grant Long,1996-97,November,Detroit Pistons,Denver Nuggets,0,0,4,0,0,0,0
72,47,Ervin Johnson,1996-97,November,Detroit Pistons,Denver Nuggets,2,0,3,2,0,0,0
73,49,Bryant Stith,1996-97,November,Denver Nuggets,Detroit Pistons,2,0,1,0,0,0,1
74,53,Lindsey Hunter,1996-97,November,Detroit Pistons,Denver Nuggets,2,0,1,0,0,0,1
76,0,Terry Mills,1996-97,November,Detroit Pistons,Denver Nuggets,0,0,1,0,0,0,0
77,76,Terry Mills,1996-97,November,Detroit Pistons,Denver Nuggets,3,0,1,0,0,0,0
78,64,Grant Hill,1996-97,November,Detroit Pistons,Denver Nuggets,5,1,3,1,1,0,0
79,68,Antonio McDyess,1996-97,November,Denver Nuggets,Detroit Pistons,6,1,3,0,0,1,1
81,72,Ervin Johnson,1996-97,November,Denver Nuggets,Detroit Pistons,2,0,4,2,0,0,0
83,77,Terry Mills,1996-97,November,Detroit Pistons,Denver Nuggets,3,0,2,0,0,0,0
85,81,Ervin Johnson,1996-97,November,Denver Nuggets,Detroit Pistons,2,0,5,2,0,0,0
86,58,Don Reid,1996-97,November,Detroit Pistons,Denver Nuggets,2,0,0,0,0,0,1
87,86,Don Reid,1996-97,November,Detroit Pistons,Denver Nuggets,2,0,0,0,0,0,2
88,79,Antonio McDyess,1996-97,November,Denver Nuggets,Detroit Pistons,7,1,3,0,0,1,1
90,78,Grant Hill,1996-97,November,Detroit Pistons,Denver Nuggets,5,1,4,1,1,0,0
91,90,Grant Hill,1996-97,November,Detroit Pistons,Denver Nuggets,7,1,4,1,1,0,0
92,74,Lindsey Hunter,1996-97,November,Detroit Pistons,Denver Nuggets,2,1,1,0,0,0,1
94,83,Terry Mills,1996-97,November,Detroit Pistons,Denver Nuggets,3,0,3,0,0,0,0
97,91,Grant Hill,1996-97,November,Detroit Pistons,Denver Nuggets,7,1,5,1,1,0,0
100,94,Terry Mills,1996-97,November,Detroit Pistons,Denver Nuggets,3,0,4,0,0,0,0
101,0,Sarunas Marciulionis,1996-97,November,Denver Nuggets,Detroit Pistons,0,0,0,0,0,0,1
103,0,Eric Murdock,1996-97,November,Denver Nuggets,Detroit Pistons,0,0,1,0,0,0,0
105,0,Tom Hammonds,1996-97,November,Denver Nuggets,Detroit Pistons,0,0,1,0,0,0,0
107,87,Don Reid,1996-97,November,Detroit Pistons,Denver Nuggets,2,0,1,0,0,0,2
108,105,Tom Hammonds,1996-97,November,Denver Nuggets,Detroit Pistons,0,0,1,0,0,0,1
109,97,Grant Hill,1996-97,November,Detroit Pistons,Denver Nuggets,9,1,5,1,1,0,0
110,109,Grant Hill,1996-97,November,Detroit Pistons,Denver Nuggets,9,1,5,1,1,0,1
111,101,Sarunas Marciulionis,1996-97,November,Denver Nuggets,Detroit Pistons,1,0,0,0,0,0,1
112,111,Sarunas Marciulionis,1996-97,November,Denver Nuggets,Detroit Pistons,2,0,0,0,0,0,1
114,108,Tom Hammonds,1996-97,November,Denver Nuggets,Detroit Pistons,0,0,2,0,0,0,1
115,85,Ervin Johnson,1996-97,November,Denver Nuggets,Detroit Pistons,4,0,5,2,0,0,0
116,112,Sarunas Marciulionis,1996-97,November,Denver Nuggets,Detroit Pistons,2,1,0,0,0,0,1
118,114,Tom Hammonds,1996-97,November,Denver Nuggets,Detroit Pistons,0,0,3,0,0,0,1
119,100,Terry Mills,1996-97,November,Detroit Pistons,Denver Nuggets,3,0,4,0,0,0,1
120,118,Tom Hammonds,1996-97,November,Denver Nuggets,Detroit Pistons,1,0,3,0,0,0,1
121,120,Tom Hammonds,1996-97,November,Denver Nuggets,Detroit Pistons,2,0,3,0,0,0,1
122,0,Stacey Augmon,1996-97,November,Detroit Pistons,Denver Nuggets,0,0,0,0,0,1,0
124,119,Terry Mills,1996-97,November,Detroit Pistons,Denver Nuggets,3,0,5,0,0,0,1
125,121,Tom Hammonds,1996-97,November,Denver Nuggets,Detroit Pistons,2,0,3,0,0,0,2
127,115,Ervin Johnson,1996-97,November,Detroit Pistons,Denver Nuggets,4,0,5,3,0,0,0
128,0,Michael Curry,1996-97,November,Detroit Pistons,Denver Nuggets,0,0,1,0,0,0,0
129,124,Terry Mills,1996-97,November,Detroit Pistons,Denver Nuggets,6,0,5,0,0,0,1
130,0,Kenny Smith,1996-97,November,Detroit Pistons,Denver Nuggets,0,1,0,0,0,0,0
131,122,Stacey Augmon,1996-97,November,Detroit Pistons,Denver Nuggets,0,0,0,0,0,1,1
132,0,Darvin Ham,1996-97,November,Denver Nuggets,Detroit Pistons,2,0,0,0,0,0,0
133,67,Dale Ellis,1996-97,November,Denver Nuggets,Detroit Pistons,3,2,1,0,0,1,0
134,130,Kenny Smith,1996-97,November,Detroit Pistons,Denver Nuggets,2,1,0,0,0,0,0
136,45,Otis Thorpe,1996-97,November,Detroit Pistons,Denver Nuggets,0,0,4,0,0,1,1
137,136,Otis Thorpe,1996-97,November,Detroit Pistons,Denver Nuggets,0,0,4,0,0,1,2
138,137,Otis Thorpe,1996-97,November,Detroit Pistons,Denver Nuggets,0,0,4,0,0,2,2
139,133,Dale Ellis,1996-97,November,Denver Nuggets,Detroit Pistons,3,2,1,0,0,1,1
140,139,Dale Ellis,1996-97,November,Denver Nuggets,Detroit Pistons,3,2,1,0,0,2,1
141,138,Otis Thorpe,1996-97,November,Detroit Pistons,Denver Nuggets,0,0,4,0,0,3,2
142,116,Sarunas Marciulionis,1996-97,November,Detroit Pistons,Denver Nuggets,2,1,0,0,1,0,1
143,140,Dale Ellis,1996-97,November,Denver Nuggets,Detroit Pistons,6,2,1,0,0,2,1
144,142,Sarunas Marciulionis,1996-97,November,Denver Nuggets,Detroit Pistons,2,2,0,0,1,0,1
145,134,Kenny Smith,1996-97,November,Detroit Pistons,Denver Nuggets,5,1,0,0,0,0,0
146,65,Joe Dumars,1996-97,November,Detroit Pistons,Denver Nuggets,2,3,1,0,0,1,0
147,144,Sarunas Marciulionis,1996-97,November,Denver Nuggets,Detroit Pistons,2,2,0,0,1,1,1
149,88,Antonio McDyess,1996-97,November,Denver Nuggets,Detroit Pistons,7,1,4,0,0,1,1
150,147,Sarunas Marciulionis,1996-97,November,Denver Nuggets,Detroit Pistons,2,2,0,0,1,2,1
151,129,Terry Mills,1996-97,November,Denver Nuggets,Detroit Pistons,6,0,5,0,1,0,1
152,151,Terry Mills,1996-97,November,Detroit Pistons,Denver Nuggets,6,0,5,0,1,1,1
153,127,Ervin Johnson,1996-97,November,Detroit Pistons,Denver Nuggets,4,0,5,3,1,0,0
154,152,Terry Mills,1996-97,November,Detroit Pistons,Denver Nuggets,6,0,5,0,1,1,2
156,153,Ervin Johnson,1996-97,November,Denver Nuggets,Detroit Pistons,4,0,5,3,1,0,1
157,73,Bryant Stith,1996-97,November,Denver Nuggets,Detroit Pistons,2,0,1,0,0,0,2
158,70,Grant Long,1996-97,November,Detroit Pistons,Denver Nuggets,1,0,4,0,0,0,0
162,156,Ervin Johnson,1996-97,November,Denver Nuggets,Detroit Pistons,4,0,6,3,1,0,1
163,149,Antonio McDyess,1996-97,November,Denver Nuggets,Detroit Pistons,9,1,4,0,0,1,1
164,110,Grant Hill,1996-97,November,Detroit Pistons,Denver Nuggets,11,1,5,1,1,0,1
166,141,Otis Thorpe,1996-97,November,Detroit Pistons,Denver Nuggets,0,0,5,0,0,3,2
168,163,Antonio McDyess,1996-97,November,Denver Nuggets,Detroit Pistons,9,1,5,0,0,1,1
169,168,Antonio McDyess,1996-97,November,Denver Nuggets,Detroit Pistons,11,1,5,0,0,1,1
170,66,Mark Jackson,1996-97,November,Denver Nuggets,Detroit Pistons,0,3,1,0,1,1,0
171,166,Otis Thorpe,1996-97,November,Detroit Pistons,Denver Nuggets,2,0,5,0,0,3,2
172,145,Kenny Smith,1996-97,November,Detroit Pistons,Denver Nuggets,5,2,0,0,0,0,0
174,171,Otis Thorpe,1996-97,November,Detroit Pistons,Denver Nuggets,2,0,6,0,0,3,2
176,158,Grant Long,1996-97,November,Detroit Pistons,Denver Nuggets,1,0,5,0,0,0,0
178,174,Otis Thorpe,1996-97,November,Detroit Pistons,Denver Nuggets,2,0,7,0,0,3,2
179,178,Otis Thorpe,1996-97,November,Detroit Pistons,Denver Nuggets,4,0,7,0,0,3,2
180,103,Eric Murdock,1996-97,November,Denver Nuggets,Detroit Pistons,2,0,1,0,0,0,0
181,176,Grant Long,1996-97,November,Detroit Pistons,Denver Nuggets,3,0,5,0,0,0,0
182,146,Joe Dumars,1996-97,November,Detroit Pistons,Denver Nuggets,2,4,1,0,0,1,0
183,180,Eric Murdock,1996-97,November,Denver Nuggets,Detroit Pistons,4,0,1,0,0,0,0
184,92,Lindsey Hunter,1996-97,November,Detroit Pistons,Denver Nuggets,4,1,1,0,0,0,1
185,179,Otis Thorpe,1996-97,November,Detroit Pistons,Denver Nuggets,4,1,7,0,0,3,2
186,157,Bryant Stith,1996-97,November,Denver Nuggets,Detroit Pistons,4,0,1,0,0,0,2
187,162,Ervin Johnson,1996-97,November,Denver Nuggets,Detroit Pistons,4,1,6,3,1,0,1
190,181,Grant Long,1996-97,November,Detroit Pistons,Denver Nuggets,3,0,6,0,0,0,0
192,186,Bryant Stith,1996-97,November,Denver Nuggets,Detroit Pistons,4,0,2,0,0,0,2
194,190,Grant Long,1996-97,November,Detroit Pistons,Denver Nuggets,3,0,7,0,0,0,0
196,143,Dale Ellis,1996-97,November,Denver Nuggets,Detroit Pistons,6,2,2,0,0,2,1
198,185,Otis Thorpe,1996-97,November,Detroit Pistons,Denver Nuggets,4,1,8,0,0,3,2
199,169,Antonio McDyess,1996-97,November,Denver Nuggets,Detroit Pistons,11,1,5,0,0,1,2
201,194,Grant Long,1996-97,November,Detroit Pistons,Denver Nuggets,4,0,7,0,0,0,0
202,199,Antonio McDyess,1996-97,November,Denver Nuggets,Detroit Pistons,13,1,5,0,0,1,2
203,196,Dale Ellis,1996-97,November,Denver Nuggets,Detroit Pistons,6,3,2,0,0,2,1
204,201,Grant Long,1996-97,November,Detroit Pistons,Denver Nuggets,6,0,7,0,0,0,0
205,192,Bryant Stith,1996-97,November,Denver Nuggets,Detroit Pistons,6,0,2,0,0,0,2
206,170,Mark Jackson,1996-97,November,Denver Nuggets,Detroit Pistons,0,4,1,0,1,1,0
207,164,Grant Hill,1996-97,November,Detroit Pistons,Denver Nuggets,13,1,5,1,1,0,1
208,182,Joe Dumars,1996-97,November,Detroit Pistons,Denver Nuggets,2,5,1,0,0,1,0
209,203,Dale Ellis,1996-97,November,Denver Nuggets,Detroit Pistons,6,3,2,0,0,3,1
210,208,Joe Dumars,1996-97,November,Denver Nuggets,Detroit Pistons,2,5,1,0,1,1,0
212,187,Ervin Johnson,1996-97,November,Denver Nuggets,Detroit Pistons,4,1,7,3,1,0,1
213,206,Mark Jackson,1996-97,November,Denver Nuggets,Detroit Pistons,2,4,1,0,1,1,0
215,213,Mark Jackson,1996-97,November,Denver Nuggets,Detroit Pistons,2,4,2,0,1,1,0
216,215,Mark Jackson,1996-97,November,Denver Nuggets,Detroit Pistons,2,4,2,0,1,2,0
217,207,Grant Hill,1996-97,November,Denver Nuggets,Detroit Pistons,13,1,5,1,2,0,1
218,210,Joe Dumars,1996-97,November,Detroit Pistons,Denver Nuggets,4,5,1,0,1,1,0
219,217,Grant Hill,1996-97,November,Detroit Pistons,Denver Nuggets,13,2,5,1,2,0,1
220,202,Antonio McDyess,1996-97,November,Denver Nuggets,Detroit Pistons,13,1,5,0,0,1,3
221,220,Antonio McDyess,1996-97,November,Denver Nuggets,Detroit Pistons,13,1,5,0,0,2,3
222,198,Otis Thorpe,1996-97,November,Detroit Pistons,Denver Nuggets,6,1,8,0,0,3,2
224,184,Lindsey Hunter,1996-97,November,Detroit Pistons,Denver Nuggets,4,1,2,0,0,0,1
225,224,Lindsey Hunter,1996-97,November,Detroit Pistons,Denver Nuggets,6,1,2,0,0,0,1
227,225,Lindsey Hunter,1996-97,November,Detroit Pistons,Denver Nuggets,6,1,3,0,0,0,1
228,227,Lindsey Hunter,1996-97,November,Detroit Pistons,Denver Nuggets,8,1,3,0,0,0,1
229,216,Mark Jackson,1996-97,November,Denver Nuggets,Detroit Pistons,2,4,2,0,1,2,1
231,125,Tom Hammonds,1996-97,November,Denver Nuggets,Detroit Pistons,2,0,4,0,0,0,2
233,219,Grant Hill,1996-97,November,Detroit Pistons,Denver Nuggets,13,2,5,1,2,0,2
234,209,Dale Ellis,1996-97,November,Denver Nuggets,Detroit Pistons,9,3,2,0,0,3,1
235,229,Mark Jackson,1996-97,November,Denver Nuggets,Detroit Pistons,2,5,2,0,1,2,1
236,222,Otis Thorpe,1996-97,November,Detroit Pistons,Denver Nuggets,8,1,8,0,0,3,2
238,204,Grant Long,1996-97,November,Detroit Pistons,Denver Nuggets,6,0,7,0,0,0,1
240,235,Mark Jackson,1996-97,November,Denver Nuggets,Detroit Pistons,2,5,3,0,1,2,1
242,240,Mark Jackson,1996-97,November,Denver Nuggets,Detroit Pistons,2,5,4,0,1,2,1
243,0,Ricky Pierce,1996-97,November,Denver Nuggets,Detroit Pistons,3,0,0,0,0,0,0
244,242,Mark Jackson,1996-97,November,Denver Nuggets,Detroit Pistons,2,6,4,0,1,2,1
245,212,Ervin Johnson,1996-97,November,Denver Nuggets,Detroit Pistons,4,1,7,3,1,0,2
247,245,Ervin Johnson,1996-97,November,Denver Nuggets,Detroit Pistons,4,1,8,3,1,0,2
248,243,Ricky Pierce,1996-97,November,Denver Nuggets,Detroit Pistons,5,0,0,0,0,0,0
249,244,Mark Jackson,1996-97,November,Denver Nuggets,Detroit Pistons,2,7,4,0,1,2,1
250,218,Joe Dumars,1996-97,November,Detroit Pistons,Denver Nuggets,6,5,1,0,1,1,0
252,238,Grant Long,1996-97,November,Detroit Pistons,Denver Nuggets,6,0,8,0,0,0,1
253,250,Joe Dumars,1996-97,November,Detroit Pistons,Denver Nuggets,9,5,1,0,1,1,0
254,252,Grant Long,1996-97,November,Detroit Pistons,Denver Nuggets,6,1,8,0,0,0,1
255,249,Mark Jackson,1996-97,November,Denver Nuggets,Detroit Pistons,4,7,4,0,1,2,1
256,248,Ricky Pierce,1996-97,November,Denver Nuggets,Detroit Pistons,5,1,0,0,0,0,0
257,228,Lindsey Hunter,1996-97,November,Detroit Pistons,Denver Nuggets,8,1,3,0,0,0,2
258,255,Mark Jackson,1996-97,November,Denver Nuggets,Detroit Pistons,5,7,4,0,1,2,1
259,233,Grant Hill,1996-97,November,Detroit Pistons,Denver Nuggets,15,2,5,1,2,0,2
261,234,Dale Ellis,1996-97,November,Denver Nuggets,Detroit Pistons,9,3,3,0,0,3,1
262,261,Dale Ellis,1996-97,November,Denver Nuggets,Detroit Pistons,11,3,3,0,0,3,1
263,262,Dale Ellis,1996-97,November,Denver Nuggets,Detroit Pistons,11,3,3,0,0,3,2
264,236,Otis Thorpe,1996-97,November,Detroit Pistons,Denver Nuggets,10,1,8,0,0,3,2
265,257,Lindsey Hunter,1996-97,November,Detroit Pistons,Denver Nuggets,8,2,3,0,0,0,2
266,247,Ervin Johnson,1996-97,November,Denver Nuggets,Detroit Pistons,4,1,8,3,1,0,3
267,264,Otis Thorpe,1996-97,November,Detroit Pistons,Denver Nuggets,11,1,8,0,0,3,2
269,265,Lindsey Hunter,1996-97,November,Detroit Pistons,Denver Nuggets,8,2,4,0,0,0,2
270,269,Lindsey Hunter,1996-97,November,Detroit Pistons,Denver Nuggets,10,2,4,0,0,0,2
271,258,Mark Jackson,1996-97,November,Denver Nuggets,Detroit Pistons,8,7,4,0,1,2,1
272,270,Lindsey Hunter,1996-97,November,Detroit Pistons,Denver Nuggets,12,2,4,0,0,0,2
273,254,Grant Long,1996-97,November,Detroit Pistons,Denver Nuggets,6,1,8,0,0,0,2
274,272,Lindsey Hunter,1996-97,November,Detroit Pistons,Denver Nuggets,12,2,4,0,0,0,3
275,271,Mark Jackson,1996-97,November,Denver Nuggets,Detroit Pistons,9,7,4,0,1,2,1
277,253,Joe Dumars,1996-97,November,Detroit Pistons,Denver Nuggets,9,5,2,0,1,1,0
279,154,Terry Mills,1996-97,November,Detroit Pistons,Denver Nuggets,6,0,5,0,1,1,3
280,231,Tom Hammonds,1996-97,November,Denver Nuggets,Detroit Pistons,3,0,4,0,0,0,2
281,280,Tom Hammonds,1996-97,November,Denver Nuggets,Detroit Pistons,4,0,4,0,0,0,2
282,277,Joe Dumars,1996-97,November,Detroit Pistons,Denver Nuggets,11,5,2,0,1,1,0
283,132,Darvin Ham,1996-97,November,Denver Nuggets,Detroit Pistons,2,0,0,0,0,0,1
284,282,Joe Dumars,1996-97,November,Detroit Pistons,Denver Nuggets,12,5,2,0,1,1,0
285,284,Joe Dumars,1996-97,November,Detroit Pistons,Denver Nuggets,12,5,2,0,1,1,1
286,263,Dale Ellis,1996-97,November,Denver Nuggets,Detroit Pistons,12,3,3,0,0,3,2
287,286,Dale Ellis,1996-97,November,Denver Nuggets,Detroit Pistons,13,3,3,0,0,3,2
290,267,Otis Thorpe,1996-97,November,Detroit Pistons,Denver Nuggets,11,1,9,0,0,3,2
292,221,Antonio McDyess,1996-97,November,Denver Nuggets,Detroit Pistons,13,1,6,0,0,2,3
293,131,Stacey Augmon,1996-97,November,Detroit Pistons,Denver Nuggets,0,0,0,0,0,1,2
294,256,Ricky Pierce,1996-97,November,Denver Nuggets,Detroit Pistons,6,1,0,0,0,0,0
295,294,Ricky Pierce,1996-97,November,Denver Nuggets,Detroit Pistons,7,1,0,0,0,0,0
296,150,Sarunas Marciulionis,1996-97,November,Denver Nuggets,Detroit Pistons,2,2,0,0,1,2,2
297,285,Joe Dumars,1996-97,November,Detroit Pistons,Denver Nuggets,12,5,2,0,1,2,1
298,183,Eric Murdock,1996-97,November,Detroit Pistons,Denver Nuggets,4,0,1,0,1,0,0
299,274,Lindsey Hunter,1996-97,November,Detroit Pistons,Denver Nuggets,12,2,4,0,0,0,4
301,292,Antonio McDyess,1996-97,November,Denver Nuggets,Detroit Pistons,14,1,6,0,0,2,3
302,295,Ricky Pierce,1996-97,November,Denver Nuggets,Detroit Pistons,7,1,0,0,0,0,1
304,259,Grant Hill,1996-97,November,Detroit Pistons,Denver Nuggets,16,2,5,1,2,0,2
305,296,Sarunas Marciulionis,1996-97,November,Denver Nuggets,Detroit Pistons,2,2,0,0,1,3,2
307,298,Eric Murdock,1996-97,November,Denver Nuggets,Detroit Pistons,4,0,2,0,1,0,0
309,293,Stacey Augmon,1996-97,November,Detroit Pistons,Denver Nuggets,0,0,1,0,0,1,2
310,304,Grant Hill,1996-97,November,Detroit Pistons,Denver Nuggets,18,2,5,1,2,0,2
311,281,Tom Hammonds,1996-97,November,Denver Nuggets,Detroit Pistons,6,0,4,0,0,0,2
312,307,Eric Murdock,1996-97,November,Denver Nuggets,Detroit Pistons,4,1,2,0,1,0,0
313,299,Lindsey Hunter,1996-97,November,Detroit Pistons,Denver Nuggets,14,2,4,0,0,0,4
314,313,Lindsey Hunter,1996-97,November,Detroit Pistons,Denver Nuggets,14,2,4,0,0,0,5
316,290,Otis Thorpe,1996-97,November,Detroit Pistons,Denver Nuggets,11,1,10,0,0,3,2
317,301,Antonio McDyess,1996-97,November,Denver Nuggets,Detroit Pistons,14,1,6,0,0,2,4
318,316,Otis Thorpe,1996-97,November,Detroit Pistons,Denver Nuggets,13,1,10,0,0,3,2
320,310,Grant Hill,1996-97,November,Detroit Pistons,Denver Nuggets,18,2,6,1,2,0,2
321,320,Grant Hill,1996-97,November,Detroit Pistons,Denver Nuggets,20,2,6,1,2,0,2
322,317,Antonio McDyess,1996-97,November,Denver Nuggets,Detroit Pistons,16,1,6,0,0,2,4
323,305,Sarunas Marciulionis,1996-97,November,Denver Nuggets,Detroit Pistons,2,3,0,0,1,3,2
324,266,Ervin Johnson,1996-97,November,Denver Nuggets,Detroit Pistons,4,1,8,3,1,0,4
325,309,Stacey Augmon,1996-97,November,Detroit Pistons,Denver Nuggets,0,0,1,0,0,2,2
326,323,Sarunas Marciulionis,1996-97,November,Detroit Pistons,Denver Nuggets,2,3,0,0,2,3,2
327,287,Dale Ellis,1996-97,November,Denver Nuggets,Detroit Pistons,16,3,3,0,0,3,2
328,275,Mark Jackson,1996-97,November,Denver Nuggets,Detroit Pistons,9,8,4,0,1,2,1
330,311,Tom Hammonds,1996-97,November,Denver Nuggets,Detroit Pistons,6,0,5,0,0,0,2
333,328,Mark Jackson,1996-97,November,Denver Nuggets,Detroit Pistons,9,8,5,0,1,2,1
334,326,Sarunas Marciulionis,1996-97,November,Denver Nuggets,Detroit Pistons,4,3,0,0,2,3,2
335,333,Mark Jackson,1996-97,November,Denver Nuggets,Detroit Pistons,9,9,5,0,1,2,1
337,335,Mark Jackson,1996-97,November,Denver Nuggets,Detroit Pistons,9,9,6,0,1,2,1
338,334,Sarunas Marciulionis,1996-97,November,Denver Nuggets,Detroit Pistons,7,3,0,0,2,3,2
339,337,Mark Jackson,1996-97,November,Denver Nuggets,Detroit Pistons,9,10,6,0,1,2,1
340,327,Dale Ellis,1996-97,November,Denver Nuggets,Detroit Pistons,16,3,3,0,0,3,3
341,321,Grant Hill,1996-97,November,Detroit Pistons,Denver Nuggets,21,2,6,1,2,0,2
342,341,Grant Hill,1996-97,November,Detroit Pistons,Denver Nuggets,22,2,6,1,2,0,2
343,340,Dale Ellis,1996-97,November,Denver Nuggets,Detroit Pistons,18,3,3,0,0,3,3
344,339,Mark Jackson,1996-97,November,Denver Nuggets,Detroit Pistons,9,11,6,0,1,2,1
345,343,Dale Ellis,1996-97,November,Denver Nuggets,Detroit Pistons,18,3,3,0,0,3,4
346,342,Grant Hill,1996-97,November,Detroit Pistons,Denver Nuggets,23,2,6,1,2,0,2
347,346,Grant Hill,1996-97,November,Detroit Pistons,Denver Nuggets,24,2,6,1,2,0,2
349,297,Joe Dumars,1996-97,November,Detroit Pistons,Denver Nuggets,12,5,3,0,1,2,1
351,330,Tom Hammonds,1996-97,November,Denver Nuggets,Detroit Pistons,6,0,6,0,0,0,2
352,338,Sarunas Marciulionis,1996-97,November,Denver Nuggets,Detroit Pistons,10,3,0,0,2,3,2
353,352,Sarunas Marciulionis,1996-97,November,Denver Nuggets,Detroit Pistons,10,3,0,0,2,3,3
355,273,Grant Long,1996-97,November,Detroit Pistons,Denver Nuggets,7,1,8,0,0,0,2
357,322,Antonio McDyess,1996-97,November,Denver Nuggets,Detroit Pistons,16,1,7,0,0,2,4
360,318,Otis Thorpe,1996-97,November,Detroit Pistons,Denver Nuggets,15,1,10,0,0,3,2
361,344,Mark Jackson,1996-97,November,Denver Nuggets,Detroit Pistons,12,11,6,0,1,2,1
362,353,Sarunas Marciulionis,1996-97,November,Denver Nuggets,Detroit Pistons,10,4,0,0,2,3,3
363,349,Joe Dumars,1996-97,November,Detroit Pistons,Denver Nuggets,15,5,3,0,1,2,1
364,355,Grant Long,1996-97,November,Detroit Pistons,Denver Nuggets,7,2,8,0,0,0,2
366,345,Dale Ellis,1996-97,November,Denver Nuggets,Detroit Pistons,18,3,4,0,0,3,4
367,361,Mark Jackson,1996-97,November,Denver Nuggets,Detroit Pistons,15,11,6,0,1,2,1
368,366,Dale Ellis,1996-97,November,Denver Nuggets,Detroit Pistons,18,4,4,0,0,3,4
370,360,Otis Thorpe,1996-97,November,Detroit Pistons,Denver Nuggets,15,1,11,0,0,3,2
371,370,Otis Thorpe,1996-97,November,Detroit Pistons,Denver Nuggets,15,1,11,0,0,4,2
372,362,Sarunas Marciulionis,1996-97,November,Detroit Pistons,Denver Nuggets,10,4,0,0,3,3,3
373,372,Sarunas Marciulionis,1996-97,November,Denver Nuggets,Detroit Pistons,10,4,0,0,3,4,3
375,371,Otis Thorpe,1996-97,November,Detroit Pistons,Denver Nuggets,15,1,12,0,0,4,2
376,364,Grant Long,1996-97,November,Detroit Pistons,Denver Nuggets,7,2,8,0,0,0,3
377,376,Grant Long,1996-97,November,Detroit Pistons,Denver Nuggets,7,2,8,0,0,1,3
378,357,Antonio McDyess,1996-97,November,Denver Nuggets,Detroit Pistons,18,1,7,0,0,2,4
379,314,Lindsey Hunter,1996-97,November,Detroit Pistons,Denver Nuggets,16,2,4,0,0,0,5
381,375,Otis Thorpe,1996-97,November,Detroit Pistons,Denver Nuggets,15,1,13,0,0,4,2
384,377,Grant Long,1996-97,November,Detroit Pistons,Denver Nuggets,7,2,9,0,0,1,3
385,384,Grant Long,1996-97,November,Detroit Pistons,Denver Nuggets,7,2,9,0,0,2,3
388,351,Tom Hammonds,1996-97,November,Denver Nuggets,Detroit Pistons,6,0,7,0,0,0,2
390,379,Lindsey Hunter,1996-97,November,Detroit Pistons,Denver Nuggets,16,2,5,0,0,0,5
391,368,Dale Ellis,1996-97,November,Denver Nuggets,Detroit Pistons,18,4,4,0,0,3,5
392,347,Grant Hill,1996-97,November,Detroit Pistons,Denver Nuggets,25,2,6,1,2,0,2
394,378,Antonio McDyess,1996-97,November,Denver Nuggets,Detroit Pistons,18,1,8,0,0,2,4
395,394,Antonio McDyess,1996-97,November,Denver Nuggets,Detroit Pistons,20,1,8,0,0,2,4
396,367,Mark Jackson,1996-97,November,Denver Nuggets,Detroit Pistons,15,12,6,0,1,2,1
398,381,Otis Thorpe,1996-97,November,Detroit Pistons,Denver Nuggets,15,1,14,0,0,4,2
400,388,Tom Hammonds,1996-97,November,Detroit Pistons,Denver Nuggets,6,0,7,1,0,0,2
401,396,Mark Jackson,1996-97,November,Denver Nuggets,Detroit Pistons,15,12,7,0,1,2,1
402,395,Antonio McDyess,1996-97,November,Denver Nuggets,Detroit Pistons,20,1,8,0,0,3,4
403,385,Grant Long,1996-97,November,Denver Nuggets,Detroit Pistons,7,2,9,0,1,2,3
404,363,Joe Dumars,1996-97,November,Detroit Pistons,Denver Nuggets,17,5,3,0,1,2,1
405,391,Dale Ellis,1996-97,November,Denver Nuggets,Detroit Pistons,20,4,4,0,0,3,5
406,401,Mark Jackson,1996-97,November,Denver Nuggets,Detroit Pistons,15,13,7,0,1,2,1
408,402,Antonio McDyess,1996-97,November,Detroit Pistons,Denver Nuggets,20,1,8,1,0,3,4
409,279,Terry Mills,1996-97,November,Detroit Pistons,Denver Nuggets,6,0,6,0,1,1,3
411,408,Antonio McDyess,1996-97,November,Denver Nuggets,Detroit Pistons,20,1,8,1,0,3,5
412,392,Grant Hill,1996-97,November,Detroit Pistons,Denver Nuggets,26,2,6,1,2,0,2
413,412,Grant Hill,1996-97,November,Detroit Pistons,Denver Nuggets,27,2,6,1,2,0,2
414,404,Joe Dumars,1996-97,November,Detroit Pistons,Denver Nuggets,17,5,3,0,1,2,2
415,205,Bryant Stith,1996-97,November,Denver Nuggets,Detroit Pistons,6,0,2,0,0,1,2
