id,previous_id,player,season,month,team,opponent_team,points,assists,rebounds,blocks,steals,turnovers,personal fouls
2,0,Dennis Rodman,1996-97,November,Chicago Bulls,Miami Heat,0,0,1,0,0,0,0
4,0,Scottie Pippen,1996-97,November,Chicago Bulls,Miami Heat,0,0,1,0,0,0,0
6,0,Tim Hardaway,1996-97,November,Miami Heat,Chicago Bulls,0,0,1,0,0,0,0
7,6,Tim Hardaway,1996-97,November,Miami Heat,Chicago Bulls,0,0,1,0,0,1,0
8,4,Scottie Pippen,1996-97,November,Miami Heat,Chicago Bulls,0,0,1,0,1,0,0
10,0,Alonzo Mourning,1996-97,November,Chicago Bulls,Miami Heat,0,0,0,1,0,0,0
11,0,Dan Majerle,1996-97,November,Miami Heat,Chicago Bulls,0,0,1,0,0,0,0
12,7,Tim Hardaway,1996-97,November,Miami Heat,Chicago Bulls,2,0,1,0,0,1,0
14,10,Alonzo Mourning,1996-97,November,Miami Heat,Chicago Bulls,0,0,1,1,0,0,0
15,0,Kurt Thomas,1996-97,November,Miami Heat,Chicago Bulls,0,0,0,0,0,1,0
16,2,Dennis Rodman,1996-97,November,Chicago Bulls,Miami Heat,0,0,1,0,0,1,0
19,16,Dennis Rodman,1996-97,November,Chicago Bulls,Miami Heat,0,0,2,0,0,1,0
21,15,Kurt Thomas,1996-97,November,Miami Heat,Chicago Bulls,0,0,1,0,0,1,0
23,19,Dennis Rodman,1996-97,November,Chicago Bulls,Miami Heat,0,0,3,0,0,1,0
24,8,Scottie Pippen,1996-97,November,Chicago Bulls,Miami Heat,2,0,1,0,1,0,0
25,0,Ron Harper,1996-97,November,Chicago Bulls,Miami Heat,0,1,0,0,0,0,0
27,25,Ron Harper,1996-97,November,Chicago Bulls,Miami Heat,0,1,1,0,0,0,0
28,0,Michael Jordan,1996-97,November,Chicago Bulls,Miami Heat,2,0,0,0,0,0,0
29,24,Scottie Pippen,1996-97,November,Chicago Bulls,Miami Heat,2,1,1,0,1,0,0
30,0,Luc Longley,1996-97,November,Chicago Bulls,Miami Heat,0,0,0,0,0,0,1
31,21,Kurt Thomas,1996-97,November,Miami Heat,Chicago Bulls,1,0,1,0,0,1,0
33,27,Ron Harper,1996-97,November,Chicago Bulls,Miami Heat,0,1,2,0,0,0,0
34,30,Luc Longley,1996-97,November,Chicago Bulls,Miami Heat,2,0,0,0,0,0,1
35,23,Dennis Rodman,1996-97,November,Chicago Bulls,Miami Heat,0,1,3,0,0,1,0
36,0,Sasha Danilovic,1996-97,November,Miami Heat,Chicago Bulls,2,0,0,0,0,0,0
38,11,Dan Majerle,1996-97,November,Miami Heat,Chicago Bulls,0,0,2,0,0,0,0
39,35,Dennis Rodman,1996-97,November,Chicago Bulls,Miami Heat,0,1,3,0,0,1,1
41,39,Dennis Rodman,1996-97,November,Chicago Bulls,Miami Heat,0,1,4,0,0,1,1
42,36,Sasha Danilovic,1996-97,November,Miami Heat,Chicago Bulls,2,0,0,0,0,0,1
43,28,Michael Jordan,1996-97,November,Chicago Bulls,Miami Heat,3,0,0,0,0,0,0
44,43,Michael Jordan,1996-97,November,Chicago Bulls,Miami Heat,4,0,0,0,0,0,0
45,42,Sasha Danilovic,1996-97,November,Miami Heat,Chicago Bulls,2,0,0,0,0,1,1
46,44,Michael Jordan,1996-97,November,Miami Heat,Chicago Bulls,4,0,0,0,1,0,0
47,46,Michael Jordan,1996-97,November,Chicago Bulls,Miami Heat,6,0,0,0,1,0,0
48,34,Luc Longley,1996-97,November,Chicago Bulls,Miami Heat,2,0,0,0,0,0,2
50,12,Tim Hardaway,1996-97,November,Miami Heat,Chicago Bulls,3,0,1,0,0,1,0
52,14,Alonzo Mourning,1996-97,November,Miami Heat,Chicago Bulls,0,0,2,1,0,0,0
53,38,Dan Majerle,1996-97,November,Miami Heat,Chicago Bulls,3,0,2,0,0,0,0
54,50,Tim Hardaway,1996-97,November,Miami Heat,Chicago Bulls,3,1,1,0,0,1,0
55,31,Kurt Thomas,1996-97,November,Miami Heat,Chicago Bulls,1,0,1,0,0,1,1
57,41,Dennis Rodman,1996-97,November,Chicago Bulls,Miami Heat,0,1,5,0,0,1,1
58,53,Dan Majerle,1996-97,November,Miami Heat,Chicago Bulls,3,0,2,0,0,0,1
60,55,Kurt Thomas,1996-97,November,Miami Heat,Chicago Bulls,1,0,2,0,0,1,1
62,29,Scottie Pippen,1996-97,November,Chicago Bulls,Miami Heat,2,1,2,0,1,0,0
64,60,Kurt Thomas,1996-97,November,Miami Heat,Chicago Bulls,1,0,2,0,0,1,2
66,57,Dennis Rodman,1996-97,November,Chicago Bulls,Miami Heat,0,1,6,0,0,1,1
68,0,P.J. Brown,1996-97,November,Miami Heat,Chicago Bulls,0,0,1,0,0,0,0
69,52,Alonzo Mourning,1996-97,November,Miami Heat,Chicago Bulls,2,0,2,1,0,0,0
70,54,Tim Hardaway,1996-97,November,Miami Heat,Chicago Bulls,3,2,1,0,0,1,0
71,0,Toni Kukoc,1996-97,November,Chicago Bulls,Miami Heat,2,0,0,0,0,0,0
72,62,Scottie Pippen,1996-97,November,Chicago Bulls,Miami Heat,2,2,2,0,1,0,0
74,47,Michael Jordan,1996-97,November,Chicago Bulls,Miami Heat,6,0,1,0,1,0,0
75,45,Sasha Danilovic,1996-97,November,Miami Heat,Chicago Bulls,2,0,0,0,0,1,2
77,74,Michael Jordan,1996-97,November,Chicago Bulls,Miami Heat,7,0,1,0,1,0,0
78,0,Jason Caffey,1996-97,November,Chicago Bulls,Miami Heat,0,0,0,0,0,0,1
79,72,Scottie Pippen,1996-97,November,Chicago Bulls,Miami Heat,2,2,2,0,1,0,1
80,70,Tim Hardaway,1996-97,November,Miami Heat,Chicago Bulls,4,2,1,0,0,1,0
82,79,Scottie Pippen,1996-97,November,Chicago Bulls,Miami Heat,2,2,2,0,1,0,1
83,80,Tim Hardaway,1996-97,November,Miami Heat,Chicago Bulls,5,2,1,0,0,1,0
85,71,Toni Kukoc,1996-97,November,Chicago Bulls,Miami Heat,4,0,0,0,0,0,0
86,77,Michael Jordan,1996-97,November,Chicago Bulls,Miami Heat,7,1,1,0,1,0,0
87,0,Keith Askins,1996-97,November,Miami Heat,Chicago Bulls,3,0,0,0,0,0,0
88,58,Dan Majerle,1996-97,November,Miami Heat,Chicago Bulls,3,1,2,0,0,0,1
89,33,Ron Harper,1996-97,November,Chicago Bulls,Miami Heat,2,1,2,0,0,0,0
90,86,Michael Jordan,1996-97,November,Chicago Bulls,Miami Heat,7,2,1,0,1,0,0
91,78,Jason Caffey,1996-97,November,Chicago Bulls,Miami Heat,0,0,0,0,0,0,2
93,69,Alonzo Mourning,1996-97,November,Miami Heat,Chicago Bulls,3,0,2,1,0,0,0
94,87,Keith Askins,1996-97,November,Miami Heat,Chicago Bulls,3,0,0,0,0,0,1
95,90,Michael Jordan,1996-97,November,Chicago Bulls,Miami Heat,8,2,1,0,1,0,0
96,95,Michael Jordan,1996-97,November,Chicago Bulls,Miami Heat,9,2,1,0,1,0,0
97,85,Toni Kukoc,1996-97,November,Chicago Bulls,Miami Heat,4,0,0,0,0,0,1
99,93,Alonzo Mourning,1996-97,November,Miami Heat,Chicago Bulls,4,0,2,1,0,0,0
101,68,P.J. Brown,1996-97,November,Miami Heat,Chicago Bulls,0,0,2,0,0,0,0
103,66,Dennis Rodman,1996-97,November,Chicago Bulls,Miami Heat,0,1,7,0,0,1,1
105,101,P.J. Brown,1996-97,November,Miami Heat,Chicago Bulls,0,0,3,0,0,0,0
106,105,P.J. Brown,1996-97,November,Miami Heat,Chicago Bulls,0,0,3,0,0,1,0
107,97,Toni Kukoc,1996-97,November,Chicago Bulls,Miami Heat,6,0,0,0,0,0,1
109,103,Dennis Rodman,1996-97,November,Chicago Bulls,Miami Heat,0,1,8,0,0,1,1
110,82,Scottie Pippen,1996-97,November,Chicago Bulls,Miami Heat,4,2,2,0,1,0,1
112,48,Luc Longley,1996-97,November,Chicago Bulls,Miami Heat,2,0,1,0,0,0,2
114,99,Alonzo Mourning,1996-97,November,Miami Heat,Chicago Bulls,4,0,3,1,0,0,0
116,112,Luc Longley,1996-97,November,Chicago Bulls,Miami Heat,2,0,2,0,0,0,2
117,0,Gary Grant,1996-97,November,Miami Heat,Chicago Bulls,0,0,0,0,0,0,1
118,106,P.J. Brown,1996-97,November,Miami Heat,Chicago Bulls,0,0,3,0,0,1,1
119,88,Dan Majerle,1996-97,November,Miami Heat,Chicago Bulls,3,1,2,0,0,0,2
121,114,Alonzo Mourning,1996-97,November,Miami Heat,Chicago Bulls,4,0,4,1,0,0,0
123,0,Steve Kerr,1996-97,November,Chicago Bulls,Miami Heat,3,0,0,0,0,0,0
124,107,Toni Kukoc,1996-97,November,Chicago Bulls,Miami Heat,6,1,0,0,0,0,1
125,119,Dan Majerle,1996-97,November,Miami Heat,Chicago Bulls,3,1,2,0,0,0,3
126,125,Dan Majerle,1996-97,November,Miami Heat,Chicago Bulls,3,1,2,0,0,1,3
128,121,Alonzo Mourning,1996-97,November,Chicago Bulls,Miami Heat,4,0,4,2,0,0,0
129,110,Scottie Pippen,1996-97,November,Chicago Bulls,Miami Heat,4,2,3,0,1,0,1
130,124,Toni Kukoc,1996-97,November,Chicago Bulls,Miami Heat,6,1,0,0,0,1,1
131,118,P.J. Brown,1996-97,November,Chicago Bulls,Miami Heat,0,0,3,0,1,1,1
132,128,Alonzo Mourning,1996-97,November,Miami Heat,Chicago Bulls,6,0,4,2,0,0,0
133,75,Sasha Danilovic,1996-97,November,Miami Heat,Chicago Bulls,2,1,0,0,0,1,2
135,131,P.J. Brown,1996-97,November,Miami Heat,Chicago Bulls,0,0,3,0,1,1,2
136,64,Kurt Thomas,1996-97,November,Miami Heat,Chicago Bulls,1,0,2,0,0,1,3
137,116,Luc Longley,1996-97,November,Chicago Bulls,Miami Heat,3,0,2,0,0,0,2
138,137,Luc Longley,1996-97,November,Chicago Bulls,Miami Heat,4,0,2,0,0,0,2
140,109,Dennis Rodman,1996-97,November,Chicago Bulls,Miami Heat,0,1,9,0,0,1,1
141,130,Toni Kukoc,1996-97,November,Chicago Bulls,Miami Heat,8,1,0,0,0,1,1
142,138,Luc Longley,1996-97,November,Chicago Bulls,Miami Heat,4,1,2,0,0,0,2
144,140,Dennis Rodman,1996-97,November,Chicago Bulls,Miami Heat,0,1,10,0,0,1,1
145,141,Toni Kukoc,1996-97,November,Chicago Bulls,Miami Heat,10,1,0,0,0,1,1
146,0,Randy Brown,1996-97,November,Chicago Bulls,Miami Heat,0,1,0,0,0,0,0
147,123,Steve Kerr,1996-97,November,Chicago Bulls,Miami Heat,3,0,0,0,0,0,1
149,96,Michael Jordan,1996-97,November,Chicago Bulls,Miami Heat,9,2,2,0,1,0,0
150,145,Toni Kukoc,1996-97,November,Chicago Bulls,Miami Heat,12,1,0,0,0,1,1
151,147,Steve Kerr,1996-97,November,Chicago Bulls,Miami Heat,3,1,0,0,0,0,1
152,133,Sasha Danilovic,1996-97,November,Miami Heat,Chicago Bulls,4,1,0,0,0,1,2
153,0,Ike Austin,1996-97,November,Miami Heat,Chicago Bulls,0,1,0,0,0,0,0
155,135,P.J. Brown,1996-97,November,Miami Heat,Chicago Bulls,0,0,4,0,1,1,2
157,149,Michael Jordan,1996-97,November,Chicago Bulls,Miami Heat,9,2,3,0,1,0,0
159,153,Ike Austin,1996-97,November,Miami Heat,Chicago Bulls,0,1,1,0,0,0,0
161,146,Randy Brown,1996-97,November,Chicago Bulls,Miami Heat,0,1,1,0,0,0,0
163,157,Michael Jordan,1996-97,November,Chicago Bulls,Miami Heat,9,2,4,0,1,0,0
164,94,Keith Askins,1996-97,November,Miami Heat,Chicago Bulls,3,0,0,0,0,0,2
165,163,Michael Jordan,1996-97,November,Chicago Bulls,Miami Heat,10,2,4,0,1,0,0
167,159,Ike Austin,1996-97,November,Miami Heat,Chicago Bulls,0,1,2,0,0,0,0
169,155,P.J. Brown,1996-97,November,Miami Heat,Chicago Bulls,0,0,5,0,1,1,2
170,169,P.J. Brown,1996-97,November,Miami Heat,Chicago Bulls,2,0,5,0,1,1,2
171,161,Randy Brown,1996-97,November,Chicago Bulls,Miami Heat,2,1,1,0,0,0,0
172,165,Michael Jordan,1996-97,November,Chicago Bulls,Miami Heat,10,3,4,0,1,0,0
173,172,Michael Jordan,1996-97,November,Chicago Bulls,Miami Heat,10,3,4,0,1,0,1
176,129,Scottie Pippen,1996-97,November,Chicago Bulls,Miami Heat,4,2,4,0,1,0,1
177,152,Sasha Danilovic,1996-97,November,Miami Heat,Chicago Bulls,4,1,0,0,0,1,3
179,173,Michael Jordan,1996-97,November,Chicago Bulls,Miami Heat,11,3,4,0,1,0,1
180,171,Randy Brown,1996-97,November,Chicago Bulls,Miami Heat,2,1,1,0,0,0,1
181,132,Alonzo Mourning,1996-97,November,Miami Heat,Chicago Bulls,8,0,4,2,0,0,0
183,83,Tim Hardaway,1996-97,November,Miami Heat,Chicago Bulls,5,2,2,0,0,1,0
184,179,Michael Jordan,1996-97,November,Chicago Bulls,Miami Heat,11,3,4,0,1,0,2
185,170,P.J. Brown,1996-97,November,Miami Heat,Chicago Bulls,3,0,5,0,1,1,2
186,185,P.J. Brown,1996-97,November,Miami Heat,Chicago Bulls,4,0,5,0,1,1,2
187,184,Michael Jordan,1996-97,November,Chicago Bulls,Miami Heat,13,3,4,0,1,0,2
188,180,Randy Brown,1996-97,November,Chicago Bulls,Miami Heat,2,2,1,0,0,0,1
189,0,Bill Wennington,1996-97,November,Chicago Bulls,Miami Heat,0,0,0,0,0,0,1
190,181,Alonzo Mourning,1996-97,November,Miami Heat,Chicago Bulls,9,0,4,2,0,0,0
191,190,Alonzo Mourning,1996-97,November,Miami Heat,Chicago Bulls,10,0,4,2,0,0,0
193,186,P.J. Brown,1996-97,November,Miami Heat,Chicago Bulls,6,0,5,0,1,1,2
194,187,Michael Jordan,1996-97,November,Chicago Bulls,Miami Heat,15,3,4,0,1,0,2
195,193,P.J. Brown,1996-97,November,Miami Heat,Chicago Bulls,8,0,5,0,1,1,2
196,183,Tim Hardaway,1996-97,November,Miami Heat,Chicago Bulls,5,3,2,0,0,1,0
197,164,Keith Askins,1996-97,November,Miami Heat,Chicago Bulls,3,0,0,0,0,0,3
198,194,Michael Jordan,1996-97,November,Chicago Bulls,Miami Heat,16,3,4,0,1,0,2
199,198,Michael Jordan,1996-97,November,Chicago Bulls,Miami Heat,17,3,4,0,1,0,2
200,195,P.J. Brown,1996-97,November,Miami Heat,Chicago Bulls,8,0,5,0,1,2,2
201,176,Scottie Pippen,1996-97,November,Chicago Bulls,Miami Heat,4,2,4,0,1,0,2
202,201,Scottie Pippen,1996-97,November,Chicago Bulls,Miami Heat,4,2,4,0,1,1,2
203,191,Alonzo Mourning,1996-97,November,Miami Heat,Chicago Bulls,12,0,4,2,0,0,0
204,202,Scottie Pippen,1996-97,November,Chicago Bulls,Miami Heat,6,2,4,0,1,1,2
206,197,Keith Askins,1996-97,November,Miami Heat,Chicago Bulls,3,0,1,0,0,0,3
207,206,Keith Askins,1996-97,November,Miami Heat,Chicago Bulls,5,0,1,0,0,0,3
208,126,Dan Majerle,1996-97,November,Miami Heat,Chicago Bulls,3,1,2,0,0,1,4
210,136,Kurt Thomas,1996-97,November,Miami Heat,Chicago Bulls,1,0,3,0,0,1,3
212,144,Dennis Rodman,1996-97,November,Miami Heat,Chicago Bulls,0,1,10,1,0,1,1
213,203,Alonzo Mourning,1996-97,November,Miami Heat,Chicago Bulls,12,0,5,2,0,0,0
214,142,Luc Longley,1996-97,November,Chicago Bulls,Miami Heat,4,1,2,0,0,0,3
217,212,Dennis Rodman,1996-97,November,Chicago Bulls,Miami Heat,0,1,11,1,0,1,1
218,210,Kurt Thomas,1996-97,November,Miami Heat,Chicago Bulls,1,0,3,0,0,1,4
220,199,Michael Jordan,1996-97,November,Chicago Bulls,Miami Heat,18,3,4,0,1,0,2
221,213,Alonzo Mourning,1996-97,November,Miami Heat,Chicago Bulls,12,0,5,2,0,0,1
222,221,Alonzo Mourning,1996-97,November,Miami Heat,Chicago Bulls,12,0,5,2,0,1,1
223,220,Michael Jordan,1996-97,November,Chicago Bulls,Miami Heat,20,3,4,0,1,0,2
224,214,Luc Longley,1996-97,November,Chicago Bulls,Miami Heat,4,2,2,0,0,0,3
225,224,Luc Longley,1996-97,November,Chicago Bulls,Miami Heat,4,2,2,0,0,0,4
226,222,Alonzo Mourning,1996-97,November,Miami Heat,Chicago Bulls,13,0,5,2,0,1,1
228,200,P.J. Brown,1996-97,November,Miami Heat,Chicago Bulls,8,0,6,0,1,2,2
230,225,Luc Longley,1996-97,November,Chicago Bulls,Miami Heat,4,2,3,0,0,0,4
232,217,Dennis Rodman,1996-97,November,Chicago Bulls,Miami Heat,0,1,12,1,0,1,1
234,218,Kurt Thomas,1996-97,November,Miami Heat,Chicago Bulls,1,0,4,0,0,1,4
236,223,Michael Jordan,1996-97,November,Chicago Bulls,Miami Heat,20,3,5,0,1,0,2
237,196,Tim Hardaway,1996-97,November,Miami Heat,Chicago Bulls,5,3,2,0,0,1,1
238,204,Scottie Pippen,1996-97,November,Chicago Bulls,Miami Heat,7,2,4,0,1,1,2
239,238,Scottie Pippen,1996-97,November,Chicago Bulls,Miami Heat,8,2,4,0,1,1,2
240,226,Alonzo Mourning,1996-97,November,Miami Heat,Chicago Bulls,13,0,5,2,0,2,1
242,230,Luc Longley,1996-97,November,Chicago Bulls,Miami Heat,4,2,4,0,0,0,4
243,242,Luc Longley,1996-97,November,Chicago Bulls,Miami Heat,6,2,4,0,0,0,4
245,232,Dennis Rodman,1996-97,November,Chicago Bulls,Miami Heat,0,1,13,1,0,1,1
247,0,Voshon Lenard,1996-97,November,Miami Heat,Chicago Bulls,0,0,1,0,0,0,0
248,177,Sasha Danilovic,1996-97,November,Miami Heat,Chicago Bulls,6,1,0,0,0,1,3
249,237,Tim Hardaway,1996-97,November,Miami Heat,Chicago Bulls,5,4,2,0,0,1,1
251,240,Alonzo Mourning,1996-97,November,Chicago Bulls,Miami Heat,13,0,5,3,0,2,1
252,248,Sasha Danilovic,1996-97,November,Miami Heat,Chicago Bulls,6,1,1,0,0,1,3
254,245,Dennis Rodman,1996-97,November,Chicago Bulls,Miami Heat,0,1,14,1,0,1,1
256,243,Luc Longley,1996-97,November,Chicago Bulls,Miami Heat,6,2,5,0,0,0,4
257,239,Scottie Pippen,1996-97,November,Chicago Bulls,Miami Heat,8,2,4,0,1,2,2
258,252,Sasha Danilovic,1996-97,November,Chicago Bulls,Miami Heat,6,1,1,0,1,1,3
259,258,Sasha Danilovic,1996-97,November,Miami Heat,Chicago Bulls,6,1,1,0,1,2,3
260,89,Ron Harper,1996-97,November,Miami Heat,Chicago Bulls,2,1,2,0,1,0,0
261,249,Tim Hardaway,1996-97,November,Miami Heat,Chicago Bulls,5,4,2,0,0,1,2
262,236,Michael Jordan,1996-97,November,Chicago Bulls,Miami Heat,21,3,5,0,1,0,2
263,262,Michael Jordan,1996-97,November,Chicago Bulls,Miami Heat,22,3,5,0,1,0,2
265,254,Dennis Rodman,1996-97,November,Chicago Bulls,Miami Heat,0,1,15,1,0,1,1
267,247,Voshon Lenard,1996-97,November,Miami Heat,Chicago Bulls,0,0,2,0,0,0,0
269,150,Toni Kukoc,1996-97,November,Chicago Bulls,Miami Heat,12,1,1,0,0,1,1
271,265,Dennis Rodman,1996-97,November,Chicago Bulls,Miami Heat,0,1,16,1,0,1,1
273,271,Dennis Rodman,1996-97,November,Chicago Bulls,Miami Heat,0,1,17,1,0,1,1
275,251,Alonzo Mourning,1996-97,November,Miami Heat,Chicago Bulls,13,0,6,3,0,2,1
276,259,Sasha Danilovic,1996-97,November,Miami Heat,Chicago Bulls,6,1,1,0,1,3,3
277,269,Toni Kukoc,1996-97,November,Chicago Bulls,Miami Heat,14,1,1,0,0,1,1
278,260,Ron Harper,1996-97,November,Chicago Bulls,Miami Heat,2,2,2,0,1,0,0
279,167,Ike Austin,1996-97,November,Miami Heat,Chicago Bulls,2,1,2,0,0,0,0
280,228,P.J. Brown,1996-97,November,Miami Heat,Chicago Bulls,8,0,6,0,1,2,3
281,277,Toni Kukoc,1996-97,November,Chicago Bulls,Miami Heat,15,1,1,0,0,1,1
282,281,Toni Kukoc,1996-97,November,Chicago Bulls,Miami Heat,16,1,1,0,0,1,1
283,280,P.J. Brown,1996-97,November,Miami Heat,Chicago Bulls,10,0,6,0,1,2,3
284,267,Voshon Lenard,1996-97,November,Miami Heat,Chicago Bulls,0,1,2,0,0,0,0
285,257,Scottie Pippen,1996-97,November,Chicago Bulls,Miami Heat,10,2,4,0,1,2,2
286,273,Dennis Rodman,1996-97,November,Chicago Bulls,Miami Heat,0,2,17,1,0,1,1
288,286,Dennis Rodman,1996-97,November,Chicago Bulls,Miami Heat,0,2,18,1,0,1,1
289,282,Toni Kukoc,1996-97,November,Chicago Bulls,Miami Heat,18,1,1,0,0,1,1
290,278,Ron Harper,1996-97,November,Chicago Bulls,Miami Heat,2,3,2,0,1,0,0
291,290,Ron Harper,1996-97,November,Chicago Bulls,Miami Heat,2,3,2,0,1,0,1
293,289,Toni Kukoc,1996-97,November,Chicago Bulls,Miami Heat,18,1,2,0,0,1,1
294,151,Steve Kerr,1996-97,November,Chicago Bulls,Miami Heat,6,1,0,0,0,0,1
296,288,Dennis Rodman,1996-97,November,Chicago Bulls,Miami Heat,0,2,19,1,0,1,1
297,117,Gary Grant,1996-97,November,Miami Heat,Chicago Bulls,0,0,0,0,0,0,2
298,294,Steve Kerr,1996-97,November,Chicago Bulls,Miami Heat,7,1,0,0,0,0,1
300,283,P.J. Brown,1996-97,November,Miami Heat,Chicago Bulls,10,0,7,0,1,2,3
301,297,Gary Grant,1996-97,November,Miami Heat,Chicago Bulls,2,0,0,0,0,0,2
303,279,Ike Austin,1996-97,November,Miami Heat,Chicago Bulls,2,1,3,0,0,0,0
305,303,Ike Austin,1996-97,November,Miami Heat,Chicago Bulls,2,1,3,0,0,0,1
306,296,Dennis Rodman,1996-97,November,Chicago Bulls,Miami Heat,1,2,19,1,0,1,1
307,306,Dennis Rodman,1996-97,November,Chicago Bulls,Miami Heat,2,2,19,1,0,1,1
308,300,P.J. Brown,1996-97,November,Miami Heat,Chicago Bulls,10,0,7,0,1,3,3
309,285,Scottie Pippen,1996-97,November,Miami Heat,Chicago Bulls,10,2,4,0,2,2,2
310,309,Scottie Pippen,1996-97,November,Chicago Bulls,Miami Heat,12,2,4,0,2,2,2
311,293,Toni Kukoc,1996-97,November,Chicago Bulls,Miami Heat,18,2,2,0,0,1,1
312,301,Gary Grant,1996-97,November,Miami Heat,Chicago Bulls,4,0,0,0,0,0,2
314,308,P.J. Brown,1996-97,November,Miami Heat,Chicago Bulls,10,0,8,0,1,3,3
315,314,P.J. Brown,1996-97,November,Miami Heat,Chicago Bulls,12,0,8,0,1,3,3
316,312,Gary Grant,1996-97,November,Miami Heat,Chicago Bulls,4,1,0,0,0,0,2
317,311,Toni Kukoc,1996-97,November,Chicago Bulls,Miami Heat,20,2,2,0,0,1,1
318,275,Alonzo Mourning,1996-97,November,Miami Heat,Chicago Bulls,15,0,6,3,0,2,1
319,208,Dan Majerle,1996-97,November,Miami Heat,Chicago Bulls,3,2,2,0,0,1,4
320,263,Michael Jordan,1996-97,November,Chicago Bulls,Miami Heat,24,3,5,0,1,0,2
321,276,Sasha Danilovic,1996-97,November,Miami Heat,Chicago Bulls,8,1,1,0,1,3,3
322,319,Dan Majerle,1996-97,November,Miami Heat,Chicago Bulls,3,3,2,0,0,1,4
323,320,Michael Jordan,1996-97,November,Chicago Bulls,Miami Heat,24,3,5,0,1,0,3
324,321,Sasha Danilovic,1996-97,November,Miami Heat,Chicago Bulls,9,1,1,0,1,3,3
325,323,Michael Jordan,1996-97,November,Chicago Bulls,Miami Heat,26,3,5,0,1,0,3
326,256,Luc Longley,1996-97,November,Chicago Bulls,Miami Heat,6,3,5,0,0,0,4
327,298,Steve Kerr,1996-97,November,Chicago Bulls,Miami Heat,7,1,0,0,0,0,2
329,326,Luc Longley,1996-97,November,Miami Heat,Chicago Bulls,6,3,5,1,0,0,4
330,261,Tim Hardaway,1996-97,November,Miami Heat,Chicago Bulls,5,4,3,0,0,1,2
332,317,Toni Kukoc,1996-97,November,Chicago Bulls,Miami Heat,20,2,3,0,0,1,1
333,329,Luc Longley,1996-97,November,Chicago Bulls,Miami Heat,8,3,5,1,0,0,4
334,332,Toni Kukoc,1996-97,November,Chicago Bulls,Miami Heat,20,3,3,0,0,1,1
335,310,Scottie Pippen,1996-97,November,Chicago Bulls,Miami Heat,12,2,4,0,2,2,3
337,333,Luc Longley,1996-97,November,Miami Heat,Chicago Bulls,8,3,5,2,0,0,4
338,337,Luc Longley,1996-97,November,Chicago Bulls,Miami Heat,8,3,6,2,0,0,4
339,322,Dan Majerle,1996-97,November,Miami Heat,Chicago Bulls,3,3,2,0,0,1,5
340,325,Michael Jordan,1996-97,November,Chicago Bulls,Miami Heat,28,3,5,0,1,0,3
342,338,Luc Longley,1996-97,November,Chicago Bulls,Miami Heat,8,3,7,2,0,0,4
343,334,Toni Kukoc,1996-97,November,Chicago Bulls,Miami Heat,20,3,3,0,0,2,1
345,343,Toni Kukoc,1996-97,November,Chicago Bulls,Miami Heat,20,3,4,0,0,2,1
347,330,Tim Hardaway,1996-97,November,Miami Heat,Chicago Bulls,5,4,4,0,0,1,2
349,335,Scottie Pippen,1996-97,November,Chicago Bulls,Miami Heat,12,2,5,0,2,2,3
351,339,Dan Majerle,1996-97,November,Miami Heat,Chicago Bulls,3,3,3,0,0,1,5
352,347,Tim Hardaway,1996-97,November,Miami Heat,Chicago Bulls,8,4,4,0,0,1,2
353,342,Luc Longley,1996-97,November,Chicago Bulls,Miami Heat,8,3,7,2,0,0,5
354,353,Luc Longley,1996-97,November,Chicago Bulls,Miami Heat,8,3,7,2,0,0,5
355,324,Sasha Danilovic,1996-97,November,Miami Heat,Chicago Bulls,10,1,1,0,1,3,3
356,318,Alonzo Mourning,1996-97,November,Miami Heat,Chicago Bulls,16,0,6,3,0,2,1
358,234,Kurt Thomas,1996-97,November,Miami Heat,Chicago Bulls,1,0,5,0,0,1,4
360,349,Scottie Pippen,1996-97,November,Chicago Bulls,Miami Heat,12,2,6,0,2,2,3
362,356,Alonzo Mourning,1996-97,November,Miami Heat,Chicago Bulls,16,0,6,3,0,2,2
365,358,Kurt Thomas,1996-97,November,Miami Heat,Chicago Bulls,1,0,6,0,0,1,4
367,362,Alonzo Mourning,1996-97,November,Miami Heat,Chicago Bulls,16,0,6,3,0,2,3
368,345,Toni Kukoc,1996-97,November,Chicago Bulls,Miami Heat,22,3,4,0,0,2,1
369,91,Jason Caffey,1996-97,November,Chicago Bulls,Miami Heat,0,1,0,0,0,0,2
371,367,Alonzo Mourning,1996-97,November,Miami Heat,Chicago Bulls,16,0,6,3,0,2,4
372,365,Kurt Thomas,1996-97,November,Miami Heat,Chicago Bulls,1,0,6,0,0,1,5
373,368,Toni Kukoc,1996-97,November,Chicago Bulls,Miami Heat,23,3,4,0,0,2,1
374,373,Toni Kukoc,1996-97,November,Chicago Bulls,Miami Heat,24,3,4,0,0,2,1
375,371,Alonzo Mourning,1996-97,November,Miami Heat,Chicago Bulls,18,0,6,3,0,2,4
376,375,Alonzo Mourning,1996-97,November,Miami Heat,Chicago Bulls,18,0,6,3,0,2,5
378,369,Jason Caffey,1996-97,November,Chicago Bulls,Miami Heat,1,1,0,0,0,0,2
379,376,Alonzo Mourning,1996-97,November,Miami Heat,Chicago Bulls,20,0,6,3,0,2,5
380,351,Dan Majerle,1996-97,November,Miami Heat,Chicago Bulls,3,4,3,0,0,1,5
381,327,Steve Kerr,1996-97,November,Chicago Bulls,Miami Heat,7,1,0,0,0,0,3
382,381,Steve Kerr,1996-97,November,Chicago Bulls,Miami Heat,7,1,0,0,0,1,3
383,355,Sasha Danilovic,1996-97,November,Miami Heat,Chicago Bulls,10,1,1,0,1,4,3
384,382,Steve Kerr,1996-97,November,Miami Heat,Chicago Bulls,7,1,0,0,1,1,3
385,305,Ike Austin,1996-97,November,Miami Heat,Chicago Bulls,2,1,3,0,0,0,2
386,378,Jason Caffey,1996-97,November,Chicago Bulls,Miami Heat,2,1,0,0,0,0,2
387,386,Jason Caffey,1996-97,November,Chicago Bulls,Miami Heat,3,1,0,0,0,0,2
388,372,Kurt Thomas,1996-97,November,Miami Heat,Chicago Bulls,1,0,6,0,0,1,6
389,388,Kurt Thomas,1996-97,November,Miami Heat,Chicago Bulls,1,0,6,0,0,2,6
390,316,Gary Grant,1996-97,November,Miami Heat,Chicago Bulls,4,1,0,0,0,0,3
391,387,Jason Caffey,1996-97,November,Chicago Bulls,Miami Heat,4,1,0,0,0,0,2
392,391,Jason Caffey,1996-97,November,Chicago Bulls,Miami Heat,5,1,0,0,0,0,2
393,385,Ike Austin,1996-97,November,Miami Heat,Chicago Bulls,4,1,3,0,0,0,2
394,284,Voshon Lenard,1996-97,November,Miami Heat,Chicago Bulls,0,2,2,0,0,0,0
396,0,Mark Strickland,1996-97,November,Miami Heat,Chicago Bulls,0,0,1,0,0,0,0
397,393,Ike Austin,1996-97,November,Miami Heat,Chicago Bulls,4,1,3,0,0,1,2
398,384,Steve Kerr,1996-97,November,Miami Heat,Chicago Bulls,7,1,0,0,2,1,3
399,374,Toni Kukoc,1996-97,November,Chicago Bulls,Miami Heat,26,3,4,0,0,2,1
400,0,Jud Buechler,1996-97,November,Chicago Bulls,Miami Heat,0,1,0,0,0,0,0
401,396,Mark Strickland,1996-97,November,Miami Heat,Chicago Bulls,0,0,1,0,0,1,0
402,188,Randy Brown,1996-97,November,Chicago Bulls,Miami Heat,4,2,1,0,0,0,1
403,399,Toni Kukoc,1996-97,November,Chicago Bulls,Miami Heat,26,4,4,0,0,2,1
405,400,Jud Buechler,1996-97,November,Chicago Bulls,Miami Heat,0,1,1,0,0,0,0
406,398,Steve Kerr,1996-97,November,Chicago Bulls,Miami Heat,10,1,0,0,2,1,3
407,402,Randy Brown,1996-97,November,Chicago Bulls,Miami Heat,4,3,1,0,0,0,1
409,407,Randy Brown,1996-97,November,Chicago Bulls,Miami Heat,4,3,1,0,0,1,1
410,397,Ike Austin,1996-97,November,Miami Heat,Chicago Bulls,6,1,3,0,0,1,2
411,390,Gary Grant,1996-97,November,Miami Heat,Chicago Bulls,4,2,0,0,0,0,3
412,392,Jason Caffey,1996-97,November,Chicago Bulls,Miami Heat,7,1,0,0,0,0,2
413,409,Randy Brown,1996-97,November,Chicago Bulls,Miami Heat,4,4,1,0,0,1,1
415,394,Voshon Lenard,1996-97,November,Miami Heat,Chicago Bulls,0,2,3,0,0,0,0
416,415,Voshon Lenard,1996-97,November,Miami Heat,Chicago Bulls,2,2,3,0,0,0,0
417,412,Jason Caffey,1996-97,November,Chicago Bulls,Miami Heat,9,1,0,0,0,0,2
419,417,Jason Caffey,1996-97,November,Chicago Bulls,Miami Heat,9,1,1,0,0,0,2
421,411,Gary Grant,1996-97,November,Miami Heat,Chicago Bulls,4,2,1,0,0,0,3
423,416,Voshon Lenard,1996-97,November,Miami Heat,Chicago Bulls,2,2,4,0,0,0,0
425,419,Jason Caffey,1996-97,November,Chicago Bulls,Miami Heat,9,1,2,0,0,0,2
426,413,Randy Brown,1996-97,November,Chicago Bulls,Miami Heat,6,4,1,0,0,1,1
427,425,Jason Caffey,1996-97,November,Chicago Bulls,Miami Heat,9,2,2,0,0,0,2
429,427,Jason Caffey,1996-97,November,Chicago Bulls,Miami Heat,9,2,3,0,0,0,2
431,401,Mark Strickland,1996-97,November,Miami Heat,Chicago Bulls,0,0,2,0,0,1,0
