id,previous_id,player,season,month,team,opponent_team,points,assists,rebounds,blocks,steals,turnovers,personal fouls
2,0,Larry Johnson,1996-97,November,New York Knicks,Toronto Raptors,0,0,1,0,0,0,0
3,2,Larry Johnson,1996-97,November,New York Knicks,Toronto Raptors,0,0,1,0,0,1,0
4,0,Walt Williams,1996-97,November,Toronto Raptors,New York Knicks,0,0,0,0,1,0,0
5,3,Larry Johnson,1996-97,November,New York Knicks,Toronto Raptors,0,0,1,0,0,1,1
6,0,Marcus Camby,1996-97,November,Toronto Raptors,New York Knicks,0,0,0,0,0,1,0
7,0,Popeye Jones,1996-97,November,Toronto Raptors,New York Knicks,0,0,0,0,0,0,1
8,0,Allan Houston,1996-97,November,New York Knicks,Toronto Raptors,0,0,0,0,0,1,0
9,7,Popeye Jones,1996-97,November,Toronto Raptors,New York Knicks,2,0,0,0,0,0,1
10,0,Damon Stoudamire,1996-97,November,Toronto Raptors,New York Knicks,0,1,0,0,0,0,0
12,9,Popeye Jones,1996-97,November,Toronto Raptors,New York Knicks,2,0,1,0,0,0,1
13,10,Damon Stoudamire,1996-97,November,Toronto Raptors,New York Knicks,3,1,0,0,0,0,0
14,0,Doug Christie,1996-97,November,Toronto Raptors,New York Knicks,0,1,0,0,0,0,0
16,6,Marcus Camby,1996-97,November,Toronto Raptors,New York Knicks,0,0,0,1,0,1,0
17,13,Damon Stoudamire,1996-97,November,Toronto Raptors,New York Knicks,3,1,1,0,0,0,0
19,0,Charles Oakley,1996-97,November,New York Knicks,Toronto Raptors,0,0,1,0,0,0,0
20,8,Allan Houston,1996-97,November,New York Knicks,Toronto Raptors,0,0,0,0,0,2,0
22,19,Charles Oakley,1996-97,November,New York Knicks,Toronto Raptors,0,0,2,0,0,0,0
23,0,Charlie Ward,1996-97,November,New York Knicks,Toronto Raptors,3,0,0,0,0,0,0
24,0,Patrick Ewing,1996-97,November,New York Knicks,Toronto Raptors,0,1,0,0,0,0,0
25,20,Allan Houston,1996-97,November,New York Knicks,Toronto Raptors,0,0,0,0,0,2,1
26,25,Allan Houston,1996-97,November,New York Knicks,Toronto Raptors,0,0,0,0,0,2,2
27,4,Walt Williams,1996-97,November,Toronto Raptors,New York Knicks,0,0,0,0,1,1,0
28,23,Charlie Ward,1996-97,November,New York Knicks,Toronto Raptors,3,0,0,0,1,0,0
29,22,Charles Oakley,1996-97,November,New York Knicks,Toronto Raptors,2,0,2,0,0,0,0
30,28,Charlie Ward,1996-97,November,New York Knicks,Toronto Raptors,3,1,0,0,1,0,0
31,17,Damon Stoudamire,1996-97,November,Toronto Raptors,New York Knicks,6,1,1,0,0,0,0
32,24,Patrick Ewing,1996-97,November,New York Knicks,Toronto Raptors,2,1,0,0,0,0,0
33,30,Charlie Ward,1996-97,November,New York Knicks,Toronto Raptors,3,2,0,0,1,0,0
34,5,Larry Johnson,1996-97,November,New York Knicks,Toronto Raptors,0,0,1,0,0,1,2
35,16,Marcus Camby,1996-97,November,Toronto Raptors,New York Knicks,1,0,0,1,0,1,0
37,0,Hubert Davis,1996-97,November,Toronto Raptors,New York Knicks,0,0,1,0,0,0,0
39,29,Charles Oakley,1996-97,November,New York Knicks,Toronto Raptors,2,0,3,0,0,0,0
41,12,Popeye Jones,1996-97,November,Toronto Raptors,New York Knicks,2,0,2,0,0,0,1
42,31,Damon Stoudamire,1996-97,November,Toronto Raptors,New York Knicks,6,1,1,0,0,1,0
43,32,Patrick Ewing,1996-97,November,New York Knicks,Toronto Raptors,4,1,0,0,0,0,0
44,0,John Wallace,1996-97,November,New York Knicks,Toronto Raptors,0,1,0,0,0,0,0
45,27,Walt Williams,1996-97,November,Toronto Raptors,New York Knicks,3,0,0,0,1,1,0
46,42,Damon Stoudamire,1996-97,November,Toronto Raptors,New York Knicks,6,2,1,0,0,1,0
47,35,Marcus Camby,1996-97,November,Toronto Raptors,New York Knicks,1,0,0,1,0,1,1
48,43,Patrick Ewing,1996-97,November,New York Knicks,Toronto Raptors,5,1,0,0,0,0,0
49,48,Patrick Ewing,1996-97,November,New York Knicks,Toronto Raptors,6,1,0,0,0,0,0
50,41,Popeye Jones,1996-97,November,Toronto Raptors,New York Knicks,2,0,2,0,0,0,2
51,26,Allan Houston,1996-97,November,New York Knicks,Toronto Raptors,3,0,0,0,0,2,2
52,33,Charlie Ward,1996-97,November,New York Knicks,Toronto Raptors,3,3,0,0,1,0,0
53,44,John Wallace,1996-97,November,New York Knicks,Toronto Raptors,0,1,0,0,0,0,1
54,45,Walt Williams,1996-97,November,Toronto Raptors,New York Knicks,4,0,0,0,1,1,0
56,39,Charles Oakley,1996-97,November,New York Knicks,Toronto Raptors,2,0,4,0,0,0,0
57,49,Patrick Ewing,1996-97,November,New York Knicks,Toronto Raptors,6,1,0,0,0,1,0
58,14,Doug Christie,1996-97,November,Toronto Raptors,New York Knicks,0,1,0,0,1,0,0
59,47,Marcus Camby,1996-97,November,Toronto Raptors,New York Knicks,3,0,0,1,0,1,1
60,58,Doug Christie,1996-97,November,Toronto Raptors,New York Knicks,0,2,0,0,1,0,0
61,53,John Wallace,1996-97,November,New York Knicks,Toronto Raptors,0,1,0,0,0,1,1
62,50,Popeye Jones,1996-97,November,Toronto Raptors,New York Knicks,2,0,2,0,1,0,2
64,57,Patrick Ewing,1996-97,November,New York Knicks,Toronto Raptors,6,1,0,1,0,1,0
65,61,John Wallace,1996-97,November,New York Knicks,Toronto Raptors,0,1,1,0,0,1,1
66,65,John Wallace,1996-97,November,New York Knicks,Toronto Raptors,0,1,1,0,0,2,1
67,54,Walt Williams,1996-97,November,Toronto Raptors,New York Knicks,4,0,0,0,2,1,0
69,52,Charlie Ward,1996-97,November,New York Knicks,Toronto Raptors,3,3,0,0,1,1,0
70,59,Marcus Camby,1996-97,November,Toronto Raptors,New York Knicks,3,0,0,1,1,1,1
71,62,Popeye Jones,1996-97,November,Toronto Raptors,New York Knicks,2,0,2,0,1,1,2
73,70,Marcus Camby,1996-97,November,Toronto Raptors,New York Knicks,3,0,0,2,1,1,1
74,46,Damon Stoudamire,1996-97,November,Toronto Raptors,New York Knicks,9,2,1,0,0,1,0
75,60,Doug Christie,1996-97,November,Toronto Raptors,New York Knicks,0,3,0,0,1,0,0
76,66,John Wallace,1996-97,November,New York Knicks,Toronto Raptors,0,1,1,0,0,3,1
77,74,Damon Stoudamire,1996-97,November,Toronto Raptors,New York Knicks,9,2,1,0,1,1,0
79,76,John Wallace,1996-97,November,New York Knicks,Toronto Raptors,0,1,1,1,0,3,1
80,73,Marcus Camby,1996-97,November,Toronto Raptors,New York Knicks,3,0,1,2,1,1,1
81,69,Charlie Ward,1996-97,November,New York Knicks,Toronto Raptors,3,3,0,0,1,1,1
82,80,Marcus Camby,1996-97,November,Toronto Raptors,New York Knicks,4,0,1,2,1,1,1
83,82,Marcus Camby,1996-97,November,Toronto Raptors,New York Knicks,5,0,1,2,1,1,1
85,67,Walt Williams,1996-97,November,Toronto Raptors,New York Knicks,4,0,0,1,2,1,0
86,71,Popeye Jones,1996-97,November,Toronto Raptors,New York Knicks,2,0,3,0,1,1,2
87,56,Charles Oakley,1996-97,November,New York Knicks,Toronto Raptors,2,0,4,0,0,0,1
88,83,Marcus Camby,1996-97,November,Toronto Raptors,New York Knicks,6,0,1,2,1,1,1
89,88,Marcus Camby,1996-97,November,Toronto Raptors,New York Knicks,7,0,1,2,1,1,1
91,85,Walt Williams,1996-97,November,Toronto Raptors,New York Knicks,4,0,0,2,2,1,0
92,0,Carlos Rogers,1996-97,November,Toronto Raptors,New York Knicks,0,0,1,0,0,0,0
94,87,Charles Oakley,1996-97,November,New York Knicks,Toronto Raptors,2,0,5,0,0,0,1
95,94,Charles Oakley,1996-97,November,New York Knicks,Toronto Raptors,2,0,5,0,0,1,1
96,91,Walt Williams,1996-97,November,Toronto Raptors,New York Knicks,4,0,0,2,3,1,0
97,89,Marcus Camby,1996-97,November,Toronto Raptors,New York Knicks,9,0,1,2,1,1,1
98,77,Damon Stoudamire,1996-97,November,Toronto Raptors,New York Knicks,9,3,1,0,1,1,0
100,75,Doug Christie,1996-97,November,Toronto Raptors,New York Knicks,0,3,1,0,1,0,0
101,100,Doug Christie,1996-97,November,Toronto Raptors,New York Knicks,0,3,1,0,1,1,0
103,95,Charles Oakley,1996-97,November,New York Knicks,Toronto Raptors,2,0,6,0,0,1,1
104,37,Hubert Davis,1996-97,November,Toronto Raptors,New York Knicks,0,0,1,0,0,0,1
105,0,John Starks,1996-97,November,New York Knicks,Toronto Raptors,0,0,0,0,0,1,0
106,98,Damon Stoudamire,1996-97,November,Toronto Raptors,New York Knicks,11,3,1,0,1,1,0
108,103,Charles Oakley,1996-97,November,New York Knicks,Toronto Raptors,2,0,7,0,0,1,1
109,51,Allan Houston,1996-97,November,New York Knicks,Toronto Raptors,4,0,0,0,0,2,2
110,92,Carlos Rogers,1996-97,November,Toronto Raptors,New York Knicks,0,0,1,0,0,0,1
113,108,Charles Oakley,1996-97,November,New York Knicks,Toronto Raptors,2,0,8,0,0,1,1
115,81,Charlie Ward,1996-97,November,New York Knicks,Toronto Raptors,3,3,1,0,1,1,1
116,115,Charlie Ward,1996-97,November,New York Knicks,Toronto Raptors,5,3,1,0,1,1,1
118,110,Carlos Rogers,1996-97,November,Toronto Raptors,New York Knicks,0,0,2,0,0,0,1
120,105,John Starks,1996-97,November,New York Knicks,Toronto Raptors,2,0,0,0,0,1,0
121,113,Charles Oakley,1996-97,November,New York Knicks,Toronto Raptors,2,1,8,0,0,1,1
123,120,John Starks,1996-97,November,New York Knicks,Toronto Raptors,2,0,1,0,0,1,0
125,121,Charles Oakley,1996-97,November,New York Knicks,Toronto Raptors,2,1,9,0,0,1,1
127,86,Popeye Jones,1996-97,November,Toronto Raptors,New York Knicks,2,0,3,0,1,1,3
128,109,Allan Houston,1996-97,November,New York Knicks,Toronto Raptors,4,0,0,0,0,3,2
129,97,Marcus Camby,1996-97,November,Toronto Raptors,New York Knicks,9,0,1,2,2,1,1
130,96,Walt Williams,1996-97,November,Toronto Raptors,New York Knicks,4,0,0,2,3,2,0
132,125,Charles Oakley,1996-97,November,New York Knicks,Toronto Raptors,2,1,10,0,0,1,1
133,123,John Starks,1996-97,November,New York Knicks,Toronto Raptors,2,0,1,0,0,2,0
134,0,Scott Brooks,1996-97,November,New York Knicks,Toronto Raptors,0,0,0,0,0,0,1
136,130,Walt Williams,1996-97,November,Toronto Raptors,New York Knicks,4,0,0,2,3,2,1
139,129,Marcus Camby,1996-97,November,Toronto Raptors,New York Knicks,9,0,2,2,2,1,1
140,132,Charles Oakley,1996-97,November,New York Knicks,Toronto Raptors,2,1,10,0,0,1,2
141,139,Marcus Camby,1996-97,November,Toronto Raptors,New York Knicks,10,0,2,2,2,1,1
142,141,Marcus Camby,1996-97,November,Toronto Raptors,New York Knicks,11,0,2,2,2,1,1
144,142,Marcus Camby,1996-97,November,Toronto Raptors,New York Knicks,11,0,2,3,2,1,1
145,101,Doug Christie,1996-97,November,Toronto Raptors,New York Knicks,0,3,2,0,1,1,0
146,145,Doug Christie,1996-97,November,Toronto Raptors,New York Knicks,2,3,2,0,1,1,0
147,106,Damon Stoudamire,1996-97,November,Toronto Raptors,New York Knicks,11,4,1,0,1,1,0
148,128,Allan Houston,1996-97,November,New York Knicks,Toronto Raptors,7,0,0,0,0,3,2
149,134,Scott Brooks,1996-97,November,New York Knicks,Toronto Raptors,0,1,0,0,0,0,1
150,147,Damon Stoudamire,1996-97,November,Toronto Raptors,New York Knicks,13,4,1,0,1,1,0
152,0,Buck Williams,1996-97,November,New York Knicks,Toronto Raptors,0,0,1,0,0,0,0
153,152,Buck Williams,1996-97,November,New York Knicks,Toronto Raptors,2,0,1,0,0,0,0
154,150,Damon Stoudamire,1996-97,November,Toronto Raptors,New York Knicks,15,4,1,0,1,1,0
155,118,Carlos Rogers,1996-97,November,Toronto Raptors,New York Knicks,0,0,2,0,0,0,2
156,133,John Starks,1996-97,November,New York Knicks,Toronto Raptors,3,0,1,0,0,2,0
157,156,John Starks,1996-97,November,New York Knicks,Toronto Raptors,4,0,1,0,0,2,0
159,34,Larry Johnson,1996-97,November,New York Knicks,Toronto Raptors,0,0,1,0,0,1,3
160,127,Popeye Jones,1996-97,November,Toronto Raptors,New York Knicks,2,0,3,0,1,2,3
161,159,Larry Johnson,1996-97,November,New York Knicks,Toronto Raptors,0,0,1,0,1,1,3
163,155,Carlos Rogers,1996-97,November,Toronto Raptors,New York Knicks,0,0,3,0,0,0,2
164,160,Popeye Jones,1996-97,November,Toronto Raptors,New York Knicks,4,0,3,0,1,2,3
165,157,John Starks,1996-97,November,New York Knicks,Toronto Raptors,6,0,1,0,0,2,0
166,154,Damon Stoudamire,1996-97,November,Toronto Raptors,New York Knicks,17,4,1,0,1,1,0
167,161,Larry Johnson,1996-97,November,New York Knicks,Toronto Raptors,2,0,1,0,1,1,3
168,165,John Starks,1996-97,November,New York Knicks,Toronto Raptors,6,1,1,0,0,2,0
170,167,Larry Johnson,1996-97,November,New York Knicks,Toronto Raptors,2,0,2,0,1,1,3
171,163,Carlos Rogers,1996-97,November,Toronto Raptors,New York Knicks,0,0,3,0,0,0,3
172,116,Charlie Ward,1996-97,November,New York Knicks,Toronto Raptors,7,3,1,0,1,1,1
173,148,Allan Houston,1996-97,November,New York Knicks,Toronto Raptors,7,1,0,0,0,3,2
174,136,Walt Williams,1996-97,November,Toronto Raptors,New York Knicks,6,0,0,2,3,2,1
175,173,Allan Houston,1996-97,November,New York Knicks,Toronto Raptors,9,1,0,0,0,3,2
176,146,Doug Christie,1996-97,November,Toronto Raptors,New York Knicks,4,3,2,0,1,1,0
177,174,Walt Williams,1996-97,November,Toronto Raptors,New York Knicks,6,1,0,2,3,2,1
178,175,Allan Houston,1996-97,November,New York Knicks,Toronto Raptors,9,1,0,0,0,4,2
179,166,Damon Stoudamire,1996-97,November,Toronto Raptors,New York Knicks,17,4,1,0,2,1,0
180,179,Damon Stoudamire,1996-97,November,Toronto Raptors,New York Knicks,19,4,1,0,2,1,0
181,64,Patrick Ewing,1996-97,November,New York Knicks,Toronto Raptors,8,1,0,1,0,1,0
182,168,John Starks,1996-97,November,New York Knicks,Toronto Raptors,6,2,1,0,0,2,0
183,176,Doug Christie,1996-97,November,Toronto Raptors,New York Knicks,4,3,2,0,1,2,0
184,172,Charlie Ward,1996-97,November,New York Knicks,Toronto Raptors,7,3,1,0,2,1,1
185,180,Damon Stoudamire,1996-97,November,Toronto Raptors,New York Knicks,19,4,1,0,2,1,1
186,184,Charlie Ward,1996-97,November,New York Knicks,Toronto Raptors,8,3,1,0,2,1,1
187,186,Charlie Ward,1996-97,November,New York Knicks,Toronto Raptors,9,3,1,0,2,1,1
189,182,John Starks,1996-97,November,New York Knicks,Toronto Raptors,6,2,2,0,0,2,0
191,170,Larry Johnson,1996-97,November,New York Knicks,Toronto Raptors,2,0,3,0,1,1,3
193,183,Doug Christie,1996-97,November,Toronto Raptors,New York Knicks,4,3,3,0,1,2,0
194,193,Doug Christie,1996-97,November,Toronto Raptors,New York Knicks,7,3,3,0,1,2,0
195,185,Damon Stoudamire,1996-97,November,Toronto Raptors,New York Knicks,19,5,1,0,2,1,1
197,194,Doug Christie,1996-97,November,Toronto Raptors,New York Knicks,7,3,4,0,1,2,0
199,140,Charles Oakley,1996-97,November,New York Knicks,Toronto Raptors,2,1,11,0,0,1,2
200,181,Patrick Ewing,1996-97,November,New York Knicks,Toronto Raptors,10,1,0,1,0,1,0
201,199,Charles Oakley,1996-97,November,New York Knicks,Toronto Raptors,2,2,11,0,0,1,2
203,200,Patrick Ewing,1996-97,November,New York Knicks,Toronto Raptors,10,1,1,1,0,1,0
204,189,John Starks,1996-97,November,New York Knicks,Toronto Raptors,8,2,2,0,0,2,0
205,187,Charlie Ward,1996-97,November,New York Knicks,Toronto Raptors,9,4,1,0,2,1,1
207,177,Walt Williams,1996-97,November,Toronto Raptors,New York Knicks,6,1,0,2,3,2,2
208,205,Charlie Ward,1996-97,November,New York Knicks,Toronto Raptors,10,4,1,0,2,1,1
210,208,Charlie Ward,1996-97,November,New York Knicks,Toronto Raptors,10,4,2,0,2,1,1
211,171,Carlos Rogers,1996-97,November,Toronto Raptors,New York Knicks,0,0,3,0,0,0,4
212,210,Charlie Ward,1996-97,November,New York Knicks,Toronto Raptors,11,4,2,0,2,1,1
213,212,Charlie Ward,1996-97,November,New York Knicks,Toronto Raptors,12,4,2,0,2,1,1
214,203,Patrick Ewing,1996-97,November,New York Knicks,Toronto Raptors,10,1,1,1,0,1,1
215,214,Patrick Ewing,1996-97,November,New York Knicks,Toronto Raptors,12,1,1,1,0,1,1
217,178,Allan Houston,1996-97,November,New York Knicks,Toronto Raptors,9,1,0,0,0,4,3
218,164,Popeye Jones,1996-97,November,Toronto Raptors,New York Knicks,5,0,3,0,1,2,3
219,218,Popeye Jones,1996-97,November,Toronto Raptors,New York Knicks,6,0,3,0,1,2,3
220,215,Patrick Ewing,1996-97,November,New York Knicks,Toronto Raptors,12,1,1,1,0,2,1
221,195,Damon Stoudamire,1996-97,November,Toronto Raptors,New York Knicks,19,5,1,0,3,1,1
222,144,Marcus Camby,1996-97,November,Toronto Raptors,New York Knicks,13,0,2,3,2,1,1
223,221,Damon Stoudamire,1996-97,November,Toronto Raptors,New York Knicks,19,6,1,0,3,1,1
224,191,Larry Johnson,1996-97,November,New York Knicks,Toronto Raptors,2,0,3,0,1,2,3
225,197,Doug Christie,1996-97,November,Toronto Raptors,New York Knicks,7,3,4,0,2,2,0
226,207,Walt Williams,1996-97,November,Toronto Raptors,New York Knicks,9,1,0,2,3,2,2
227,223,Damon Stoudamire,1996-97,November,Toronto Raptors,New York Knicks,19,7,1,0,3,1,1
228,219,Popeye Jones,1996-97,November,Toronto Raptors,New York Knicks,6,0,3,0,1,2,4
229,217,Allan Houston,1996-97,November,New York Knicks,Toronto Raptors,9,1,0,0,0,5,3
230,222,Marcus Camby,1996-97,November,Toronto Raptors,New York Knicks,13,0,2,3,3,1,1
232,224,Larry Johnson,1996-97,November,New York Knicks,Toronto Raptors,2,0,4,0,1,2,3
234,226,Walt Williams,1996-97,November,Toronto Raptors,New York Knicks,9,1,1,2,3,2,2
235,213,Charlie Ward,1996-97,November,New York Knicks,Toronto Raptors,12,4,2,0,2,1,2
237,225,Doug Christie,1996-97,November,Toronto Raptors,New York Knicks,8,3,4,0,2,2,0
238,220,Patrick Ewing,1996-97,November,New York Knicks,Toronto Raptors,14,1,1,1,0,2,1
239,201,Charles Oakley,1996-97,November,New York Knicks,Toronto Raptors,2,3,11,0,0,1,2
241,227,Damon Stoudamire,1996-97,November,Toronto Raptors,New York Knicks,19,7,2,0,3,1,1
242,230,Marcus Camby,1996-97,November,Toronto Raptors,New York Knicks,15,0,2,3,3,1,1
243,241,Damon Stoudamire,1996-97,November,Toronto Raptors,New York Knicks,19,8,2,0,3,1,1
244,237,Doug Christie,1996-97,November,Toronto Raptors,New York Knicks,8,3,4,0,2,2,1
245,229,Allan Houston,1996-97,November,New York Knicks,Toronto Raptors,10,1,0,0,0,5,3
246,245,Allan Houston,1996-97,November,New York Knicks,Toronto Raptors,11,1,0,0,0,5,3
248,239,Charles Oakley,1996-97,November,New York Knicks,Toronto Raptors,2,3,12,0,0,1,2
249,248,Charles Oakley,1996-97,November,New York Knicks,Toronto Raptors,2,3,12,0,0,2,2
250,242,Marcus Camby,1996-97,November,Toronto Raptors,New York Knicks,15,0,2,3,4,1,1
252,246,Allan Houston,1996-97,November,New York Knicks,Toronto Raptors,11,1,1,0,0,5,3
254,228,Popeye Jones,1996-97,November,Toronto Raptors,New York Knicks,6,0,4,0,1,2,4
256,238,Patrick Ewing,1996-97,November,New York Knicks,Toronto Raptors,14,1,1,2,0,2,1
257,254,Popeye Jones,1996-97,November,Toronto Raptors,New York Knicks,6,0,5,0,1,2,4
258,257,Popeye Jones,1996-97,November,Toronto Raptors,New York Knicks,8,0,5,0,1,2,4
260,244,Doug Christie,1996-97,November,Toronto Raptors,New York Knicks,8,3,4,1,2,2,1
261,260,Doug Christie,1996-97,November,Toronto Raptors,New York Knicks,8,3,5,1,2,2,1
262,243,Damon Stoudamire,1996-97,November,Toronto Raptors,New York Knicks,21,8,2,0,3,1,1
264,258,Popeye Jones,1996-97,November,Toronto Raptors,New York Knicks,8,0,6,0,1,2,4
265,211,Carlos Rogers,1996-97,November,Toronto Raptors,New York Knicks,2,0,3,0,0,0,4
266,262,Damon Stoudamire,1996-97,November,Toronto Raptors,New York Knicks,21,9,2,0,3,1,1
267,261,Doug Christie,1996-97,November,Toronto Raptors,New York Knicks,8,3,5,1,2,2,2
269,249,Charles Oakley,1996-97,November,New York Knicks,Toronto Raptors,2,3,13,0,0,2,2
270,269,Charles Oakley,1996-97,November,New York Knicks,Toronto Raptors,4,3,13,0,0,2,2
271,256,Patrick Ewing,1996-97,November,New York Knicks,Toronto Raptors,14,1,1,2,0,2,2
273,0,Acie Earl,1996-97,November,Toronto Raptors,New York Knicks,1,0,0,0,0,0,0
274,270,Charles Oakley,1996-97,November,New York Knicks,Toronto Raptors,6,3,13,0,0,2,2
275,235,Charlie Ward,1996-97,November,New York Knicks,Toronto Raptors,12,5,2,0,2,1,2
276,250,Marcus Camby,1996-97,November,Toronto Raptors,New York Knicks,17,0,2,3,4,1,1
277,273,Acie Earl,1996-97,November,Toronto Raptors,New York Knicks,1,1,0,0,0,0,0
278,274,Charles Oakley,1996-97,November,New York Knicks,Toronto Raptors,8,3,13,0,0,2,2
279,204,John Starks,1996-97,November,New York Knicks,Toronto Raptors,8,3,2,0,0,2,0
281,271,Patrick Ewing,1996-97,November,New York Knicks,Toronto Raptors,14,1,2,2,0,2,2
282,276,Marcus Camby,1996-97,November,Toronto Raptors,New York Knicks,17,0,2,3,4,1,2
283,281,Patrick Ewing,1996-97,November,New York Knicks,Toronto Raptors,14,1,2,2,0,3,2
285,283,Patrick Ewing,1996-97,November,New York Knicks,Toronto Raptors,14,1,3,2,0,3,2
286,278,Charles Oakley,1996-97,November,New York Knicks,Toronto Raptors,10,3,13,0,0,2,2
287,275,Charlie Ward,1996-97,November,New York Knicks,Toronto Raptors,12,6,2,0,2,1,2
289,286,Charles Oakley,1996-97,November,New York Knicks,Toronto Raptors,10,3,14,0,0,2,2
290,279,John Starks,1996-97,November,New York Knicks,Toronto Raptors,11,3,2,0,0,2,0
291,287,Charlie Ward,1996-97,November,New York Knicks,Toronto Raptors,12,7,2,0,2,1,2
292,266,Damon Stoudamire,1996-97,November,Toronto Raptors,New York Knicks,21,9,2,0,3,2,1
293,232,Larry Johnson,1996-97,November,New York Knicks,Toronto Raptors,2,0,4,0,2,2,3
295,289,Charles Oakley,1996-97,November,New York Knicks,Toronto Raptors,10,3,15,0,0,2,2
296,292,Damon Stoudamire,1996-97,November,Toronto Raptors,New York Knicks,21,9,2,0,3,2,2
297,291,Charlie Ward,1996-97,November,New York Knicks,Toronto Raptors,13,7,2,0,2,1,2
299,265,Carlos Rogers,1996-97,November,Toronto Raptors,New York Knicks,2,0,4,0,0,0,4
300,104,Hubert Davis,1996-97,November,Toronto Raptors,New York Knicks,2,0,1,0,0,0,1
301,296,Damon Stoudamire,1996-97,November,Toronto Raptors,New York Knicks,21,10,2,0,3,2,2
303,301,Damon Stoudamire,1996-97,November,Toronto Raptors,New York Knicks,21,10,3,0,3,2,2
304,303,Damon Stoudamire,1996-97,November,Toronto Raptors,New York Knicks,23,10,3,0,3,2,2
305,297,Charlie Ward,1996-97,November,New York Knicks,Toronto Raptors,13,7,2,0,2,1,3
306,304,Damon Stoudamire,1996-97,November,Toronto Raptors,New York Knicks,24,10,3,0,3,2,2
307,252,Allan Houston,1996-97,November,New York Knicks,Toronto Raptors,11,1,1,0,0,6,3
308,234,Walt Williams,1996-97,November,Toronto Raptors,New York Knicks,9,1,1,2,4,2,2
310,299,Carlos Rogers,1996-97,November,Toronto Raptors,New York Knicks,2,0,5,0,0,0,4
312,290,John Starks,1996-97,November,New York Knicks,Toronto Raptors,11,3,3,0,0,2,0
314,308,Walt Williams,1996-97,November,Toronto Raptors,New York Knicks,9,1,2,2,4,2,2
316,295,Charles Oakley,1996-97,November,New York Knicks,Toronto Raptors,10,3,15,0,0,2,3
317,310,Carlos Rogers,1996-97,November,Toronto Raptors,New York Knicks,3,0,5,0,0,0,4
318,317,Carlos Rogers,1996-97,November,Toronto Raptors,New York Knicks,4,0,5,0,0,0,4
320,312,John Starks,1996-97,November,New York Knicks,Toronto Raptors,11,3,4,0,0,2,0
321,320,John Starks,1996-97,November,New York Knicks,Toronto Raptors,14,3,4,0,0,2,0
322,316,Charles Oakley,1996-97,November,New York Knicks,Toronto Raptors,10,4,15,0,0,2,3
323,318,Carlos Rogers,1996-97,November,Toronto Raptors,New York Knicks,4,0,5,0,0,1,4
324,79,John Wallace,1996-97,November,New York Knicks,Toronto Raptors,2,1,1,1,0,3,1
325,321,John Starks,1996-97,November,New York Knicks,Toronto Raptors,14,4,4,0,0,2,0
327,293,Larry Johnson,1996-97,November,New York Knicks,Toronto Raptors,2,0,5,0,2,2,3
328,324,John Wallace,1996-97,November,New York Knicks,Toronto Raptors,4,1,1,1,0,3,1
329,0,Donald Whiteside,1996-97,November,Toronto Raptors,New York Knicks,3,0,0,0,0,0,0
331,264,Popeye Jones,1996-97,November,Toronto Raptors,New York Knicks,8,0,7,0,1,2,4
332,149,Scott Brooks,1996-97,November,New York Knicks,Toronto Raptors,0,1,0,0,0,0,2
333,282,Marcus Camby,1996-97,November,Toronto Raptors,New York Knicks,18,0,2,3,4,1,2
335,285,Patrick Ewing,1996-97,November,New York Knicks,Toronto Raptors,14,1,4,2,0,3,2
336,267,Doug Christie,1996-97,November,Toronto Raptors,New York Knicks,8,3,5,1,2,2,3
337,325,John Starks,1996-97,November,New York Knicks,Toronto Raptors,15,4,4,0,0,2,0
339,331,Popeye Jones,1996-97,November,Toronto Raptors,New York Knicks,8,0,8,0,1,2,4
340,314,Walt Williams,1996-97,November,Toronto Raptors,New York Knicks,11,1,2,2,4,2,2
341,336,Doug Christie,1996-97,November,Toronto Raptors,New York Knicks,8,4,5,1,2,2,3
342,328,John Wallace,1996-97,November,New York Knicks,Toronto Raptors,4,1,1,1,0,3,2
343,342,John Wallace,1996-97,November,New York Knicks,Toronto Raptors,4,1,1,1,0,4,2
344,340,Walt Williams,1996-97,November,Toronto Raptors,New York Knicks,11,1,2,2,4,3,2
345,337,John Starks,1996-97,November,New York Knicks,Toronto Raptors,15,4,4,0,1,2,0
346,345,John Starks,1996-97,November,New York Knicks,Toronto Raptors,17,4,4,0,1,2,0
349,335,Patrick Ewing,1996-97,November,New York Knicks,Toronto Raptors,14,1,5,2,0,3,2
351,153,Buck Williams,1996-97,November,New York Knicks,Toronto Raptors,2,0,2,0,0,0,0
352,351,Buck Williams,1996-97,November,New York Knicks,Toronto Raptors,4,0,2,0,0,0,0
353,332,Scott Brooks,1996-97,November,New York Knicks,Toronto Raptors,0,1,0,0,0,0,3
355,352,Buck Williams,1996-97,November,New York Knicks,Toronto Raptors,4,0,2,1,0,0,0
356,306,Damon Stoudamire,1996-97,November,Toronto Raptors,New York Knicks,24,10,3,0,3,3,2
357,349,Patrick Ewing,1996-97,November,New York Knicks,Toronto Raptors,16,1,5,2,0,3,2
358,346,John Starks,1996-97,November,New York Knicks,Toronto Raptors,17,5,4,0,1,2,0
360,341,Doug Christie,1996-97,November,Toronto Raptors,New York Knicks,8,4,5,2,2,2,3
361,355,Buck Williams,1996-97,November,New York Knicks,Toronto Raptors,4,0,3,1,0,0,0
362,344,Walt Williams,1996-97,November,Toronto Raptors,New York Knicks,11,1,2,2,4,3,3
364,361,Buck Williams,1996-97,November,New York Knicks,Toronto Raptors,5,0,3,1,0,0,0
365,357,Patrick Ewing,1996-97,November,New York Knicks,Toronto Raptors,16,1,5,2,0,3,3
366,333,Marcus Camby,1996-97,November,Toronto Raptors,New York Knicks,19,0,2,3,4,1,2
367,366,Marcus Camby,1996-97,November,Toronto Raptors,New York Knicks,20,0,2,3,4,1,2
369,362,Walt Williams,1996-97,November,Toronto Raptors,New York Knicks,11,1,3,2,4,3,3
370,367,Marcus Camby,1996-97,November,Toronto Raptors,New York Knicks,22,0,2,3,4,1,2
371,356,Damon Stoudamire,1996-97,November,Toronto Raptors,New York Knicks,24,11,3,0,3,3,2
372,369,Walt Williams,1996-97,November,Toronto Raptors,New York Knicks,11,1,3,2,4,3,4
373,365,Patrick Ewing,1996-97,November,New York Knicks,Toronto Raptors,17,1,5,2,0,3,3
374,373,Patrick Ewing,1996-97,November,New York Knicks,Toronto Raptors,18,1,5,2,0,3,3
375,371,Damon Stoudamire,1996-97,November,Toronto Raptors,New York Knicks,24,11,3,0,3,4,2
376,372,Walt Williams,1996-97,November,Toronto Raptors,New York Knicks,11,1,3,2,4,3,5
378,370,Marcus Camby,1996-97,November,Toronto Raptors,New York Knicks,22,0,2,4,4,1,2
379,375,Damon Stoudamire,1996-97,November,Toronto Raptors,New York Knicks,24,11,4,0,3,4,2
381,305,Charlie Ward,1996-97,November,New York Knicks,Toronto Raptors,13,7,3,0,2,1,3
382,358,John Starks,1996-97,November,New York Knicks,Toronto Raptors,19,5,4,0,1,2,0
383,381,Charlie Ward,1996-97,November,New York Knicks,Toronto Raptors,13,8,3,0,2,1,3
385,374,Patrick Ewing,1996-97,November,New York Knicks,Toronto Raptors,18,1,6,2,0,3,3
386,382,John Starks,1996-97,November,New York Knicks,Toronto Raptors,21,5,4,0,1,2,0
387,383,Charlie Ward,1996-97,November,New York Knicks,Toronto Raptors,13,9,3,0,2,1,3
389,385,Patrick Ewing,1996-97,November,New York Knicks,Toronto Raptors,18,1,6,3,0,3,3
390,389,Patrick Ewing,1996-97,November,New York Knicks,Toronto Raptors,18,1,7,3,0,3,3
391,390,Patrick Ewing,1996-97,November,New York Knicks,Toronto Raptors,18,1,7,3,0,4,3
393,364,Buck Williams,1996-97,November,New York Knicks,Toronto Raptors,5,0,3,2,0,0,0
394,391,Patrick Ewing,1996-97,November,New York Knicks,Toronto Raptors,18,1,8,3,0,4,3
395,323,Carlos Rogers,1996-97,November,Toronto Raptors,New York Knicks,4,0,5,0,0,1,5
396,386,John Starks,1996-97,November,New York Knicks,Toronto Raptors,22,5,4,0,1,2,0
397,394,Patrick Ewing,1996-97,November,New York Knicks,Toronto Raptors,19,1,8,3,0,4,3
399,395,Carlos Rogers,1996-97,November,Toronto Raptors,New York Knicks,4,0,6,0,0,1,5
400,396,John Starks,1996-97,November,New York Knicks,Toronto Raptors,22,5,4,0,1,2,1
402,400,John Starks,1996-97,November,New York Knicks,Toronto Raptors,22,5,5,0,1,2,1
403,397,Patrick Ewing,1996-97,November,New York Knicks,Toronto Raptors,21,1,8,3,0,4,3
404,387,Charlie Ward,1996-97,November,New York Knicks,Toronto Raptors,13,10,3,0,2,1,3
406,404,Charlie Ward,1996-97,November,New York Knicks,Toronto Raptors,13,10,4,0,2,1,3
407,402,John Starks,1996-97,November,New York Knicks,Toronto Raptors,25,5,5,0,1,2,1
408,406,Charlie Ward,1996-97,November,New York Knicks,Toronto Raptors,13,11,4,0,2,1,3
409,360,Doug Christie,1996-97,November,Toronto Raptors,New York Knicks,10,4,5,2,2,2,3
410,343,John Wallace,1996-97,November,New York Knicks,Toronto Raptors,4,1,1,1,0,5,2
411,379,Damon Stoudamire,1996-97,November,Toronto Raptors,New York Knicks,24,11,4,0,4,4,2
412,378,Marcus Camby,1996-97,November,Toronto Raptors,New York Knicks,24,0,2,4,4,1,2
413,411,Damon Stoudamire,1996-97,November,Toronto Raptors,New York Knicks,24,12,4,0,4,4,2
414,403,Patrick Ewing,1996-97,November,New York Knicks,Toronto Raptors,21,1,8,3,0,4,4
415,414,Patrick Ewing,1996-97,November,New York Knicks,Toronto Raptors,21,1,8,3,0,5,4
417,393,Buck Williams,1996-97,November,New York Knicks,Toronto Raptors,5,0,3,3,0,0,0
418,415,Patrick Ewing,1996-97,November,New York Knicks,Toronto Raptors,21,1,9,3,0,5,4
419,339,Popeye Jones,1996-97,November,Toronto Raptors,New York Knicks,8,0,8,0,1,2,5
420,417,Buck Williams,1996-97,November,New York Knicks,Toronto Raptors,6,0,3,3,0,0,0
421,420,Buck Williams,1996-97,November,New York Knicks,Toronto Raptors,7,0,3,3,0,0,0
422,412,Marcus Camby,1996-97,November,Toronto Raptors,New York Knicks,26,0,2,4,4,1,2
423,413,Damon Stoudamire,1996-97,November,Toronto Raptors,New York Knicks,24,13,4,0,4,4,2
424,418,Patrick Ewing,1996-97,November,New York Knicks,Toronto Raptors,23,1,9,3,0,5,4
425,407,John Starks,1996-97,November,New York Knicks,Toronto Raptors,25,6,5,0,1,2,1
426,422,Marcus Camby,1996-97,November,Toronto Raptors,New York Knicks,28,0,2,4,4,1,2
427,376,Walt Williams,1996-97,November,Toronto Raptors,New York Knicks,11,2,3,2,4,3,5
428,425,John Starks,1996-97,November,New York Knicks,Toronto Raptors,25,6,5,0,1,2,2
429,426,Marcus Camby,1996-97,November,Toronto Raptors,New York Knicks,29,0,2,4,4,1,2
430,424,Patrick Ewing,1996-97,November,New York Knicks,Toronto Raptors,23,1,9,3,0,5,5
431,430,Patrick Ewing,1996-97,November,New York Knicks,Toronto Raptors,23,1,9,3,0,6,5
432,427,Walt Williams,1996-97,November,Toronto Raptors,New York Knicks,13,2,3,2,4,3,5
433,429,Marcus Camby,1996-97,November,Toronto Raptors,New York Knicks,29,0,2,4,4,1,3
434,431,Patrick Ewing,1996-97,November,New York Knicks,Toronto Raptors,24,1,9,3,0,6,5
435,434,Patrick Ewing,1996-97,November,New York Knicks,Toronto Raptors,25,1,9,3,0,6,5
437,421,Buck Williams,1996-97,November,New York Knicks,Toronto Raptors,7,0,4,3,0,0,0
438,423,Damon Stoudamire,1996-97,November,Toronto Raptors,New York Knicks,24,13,4,0,4,4,3
441,409,Doug Christie,1996-97,November,Toronto Raptors,New York Knicks,10,4,6,2,2,2,3
442,408,Charlie Ward,1996-97,November,New York Knicks,Toronto Raptors,13,11,4,0,2,1,4
443,438,Damon Stoudamire,1996-97,November,Toronto Raptors,New York Knicks,25,13,4,0,4,4,3
444,443,Damon Stoudamire,1996-97,November,Toronto Raptors,New York Knicks,26,13,4,0,4,4,3
445,433,Marcus Camby,1996-97,November,Toronto Raptors,New York Knicks,29,0,2,4,4,1,4
446,428,John Starks,1996-97,November,New York Knicks,Toronto Raptors,26,6,5,0,1,2,2
447,446,John Starks,1996-97,November,New York Knicks,Toronto Raptors,27,6,5,0,1,2,2
449,307,Allan Houston,1996-97,November,New York Knicks,Toronto Raptors,11,1,2,0,0,6,3
